"sheet","skipgram","column","s3","reproduced","abs_diff","rel_diff","within_precision","exact"
"bigrams","I5 I13","token1_freq","6","6",0,0,TRUE,TRUE
"bigrams","C4 C12","token1_freq","6","6",0,0,TRUE,TRUE
"bigrams","C12 C13","token1_freq","9","9",0,0,TRUE,TRUE
"bigrams","C5 D7","token1_freq","18","18",0,0,TRUE,TRUE
"bigrams","F14 F35","token1_freq","16","16",0,0,TRUE,TRUE
"bigrams","C4 C5","token1_freq","6","6",0,0,TRUE,TRUE
"bigrams","E4 E5","token1_freq","12","12",0,0,TRUE,TRUE
"bigrams","D5 ANT","token1_freq","5","5",0,0,TRUE,TRUE
"bigrams","E1 E5","token1_freq","17","17",0,0,TRUE,TRUE
"bigrams","I1 I13","token1_freq","34","34",0,0,TRUE,TRUE
"bigrams","C5 C13","token1_freq","18","18",0,0,TRUE,TRUE
"bigrams","B10 F38","token1_freq","50","50",0,0,TRUE,TRUE
"bigrams","B12 ANT","token1_freq","6","6",0,0,TRUE,TRUE
"bigrams","C5 C12","token1_freq","18","18",0,0,TRUE,TRUE
"bigrams","D3 ZOO","token1_freq","8","8",0,0,TRUE,TRUE
"bigrams","B4 F12","token1_freq","8","8",0,0,TRUE,TRUE
"bigrams","E1 F12","token1_freq","17","17",0,0,TRUE,TRUE
"bigrams","B13 E1","token1_freq","11","11",0,0,TRUE,TRUE
"bigrams","F12 F13","token1_freq","22","22",0,0,TRUE,TRUE
"bigrams","E1 F14","token1_freq","17","17",0,0,TRUE,TRUE
"bigrams","I1 I5","token1_freq","34","34",0,0,TRUE,TRUE
"bigrams","H1 RELIEF","token1_freq","49","49",0,0,TRUE,TRUE
"bigrams","B10 B12","token1_freq","50","50",0,0,TRUE,TRUE
"bigrams","A5 E4","token1_freq","19","19",0,0,TRUE,TRUE
"bigrams","D33 H1","token1_freq","5","5",0,0,TRUE,TRUE
"bigrams","A14 A24","token1_freq","6","6",0,0,TRUE,TRUE
"bigrams","D15 G2","token1_freq","11","11",0,0,TRUE,TRUE
"bigrams","A24 D5","token1_freq","69","69",0,0,TRUE,TRUE
"bigrams","B4 F5","token1_freq","8","8",0,0,TRUE,TRUE
"bigrams","F15 G1","token1_freq","4","4",0,0,TRUE,TRUE
"bigrams","C6 G1","token1_freq","3","3",0,0,TRUE,TRUE
"bigrams","G1 G7","token1_freq","97","97",0,0,TRUE,TRUE
"bigrams","F5 F12","token1_freq","36","36",0,0,TRUE,TRUE
"bigrams","E1 F5","token1_freq","17","17",0,0,TRUE,TRUE
"bigrams","B2 B13","token1_freq","28","28",0,0,TRUE,TRUE
"bigrams","F5 F14","token1_freq","36","36",0,0,TRUE,TRUE
"bigrams","B2 B10","token1_freq","28","28",0,0,TRUE,TRUE
"bigrams","B10 E5","token1_freq","50","50",0,0,TRUE,TRUE
"bigrams","F12 F14","token1_freq","22","22",0,0,TRUE,TRUE
"bigrams","C1 F55","token1_freq","125","125",0,0,TRUE,TRUE
"bigrams","B13 F5","token1_freq","11","11",0,0,TRUE,TRUE
"bigrams","D15 G1","token1_freq","11","11",0,0,TRUE,TRUE
"bigrams","A1 G7","token1_freq","136","136",0,0,TRUE,TRUE
"bigrams","A1 D5","token1_freq","136","136",0,0,TRUE,TRUE
"bigrams","A24 B12","token1_freq","69","69",0,0,TRUE,TRUE
"bigrams","F13 G1","token1_freq","9","9",0,0,TRUE,TRUE
"bigrams","B2 B3","token1_freq","28","28",0,0,TRUE,TRUE
"bigrams","A24 B1","token1_freq","69","69",0,0,TRUE,TRUE
"bigrams","C1 C4","token1_freq","125","125",0,0,TRUE,TRUE
"bigrams","C1 F13","token1_freq","125","125",0,0,TRUE,TRUE
"bigrams","C1 C12","token1_freq","125","125",0,0,TRUE,TRUE
"bigrams","C1 C13","token1_freq","125","125",0,0,TRUE,TRUE
"bigrams","C1 F15","token1_freq","125","125",0,0,TRUE,TRUE
"bigrams","E5 G1","token1_freq","7","7",0,0,TRUE,TRUE
"bigrams","A1 D33","token1_freq","136","136",0,0,TRUE,TRUE
"bigrams","B6 H1","token1_freq","14","14",0,0,TRUE,TRUE
"bigrams","C12 G1","token1_freq","9","9",0,0,TRUE,TRUE
"bigrams","A24 ANT","token1_freq","69","69",0,0,TRUE,TRUE
"bigrams","A1 F15","token1_freq","136","136",0,0,TRUE,TRUE
"bigrams","B2 ANT","token1_freq","28","28",0,0,TRUE,TRUE
"bigrams","B10 B13","token1_freq","50","50",0,0,TRUE,TRUE
"bigrams","B10 ANT","token1_freq","50","50",0,0,TRUE,TRUE
"bigrams","G1 G2","token1_freq","97","97",0,0,TRUE,TRUE
"bigrams","A5 A24","token1_freq","19","19",0,0,TRUE,TRUE
"bigrams","F12 ANT","token1_freq","22","22",0,0,TRUE,TRUE
"bigrams","A3 ANT","token1_freq","22","22",0,0,TRUE,TRUE
"bigrams","C13 G1","token1_freq","8","8",0,0,TRUE,TRUE
"bigrams","D3 G1","token1_freq","8","8",0,0,TRUE,TRUE
"bigrams","B10 F5","token1_freq","50","50",0,0,TRUE,TRUE
"bigrams","B10 F14","token1_freq","50","50",0,0,TRUE,TRUE
"bigrams","B2 F5","token1_freq","28","28",0,0,TRUE,TRUE
"bigrams","A1 B8","token1_freq","136","136",0,0,TRUE,TRUE
"bigrams","A1 B12","token1_freq","136","136",0,0,TRUE,TRUE
"bigrams","A1 F13","token1_freq","136","136",0,0,TRUE,TRUE
"bigrams","B10 E1","token1_freq","50","50",0,0,TRUE,TRUE
"bigrams","A3 H1","token1_freq","22","22",0,0,TRUE,TRUE
"bigrams","A24 F14","token1_freq","69","69",0,0,TRUE,TRUE
"bigrams","A24 D19","token1_freq","69","69",0,0,TRUE,TRUE
"bigrams","F5 ANT","token1_freq","36","36",0,0,TRUE,TRUE
"bigrams","A1 D29","token1_freq","136","136",0,0,TRUE,TRUE
"bigrams","A24 B2","token1_freq","69","69",0,0,TRUE,TRUE
"bigrams","A1 F14","token1_freq","136","136",0,0,TRUE,TRUE
"bigrams","C5 G1","token1_freq","18","18",0,0,TRUE,TRUE
"bigrams","C1 C5","token1_freq","125","125",0,0,TRUE,TRUE
"bigrams","C1 D3","token1_freq","125","125",0,0,TRUE,TRUE
"bigrams","C1 C14","token1_freq","125","125",0,0,TRUE,TRUE
"bigrams","A24 B13","token1_freq","69","69",0,0,TRUE,TRUE
"bigrams","B4 G1","token1_freq","8","8",0,0,TRUE,TRUE
"bigrams","F14 H1","token1_freq","16","16",0,0,TRUE,TRUE
"bigrams","A3 F5","token1_freq","22","22",0,0,TRUE,TRUE
"bigrams","A24 B10","token1_freq","69","69",0,0,TRUE,TRUE
"bigrams","B3 B10","token1_freq","16","16",0,0,TRUE,TRUE
"bigrams","B1 C1","token1_freq","13","13",0,0,TRUE,TRUE
"bigrams","A1 B4","token1_freq","136","136",0,0,TRUE,TRUE
"bigrams","B2 H1","token1_freq","28","28",0,0,TRUE,TRUE
"bigrams","B10 F12","token1_freq","50","50",0,0,TRUE,TRUE
"bigrams","C1 F12","token1_freq","125","125",0,0,TRUE,TRUE
"bigrams","C1 D15","token1_freq","125","125",0,0,TRUE,TRUE
"bigrams","C1 G1","token1_freq","125","125",0,0,TRUE,TRUE
"bigrams","A24 B3","token1_freq","69","69",0,0,TRUE,TRUE
"bigrams","A24 E4","token1_freq","69","69",0,0,TRUE,TRUE
"bigrams","C1 G2","token1_freq","125","125",0,0,TRUE,TRUE
"bigrams","A1 E1","token1_freq","136","136",0,0,TRUE,TRUE
"bigrams","C1 E5","token1_freq","125","125",0,0,TRUE,TRUE
"bigrams","B2 C1","token1_freq","28","28",0,0,TRUE,TRUE
"bigrams","A24 E1","token1_freq","69","69",0,0,TRUE,TRUE
"bigrams","F5 H1","token1_freq","36","36",0,0,TRUE,TRUE
"bigrams","A1 B1","token1_freq","136","136",0,0,TRUE,TRUE
"bigrams","I1 ANT","token1_freq","34","34",0,0,TRUE,TRUE
"bigrams","A3 A24","token1_freq","22","22",0,0,TRUE,TRUE
"bigrams","A3 G1","token1_freq","22","22",0,0,TRUE,TRUE
"bigrams","A3 C1","token1_freq","22","22",0,0,TRUE,TRUE
"bigrams","A5 H1","token1_freq","19","19",0,0,TRUE,TRUE
"bigrams","A5 B10","token1_freq","19","19",0,0,TRUE,TRUE
"bigrams","A1 B2","token1_freq","136","136",0,0,TRUE,TRUE
"bigrams","A1 A5","token1_freq","136","136",0,0,TRUE,TRUE
"bigrams","A1 A3","token1_freq","136","136",0,0,TRUE,TRUE
"bigrams","C1 F14","token1_freq","125","125",0,0,TRUE,TRUE
"bigrams","B4 C1","token1_freq","8","8",0,0,TRUE,TRUE
"bigrams","H1 ZOO","token1_freq","49","49",0,0,TRUE,TRUE
"bigrams","B10 H1","token1_freq","50","50",0,0,TRUE,TRUE
"bigrams","A1 ANT","token1_freq","136","136",0,0,TRUE,TRUE
"bigrams","F12 G1","token1_freq","22","22",0,0,TRUE,TRUE
"bigrams","B13 G1","token1_freq","11","11",0,0,TRUE,TRUE
"bigrams","A1 D3","token1_freq","136","136",0,0,TRUE,TRUE
"bigrams","A3 B10","token1_freq","22","22",0,0,TRUE,TRUE
"bigrams","A1 B13","token1_freq","136","136",0,0,TRUE,TRUE
"bigrams","C1 F5","token1_freq","125","125",0,0,TRUE,TRUE
"bigrams","A1 C1","token1_freq","136","136",0,0,TRUE,TRUE
"bigrams","F14 G1","token1_freq","16","16",0,0,TRUE,TRUE
"bigrams","B2 G1","token1_freq","28","28",0,0,TRUE,TRUE
"bigrams","B3 C1","token1_freq","16","16",0,0,TRUE,TRUE
"bigrams","G1 ZOO","token1_freq","97","97",0,0,TRUE,TRUE
"bigrams","A1 F5","token1_freq","136","136",0,0,TRUE,TRUE
"bigrams","E1 G1","token1_freq","17","17",0,0,TRUE,TRUE
"bigrams","A1 H1","token1_freq","136","136",0,0,TRUE,TRUE
"bigrams","B1 G1","token1_freq","13","13",0,0,TRUE,TRUE
"bigrams","H1 ANT","token1_freq","49","49",0,0,TRUE,TRUE
"bigrams","C1 E1","token1_freq","125","125",0,0,TRUE,TRUE
"bigrams","A1 A24","token1_freq","136","136",0,0,TRUE,TRUE
"bigrams","A1 B3","token1_freq","136","136",0,0,TRUE,TRUE
"bigrams","C1 H1","token1_freq","125","125",0,0,TRUE,TRUE
"bigrams","A1 B10","token1_freq","136","136",0,0,TRUE,TRUE
"bigrams","B13 C1","token1_freq","11","11",0,0,TRUE,TRUE
"bigrams","A1 G1","token1_freq","136","136",0,0,TRUE,TRUE
"bigrams","G1 H1","token1_freq","97","97",0,0,TRUE,TRUE
"bigrams","B10 C1","token1_freq","50","50",0,0,TRUE,TRUE
"bigrams","A24 ZOO","token1_freq","69","69",0,0,TRUE,TRUE
"bigrams","A24 H1","token1_freq","69","69",0,0,TRUE,TRUE
"bigrams","A1 C5","token1_freq","136","136",0,0,TRUE,TRUE
"bigrams","A1 F12","token1_freq","136","136",0,0,TRUE,TRUE
"bigrams","A1 D15","token1_freq","136","136",0,0,TRUE,TRUE
"bigrams","C1 E4","token1_freq","125","125",0,0,TRUE,TRUE
"bigrams","C1 ZOO","token1_freq","125","125",0,0,TRUE,TRUE
"bigrams","C1 ANT","token1_freq","125","125",0,0,TRUE,TRUE
"bigrams","A24 C1","token1_freq","69","69",0,0,TRUE,TRUE
"bigrams","A24 F5","token1_freq","69","69",0,0,TRUE,TRUE
"bigrams","G1 ANT","token1_freq","97","97",0,0,TRUE,TRUE
"bigrams","A1 B6","token1_freq","136","136",0,0,TRUE,TRUE
"bigrams","F5 G1","token1_freq","36","36",0,0,TRUE,TRUE
"bigrams","A1 ZOO","token1_freq","136","136",0,0,TRUE,TRUE
"bigrams","A1 G2","token1_freq","136","136",0,0,TRUE,TRUE
"bigrams","A5 C1","token1_freq","19","19",0,0,TRUE,TRUE
"bigrams","B10 G1","token1_freq","50","50",0,0,TRUE,TRUE
"bigrams","A24 G1","token1_freq","69","69",0,0,TRUE,TRUE
"bigrams","I5 I13","token2_freq","4","4",0,0,TRUE,TRUE
"bigrams","C4 C12","token2_freq","9","9",0,0,TRUE,TRUE
"bigrams","C12 C13","token2_freq","8","8",0,0,TRUE,TRUE
"bigrams","C5 D7","token2_freq","3","3",0,0,TRUE,TRUE
"bigrams","F14 F35","token2_freq","4","4",0,0,TRUE,TRUE
"bigrams","C4 C5","token2_freq","18","18",0,0,TRUE,TRUE
"bigrams","E4 E5","token2_freq","7","7",0,0,TRUE,TRUE
"bigrams","D5 ANT","token2_freq","26","26",0,0,TRUE,TRUE
"bigrams","E1 E5","token2_freq","7","7",0,0,TRUE,TRUE
"bigrams","I1 I13","token2_freq","4","4",0,0,TRUE,TRUE
"bigrams","C5 C13","token2_freq","8","8",0,0,TRUE,TRUE
"bigrams","B10 F38","token2_freq","3","3",0,0,TRUE,TRUE
"bigrams","B12 ANT","token2_freq","26","26",0,0,TRUE,TRUE
"bigrams","C5 C12","token2_freq","9","9",0,0,TRUE,TRUE
"bigrams","D3 ZOO","token2_freq","21","21",0,0,TRUE,TRUE
"bigrams","B4 F12","token2_freq","22","22",0,0,TRUE,TRUE
"bigrams","E1 F12","token2_freq","22","22",0,0,TRUE,TRUE
"bigrams","B13 E1","token2_freq","17","17",0,0,TRUE,TRUE
"bigrams","F12 F13","token2_freq","9","9",0,0,TRUE,TRUE
"bigrams","E1 F14","token2_freq","16","16",0,0,TRUE,TRUE
"bigrams","I1 I5","token2_freq","6","6",0,0,TRUE,TRUE
"bigrams","H1 RELIEF","token2_freq","6","6",0,0,TRUE,TRUE
"bigrams","B10 B12","token2_freq","6","6",0,0,TRUE,TRUE
"bigrams","A5 E4","token2_freq","12","12",0,0,TRUE,TRUE
"bigrams","D33 H1","token2_freq","49","49",0,0,TRUE,TRUE
"bigrams","A14 A24","token2_freq","69","69",0,0,TRUE,TRUE
"bigrams","D15 G2","token2_freq","23","23",0,0,TRUE,TRUE
"bigrams","A24 D5","token2_freq","5","5",0,0,TRUE,TRUE
"bigrams","B4 F5","token2_freq","36","36",0,0,TRUE,TRUE
"bigrams","F15 G1","token2_freq","97","97",0,0,TRUE,TRUE
"bigrams","C6 G1","token2_freq","97","97",0,0,TRUE,TRUE
"bigrams","G1 G7","token2_freq","3","3",0,0,TRUE,TRUE
"bigrams","F5 F12","token2_freq","22","22",0,0,TRUE,TRUE
"bigrams","E1 F5","token2_freq","36","36",0,0,TRUE,TRUE
"bigrams","B2 B13","token2_freq","11","11",0,0,TRUE,TRUE
"bigrams","F5 F14","token2_freq","16","16",0,0,TRUE,TRUE
"bigrams","B2 B10","token2_freq","50","50",0,0,TRUE,TRUE
"bigrams","B10 E5","token2_freq","7","7",0,0,TRUE,TRUE
"bigrams","F12 F14","token2_freq","16","16",0,0,TRUE,TRUE
"bigrams","C1 F55","token2_freq","3","3",0,0,TRUE,TRUE
"bigrams","B13 F5","token2_freq","36","36",0,0,TRUE,TRUE
"bigrams","D15 G1","token2_freq","97","97",0,0,TRUE,TRUE
"bigrams","A1 G7","token2_freq","3","3",0,0,TRUE,TRUE
"bigrams","A1 D5","token2_freq","5","5",0,0,TRUE,TRUE
"bigrams","A24 B12","token2_freq","6","6",0,0,TRUE,TRUE
"bigrams","F13 G1","token2_freq","97","97",0,0,TRUE,TRUE
"bigrams","B2 B3","token2_freq","16","16",0,0,TRUE,TRUE
"bigrams","A24 B1","token2_freq","13","13",0,0,TRUE,TRUE
"bigrams","C1 C4","token2_freq","6","6",0,0,TRUE,TRUE
"bigrams","C1 F13","token2_freq","9","9",0,0,TRUE,TRUE
"bigrams","C1 C12","token2_freq","9","9",0,0,TRUE,TRUE
"bigrams","C1 C13","token2_freq","8","8",0,0,TRUE,TRUE
"bigrams","C1 F15","token2_freq","4","4",0,0,TRUE,TRUE
"bigrams","E5 G1","token2_freq","97","97",0,0,TRUE,TRUE
"bigrams","A1 D33","token2_freq","5","5",0,0,TRUE,TRUE
"bigrams","B6 H1","token2_freq","49","49",0,0,TRUE,TRUE
"bigrams","C12 G1","token2_freq","97","97",0,0,TRUE,TRUE
"bigrams","A24 ANT","token2_freq","26","26",0,0,TRUE,TRUE
"bigrams","A1 F15","token2_freq","4","4",0,0,TRUE,TRUE
"bigrams","B2 ANT","token2_freq","26","26",0,0,TRUE,TRUE
"bigrams","B10 B13","token2_freq","11","11",0,0,TRUE,TRUE
"bigrams","B10 ANT","token2_freq","26","26",0,0,TRUE,TRUE
"bigrams","G1 G2","token2_freq","23","23",0,0,TRUE,TRUE
"bigrams","A5 A24","token2_freq","69","69",0,0,TRUE,TRUE
"bigrams","F12 ANT","token2_freq","26","26",0,0,TRUE,TRUE
"bigrams","A3 ANT","token2_freq","26","26",0,0,TRUE,TRUE
"bigrams","C13 G1","token2_freq","97","97",0,0,TRUE,TRUE
"bigrams","D3 G1","token2_freq","97","97",0,0,TRUE,TRUE
"bigrams","B10 F5","token2_freq","36","36",0,0,TRUE,TRUE
"bigrams","B10 F14","token2_freq","16","16",0,0,TRUE,TRUE
"bigrams","B2 F5","token2_freq","36","36",0,0,TRUE,TRUE
"bigrams","A1 B8","token2_freq","6","6",0,0,TRUE,TRUE
"bigrams","A1 B12","token2_freq","6","6",0,0,TRUE,TRUE
"bigrams","A1 F13","token2_freq","9","9",0,0,TRUE,TRUE
"bigrams","B10 E1","token2_freq","17","17",0,0,TRUE,TRUE
"bigrams","A3 H1","token2_freq","49","49",0,0,TRUE,TRUE
"bigrams","A24 F14","token2_freq","16","16",0,0,TRUE,TRUE
"bigrams","A24 D19","token2_freq","10","10",0,0,TRUE,TRUE
"bigrams","F5 ANT","token2_freq","26","26",0,0,TRUE,TRUE
"bigrams","A1 D29","token2_freq","7","7",0,0,TRUE,TRUE
"bigrams","A24 B2","token2_freq","28","28",0,0,TRUE,TRUE
"bigrams","A1 F14","token2_freq","16","16",0,0,TRUE,TRUE
"bigrams","C5 G1","token2_freq","97","97",0,0,TRUE,TRUE
"bigrams","C1 C5","token2_freq","18","18",0,0,TRUE,TRUE
"bigrams","C1 D3","token2_freq","8","8",0,0,TRUE,TRUE
"bigrams","C1 C14","token2_freq","6","6",0,0,TRUE,TRUE
"bigrams","A24 B13","token2_freq","11","11",0,0,TRUE,TRUE
"bigrams","B4 G1","token2_freq","97","97",0,0,TRUE,TRUE
"bigrams","F14 H1","token2_freq","49","49",0,0,TRUE,TRUE
"bigrams","A3 F5","token2_freq","36","36",0,0,TRUE,TRUE
"bigrams","A24 B10","token2_freq","50","50",0,0,TRUE,TRUE
"bigrams","B3 B10","token2_freq","50","50",0,0,TRUE,TRUE
"bigrams","B1 C1","token2_freq","125","125",0,0,TRUE,TRUE
"bigrams","A1 B4","token2_freq","8","8",0,0,TRUE,TRUE
"bigrams","B2 H1","token2_freq","49","49",0,0,TRUE,TRUE
"bigrams","B10 F12","token2_freq","22","22",0,0,TRUE,TRUE
"bigrams","C1 F12","token2_freq","22","22",0,0,TRUE,TRUE
"bigrams","C1 D15","token2_freq","11","11",0,0,TRUE,TRUE
"bigrams","C1 G1","token2_freq","97","97",0,0,TRUE,TRUE
"bigrams","A24 B3","token2_freq","16","16",0,0,TRUE,TRUE
"bigrams","A24 E4","token2_freq","12","12",0,0,TRUE,TRUE
"bigrams","C1 G2","token2_freq","23","23",0,0,TRUE,TRUE
"bigrams","A1 E1","token2_freq","17","17",0,0,TRUE,TRUE
"bigrams","C1 E5","token2_freq","7","7",0,0,TRUE,TRUE
"bigrams","B2 C1","token2_freq","125","125",0,0,TRUE,TRUE
"bigrams","A24 E1","token2_freq","17","17",0,0,TRUE,TRUE
"bigrams","F5 H1","token2_freq","49","49",0,0,TRUE,TRUE
"bigrams","A1 B1","token2_freq","13","13",0,0,TRUE,TRUE
"bigrams","I1 ANT","token2_freq","26","26",0,0,TRUE,TRUE
"bigrams","A3 A24","token2_freq","69","69",0,0,TRUE,TRUE
"bigrams","A3 G1","token2_freq","97","97",0,0,TRUE,TRUE
"bigrams","A3 C1","token2_freq","125","125",0,0,TRUE,TRUE
"bigrams","A5 H1","token2_freq","49","49",0,0,TRUE,TRUE
"bigrams","A5 B10","token2_freq","50","50",0,0,TRUE,TRUE
"bigrams","A1 B2","token2_freq","28","28",0,0,TRUE,TRUE
"bigrams","A1 A5","token2_freq","19","19",0,0,TRUE,TRUE
"bigrams","A1 A3","token2_freq","22","22",0,0,TRUE,TRUE
"bigrams","C1 F14","token2_freq","16","16",0,0,TRUE,TRUE
"bigrams","B4 C1","token2_freq","125","125",0,0,TRUE,TRUE
"bigrams","H1 ZOO","token2_freq","21","21",0,0,TRUE,TRUE
"bigrams","B10 H1","token2_freq","49","49",0,0,TRUE,TRUE
"bigrams","A1 ANT","token2_freq","26","26",0,0,TRUE,TRUE
"bigrams","F12 G1","token2_freq","97","97",0,0,TRUE,TRUE
"bigrams","B13 G1","token2_freq","97","97",0,0,TRUE,TRUE
"bigrams","A1 D3","token2_freq","8","8",0,0,TRUE,TRUE
"bigrams","A3 B10","token2_freq","50","50",0,0,TRUE,TRUE
"bigrams","A1 B13","token2_freq","11","11",0,0,TRUE,TRUE
"bigrams","C1 F5","token2_freq","36","36",0,0,TRUE,TRUE
"bigrams","A1 C1","token2_freq","125","125",0,0,TRUE,TRUE
"bigrams","F14 G1","token2_freq","97","97",0,0,TRUE,TRUE
"bigrams","B2 G1","token2_freq","97","97",0,0,TRUE,TRUE
"bigrams","B3 C1","token2_freq","125","125",0,0,TRUE,TRUE
"bigrams","G1 ZOO","token2_freq","21","21",0,0,TRUE,TRUE
"bigrams","A1 F5","token2_freq","36","36",0,0,TRUE,TRUE
"bigrams","E1 G1","token2_freq","97","97",0,0,TRUE,TRUE
"bigrams","A1 H1","token2_freq","49","49",0,0,TRUE,TRUE
"bigrams","B1 G1","token2_freq","97","97",0,0,TRUE,TRUE
"bigrams","H1 ANT","token2_freq","26","26",0,0,TRUE,TRUE
"bigrams","C1 E1","token2_freq","17","17",0,0,TRUE,TRUE
"bigrams","A1 A24","token2_freq","69","69",0,0,TRUE,TRUE
"bigrams","A1 B3","token2_freq","16","16",0,0,TRUE,TRUE
"bigrams","C1 H1","token2_freq","49","49",0,0,TRUE,TRUE
"bigrams","A1 B10","token2_freq","50","50",0,0,TRUE,TRUE
"bigrams","B13 C1","token2_freq","125","125",0,0,TRUE,TRUE
"bigrams","A1 G1","token2_freq","97","97",0,0,TRUE,TRUE
"bigrams","G1 H1","token2_freq","49","49",0,0,TRUE,TRUE
"bigrams","B10 C1","token2_freq","125","125",0,0,TRUE,TRUE
"bigrams","A24 ZOO","token2_freq","21","21",0,0,TRUE,TRUE
"bigrams","A24 H1","token2_freq","49","49",0,0,TRUE,TRUE
"bigrams","A1 C5","token2_freq","18","18",0,0,TRUE,TRUE
"bigrams","A1 F12","token2_freq","22","22",0,0,TRUE,TRUE
"bigrams","A1 D15","token2_freq","11","11",0,0,TRUE,TRUE
"bigrams","C1 E4","token2_freq","12","12",0,0,TRUE,TRUE
"bigrams","C1 ZOO","token2_freq","21","21",0,0,TRUE,TRUE
"bigrams","C1 ANT","token2_freq","26","26",0,0,TRUE,TRUE
"bigrams","A24 C1","token2_freq","125","125",0,0,TRUE,TRUE
"bigrams","A24 F5","token2_freq","36","36",0,0,TRUE,TRUE
"bigrams","G1 ANT","token2_freq","26","26",0,0,TRUE,TRUE
"bigrams","A1 B6","token2_freq","14","14",0,0,TRUE,TRUE
"bigrams","F5 G1","token2_freq","97","97",0,0,TRUE,TRUE
"bigrams","A1 ZOO","token2_freq","21","21",0,0,TRUE,TRUE
"bigrams","A1 G2","token2_freq","23","23",0,0,TRUE,TRUE
"bigrams","A5 C1","token2_freq","125","125",0,0,TRUE,TRUE
"bigrams","B10 G1","token2_freq","97","97",0,0,TRUE,TRUE
"bigrams","A24 G1","token2_freq","97","97",0,0,TRUE,TRUE
"bigrams","I5 I13","observed_freq","3","3",0,0,TRUE,TRUE
"bigrams","C4 C12","observed_freq","3","3",0,0,TRUE,TRUE
"bigrams","C12 C13","observed_freq","4","4",0,0,TRUE,TRUE
"bigrams","C5 D7","observed_freq","3","3",0,0,TRUE,TRUE
"bigrams","F14 F35","observed_freq","3","3",0,0,TRUE,TRUE
"bigrams","C4 C5","observed_freq","5","5",0,0,TRUE,TRUE
"bigrams","E4 E5","observed_freq","3","3",0,0,TRUE,TRUE
"bigrams","D5 ANT","observed_freq","4","4",0,0,TRUE,TRUE
"bigrams","E1 E5","observed_freq","3","3",0,0,TRUE,TRUE
"bigrams","I1 I13","observed_freq","3","3",0,0,TRUE,TRUE
"bigrams","C5 C13","observed_freq","3","3",0,0,TRUE,TRUE
"bigrams","B10 F38","observed_freq","3","3",0,0,TRUE,TRUE
"bigrams","B12 ANT","observed_freq","3","3",0,0,TRUE,TRUE
"bigrams","C5 C12","observed_freq","3","3",0,0,TRUE,TRUE
"bigrams","D3 ZOO","observed_freq","3","3",0,0,TRUE,TRUE
"bigrams","B4 F12","observed_freq","3","3",0,0,TRUE,TRUE
"bigrams","E1 F12","observed_freq","6","6",0,0,TRUE,TRUE
"bigrams","B13 E1","observed_freq","3","3",0,0,TRUE,TRUE
"bigrams","F12 F13","observed_freq","3","3",0,0,TRUE,TRUE
"bigrams","E1 F14","observed_freq","4","4",0,0,TRUE,TRUE
"bigrams","I1 I5","observed_freq","3","3",0,0,TRUE,TRUE
"bigrams","H1 RELIEF","observed_freq","4","4",0,0,TRUE,TRUE
"bigrams","B10 B12","observed_freq","4","4",0,0,TRUE,TRUE
"bigrams","A5 E4","observed_freq","3","3",0,0,TRUE,TRUE
"bigrams","D33 H1","observed_freq","3","3",0,0,TRUE,TRUE
"bigrams","A14 A24","observed_freq","5","5",0,0,TRUE,TRUE
"bigrams","D15 G2","observed_freq","3","3",0,0,TRUE,TRUE
"bigrams","A24 D5","observed_freq","4","4",0,0,TRUE,TRUE
"bigrams","B4 F5","observed_freq","3","3",0,0,TRUE,TRUE
"bigrams","F15 G1","observed_freq","4","4",0,0,TRUE,TRUE
"bigrams","C6 G1","observed_freq","3","3",0,0,TRUE,TRUE
"bigrams","G1 G7","observed_freq","3","3",0,0,TRUE,TRUE
"bigrams","F5 F12","observed_freq","8","8",0,0,TRUE,TRUE
"bigrams","E1 F5","observed_freq","6","6",0,0,TRUE,TRUE
"bigrams","B2 B13","observed_freq","3","3",0,0,TRUE,TRUE
"bigrams","F5 F14","observed_freq","5","5",0,0,TRUE,TRUE
"bigrams","B2 B10","observed_freq","12","12",0,0,TRUE,TRUE
"bigrams","B10 E5","observed_freq","3","3",0,0,TRUE,TRUE
"bigrams","F12 F14","observed_freq","3","3",0,0,TRUE,TRUE
"bigrams","C1 F55","observed_freq","3","3",0,0,TRUE,TRUE
"bigrams","B13 F5","observed_freq","3","3",0,0,TRUE,TRUE
"bigrams","D15 G1","observed_freq","8","8",0,0,TRUE,TRUE
"bigrams","A1 G7","observed_freq","3","3",0,0,TRUE,TRUE
"bigrams","A1 D5","observed_freq","5","5",0,0,TRUE,TRUE
"bigrams","A24 B12","observed_freq","3","3",0,0,TRUE,TRUE
"bigrams","F13 G1","observed_freq","6","6",0,0,TRUE,TRUE
"bigrams","B2 B3","observed_freq","3","3",0,0,TRUE,TRUE
"bigrams","A24 B1","observed_freq","6","6",0,0,TRUE,TRUE
"bigrams","C1 C4","observed_freq","5","5",0,0,TRUE,TRUE
"bigrams","C1 F13","observed_freq","7","7",0,0,TRUE,TRUE
"bigrams","C1 C12","observed_freq","7","7",0,0,TRUE,TRUE
"bigrams","C1 C13","observed_freq","6","6",0,0,TRUE,TRUE
"bigrams","C1 F15","observed_freq","3","3",0,0,TRUE,TRUE
"bigrams","E5 G1","observed_freq","4","4",0,0,TRUE,TRUE
"bigrams","A1 D33","observed_freq","4","4",0,0,TRUE,TRUE
"bigrams","B6 H1","observed_freq","4","4",0,0,TRUE,TRUE
"bigrams","C12 G1","observed_freq","5","5",0,0,TRUE,TRUE
"bigrams","A24 ANT","observed_freq","10","10",0,0,TRUE,TRUE
"bigrams","A1 F15","observed_freq","3","3",0,0,TRUE,TRUE
"bigrams","B2 ANT","observed_freq","4","4",0,0,TRUE,TRUE
"bigrams","B10 B13","observed_freq","3","3",0,0,TRUE,TRUE
"bigrams","B10 ANT","observed_freq","7","7",0,0,TRUE,TRUE
"bigrams","G1 G2","observed_freq","12","12",0,0,TRUE,TRUE
"bigrams","A5 A24","observed_freq","7","7",0,0,TRUE,TRUE
"bigrams","F12 ANT","observed_freq","3","3",0,0,TRUE,TRUE
"bigrams","A3 ANT","observed_freq","3","3",0,0,TRUE,TRUE
"bigrams","C13 G1","observed_freq","4","4",0,0,TRUE,TRUE
"bigrams","D3 G1","observed_freq","4","4",0,0,TRUE,TRUE
"bigrams","B10 F5","observed_freq","9","9",0,0,TRUE,TRUE
"bigrams","B10 F14","observed_freq","4","4",0,0,TRUE,TRUE
"bigrams","B2 F5","observed_freq","5","5",0,0,TRUE,TRUE
"bigrams","A1 B8","observed_freq","4","4",0,0,TRUE,TRUE
"bigrams","A1 B12","observed_freq","4","4",0,0,TRUE,TRUE
"bigrams","A1 F13","observed_freq","6","6",0,0,TRUE,TRUE
"bigrams","B10 E1","observed_freq","4","4",0,0,TRUE,TRUE
"bigrams","A3 H1","observed_freq","5","5",0,0,TRUE,TRUE
"bigrams","A24 F14","observed_freq","5","5",0,0,TRUE,TRUE
"bigrams","A24 D19","observed_freq","3","3",0,0,TRUE,TRUE
"bigrams","F5 ANT","observed_freq","4","4",0,0,TRUE,TRUE
"bigrams","A1 D29","observed_freq","4","4",0,0,TRUE,TRUE
"bigrams","A24 B2","observed_freq","8","8",0,0,TRUE,TRUE
"bigrams","A1 F14","observed_freq","9","9",0,0,TRUE,TRUE
"bigrams","C5 G1","observed_freq","7","7",0,0,TRUE,TRUE
"bigrams","C1 C5","observed_freq","9","9",0,0,TRUE,TRUE
"bigrams","C1 D3","observed_freq","4","4",0,0,TRUE,TRUE
"bigrams","C1 C14","observed_freq","3","3",0,0,TRUE,TRUE
"bigrams","A24 B13","observed_freq","3","3",0,0,TRUE,TRUE
"bigrams","B4 G1","observed_freq","3","3",0,0,TRUE,TRUE
"bigrams","F14 H1","observed_freq","3","3",0,0,TRUE,TRUE
"bigrams","A3 F5","observed_freq","3","3",0,0,TRUE,TRUE
"bigrams","A24 B10","observed_freq","13","13",0,0,TRUE,TRUE
"bigrams","B3 B10","observed_freq","3","3",0,0,TRUE,TRUE
"bigrams","B1 C1","observed_freq","6","6",0,0,TRUE,TRUE
"bigrams","A1 B4","observed_freq","4","4",0,0,TRUE,TRUE
"bigrams","B2 H1","observed_freq","5","5",0,0,TRUE,TRUE
"bigrams","B10 F12","observed_freq","4","4",0,0,TRUE,TRUE
"bigrams","C1 F12","observed_freq","10","10",0,0,TRUE,TRUE
"bigrams","C1 D15","observed_freq","5","5",0,0,TRUE,TRUE
"bigrams","C1 G1","observed_freq","44","44",0,0,TRUE,TRUE
"bigrams","A24 B3","observed_freq","4","4",0,0,TRUE,TRUE
"bigrams","A24 E4","observed_freq","3","3",0,0,TRUE,TRUE
"bigrams","C1 G2","observed_freq","10","10",0,0,TRUE,TRUE
"bigrams","A1 E1","observed_freq","8","8",0,0,TRUE,TRUE
"bigrams","C1 E5","observed_freq","3","3",0,0,TRUE,TRUE
"bigrams","B2 C1","observed_freq","12","12",0,0,TRUE,TRUE
"bigrams","A24 E1","observed_freq","4","4",0,0,TRUE,TRUE
"bigrams","F5 H1","observed_freq","6","6",0,0,TRUE,TRUE
"bigrams","A1 B1","observed_freq","6","6",0,0,TRUE,TRUE
"bigrams","I1 ANT","observed_freq","3","3",0,0,TRUE,TRUE
"bigrams","A3 A24","observed_freq","5","5",0,0,TRUE,TRUE
"bigrams","A3 G1","observed_freq","7","7",0,0,TRUE,TRUE
"bigrams","A3 C1","observed_freq","9","9",0,0,TRUE,TRUE
"bigrams","A5 H1","observed_freq","3","3",0,0,TRUE,TRUE
"bigrams","A5 B10","observed_freq","3","3",0,0,TRUE,TRUE
"bigrams","A1 B2","observed_freq","12","12",0,0,TRUE,TRUE
"bigrams","A1 A5","observed_freq","8","8",0,0,TRUE,TRUE
"bigrams","A1 A3","observed_freq","9","9",0,0,TRUE,TRUE
"bigrams","C1 F14","observed_freq","6","6",0,0,TRUE,TRUE
"bigrams","B4 C1","observed_freq","3","3",0,0,TRUE,TRUE
"bigrams","H1 ZOO","observed_freq","3","3",0,0,TRUE,TRUE
"bigrams","B10 H1","observed_freq","7","7",0,0,TRUE,TRUE
"bigrams","A1 ANT","observed_freq","10","10",0,0,TRUE,TRUE
"bigrams","F12 G1","observed_freq","6","6",0,0,TRUE,TRUE
"bigrams","B13 G1","observed_freq","3","3",0,0,TRUE,TRUE
"bigrams","A1 D3","observed_freq","3","3",0,0,TRUE,TRUE
"bigrams","A3 B10","observed_freq","3","3",0,0,TRUE,TRUE
"bigrams","A1 B13","observed_freq","4","4",0,0,TRUE,TRUE
"bigrams","C1 F5","observed_freq","12","12",0,0,TRUE,TRUE
"bigrams","A1 C1","observed_freq","44","44",0,0,TRUE,TRUE
"bigrams","F14 G1","observed_freq","4","4",0,0,TRUE,TRUE
"bigrams","B2 G1","observed_freq","7","7",0,0,TRUE,TRUE
"bigrams","B3 C1","observed_freq","5","5",0,0,TRUE,TRUE
"bigrams","G1 ZOO","observed_freq","5","5",0,0,TRUE,TRUE
"bigrams","A1 F5","observed_freq","12","12",0,0,TRUE,TRUE
"bigrams","E1 G1","observed_freq","4","4",0,0,TRUE,TRUE
"bigrams","A1 H1","observed_freq","16","16",0,0,TRUE,TRUE
"bigrams","B1 G1","observed_freq","3","3",0,0,TRUE,TRUE
"bigrams","H1 ANT","observed_freq","3","3",0,0,TRUE,TRUE
"bigrams","C1 E1","observed_freq","5","5",0,0,TRUE,TRUE
"bigrams","A1 A24","observed_freq","22","22",0,0,TRUE,TRUE
"bigrams","A1 B3","observed_freq","5","5",0,0,TRUE,TRUE
"bigrams","C1 H1","observed_freq","14","14",0,0,TRUE,TRUE
"bigrams","A1 B10","observed_freq","15","15",0,0,TRUE,TRUE
"bigrams","B13 C1","observed_freq","3","3",0,0,TRUE,TRUE
"bigrams","A1 G1","observed_freq","28","28",0,0,TRUE,TRUE
"bigrams","G1 H1","observed_freq","10","10",0,0,TRUE,TRUE
"bigrams","B10 C1","observed_freq","13","13",0,0,TRUE,TRUE
"bigrams","A24 ZOO","observed_freq","3","3",0,0,TRUE,TRUE
"bigrams","A24 H1","observed_freq","7","7",0,0,TRUE,TRUE
"bigrams","A1 C5","observed_freq","5","5",0,0,TRUE,TRUE
"bigrams","A1 F12","observed_freq","6","6",0,0,TRUE,TRUE
"bigrams","A1 D15","observed_freq","3","3",0,0,TRUE,TRUE
"bigrams","C1 E4","observed_freq","3","3",0,0,TRUE,TRUE
"bigrams","C1 ZOO","observed_freq","5","5",0,0,TRUE,TRUE
"bigrams","C1 ANT","observed_freq","6","6",0,0,TRUE,TRUE
"bigrams","A24 C1","observed_freq","15","15",0,0,TRUE,TRUE
"bigrams","A24 F5","observed_freq","4","4",0,0,TRUE,TRUE
"bigrams","G1 ANT","observed_freq","4","4",0,0,TRUE,TRUE
"bigrams","A1 B6","observed_freq","3","3",0,0,TRUE,TRUE
"bigrams","F5 G1","observed_freq","5","5",0,0,TRUE,TRUE
"bigrams","A1 ZOO","observed_freq","4","4",0,0,TRUE,TRUE
"bigrams","A1 G2","observed_freq","4","4",0,0,TRUE,TRUE
"bigrams","A5 C1","observed_freq","3","3",0,0,TRUE,TRUE
"bigrams","B10 G1","observed_freq","6","6",0,0,TRUE,TRUE
"bigrams","A24 G1","observed_freq","5","5",0,0,TRUE,TRUE
"bigrams","I5 I13","expected_freq","4.9792531120332002E-2","0.049792531120332",0,0,TRUE,TRUE
"bigrams","C4 C12","expected_freq","0.112033195020747","0.112033195020747",0,0,TRUE,TRUE
"bigrams","C12 C13","expected_freq","0.14937759336099601","0.149377593360996",0,0,TRUE,TRUE
"bigrams","C5 D7","expected_freq","0.112033195020747","0.112033195020747",0,0,TRUE,TRUE
"bigrams","F14 F35","expected_freq","0.13278008298755201","0.132780082987552",0,0,TRUE,TRUE
"bigrams","C4 C5","expected_freq","0.22406639004149401","0.224066390041494",0,0,TRUE,TRUE
"bigrams","E4 E5","expected_freq","0.17427385892116201","0.174273858921162",0,0,TRUE,TRUE
"bigrams","D5 ANT","expected_freq","0.26970954356846499","0.269709543568465",0,0,TRUE,TRUE
"bigrams","E1 E5","expected_freq","0.24688796680497899","0.246887966804979",0,0,TRUE,TRUE
"bigrams","I1 I13","expected_freq","0.28215767634854799","0.282157676348548",0,0,TRUE,TRUE
"bigrams","C5 C13","expected_freq","0.29875518672199203","0.298755186721992",0,0,TRUE,TRUE
"bigrams","B10 F38","expected_freq","0.31120331950207503","0.311203319502075",0,0,TRUE,TRUE
"bigrams","B12 ANT","expected_freq","0.32365145228215803","0.323651452282158",0,0,TRUE,TRUE
"bigrams","C5 C12","expected_freq","0.33609958506224102","0.336099585062241",0,0,TRUE,TRUE
"bigrams","D3 ZOO","expected_freq","0.34854771784232402","0.348547717842324",0,0,TRUE,TRUE
"bigrams","B4 F12","expected_freq","0.365145228215768","0.365145228215768",0,0,TRUE,TRUE
"bigrams","E1 F12","expected_freq","0.77593360995850602","0.775933609958506",0,0,TRUE,TRUE
"bigrams","B13 E1","expected_freq","0.38796680497925301","0.387966804979253",0,0,TRUE,TRUE
"bigrams","F12 F13","expected_freq","0.41078838174273902","0.410788381742739",0,0,TRUE,TRUE
"bigrams","E1 F14","expected_freq","0.56431535269709499","0.564315352697095",0,0,TRUE,TRUE
"bigrams","I1 I5","expected_freq","0.42323651452282202","0.423236514522822",0,0,TRUE,TRUE
"bigrams","H1 RELIEF","expected_freq","0.609958506224066","0.609958506224066",0,0,TRUE,TRUE
"bigrams","B10 B12","expected_freq","0.62240663900414905","0.622406639004149",0,0,TRUE,TRUE
"bigrams","A5 E4","expected_freq","0.47302904564315401","0.473029045643154",0,0,TRUE,TRUE
"bigrams","D33 H1","expected_freq","0.50829875518672196","0.508298755186722",0,0,TRUE,TRUE
"bigrams","A14 A24","expected_freq","0.85892116182572598","0.858921161825726",0,0,TRUE,TRUE
"bigrams","D15 G2","expected_freq","0.524896265560166","0.524896265560166",0,0,TRUE,TRUE
"bigrams","A24 D5","expected_freq","0.71576763485477202","0.715767634854772",0,0,TRUE,TRUE
"bigrams","B4 F5","expected_freq","0.59751037344398295","0.597510373443983",0,0,TRUE,TRUE
"bigrams","F15 G1","expected_freq","0.804979253112033","0.804979253112033",0,0,TRUE,TRUE
"bigrams","C6 G1","expected_freq","0.60373443983402497","0.603734439834025",0,0,TRUE,TRUE
"bigrams","G1 G7","expected_freq","0.60373443983402497","0.603734439834025",0,0,TRUE,TRUE
"bigrams","F5 F12","expected_freq","1.6431535269709501","1.64315352697095",0,0,TRUE,TRUE
"bigrams","E1 F5","expected_freq","1.26970954356846","1.26970954356846",0,0,TRUE,TRUE
"bigrams","B2 B13","expected_freq","0.63900414937759298","0.639004149377593",0,0,TRUE,TRUE
"bigrams","F5 F14","expected_freq","1.1950207468879701","1.19502074688797",0,0,TRUE,TRUE
"bigrams","B2 B10","expected_freq","2.9045643153527001","2.9045643153527",0,0,TRUE,TRUE
"bigrams","B10 E5","expected_freq","0.72614107883817403","0.726141078838174",0,0,TRUE,TRUE
"bigrams","F12 F14","expected_freq","0.73029045643153501","0.730290456431535",0,0,TRUE,TRUE
"bigrams","C1 F55","expected_freq","0.77800829875518696","0.778008298755187",0,0,TRUE,TRUE
"bigrams","B13 F5","expected_freq","0.82157676348547704","0.821576763485477",0,0,TRUE,TRUE
"bigrams","D15 G1","expected_freq","2.2136929460580901","2.21369294605809",0,0,TRUE,TRUE
"bigrams","A1 G7","expected_freq","0.84647302904564303","0.846473029045643",0,0,TRUE,TRUE
"bigrams","A1 D5","expected_freq","1.41078838174274","1.41078838174274",0,0,TRUE,TRUE
"bigrams","A24 B12","expected_freq","0.85892116182572598","0.858921161825726",0,0,TRUE,TRUE
"bigrams","F13 G1","expected_freq","1.81120331950207","1.81120331950207",0,0,TRUE,TRUE
"bigrams","B2 B3","expected_freq","0.92946058091286299","0.929460580912863",0,0,TRUE,TRUE
"bigrams","A24 B1","expected_freq","1.86099585062241","1.86099585062241",0,0,TRUE,TRUE
"bigrams","C1 C4","expected_freq","1.5560165975103699","1.55601659751037",0,0,TRUE,TRUE
"bigrams","C1 F13","expected_freq","2.3340248962655599","2.33402489626556",0,0,TRUE,TRUE
"bigrams","C1 C12","expected_freq","2.3340248962655599","2.33402489626556",0,0,TRUE,TRUE
"bigrams","C1 C13","expected_freq","2.0746887966804999","2.0746887966805",0,0,TRUE,TRUE
"bigrams","C1 F15","expected_freq","1.0373443983402499","1.03734439834025",0,0,TRUE,TRUE
"bigrams","E5 G1","expected_freq","1.40871369294606","1.40871369294606",0,0,TRUE,TRUE
"bigrams","A1 D33","expected_freq","1.41078838174274","1.41078838174274",0,0,TRUE,TRUE
"bigrams","B6 H1","expected_freq","1.4232365145228201","1.42323651452282",0,0,TRUE,TRUE
"bigrams","C12 G1","expected_freq","1.81120331950207","1.81120331950207",0,0,TRUE,TRUE
"bigrams","A24 ANT","expected_freq","3.7219917012448098","3.72199170124481",0,0,TRUE,TRUE
"bigrams","A1 F15","expected_freq","1.12863070539419","1.12863070539419",0,0,TRUE,TRUE
"bigrams","B2 ANT","expected_freq","1.5103734439834","1.5103734439834",0,0,TRUE,TRUE
"bigrams","B10 B13","expected_freq","1.14107883817427","1.14107883817427",0,0,TRUE,TRUE
"bigrams","B10 ANT","expected_freq","2.6970954356846502","2.69709543568465",0,0,TRUE,TRUE
"bigrams","G1 G2","expected_freq","4.6286307053941904","4.62863070539419",0,0,TRUE,TRUE
"bigrams","A5 A24","expected_freq","2.7199170124481298","2.71991701244813",0,0,TRUE,TRUE
"bigrams","F12 ANT","expected_freq","1.1867219917012399","1.18672199170124",0,0,TRUE,TRUE
"bigrams","A3 ANT","expected_freq","1.1867219917012399","1.18672199170124",0,0,TRUE,TRUE
"bigrams","C13 G1","expected_freq","1.60995850622407","1.60995850622407",0,0,TRUE,TRUE
"bigrams","D3 G1","expected_freq","1.60995850622407","1.60995850622407",0,0,TRUE,TRUE
"bigrams","B10 F5","expected_freq","3.7344398340248999","3.7344398340249",0,0,TRUE,TRUE
"bigrams","B10 F14","expected_freq","1.6597510373444","1.6597510373444",0,0,TRUE,TRUE
"bigrams","B2 F5","expected_freq","2.0912863070539398","2.09128630705394",0,0,TRUE,TRUE
"bigrams","A1 B8","expected_freq","1.6929460580912901","1.69294605809129",0,0,TRUE,TRUE
"bigrams","A1 B12","expected_freq","1.6929460580912901","1.69294605809129",0,0,TRUE,TRUE
"bigrams","A1 F13","expected_freq","2.5394190871369302","2.53941908713693",0,0,TRUE,TRUE
"bigrams","B10 E1","expected_freq","1.7634854771784201","1.76348547717842",0,0,TRUE,TRUE
"bigrams","A3 H1","expected_freq","2.2365145228215799","2.23651452282158",0,0,TRUE,TRUE
"bigrams","A24 F14","expected_freq","2.29045643153527","2.29045643153527",0,0,TRUE,TRUE
"bigrams","A24 D19","expected_freq","1.43153526970954","1.43153526970954",0,0,TRUE,TRUE
"bigrams","F5 ANT","expected_freq","1.94190871369295","1.94190871369295",0,0,TRUE,TRUE
"bigrams","A1 D29","expected_freq","1.9751037344398299","1.97510373443983",0,0,TRUE,TRUE
"bigrams","A24 B2","expected_freq","4.0082987551867202","4.00829875518672",0,0,TRUE,TRUE
"bigrams","A1 F14","expected_freq","4.5145228215767599","4.51452282157676",0,0,TRUE,TRUE
"bigrams","C5 G1","expected_freq","3.6224066390041498","3.62240663900415",0,0,TRUE,TRUE
"bigrams","C1 C5","expected_freq","4.6680497925311197","4.66804979253112",0,0,TRUE,TRUE
"bigrams","C1 D3","expected_freq","2.0746887966804999","2.0746887966805",0,0,TRUE,TRUE
"bigrams","C1 C14","expected_freq","1.5560165975103699","1.55601659751037",0,0,TRUE,TRUE
"bigrams","A24 B13","expected_freq","1.5746887966805001","1.5746887966805",0,0,TRUE,TRUE
"bigrams","B4 G1","expected_freq","1.60995850622407","1.60995850622407",0,0,TRUE,TRUE
"bigrams","F14 H1","expected_freq","1.6265560165975099","1.62655601659751",0,0,TRUE,TRUE
"bigrams","A3 F5","expected_freq","1.6431535269709501","1.64315352697095",0,0,TRUE,TRUE
"bigrams","A24 B10","expected_freq","7.1576763485477199","7.15767634854772",0,0,TRUE,TRUE
"bigrams","B3 B10","expected_freq","1.6597510373444","1.6597510373444",0,0,TRUE,TRUE
"bigrams","B1 C1","expected_freq","3.37136929460581","3.37136929460581",0,0,TRUE,TRUE
"bigrams","A1 B4","expected_freq","2.2572614107883799","2.25726141078838",0,0,TRUE,TRUE
"bigrams","B2 H1","expected_freq","2.8464730290456401","2.84647302904564",0,0,TRUE,TRUE
"bigrams","B10 F12","expected_freq","2.2821576763485498","2.28215767634855",0,0,TRUE,TRUE
"bigrams","C1 F12","expected_freq","5.7053941908713703","5.70539419087137",0,0,TRUE,TRUE
"bigrams","C1 D15","expected_freq","2.8526970954356798","2.85269709543568",0,0,TRUE,TRUE
"bigrams","C1 G1","expected_freq","25.155601659750999","25.155601659751",0,0,TRUE,TRUE
"bigrams","A24 B3","expected_freq","2.29045643153527","2.29045643153527",0,0,TRUE,TRUE
"bigrams","A24 E4","expected_freq","1.71784232365145","1.71784232365145",0,0,TRUE,TRUE
"bigrams","C1 G2","expected_freq","5.9647302904564299","5.96473029045643",0,0,TRUE,TRUE
"bigrams","A1 E1","expected_freq","4.7966804979253101","4.79668049792531",0,0,TRUE,TRUE
"bigrams","C1 E5","expected_freq","1.8153526970954399","1.81535269709544",0,0,TRUE,TRUE
"bigrams","B2 C1","expected_freq","7.26141078838174","7.26141078838174",0,0,TRUE,TRUE
"bigrams","A24 E1","expected_freq","2.4336099585062199","2.43360995850622",0,0,TRUE,TRUE
"bigrams","F5 H1","expected_freq","3.6597510373444","3.6597510373444",0,0,TRUE,TRUE
"bigrams","A1 B1","expected_freq","3.6680497925311202","3.66804979253112",0,0,TRUE,TRUE
"bigrams","I1 ANT","expected_freq","1.8340248962655601","1.83402489626556",0,0,TRUE,TRUE
"bigrams","A3 A24","expected_freq","3.1493775933610002","3.149377593361",0,0,TRUE,TRUE
"bigrams","A3 G1","expected_freq","4.4273858921161802","4.42738589211618",0,0,TRUE,TRUE
"bigrams","A3 C1","expected_freq","5.7053941908713703","5.70539419087137",0,0,TRUE,TRUE
"bigrams","A5 H1","expected_freq","1.93153526970954","1.93153526970954",0,0,TRUE,TRUE
"bigrams","A5 B10","expected_freq","1.97095435684647","1.97095435684647",0,0,TRUE,TRUE
"bigrams","A1 B2","expected_freq","7.90041493775934","7.90041493775934",0,0,TRUE,TRUE
"bigrams","A1 A5","expected_freq","5.3609958506224098","5.36099585062241",0,0,TRUE,TRUE
"bigrams","A1 A3","expected_freq","6.2074688796680499","6.20746887966805",0,0,TRUE,TRUE
"bigrams","C1 F14","expected_freq","4.1493775933609998","4.149377593361",0,0,TRUE,TRUE
"bigrams","B4 C1","expected_freq","2.0746887966804999","2.0746887966805",0,0,TRUE,TRUE
"bigrams","H1 ZOO","expected_freq","2.1348547717842301","2.13485477178423",0,0,TRUE,TRUE
"bigrams","B10 H1","expected_freq","5.0829875518672196","5.08298755186722",0,0,TRUE,TRUE
"bigrams","A1 ANT","expected_freq","7.3360995850622404","7.33609958506224",0,0,TRUE,TRUE
"bigrams","F12 G1","expected_freq","4.4273858921161802","4.42738589211618",0,0,TRUE,TRUE
"bigrams","B13 G1","expected_freq","2.2136929460580901","2.21369294605809",0,0,TRUE,TRUE
"bigrams","A1 D3","expected_freq","2.2572614107883799","2.25726141078838",0,0,TRUE,TRUE
"bigrams","A3 B10","expected_freq","2.2821576763485498","2.28215767634855",0,0,TRUE,TRUE
"bigrams","A1 B13","expected_freq","3.1037344398340201","3.10373443983402",0,0,TRUE,TRUE
"bigrams","C1 F5","expected_freq","9.3360995850622395","9.33609958506224",0,0,TRUE,TRUE
"bigrams","A1 C1","expected_freq","35.269709543568503","35.2697095435685",0,0,TRUE,TRUE
"bigrams","F14 G1","expected_freq","3.2199170124481298","3.21991701244813",0,0,TRUE,TRUE
"bigrams","B2 G1","expected_freq","5.6348547717842301","5.63485477178423",0,0,TRUE,TRUE
"bigrams","B3 C1","expected_freq","4.1493775933609998","4.149377593361",0,0,TRUE,TRUE
"bigrams","G1 ZOO","expected_freq","4.2261410788381699","4.22614107883817",0,0,TRUE,TRUE
"bigrams","A1 F5","expected_freq","10.1576763485477","10.1576763485477",0,0,TRUE,TRUE
"bigrams","E1 G1","expected_freq","3.42116182572614","3.42116182572614",0,0,TRUE,TRUE
"bigrams","A1 H1","expected_freq","13.8257261410788","13.8257261410788",0,0,TRUE,TRUE
"bigrams","B1 G1","expected_freq","2.6161825726141101","2.61618257261411",0,0,TRUE,TRUE
"bigrams","H1 ANT","expected_freq","2.6431535269709499","2.64315352697095",0,0,TRUE,TRUE
"bigrams","C1 E1","expected_freq","4.4087136929460602","4.40871369294606",0,0,TRUE,TRUE
"bigrams","A1 A24","expected_freq","19.468879668049802","19.4688796680498",0,0,TRUE,TRUE
"bigrams","A1 B3","expected_freq","4.5145228215767599","4.51452282157676",0,0,TRUE,TRUE
"bigrams","C1 H1","expected_freq","12.707468879668101","12.7074688796681",0,0,TRUE,TRUE
"bigrams","A1 B10","expected_freq","14.1078838174274","14.1078838174274",0,0,TRUE,TRUE
"bigrams","B13 C1","expected_freq","2.8526970954356798","2.85269709543568",0,0,TRUE,TRUE
"bigrams","A1 G1","expected_freq","27.369294605809099","27.3692946058091",0,0,TRUE,TRUE
"bigrams","G1 H1","expected_freq","9.8609958506224107","9.86099585062241",0,0,TRUE,TRUE
"bigrams","B10 C1","expected_freq","12.9668049792531","12.9668049792531",0,0,TRUE,TRUE
"bigrams","A24 ZOO","expected_freq","3.0062240663900401","3.00622406639004",0,0,TRUE,TRUE
"bigrams","A24 H1","expected_freq","7.0145228215767599","7.01452282157676",0,0,TRUE,TRUE
"bigrams","A1 C5","expected_freq","5.0788381742738604","5.07883817427386",0,0,TRUE,TRUE
"bigrams","A1 F12","expected_freq","6.2074688796680499","6.20746887966805",0,0,TRUE,TRUE
"bigrams","A1 D15","expected_freq","3.1037344398340201","3.10373443983402",0,0,TRUE,TRUE
"bigrams","C1 E4","expected_freq","3.11203319502075","3.11203319502075",0,0,TRUE,TRUE
"bigrams","C1 ZOO","expected_freq","5.4460580912863099","5.44605809128631",0,0,TRUE,TRUE
"bigrams","C1 ANT","expected_freq","6.7427385892116201","6.74273858921162",0,0,TRUE,TRUE
"bigrams","A24 C1","expected_freq","17.8941908713693","17.8941908713693",0,0,TRUE,TRUE
"bigrams","A24 F5","expected_freq","5.1535269709543599","5.15352697095436",0,0,TRUE,TRUE
"bigrams","G1 ANT","expected_freq","5.2323651452282203","5.23236514522822",0,0,TRUE,TRUE
"bigrams","A1 B6","expected_freq","3.95020746887967","3.95020746887967",0,0,TRUE,TRUE
"bigrams","F5 G1","expected_freq","7.2448132780082997","7.2448132780083",0,0,TRUE,TRUE
"bigrams","A1 ZOO","expected_freq","5.9253112033194997","5.9253112033195",0,0,TRUE,TRUE
"bigrams","A1 G2","expected_freq","6.4896265560166002","6.4896265560166",0,0,TRUE,TRUE
"bigrams","A5 C1","expected_freq","4.9273858921161802","4.92738589211618",0,0,TRUE,TRUE
"bigrams","B10 G1","expected_freq","10.062240663900401","10.0622406639004",0,0,TRUE,TRUE
"bigrams","A24 G1","expected_freq","13.8858921161826","13.8858921161826",0,0,TRUE,TRUE
"bigrams","I5 I13","PMI","4.0985025723707702","4.09850257237077",0,0,TRUE,TRUE
"bigrams","C4 C12","PMI","3.2875723561544401","3.28757235615444",0,0,TRUE,TRUE
"bigrams","C12 C13","PMI","3.2875723561544401","3.28757235615444",0,0,TRUE,TRUE
"bigrams","C5 D7","PMI","3.2875723561544401","3.28757235615444",0,0,TRUE,TRUE
"bigrams","F14 F35","PMI","3.11767331935904","3.11767331935904",0,0,TRUE,TRUE
"bigrams","C4 C5","PMI","3.1052507993604799","3.10525079936048",0,0,TRUE,TRUE
"bigrams","E4 E5","PMI","2.8457396038753999","2.8457396038754",0,0,TRUE,TRUE
"bigrams","D5 ANT","PMI","2.6967040247149101","2.69670402471491",0,0,TRUE,TRUE
"bigrams","E1 E5","PMI","2.4974329096071801","2.49743290960718",0,0,TRUE,TRUE
"bigrams","I1 I13","PMI","2.36390151698266","2.36390151698266",0,0,TRUE,TRUE
"bigrams","C5 C13","PMI","2.3067431031427099","2.30674310314271",0,0,TRUE,TRUE
"bigrams","B10 F38","PMI","2.2659211086224502","2.26592110862245",0,0,TRUE,TRUE
"bigrams","B12 ANT","PMI","2.22670039546917","2.22670039546917",0,0,TRUE,TRUE
"bigrams","C5 C12","PMI","2.1889600674863301","2.18896006748633",0,0,TRUE,TRUE
"bigrams","D3 ZOO","PMI","2.1525924233154501","2.15259242331545",0,0,TRUE,TRUE
"bigrams","B4 F12","PMI","2.1060724076805601","2.10607240768056",0,0,TRUE,TRUE
"bigrams","E1 F12","PMI","2.0454477858641198","2.04544778586412",0,0,TRUE,TRUE
"bigrams","B13 E1","PMI","2.0454477858641198","2.04544778586412",0,0,TRUE,TRUE
"bigrams","F12 F13","PMI","1.9882893720241701","1.98828937202417",0,0,TRUE,TRUE
"bigrams","E1 F14","PMI","1.9584364088744901","1.95843640887449",0,0,TRUE,TRUE
"bigrams","I1 I5","PMI","1.9584364088744901","1.95843640887449",0,0,TRUE,TRUE
"bigrams","H1 RELIEF","PMI","1.88065870783181","1.88065870783181",0,0,TRUE,TRUE
"bigrams","B10 B12","PMI","1.8604560005142901","1.86045600051429",0,0,TRUE,TRUE
"bigrams","A5 E4","PMI","1.84721077376427","1.84721077376427",0,0,TRUE,TRUE
"bigrams","D33 H1","PMI","1.7752981921739801","1.77529819217398",0,0,TRUE,TRUE
"bigrams","A14 A24","PMI","1.76151605265939","1.76151605265939",0,0,TRUE,TRUE
"bigrams","D15 G2","PMI","1.7431669139911901","1.74316691399119",0,0,TRUE,TRUE
"bigrams","A24 D5","PMI","1.7206940581391299","1.72069405813913",0,0,TRUE,TRUE
"bigrams","B4 F5","PMI","1.6135959225827601","1.61359592258276",0,0,TRUE,TRUE
"bigrams","F15 G1","PMI","1.60323313554722","1.60323313554722",0,0,TRUE,TRUE
"bigrams","C6 G1","PMI","1.60323313554722","1.60323313554722",0,0,TRUE,TRUE
"bigrams","G1 G7","PMI","1.60323313554722","1.60323313554722",0,0,TRUE,TRUE
"bigrams","F5 F12","PMI","1.5828242639160099","1.58282426391601",0,0,TRUE,TRUE
"bigrams","E1 F5","PMI","1.5529713007663299","1.55297130076633",0,0,TRUE,TRUE
"bigrams","B2 B13","PMI","1.5464566197451399","1.54645661974514",0,0,TRUE,TRUE
"bigrams","F5 F14","PMI","1.4312743657888101","1.43127436578881",0,0,TRUE,TRUE
"bigrams","B2 B10","PMI","1.4186232482352501","1.41862324823525",0,0,TRUE,TRUE
"bigrams","B10 E5","PMI","1.4186232482352501","1.41862324823525",0,0,TRUE,TRUE
"bigrams","F12 F14","PMI","1.4129252271206101","1.41292522712061",0,0,TRUE,TRUE
"bigrams","C1 F55","PMI","1.3496303767483","1.3496303767483",0,0,TRUE,TRUE
"bigrams","B13 F5","PMI","1.29514219146423","1.29514219146423",0,0,TRUE,TRUE
"bigrams","D15 G1","PMI","1.28477940442868","1.28477940442868",0,0,TRUE,TRUE
"bigrams","A1 G7","PMI","1.26528922831455","1.26528922831455",0,0,TRUE,TRUE
"bigrams","A1 D5","PMI","1.26528922831455","1.26528922831455",0,0,TRUE,TRUE
"bigrams","A24 B12","PMI","1.2506904288934","1.2506904288934",0,0,TRUE,TRUE
"bigrams","F13 G1","PMI","1.1977680274390501","1.19776802743905",0,0,TRUE,TRUE
"bigrams","B2 B3","PMI","1.1717631703037199","1.17176317030372",0,0,TRUE,TRUE
"bigrams","A24 B1","PMI","1.17064772121986","1.17064772121986",0,0,TRUE,TRUE
"bigrams","C1 C4","PMI","1.16730881995434","1.16730881995434",0,0,TRUE,TRUE
"bigrams","C1 F13","PMI","1.0983159484673899","1.09831594846739",0,0,TRUE,TRUE
"bigrams","C1 C12","PMI","1.0983159484673899","1.09831594846739",0,0,TRUE,TRUE
"bigrams","C1 C13","PMI","1.0619483042965201","1.06194830429652",0,0,TRUE,TRUE
"bigrams","C1 F15","PMI","1.0619483042965201","1.06194830429652",0,0,TRUE,TRUE
"bigrams","E5 G1","PMI","1.04361734761179","1.04361734761179",0,0,TRUE,TRUE
"bigrams","A1 D33","PMI","1.0421456770003401","1.04214567700034",0,0,TRUE,TRUE
"bigrams","B6 H1","PMI","1.0333608474446101","1.03336084744461",0,0,TRUE,TRUE
"bigrams","C12 G1","PMI","1.0154464706451001","1.0154464706451",0,0,TRUE,TRUE
"bigrams","A24 ANT","PMI","0.98832616442590504","0.988326164425905",0,0,TRUE,TRUE
"bigrams","A1 F15","PMI","0.97760715586276703","0.977607155862767",0,0,TRUE,TRUE
"bigrams","B2 ANT","PMI","0.97393742697380503","0.973937426973805",0,0,TRUE,TRUE
"bigrams","B10 B13","PMI","0.966638124492194","0.966638124492194",0,0,TRUE,TRUE
"bigrams","B10 ANT","PMI","0.95373471965628598","0.953734719656286",0,0,TRUE,TRUE
"bigrams","G1 G2","PMI","0.95264556940606804","0.952645569406068",0,0,TRUE,TRUE
"bigrams","A5 A24","PMI","0.94530877934221402","0.945308779342214",0,0,TRUE,TRUE
"bigrams","F12 ANT","PMI","0.92741741133891198","0.927417411338912",0,0,TRUE,TRUE
"bigrams","A3 ANT","PMI","0.92741741133891198","0.927417411338912",0,0,TRUE,TRUE
"bigrams","C13 G1","PMI","0.91008595498727196","0.910085954987272",0,0,TRUE,TRUE
"bigrams","D3 G1","PMI","0.91008595498727196","0.910085954987272",0,0,TRUE,TRUE
"bigrams","B10 F5","PMI","0.87962674750256398","0.879626747502564",0,0,TRUE,TRUE
"bigrams","B10 F14","PMI","0.87962674750256398","0.879626747502564",0,0,TRUE,TRUE
"bigrams","B2 F5","PMI","0.87165857785338696","0.871658577853387",0,0,TRUE,TRUE
"bigrams","A1 B8","PMI","0.85982412020638399","0.859824120206384",0,0,TRUE,TRUE
"bigrams","A1 B12","PMI","0.85982412020638399","0.859824120206384",0,0,TRUE,TRUE
"bigrams","A1 F13","PMI","0.85982412020638399","0.859824120206384",0,0,TRUE,TRUE
"bigrams","B10 E1","PMI","0.81900212568612896","0.819002125686129",0,0,TRUE,TRUE
"bigrams","A3 H1","PMI","0.80451927501575804","0.804519275015758",0,0,TRUE,TRUE
"bigrams","A24 F14","PMI","0.78068679964765997","0.78068679964766",0,0,TRUE,TRUE
"bigrams","A24 D19","PMI","0.73986480512740505","0.739864805127405",0,0,TRUE,TRUE
"bigrams","F5 ANT","PMI","0.72262299869289903","0.722622998692899",0,0,TRUE,TRUE
"bigrams","A1 D29","PMI","0.70567344037912605","0.705673440379126",0,0,TRUE,TRUE
"bigrams","A24 B2","PMI","0.691074640957973","0.691074640957973",0,0,TRUE,TRUE
"bigrams","A1 F14","PMI","0.68992508341098602","0.689925083410986",0,0,TRUE,TRUE
"bigrams","C5 G1","PMI","0.65877152670636596","0.658771526706366",0,0,TRUE,TRUE
"bigrams","C1 C5","PMI","0.65648319618835405","0.656483196188354",0,0,TRUE,TRUE
"bigrams","C1 D3","PMI","0.65648319618835405","0.656483196188354",0,0,TRUE,TRUE
"bigrams","C1 C14","PMI","0.65648319618835405","0.656483196188354",0,0,TRUE,TRUE
"bigrams","A24 B13","PMI","0.64455462532308005","0.64455462532308",0,0,TRUE,TRUE
"bigrams","B4 G1","PMI","0.62240388253549095","0.622403882535491",0,0,TRUE,TRUE
"bigrams","F14 H1","PMI","0.61214738236830202","0.612147382368302",0,0,TRUE,TRUE
"bigrams","A3 F5","PMI","0.60199501090428398","0.601995010904284",0,0,TRUE,TRUE
"bigrams","A24 B10","PMI","0.59676396148673205","0.596763961486732",0,0,TRUE,TRUE
"bigrams","B3 B10","PMI","0.59194467505078296","0.591944675050783",0,0,TRUE,TRUE
"bigrams","B1 C1","PMI","0.576440488514817","0.576440488514817",0,0,TRUE,TRUE
"bigrams","A1 B4","PMI","0.57214204775460298","0.572142047754603",0,0,TRUE,TRUE
"bigrams","B2 H1","PMI","0.56335721819886997","0.56335721819887",0,0,TRUE,TRUE
"bigrams","B10 F12","PMI","0.56117301638402906","0.561173016384029",0,0,TRUE,TRUE
"bigrams","C1 F12","PMI","0.56117301638402906","0.561173016384029",0,0,TRUE,TRUE
"bigrams","C1 D15","PMI","0.56117301638402906","0.561173016384029",0,0,TRUE,TRUE
"bigrams","C1 G1","PMI","0.55910903216317698","0.559109032163177",0,0,TRUE,TRUE
"bigrams","A24 B3","PMI","0.55754324833345004","0.55754324833345",0,0,TRUE,TRUE
"bigrams","A24 E4","PMI","0.55754324833345004","0.55754324833345",0,0,TRUE,TRUE
"bigrams","C1 G2","PMI","0.516721253813195","0.516721253813195",0,0,TRUE,TRUE
"bigrams","A1 E1","PMI","0.51151742593816796","0.511517425938168",0,0,TRUE,TRUE
"bigrams","C1 E5","PMI","0.50233251636109499","0.502332516361095",0,0,TRUE,TRUE
"bigrams","B2 C1","PMI","0.50233251636109499","0.502332516361095",0,0,TRUE,TRUE
"bigrams","A24 E1","PMI","0.49691862651701602","0.496918626517016",0,0,TRUE,TRUE
"bigrams","F5 H1","PMI","0.49436434671191898","0.494364346711919",0,0,TRUE,TRUE
"bigrams","A1 B1","PMI","0.49209934008106698","0.492099340081067",0,0,TRUE,TRUE
"bigrams","I1 ANT","PMI","0.49209934008106698","0.492099340081067",0,0,TRUE,TRUE
"bigrams","A3 A24","PMI","0.46223306852912599","0.462233068529126",0,0,TRUE,TRUE
"bigrams","A3 G1","PMI","0.45810083124421502","0.458100831244215",0,0,TRUE,TRUE
"bigrams","A3 C1","PMI","0.455812500726203","0.455812500726203",0,0,TRUE,TRUE
"bigrams","A5 H1","PMI","0.44029712544164301","0.440297125441643",0,0,TRUE,TRUE
"bigrams","A5 B10","PMI","0.42009441812412301","0.420094418124123",0,0,TRUE,TRUE
"bigrams","A1 B2","PMI","0.41799136792734498","0.417991367927345",0,0,TRUE,TRUE
"bigrams","A1 A5","PMI","0.40029179082794403","0.400291790827944",0,0,TRUE,TRUE
"bigrams","A1 A3","PMI","0.37147135229245198","0.371471352292452",0,0,TRUE,TRUE
"bigrams","C1 F14","PMI","0.36880112373657298","0.368801123736573",0,0,TRUE,TRUE
"bigrams","B4 C1","PMI","0.36880112373657298","0.368801123736573",0,0,TRUE,TRUE
"bigrams","H1 ZOO","PMI","0.34021366688466098","0.340213666884661",0,0,TRUE,TRUE
"bigrams","B10 H1","PMI","0.32001095956714098","0.320010959567141",0,0,TRUE,TRUE
"bigrams","A1 ANT","PMI","0.30977778328711197","0.309777783287112",0,0,TRUE,TRUE
"bigrams","F12 G1","PMI","0.30395015141695703","0.303950151416957",0,0,TRUE,TRUE
"bigrams","B13 G1","PMI","0.30395015141695703","0.303950151416957",0,0,TRUE,TRUE
"bigrams","A1 D3","PMI","0.28445997530282202","0.284459975302822",0,0,TRUE,TRUE
"bigrams","A3 B10","PMI","0.27349094393224799","0.273490943932248",0,0,TRUE,TRUE
"bigrams","A1 B13","PMI","0.253688316636068","0.253688316636068",0,0,TRUE,TRUE
"bigrams","C1 F5","PMI","0.25101808808018899","0.251018088080189",0,0,TRUE,TRUE
"bigrams","A1 C1","PMI","0.22116512493050799","0.221165124930508",0,0,TRUE,TRUE
"bigrams","F14 G1","PMI","0.21693877442732701","0.216938774427327",0,0,TRUE,TRUE
"bigrams","B2 G1","PMI","0.21693877442732701","0.216938774427327",0,0,TRUE,TRUE
"bigrams","B3 C1","PMI","0.186479566942618","0.186479566942618",0,0,TRUE,TRUE
"bigrams","G1 ZOO","PMI","0.16814861025789499","0.168148610257895",0,0,TRUE,TRUE
"bigrams","A1 F5","PMI","0.16667693964643901","0.166676939646439",0,0,TRUE,TRUE
"bigrams","E1 G1","PMI","0.15631415261089199","0.156314152610892",0,0,TRUE,TRUE
"bigrams","A1 H1","PMI","0.146057652443703","0.146057652443703",0,0,TRUE,TRUE
"bigrams","B1 G1","PMI","0.13689606675379001","0.13689606675379",0,0,TRUE,TRUE
"bigrams","H1 ANT","PMI","0.126639566586601","0.126639566586601",0,0,TRUE,TRUE
"bigrams","C1 E1","PMI","0.125854945126183","0.125854945126183",0,0,TRUE,TRUE
"bigrams","A1 A24","PMI","0.122225177075605","0.122225177075605",0,0,TRUE,TRUE
"bigrams","A1 B3","PMI","0.102138418508868","0.102138418508868",0,0,TRUE,TRUE
"bigrams","C1 H1","PMI","9.6867408252931095E-2","0.0968674082529311",0,0,TRUE,TRUE
"bigrams","A1 B10","PMI","6.1316423988612298E-2","0.0613164239886123",0,0,TRUE,TRUE
"bigrams","B13 C1","PMI","5.0347392618038403E-2","0.0503473926180384",0,0,TRUE,TRUE
"bigrams","A1 G1","PMI","2.2782759986369298E-2","0.0227827599863693",0,0,TRUE,TRUE
"bigrams","G1 H1","PMI","1.39979304306366E-2","0.0139979304306366",0,0,TRUE,TRUE
"bigrams","B10 C1","PMI","2.5567287816897501E-3","0.00255672878168975",0,0,TRUE,TRUE
"bigrams","A24 ZOO","PMI","-2.0725396019721999E-3","-0.0020725396019722",0,0,TRUE,TRUE
"bigrams","A24 H1","PMI","-2.0725396019724198E-3","-0.00207253960197242",0,0,TRUE,TRUE
"bigrams","A1 C5","PMI","-1.5644617147515999E-2","-0.015644617147516",0,0,TRUE,TRUE
"bigrams","A1 F12","PMI","-3.3993755815712498E-2","-0.0339937558157125",0,0,TRUE,TRUE
"bigrams","A1 D15","PMI","-3.3993755815712498E-2","-0.0339937558157125",0,0,TRUE,TRUE
"bigrams","C1 E4","PMI","-3.6663984371591497E-2","-0.0366639843715915",0,0,TRUE,TRUE
"bigrams","C1 ZOO","PMI","-8.5454148541023497E-2","-0.0854541485410235",0,0,TRUE,TRUE
"bigrams","C1 ANT","PMI","-0.116706692045128","-0.116706692045128",0,0,TRUE,TRUE
"bigrams","A24 C1","PMI","-0.17642592674675001","-0.17642592674675",0,0,TRUE,TRUE
"bigrams","A24 F5","PMI","-0.25338696788287801","-0.253386967882878",0,0,TRUE,TRUE
"bigrams","G1 ANT","PMI","-0.26856904135437398","-0.268569041354374",0,0,TRUE,TRUE
"bigrams","A1 B6","PMI","-0.27515581263260103","-0.275155812632601",0,0,TRUE,TRUE
"bigrams","F5 G1","PMI","-0.370847890474792","-0.370847890474792",0,0,TRUE,TRUE
"bigrams","A1 ZOO","PMI","-0.39293884828898401","-0.392938848288984",0,0,TRUE,TRUE
"bigrams","A1 G2","PMI","-0.483910626494711","-0.483910626494711",0,0,TRUE,TRUE
"bigrams","A5 C1","PMI","-0.49619631375003198","-0.496196313750032",0,0,TRUE,TRUE
"bigrams","B10 G1","PMI","-0.51703040065287398","-0.517030400652874",0,0,TRUE,TRUE
"bigrams","A24 G1","PMI","-1.02143545661594","-1.02143545661594",0,0,TRUE,TRUE
"trigrams","C4 C5 C12","token1_freq","6","6",0,0,TRUE,TRUE
"trigrams","C1 C4 C12","token1_freq","125","125",0,0,TRUE,TRUE
"trigrams","C1 C4 C5","token1_freq","125","125",0,0,TRUE,TRUE
"trigrams","A24 D5 ANT","token1_freq","69","69",0,0,TRUE,TRUE
"trigrams","C1 C12 C13","token1_freq","125","125",0,0,TRUE,TRUE
"trigrams","A24 B12 ANT","token1_freq","69","69",0,0,TRUE,TRUE
"trigrams","A1 D5 ANT","token1_freq","136","136",0,0,TRUE,TRUE
"trigrams","E1 F5 F12","token1_freq","17","17",0,0,TRUE,TRUE
"trigrams","F12 F13 G1","token1_freq","22","22",0,0,TRUE,TRUE
"trigrams","C1 C5 C12","token1_freq","125","125",0,0,TRUE,TRUE
"trigrams","A1 B12 ANT","token1_freq","136","136",0,0,TRUE,TRUE
"trigrams","B4 C1 F12","token1_freq","8","8",0,0,TRUE,TRUE
"trigrams","D15 G1 G2","token1_freq","11","11",0,0,TRUE,TRUE
"trigrams","C1 F12 F13","token1_freq","125","125",0,0,TRUE,TRUE
"trigrams","A1 D33 H1","token1_freq","136","136",0,0,TRUE,TRUE
"trigrams","C1 E1 F14","token1_freq","125","125",0,0,TRUE,TRUE
"trigrams","A1 A24 D5","token1_freq","136","136",0,0,TRUE,TRUE
"trigrams","A1 E1 F14","token1_freq","136","136",0,0,TRUE,TRUE
"trigrams","A1 G1 G7","token1_freq","136","136",0,0,TRUE,TRUE
"trigrams","B10 F5 F12","token1_freq","50","50",0,0,TRUE,TRUE
"trigrams","A1 B10 B12","token1_freq","136","136",0,0,TRUE,TRUE
"trigrams","C1 F15 G1","token1_freq","125","125",0,0,TRUE,TRUE
"trigrams","B2 B10 F5","token1_freq","28","28",0,0,TRUE,TRUE
"trigrams","A1 F15 G1","token1_freq","136","136",0,0,TRUE,TRUE
"trigrams","A24 B10 ANT","token1_freq","69","69",0,0,TRUE,TRUE
"trigrams","C1 F13 G1","token1_freq","125","125",0,0,TRUE,TRUE
"trigrams","A1 A24 B12","token1_freq","136","136",0,0,TRUE,TRUE
"trigrams","C1 C12 G1","token1_freq","125","125",0,0,TRUE,TRUE
"trigrams","A1 F13 G1","token1_freq","136","136",0,0,TRUE,TRUE
"trigrams","C1 C13 G1","token1_freq","125","125",0,0,TRUE,TRUE
"trigrams","C1 F5 F12","token1_freq","125","125",0,0,TRUE,TRUE
"trigrams","A3 A24 H1","token1_freq","22","22",0,0,TRUE,TRUE
"trigrams","A1 C1 F13","token1_freq","136","136",0,0,TRUE,TRUE
"trigrams","A1 A3 ANT","token1_freq","136","136",0,0,TRUE,TRUE
"trigrams","A1 F5 F14","token1_freq","136","136",0,0,TRUE,TRUE
"trigrams","A3 G1 H1","token1_freq","22","22",0,0,TRUE,TRUE
"trigrams","B10 C1 E1","token1_freq","50","50",0,0,TRUE,TRUE
"trigrams","A1 B10 F14","token1_freq","136","136",0,0,TRUE,TRUE
"trigrams","A1 E1 F5","token1_freq","136","136",0,0,TRUE,TRUE
"trigrams","B10 F5 H1","token1_freq","50","50",0,0,TRUE,TRUE
"trigrams","A1 A24 B1","token1_freq","136","136",0,0,TRUE,TRUE
"trigrams","A24 B2 H1","token1_freq","69","69",0,0,TRUE,TRUE
"trigrams","A24 B2 B10","token1_freq","69","69",0,0,TRUE,TRUE
"trigrams","C1 D15 G1","token1_freq","125","125",0,0,TRUE,TRUE
"trigrams","A3 C1 H1","token1_freq","22","22",0,0,TRUE,TRUE
"trigrams","A1 A24 B13","token1_freq","136","136",0,0,TRUE,TRUE
"trigrams","A1 A24 ANT","token1_freq","136","136",0,0,TRUE,TRUE
"trigrams","A1 F5 F12","token1_freq","136","136",0,0,TRUE,TRUE
"trigrams","C1 C5 G1","token1_freq","125","125",0,0,TRUE,TRUE
"trigrams","A1 B10 E1","token1_freq","136","136",0,0,TRUE,TRUE
"trigrams","A24 F5 H1","token1_freq","69","69",0,0,TRUE,TRUE
"trigrams","A1 A5 H1","token1_freq","136","136",0,0,TRUE,TRUE
"trigrams","B2 B10 C1","token1_freq","28","28",0,0,TRUE,TRUE
"trigrams","A1 B10 ANT","token1_freq","136","136",0,0,TRUE,TRUE
"trigrams","A3 C1 G1","token1_freq","22","22",0,0,TRUE,TRUE
"trigrams","B2 B10 G1","token1_freq","28","28",0,0,TRUE,TRUE
"trigrams","A24 C1 F14","token1_freq","69","69",0,0,TRUE,TRUE
"trigrams","C1 G1 G2","token1_freq","125","125",0,0,TRUE,TRUE
"trigrams","A1 D15 G1","token1_freq","136","136",0,0,TRUE,TRUE
"trigrams","A1 A3 H1","token1_freq","136","136",0,0,TRUE,TRUE
"trigrams","A1 A3 B10","token1_freq","136","136",0,0,TRUE,TRUE
"trigrams","A1 A24 F14","token1_freq","136","136",0,0,TRUE,TRUE
"trigrams","A1 A24 B2","token1_freq","136","136",0,0,TRUE,TRUE
"trigrams","A1 F14 G1","token1_freq","136","136",0,0,TRUE,TRUE
"trigrams","A1 A24 E1","token1_freq","136","136",0,0,TRUE,TRUE
"trigrams","A1 C1 F14","token1_freq","136","136",0,0,TRUE,TRUE
"trigrams","A1 A5 A24","token1_freq","136","136",0,0,TRUE,TRUE
"trigrams","A1 B2 C1","token1_freq","136","136",0,0,TRUE,TRUE
"trigrams","A24 B2 C1","token1_freq","69","69",0,0,TRUE,TRUE
"trigrams","A1 B10 F5","token1_freq","136","136",0,0,TRUE,TRUE
"trigrams","A1 B2 H1","token1_freq","136","136",0,0,TRUE,TRUE
"trigrams","A1 B2 B10","token1_freq","136","136",0,0,TRUE,TRUE
"trigrams","C1 F14 G1","token1_freq","125","125",0,0,TRUE,TRUE
"trigrams","C1 F12 G1","token1_freq","125","125",0,0,TRUE,TRUE
"trigrams","A1 A24 B10","token1_freq","136","136",0,0,TRUE,TRUE
"trigrams","A1 A3 A24","token1_freq","136","136",0,0,TRUE,TRUE
"trigrams","A24 B10 C1","token1_freq","69","69",0,0,TRUE,TRUE
"trigrams","A1 C1 E1","token1_freq","136","136",0,0,TRUE,TRUE
"trigrams","A1 F12 G1","token1_freq","136","136",0,0,TRUE,TRUE
"trigrams","A24 C1 ANT","token1_freq","69","69",0,0,TRUE,TRUE
"trigrams","A1 E1 G1","token1_freq","136","136",0,0,TRUE,TRUE
"trigrams","B10 C1 F5","token1_freq","50","50",0,0,TRUE,TRUE
"trigrams","A1 C1 C5","token1_freq","136","136",0,0,TRUE,TRUE
"trigrams","A1 C5 G1","token1_freq","136","136",0,0,TRUE,TRUE
"trigrams","A1 F5 H1","token1_freq","136","136",0,0,TRUE,TRUE
"trigrams","A1 A24 F5","token1_freq","136","136",0,0,TRUE,TRUE
"trigrams","B2 C1 G1","token1_freq","28","28",0,0,TRUE,TRUE
"trigrams","C1 G1 ZOO","token1_freq","125","125",0,0,TRUE,TRUE
"trigrams","A1 C1 G1","token1_freq","136","136",0,0,TRUE,TRUE
"trigrams","A1 A24 H1","token1_freq","136","136",0,0,TRUE,TRUE
"trigrams","A1 G1 ZOO","token1_freq","136","136",0,0,TRUE,TRUE
"trigrams","A1 B2 G1","token1_freq","136","136",0,0,TRUE,TRUE
"trigrams","A1 A3 C1","token1_freq","136","136",0,0,TRUE,TRUE
"trigrams","A1 C1 F12","token1_freq","136","136",0,0,TRUE,TRUE
"trigrams","A1 A3 G1","token1_freq","136","136",0,0,TRUE,TRUE
"trigrams","C1 G1 H1","token1_freq","125","125",0,0,TRUE,TRUE
"trigrams","A1 G1 G2","token1_freq","136","136",0,0,TRUE,TRUE
"trigrams","A1 C1 F5","token1_freq","136","136",0,0,TRUE,TRUE
"trigrams","A24 C1 H1","token1_freq","69","69",0,0,TRUE,TRUE
"trigrams","C1 F5 G1","token1_freq","125","125",0,0,TRUE,TRUE
"trigrams","A24 G1 H1","token1_freq","69","69",0,0,TRUE,TRUE
"trigrams","A1 B10 C1","token1_freq","136","136",0,0,TRUE,TRUE
"trigrams","A1 G1 H1","token1_freq","136","136",0,0,TRUE,TRUE
"trigrams","A1 C1 H1","token1_freq","136","136",0,0,TRUE,TRUE
"trigrams","A1 A24 C1","token1_freq","136","136",0,0,TRUE,TRUE
"trigrams","A24 C1 G1","token1_freq","69","69",0,0,TRUE,TRUE
"trigrams","C4 C5 C12","token2_freq","18","18",0,0,TRUE,TRUE
"trigrams","C1 C4 C12","token2_freq","6","6",0,0,TRUE,TRUE
"trigrams","C1 C4 C5","token2_freq","6","6",0,0,TRUE,TRUE
"trigrams","A24 D5 ANT","token2_freq","5","5",0,0,TRUE,TRUE
"trigrams","C1 C12 C13","token2_freq","9","9",0,0,TRUE,TRUE
"trigrams","A24 B12 ANT","token2_freq","6","6",0,0,TRUE,TRUE
"trigrams","A1 D5 ANT","token2_freq","5","5",0,0,TRUE,TRUE
"trigrams","E1 F5 F12","token2_freq","36","36",0,0,TRUE,TRUE
"trigrams","F12 F13 G1","token2_freq","9","9",0,0,TRUE,TRUE
"trigrams","C1 C5 C12","token2_freq","18","18",0,0,TRUE,TRUE
"trigrams","A1 B12 ANT","token2_freq","6","6",0,0,TRUE,TRUE
"trigrams","B4 C1 F12","token2_freq","125","125",0,0,TRUE,TRUE
"trigrams","D15 G1 G2","token2_freq","97","97",0,0,TRUE,TRUE
"trigrams","C1 F12 F13","token2_freq","22","22",0,0,TRUE,TRUE
"trigrams","A1 D33 H1","token2_freq","5","5",0,0,TRUE,TRUE
"trigrams","C1 E1 F14","token2_freq","17","17",0,0,TRUE,TRUE
"trigrams","A1 A24 D5","token2_freq","69","69",0,0,TRUE,TRUE
"trigrams","A1 E1 F14","token2_freq","17","17",0,0,TRUE,TRUE
"trigrams","A1 G1 G7","token2_freq","97","97",0,0,TRUE,TRUE
"trigrams","B10 F5 F12","token2_freq","36","36",0,0,TRUE,TRUE
"trigrams","A1 B10 B12","token2_freq","50","50",0,0,TRUE,TRUE
"trigrams","C1 F15 G1","token2_freq","4","4",0,0,TRUE,TRUE
"trigrams","B2 B10 F5","token2_freq","50","50",0,0,TRUE,TRUE
"trigrams","A1 F15 G1","token2_freq","4","4",0,0,TRUE,TRUE
"trigrams","A24 B10 ANT","token2_freq","50","50",0,0,TRUE,TRUE
"trigrams","C1 F13 G1","token2_freq","9","9",0,0,TRUE,TRUE
"trigrams","A1 A24 B12","token2_freq","69","69",0,0,TRUE,TRUE
"trigrams","C1 C12 G1","token2_freq","9","9",0,0,TRUE,TRUE
"trigrams","A1 F13 G1","token2_freq","9","9",0,0,TRUE,TRUE
"trigrams","C1 C13 G1","token2_freq","8","8",0,0,TRUE,TRUE
"trigrams","C1 F5 F12","token2_freq","36","36",0,0,TRUE,TRUE
"trigrams","A3 A24 H1","token2_freq","69","69",0,0,TRUE,TRUE
"trigrams","A1 C1 F13","token2_freq","125","125",0,0,TRUE,TRUE
"trigrams","A1 A3 ANT","token2_freq","22","22",0,0,TRUE,TRUE
"trigrams","A1 F5 F14","token2_freq","36","36",0,0,TRUE,TRUE
"trigrams","A3 G1 H1","token2_freq","97","97",0,0,TRUE,TRUE
"trigrams","B10 C1 E1","token2_freq","125","125",0,0,TRUE,TRUE
"trigrams","A1 B10 F14","token2_freq","50","50",0,0,TRUE,TRUE
"trigrams","A1 E1 F5","token2_freq","17","17",0,0,TRUE,TRUE
"trigrams","B10 F5 H1","token2_freq","36","36",0,0,TRUE,TRUE
"trigrams","A1 A24 B1","token2_freq","69","69",0,0,TRUE,TRUE
"trigrams","A24 B2 H1","token2_freq","28","28",0,0,TRUE,TRUE
"trigrams","A24 B2 B10","token2_freq","28","28",0,0,TRUE,TRUE
"trigrams","C1 D15 G1","token2_freq","11","11",0,0,TRUE,TRUE
"trigrams","A3 C1 H1","token2_freq","125","125",0,0,TRUE,TRUE
"trigrams","A1 A24 B13","token2_freq","69","69",0,0,TRUE,TRUE
"trigrams","A1 A24 ANT","token2_freq","69","69",0,0,TRUE,TRUE
"trigrams","A1 F5 F12","token2_freq","36","36",0,0,TRUE,TRUE
"trigrams","C1 C5 G1","token2_freq","18","18",0,0,TRUE,TRUE
"trigrams","A1 B10 E1","token2_freq","50","50",0,0,TRUE,TRUE
"trigrams","A24 F5 H1","token2_freq","36","36",0,0,TRUE,TRUE
"trigrams","A1 A5 H1","token2_freq","19","19",0,0,TRUE,TRUE
"trigrams","B2 B10 C1","token2_freq","50","50",0,0,TRUE,TRUE
"trigrams","A1 B10 ANT","token2_freq","50","50",0,0,TRUE,TRUE
"trigrams","A3 C1 G1","token2_freq","125","125",0,0,TRUE,TRUE
"trigrams","B2 B10 G1","token2_freq","50","50",0,0,TRUE,TRUE
"trigrams","A24 C1 F14","token2_freq","125","125",0,0,TRUE,TRUE
"trigrams","C1 G1 G2","token2_freq","97","97",0,0,TRUE,TRUE
"trigrams","A1 D15 G1","token2_freq","11","11",0,0,TRUE,TRUE
"trigrams","A1 A3 H1","token2_freq","22","22",0,0,TRUE,TRUE
"trigrams","A1 A3 B10","token2_freq","22","22",0,0,TRUE,TRUE
"trigrams","A1 A24 F14","token2_freq","69","69",0,0,TRUE,TRUE
"trigrams","A1 A24 B2","token2_freq","69","69",0,0,TRUE,TRUE
"trigrams","A1 F14 G1","token2_freq","16","16",0,0,TRUE,TRUE
"trigrams","A1 A24 E1","token2_freq","69","69",0,0,TRUE,TRUE
"trigrams","A1 C1 F14","token2_freq","125","125",0,0,TRUE,TRUE
"trigrams","A1 A5 A24","token2_freq","19","19",0,0,TRUE,TRUE
"trigrams","A1 B2 C1","token2_freq","28","28",0,0,TRUE,TRUE
"trigrams","A24 B2 C1","token2_freq","28","28",0,0,TRUE,TRUE
"trigrams","A1 B10 F5","token2_freq","50","50",0,0,TRUE,TRUE
"trigrams","A1 B2 H1","token2_freq","28","28",0,0,TRUE,TRUE
"trigrams","A1 B2 B10","token2_freq","28","28",0,0,TRUE,TRUE
"trigrams","C1 F14 G1","token2_freq","16","16",0,0,TRUE,TRUE
"trigrams","C1 F12 G1","token2_freq","22","22",0,0,TRUE,TRUE
"trigrams","A1 A24 B10","token2_freq","69","69",0,0,TRUE,TRUE
"trigrams","A1 A3 A24","token2_freq","22","22",0,0,TRUE,TRUE
"trigrams","A24 B10 C1","token2_freq","50","50",0,0,TRUE,TRUE
"trigrams","A1 C1 E1","token2_freq","125","125",0,0,TRUE,TRUE
"trigrams","A1 F12 G1","token2_freq","22","22",0,0,TRUE,TRUE
"trigrams","A24 C1 ANT","token2_freq","125","125",0,0,TRUE,TRUE
"trigrams","A1 E1 G1","token2_freq","17","17",0,0,TRUE,TRUE
"trigrams","B10 C1 F5","token2_freq","125","125",0,0,TRUE,TRUE
"trigrams","A1 C1 C5","token2_freq","125","125",0,0,TRUE,TRUE
"trigrams","A1 C5 G1","token2_freq","18","18",0,0,TRUE,TRUE
"trigrams","A1 F5 H1","token2_freq","36","36",0,0,TRUE,TRUE
"trigrams","A1 A24 F5","token2_freq","69","69",0,0,TRUE,TRUE
"trigrams","B2 C1 G1","token2_freq","125","125",0,0,TRUE,TRUE
"trigrams","C1 G1 ZOO","token2_freq","97","97",0,0,TRUE,TRUE
"trigrams","A1 C1 G1","token2_freq","125","125",0,0,TRUE,TRUE
"trigrams","A1 A24 H1","token2_freq","69","69",0,0,TRUE,TRUE
"trigrams","A1 G1 ZOO","token2_freq","97","97",0,0,TRUE,TRUE
"trigrams","A1 B2 G1","token2_freq","28","28",0,0,TRUE,TRUE
"trigrams","A1 A3 C1","token2_freq","22","22",0,0,TRUE,TRUE
"trigrams","A1 C1 F12","token2_freq","125","125",0,0,TRUE,TRUE
"trigrams","A1 A3 G1","token2_freq","22","22",0,0,TRUE,TRUE
"trigrams","C1 G1 H1","token2_freq","97","97",0,0,TRUE,TRUE
"trigrams","A1 G1 G2","token2_freq","97","97",0,0,TRUE,TRUE
"trigrams","A1 C1 F5","token2_freq","125","125",0,0,TRUE,TRUE
"trigrams","A24 C1 H1","token2_freq","125","125",0,0,TRUE,TRUE
"trigrams","C1 F5 G1","token2_freq","36","36",0,0,TRUE,TRUE
"trigrams","A24 G1 H1","token2_freq","97","97",0,0,TRUE,TRUE
"trigrams","A1 B10 C1","token2_freq","50","50",0,0,TRUE,TRUE
"trigrams","A1 G1 H1","token2_freq","97","97",0,0,TRUE,TRUE
"trigrams","A1 C1 H1","token2_freq","125","125",0,0,TRUE,TRUE
"trigrams","A1 A24 C1","token2_freq","69","69",0,0,TRUE,TRUE
"trigrams","A24 C1 G1","token2_freq","125","125",0,0,TRUE,TRUE
"trigrams","C4 C5 C12","token3_freq","9","9",0,0,TRUE,TRUE
"trigrams","C1 C4 C12","token3_freq","9","9",0,0,TRUE,TRUE
"trigrams","C1 C4 C5","token3_freq","18","18",0,0,TRUE,TRUE
"trigrams","A24 D5 ANT","token3_freq","26","26",0,0,TRUE,TRUE
"trigrams","C1 C12 C13","token3_freq","8","8",0,0,TRUE,TRUE
"trigrams","A24 B12 ANT","token3_freq","26","26",0,0,TRUE,TRUE
"trigrams","A1 D5 ANT","token3_freq","26","26",0,0,TRUE,TRUE
"trigrams","E1 F5 F12","token3_freq","22","22",0,0,TRUE,TRUE
"trigrams","F12 F13 G1","token3_freq","97","97",0,0,TRUE,TRUE
"trigrams","C1 C5 C12","token3_freq","9","9",0,0,TRUE,TRUE
"trigrams","A1 B12 ANT","token3_freq","26","26",0,0,TRUE,TRUE
"trigrams","B4 C1 F12","token3_freq","22","22",0,0,TRUE,TRUE
"trigrams","D15 G1 G2","token3_freq","23","23",0,0,TRUE,TRUE
"trigrams","C1 F12 F13","token3_freq","9","9",0,0,TRUE,TRUE
"trigrams","A1 D33 H1","token3_freq","49","49",0,0,TRUE,TRUE
"trigrams","C1 E1 F14","token3_freq","16","16",0,0,TRUE,TRUE
"trigrams","A1 A24 D5","token3_freq","5","5",0,0,TRUE,TRUE
"trigrams","A1 E1 F14","token3_freq","16","16",0,0,TRUE,TRUE
"trigrams","A1 G1 G7","token3_freq","3","3",0,0,TRUE,TRUE
"trigrams","B10 F5 F12","token3_freq","22","22",0,0,TRUE,TRUE
"trigrams","A1 B10 B12","token3_freq","6","6",0,0,TRUE,TRUE
"trigrams","C1 F15 G1","token3_freq","97","97",0,0,TRUE,TRUE
"trigrams","B2 B10 F5","token3_freq","36","36",0,0,TRUE,TRUE
"trigrams","A1 F15 G1","token3_freq","97","97",0,0,TRUE,TRUE
"trigrams","A24 B10 ANT","token3_freq","26","26",0,0,TRUE,TRUE
"trigrams","C1 F13 G1","token3_freq","97","97",0,0,TRUE,TRUE
"trigrams","A1 A24 B12","token3_freq","6","6",0,0,TRUE,TRUE
"trigrams","C1 C12 G1","token3_freq","97","97",0,0,TRUE,TRUE
"trigrams","A1 F13 G1","token3_freq","97","97",0,0,TRUE,TRUE
"trigrams","C1 C13 G1","token3_freq","97","97",0,0,TRUE,TRUE
"trigrams","C1 F5 F12","token3_freq","22","22",0,0,TRUE,TRUE
"trigrams","A3 A24 H1","token3_freq","49","49",0,0,TRUE,TRUE
"trigrams","A1 C1 F13","token3_freq","9","9",0,0,TRUE,TRUE
"trigrams","A1 A3 ANT","token3_freq","26","26",0,0,TRUE,TRUE
"trigrams","A1 F5 F14","token3_freq","16","16",0,0,TRUE,TRUE
"trigrams","A3 G1 H1","token3_freq","49","49",0,0,TRUE,TRUE
"trigrams","B10 C1 E1","token3_freq","17","17",0,0,TRUE,TRUE
"trigrams","A1 B10 F14","token3_freq","16","16",0,0,TRUE,TRUE
"trigrams","A1 E1 F5","token3_freq","36","36",0,0,TRUE,TRUE
"trigrams","B10 F5 H1","token3_freq","49","49",0,0,TRUE,TRUE
"trigrams","A1 A24 B1","token3_freq","13","13",0,0,TRUE,TRUE
"trigrams","A24 B2 H1","token3_freq","49","49",0,0,TRUE,TRUE
"trigrams","A24 B2 B10","token3_freq","50","50",0,0,TRUE,TRUE
"trigrams","C1 D15 G1","token3_freq","97","97",0,0,TRUE,TRUE
"trigrams","A3 C1 H1","token3_freq","49","49",0,0,TRUE,TRUE
"trigrams","A1 A24 B13","token3_freq","11","11",0,0,TRUE,TRUE
"trigrams","A1 A24 ANT","token3_freq","26","26",0,0,TRUE,TRUE
"trigrams","A1 F5 F12","token3_freq","22","22",0,0,TRUE,TRUE
"trigrams","C1 C5 G1","token3_freq","97","97",0,0,TRUE,TRUE
"trigrams","A1 B10 E1","token3_freq","17","17",0,0,TRUE,TRUE
"trigrams","A24 F5 H1","token3_freq","49","49",0,0,TRUE,TRUE
"trigrams","A1 A5 H1","token3_freq","49","49",0,0,TRUE,TRUE
"trigrams","B2 B10 C1","token3_freq","125","125",0,0,TRUE,TRUE
"trigrams","A1 B10 ANT","token3_freq","26","26",0,0,TRUE,TRUE
"trigrams","A3 C1 G1","token3_freq","97","97",0,0,TRUE,TRUE
"trigrams","B2 B10 G1","token3_freq","97","97",0,0,TRUE,TRUE
"trigrams","A24 C1 F14","token3_freq","16","16",0,0,TRUE,TRUE
"trigrams","C1 G1 G2","token3_freq","23","23",0,0,TRUE,TRUE
"trigrams","A1 D15 G1","token3_freq","97","97",0,0,TRUE,TRUE
"trigrams","A1 A3 H1","token3_freq","49","49",0,0,TRUE,TRUE
"trigrams","A1 A3 B10","token3_freq","50","50",0,0,TRUE,TRUE
"trigrams","A1 A24 F14","token3_freq","16","16",0,0,TRUE,TRUE
"trigrams","A1 A24 B2","token3_freq","28","28",0,0,TRUE,TRUE
"trigrams","A1 F14 G1","token3_freq","97","97",0,0,TRUE,TRUE
"trigrams","A1 A24 E1","token3_freq","17","17",0,0,TRUE,TRUE
"trigrams","A1 C1 F14","token3_freq","16","16",0,0,TRUE,TRUE
"trigrams","A1 A5 A24","token3_freq","69","69",0,0,TRUE,TRUE
"trigrams","A1 B2 C1","token3_freq","125","125",0,0,TRUE,TRUE
"trigrams","A24 B2 C1","token3_freq","125","125",0,0,TRUE,TRUE
"trigrams","A1 B10 F5","token3_freq","36","36",0,0,TRUE,TRUE
"trigrams","A1 B2 H1","token3_freq","49","49",0,0,TRUE,TRUE
"trigrams","A1 B2 B10","token3_freq","50","50",0,0,TRUE,TRUE
"trigrams","C1 F14 G1","token3_freq","97","97",0,0,TRUE,TRUE
"trigrams","C1 F12 G1","token3_freq","97","97",0,0,TRUE,TRUE
"trigrams","A1 A24 B10","token3_freq","50","50",0,0,TRUE,TRUE
"trigrams","A1 A3 A24","token3_freq","69","69",0,0,TRUE,TRUE
"trigrams","A24 B10 C1","token3_freq","125","125",0,0,TRUE,TRUE
"trigrams","A1 C1 E1","token3_freq","17","17",0,0,TRUE,TRUE
"trigrams","A1 F12 G1","token3_freq","97","97",0,0,TRUE,TRUE
"trigrams","A24 C1 ANT","token3_freq","26","26",0,0,TRUE,TRUE
"trigrams","A1 E1 G1","token3_freq","97","97",0,0,TRUE,TRUE
"trigrams","B10 C1 F5","token3_freq","36","36",0,0,TRUE,TRUE
"trigrams","A1 C1 C5","token3_freq","18","18",0,0,TRUE,TRUE
"trigrams","A1 C5 G1","token3_freq","97","97",0,0,TRUE,TRUE
"trigrams","A1 F5 H1","token3_freq","49","49",0,0,TRUE,TRUE
"trigrams","A1 A24 F5","token3_freq","36","36",0,0,TRUE,TRUE
"trigrams","B2 C1 G1","token3_freq","97","97",0,0,TRUE,TRUE
"trigrams","C1 G1 ZOO","token3_freq","21","21",0,0,TRUE,TRUE
"trigrams","A1 C1 G1","token3_freq","97","97",0,0,TRUE,TRUE
"trigrams","A1 A24 H1","token3_freq","49","49",0,0,TRUE,TRUE
"trigrams","A1 G1 ZOO","token3_freq","21","21",0,0,TRUE,TRUE
"trigrams","A1 B2 G1","token3_freq","97","97",0,0,TRUE,TRUE
"trigrams","A1 A3 C1","token3_freq","125","125",0,0,TRUE,TRUE
"trigrams","A1 C1 F12","token3_freq","22","22",0,0,TRUE,TRUE
"trigrams","A1 A3 G1","token3_freq","97","97",0,0,TRUE,TRUE
"trigrams","C1 G1 H1","token3_freq","49","49",0,0,TRUE,TRUE
"trigrams","A1 G1 G2","token3_freq","23","23",0,0,TRUE,TRUE
"trigrams","A1 C1 F5","token3_freq","36","36",0,0,TRUE,TRUE
"trigrams","A24 C1 H1","token3_freq","49","49",0,0,TRUE,TRUE
"trigrams","C1 F5 G1","token3_freq","97","97",0,0,TRUE,TRUE
"trigrams","A24 G1 H1","token3_freq","49","49",0,0,TRUE,TRUE
"trigrams","A1 B10 C1","token3_freq","125","125",0,0,TRUE,TRUE
"trigrams","A1 G1 H1","token3_freq","49","49",0,0,TRUE,TRUE
"trigrams","A1 C1 H1","token3_freq","49","49",0,0,TRUE,TRUE
"trigrams","A1 A24 C1","token3_freq","125","125",0,0,TRUE,TRUE
"trigrams","A24 C1 G1","token3_freq","97","97",0,0,TRUE,TRUE
"trigrams","C4 C5 C12","observed_freq","3","3",0,0,TRUE,TRUE
"trigrams","C1 C4 C12","observed_freq","3","3",0,0,TRUE,TRUE
"trigrams","C1 C4 C5","observed_freq","5","5",0,0,TRUE,TRUE
"trigrams","A24 D5 ANT","observed_freq","3","3",0,0,TRUE,TRUE
"trigrams","C1 C12 C13","observed_freq","3","3",0,0,TRUE,TRUE
"trigrams","A24 B12 ANT","observed_freq","3","3",0,0,TRUE,TRUE
"trigrams","A1 D5 ANT","observed_freq","4","4",0,0,TRUE,TRUE
"trigrams","E1 F5 F12","observed_freq","3","3",0,0,TRUE,TRUE
"trigrams","F12 F13 G1","observed_freq","3","3",0,0,TRUE,TRUE
"trigrams","C1 C5 C12","observed_freq","3","3",0,0,TRUE,TRUE
"trigrams","A1 B12 ANT","observed_freq","3","3",0,0,TRUE,TRUE
"trigrams","B4 C1 F12","observed_freq","3","3",0,0,TRUE,TRUE
"trigrams","D15 G1 G2","observed_freq","3","3",0,0,TRUE,TRUE
"trigrams","C1 F12 F13","observed_freq","3","3",0,0,TRUE,TRUE
"trigrams","A1 D33 H1","observed_freq","3","3",0,0,TRUE,TRUE
"trigrams","C1 E1 F14","observed_freq","3","3",0,0,TRUE,TRUE
"trigrams","A1 A24 D5","observed_freq","4","4",0,0,TRUE,TRUE
"trigrams","A1 E1 F14","observed_freq","3","3",0,0,TRUE,TRUE
"trigrams","A1 G1 G7","observed_freq","3","3",0,0,TRUE,TRUE
"trigrams","B10 F5 F12","observed_freq","3","3",0,0,TRUE,TRUE
"trigrams","A1 B10 B12","observed_freq","3","3",0,0,TRUE,TRUE
"trigrams","C1 F15 G1","observed_freq","3","3",0,0,TRUE,TRUE
"trigrams","B2 B10 F5","observed_freq","3","3",0,0,TRUE,TRUE
"trigrams","A1 F15 G1","observed_freq","3","3",0,0,TRUE,TRUE
"trigrams","A24 B10 ANT","observed_freq","5","5",0,0,TRUE,TRUE
"trigrams","C1 F13 G1","observed_freq","6","6",0,0,TRUE,TRUE
"trigrams","A1 A24 B12","observed_freq","3","3",0,0,TRUE,TRUE
"trigrams","C1 C12 G1","observed_freq","5","5",0,0,TRUE,TRUE
"trigrams","A1 F13 G1","observed_freq","5","5",0,0,TRUE,TRUE
"trigrams","C1 C13 G1","observed_freq","4","4",0,0,TRUE,TRUE
"trigrams","C1 F5 F12","observed_freq","4","4",0,0,TRUE,TRUE
"trigrams","A3 A24 H1","observed_freq","3","3",0,0,TRUE,TRUE
"trigrams","A1 C1 F13","observed_freq","6","6",0,0,TRUE,TRUE
"trigrams","A1 A3 ANT","observed_freq","3","3",0,0,TRUE,TRUE
"trigrams","A1 F5 F14","observed_freq","3","3",0,0,TRUE,TRUE
"trigrams","A3 G1 H1","observed_freq","4","4",0,0,TRUE,TRUE
"trigrams","B10 C1 E1","observed_freq","4","4",0,0,TRUE,TRUE
"trigrams","A1 B10 F14","observed_freq","4","4",0,0,TRUE,TRUE
"trigrams","A1 E1 F5","observed_freq","3","3",0,0,TRUE,TRUE
"trigrams","B10 F5 H1","observed_freq","3","3",0,0,TRUE,TRUE
"trigrams","A1 A24 B1","observed_freq","4","4",0,0,TRUE,TRUE
"trigrams","A24 B2 H1","observed_freq","3","3",0,0,TRUE,TRUE
"trigrams","A24 B2 B10","observed_freq","3","3",0,0,TRUE,TRUE
"trigrams","C1 D15 G1","observed_freq","4","4",0,0,TRUE,TRUE
"trigrams","A3 C1 H1","observed_freq","4","4",0,0,TRUE,TRUE
"trigrams","A1 A24 B13","observed_freq","3","3",0,0,TRUE,TRUE
"trigrams","A1 A24 ANT","observed_freq","7","7",0,0,TRUE,TRUE
"trigrams","A1 F5 F12","observed_freq","3","3",0,0,TRUE,TRUE
"trigrams","C1 C5 G1","observed_freq","6","6",0,0,TRUE,TRUE
"trigrams","A1 B10 E1","observed_freq","3","3",0,0,TRUE,TRUE
"trigrams","A24 F5 H1","observed_freq","3","3",0,0,TRUE,TRUE
"trigrams","A1 A5 H1","observed_freq","3","3",0,0,TRUE,TRUE
"trigrams","B2 B10 C1","observed_freq","4","4",0,0,TRUE,TRUE
"trigrams","A1 B10 ANT","observed_freq","4","4",0,0,TRUE,TRUE
"trigrams","A3 C1 G1","observed_freq","6","6",0,0,TRUE,TRUE
"trigrams","B2 B10 G1","observed_freq","3","3",0,0,TRUE,TRUE
"trigrams","A24 C1 F14","observed_freq","3","3",0,0,TRUE,TRUE
"trigrams","C1 G1 G2","observed_freq","6","6",0,0,TRUE,TRUE
"trigrams","A1 D15 G1","observed_freq","3","3",0,0,TRUE,TRUE
"trigrams","A1 A3 H1","observed_freq","3","3",0,0,TRUE,TRUE
"trigrams","A1 A3 B10","observed_freq","3","3",0,0,TRUE,TRUE
"trigrams","A1 A24 F14","observed_freq","3","3",0,0,TRUE,TRUE
"trigrams","A1 A24 B2","observed_freq","5","5",0,0,TRUE,TRUE
"trigrams","A1 F14 G1","observed_freq","4","4",0,0,TRUE,TRUE
"trigrams","A1 A24 E1","observed_freq","3","3",0,0,TRUE,TRUE
"trigrams","A1 C1 F14","observed_freq","5","5",0,0,TRUE,TRUE
"trigrams","A1 A5 A24","observed_freq","3","3",0,0,TRUE,TRUE
"trigrams","A1 B2 C1","observed_freq","8","8",0,0,TRUE,TRUE
"trigrams","A24 B2 C1","observed_freq","4","4",0,0,TRUE,TRUE
"trigrams","A1 B10 F5","observed_freq","4","4",0,0,TRUE,TRUE
"trigrams","A1 B2 H1","observed_freq","3","3",0,0,TRUE,TRUE
"trigrams","A1 B2 B10","observed_freq","3","3",0,0,TRUE,TRUE
"trigrams","C1 F14 G1","observed_freq","3","3",0,0,TRUE,TRUE
"trigrams","C1 F12 G1","observed_freq","4","4",0,0,TRUE,TRUE
"trigrams","A1 A24 B10","observed_freq","7","7",0,0,TRUE,TRUE
"trigrams","A1 A3 A24","observed_freq","3","3",0,0,TRUE,TRUE
"trigrams","A24 B10 C1","observed_freq","6","6",0,0,TRUE,TRUE
"trigrams","A1 C1 E1","observed_freq","4","4",0,0,TRUE,TRUE
"trigrams","A1 F12 G1","observed_freq","4","4",0,0,TRUE,TRUE
"trigrams","A24 C1 ANT","observed_freq","3","3",0,0,TRUE,TRUE
"trigrams","A1 E1 G1","observed_freq","3","3",0,0,TRUE,TRUE
"trigrams","B10 C1 F5","observed_freq","3","3",0,0,TRUE,TRUE
"trigrams","A1 C1 C5","observed_freq","4","4",0,0,TRUE,TRUE
"trigrams","A1 C5 G1","observed_freq","3","3",0,0,TRUE,TRUE
"trigrams","A1 F5 H1","observed_freq","3","3",0,0,TRUE,TRUE
"trigrams","A1 A24 F5","observed_freq","4","4",0,0,TRUE,TRUE
"trigrams","B2 C1 G1","observed_freq","4","4",0,0,TRUE,TRUE
"trigrams","C1 G1 ZOO","observed_freq","3","3",0,0,TRUE,TRUE
"trigrams","A1 C1 G1","observed_freq","19","19",0,0,TRUE,TRUE
"trigrams","A1 A24 H1","observed_freq","5","5",0,0,TRUE,TRUE
"trigrams","A1 G1 ZOO","observed_freq","3","3",0,0,TRUE,TRUE
"trigrams","A1 B2 G1","observed_freq","4","4",0,0,TRUE,TRUE
"trigrams","A1 A3 C1","observed_freq","4","4",0,0,TRUE,TRUE
"trigrams","A1 C1 F12","observed_freq","4","4",0,0,TRUE,TRUE
"trigrams","A1 A3 G1","observed_freq","3","3",0,0,TRUE,TRUE
"trigrams","C1 G1 H1","observed_freq","6","6",0,0,TRUE,TRUE
"trigrams","A1 G1 G2","observed_freq","3","3",0,0,TRUE,TRUE
"trigrams","A1 C1 F5","observed_freq","6","6",0,0,TRUE,TRUE
"trigrams","A24 C1 H1","observed_freq","4","4",0,0,TRUE,TRUE
"trigrams","C1 F5 G1","observed_freq","4","4",0,0,TRUE,TRUE
"trigrams","A24 G1 H1","observed_freq","3","3",0,0,TRUE,TRUE
"trigrams","A1 B10 C1","observed_freq","7","7",0,0,TRUE,TRUE
"trigrams","A1 G1 H1","observed_freq","5","5",0,0,TRUE,TRUE
"trigrams","A1 C1 H1","observed_freq","5","5",0,0,TRUE,TRUE
"trigrams","A1 A24 C1","observed_freq","7","7",0,0,TRUE,TRUE
"trigrams","A24 C1 G1","observed_freq","4","4",0,0,TRUE,TRUE
"trigrams","C4 C5 C12","expected_freq","4.1838122621855704E-3","0.00418381226218557",0,0,TRUE,TRUE
"trigrams","C1 C4 C12","expected_freq","2.9054251820733099E-2","0.0290542518207331",0,0,TRUE,TRUE
"trigrams","C1 C4 C5","expected_freq","5.8108503641466198E-2","0.0581085036414662",0,0,TRUE,TRUE
"trigrams","A24 D5 ANT","expected_freq","3.8609872419552001E-2","0.038609872419552",0,0,TRUE,TRUE
"trigrams","C1 C12 C13","expected_freq","3.8739002427644199E-2","0.0387390024276442",0,0,TRUE,TRUE
"trigrams","A24 B12 ANT","expected_freq","4.6331846903462398E-2","0.0463318469034624",0,0,TRUE,TRUE
"trigrams","A1 D5 ANT","expected_freq","7.6100618102305395E-2","0.0761006181023054",0,0,TRUE,TRUE
"trigrams","E1 F5 F12","expected_freq","5.7953547631755697E-2","0.0579535476317557",0,0,TRUE,TRUE
"trigrams","F12 F13 G1","expected_freq","8.26690311805926E-2","0.0826690311805926",0,0,TRUE,TRUE
"trigrams","C1 C5 C12","expected_freq","8.7162755462199398E-2","0.0871627554621994",0,0,TRUE,TRUE
"trigrams","A1 B12 ANT","expected_freq","9.1320741722766496E-2","0.0913207417227665",0,0,TRUE,TRUE
"trigrams","B4 C1 F12","expected_freq","9.4695339267574605E-2","0.0946953392675746",0,0,TRUE,TRUE
"trigrams","D15 G1 G2","expected_freq","0.105632650952979","0.105632650952979",0,0,TRUE,TRUE
"trigrams","C1 F12 F13","expected_freq","0.10653225667602099","0.106532256676021",0,0,TRUE,TRUE
"trigrams","A1 D33 H1","expected_freq","0.143420395654345","0.143420395654345",0,0,TRUE,TRUE
"trigrams","C1 E1 F14","expected_freq","0.14634734250443299","0.146347342504433",0,0,TRUE,TRUE
"trigrams","A1 A24 D5","expected_freq","0.20195933265611801","0.201959332656118",0,0,TRUE,TRUE
"trigrams","A1 E1 F14","expected_freq","0.159225908644824","0.159225908644824",0,0,TRUE,TRUE
"trigrams","A1 G1 G7","expected_freq","0.17034830667516099","0.170348306675161",0,0,TRUE,TRUE
"trigrams","B10 F5 F12","expected_freq","0.170451610681634","0.170451610681634",0,0,TRUE,TRUE
"trigrams","A1 B10 B12","expected_freq","0.17561681100532001","0.17561681100532",0,0,TRUE,TRUE
"trigrams","C1 F15 G1","expected_freq","0.20876017974897099","0.208760179748971",0,0,TRUE,TRUE
"trigrams","B2 B10 F5","expected_freq","0.21693841359480701","0.216938413594807",0,0,TRUE,TRUE
"trigrams","A1 F15 G1","expected_freq","0.227131075566881","0.227131075566881",0,0,TRUE,TRUE
"trigrams","A24 B10 ANT","expected_freq","0.38609872419551999","0.38609872419552",0,0,TRUE,TRUE
"trigrams","C1 F13 G1","expected_freq","0.46971040443518502","0.469710404435185",0,0,TRUE,TRUE
"trigrams","A1 A24 B12","expected_freq","0.24235119918734199","0.242351199187342",0,0,TRUE,TRUE
"trigrams","C1 C12 G1","expected_freq","0.46971040443518502","0.469710404435185",0,0,TRUE,TRUE
"trigrams","A1 F13 G1","expected_freq","0.51104492002548196","0.511044920025482",0,0,TRUE,TRUE
"trigrams","C1 C13 G1","expected_freq","0.41752035949794303","0.417520359497943",0,0,TRUE,TRUE
"trigrams","C1 F5 F12","expected_freq","0.42612902670408598","0.426129026704086",0,0,TRUE,TRUE
"trigrams","A3 A24 H1","expected_freq","0.32016494206367002","0.32016494206367",0,0,TRUE,TRUE
"trigrams","A1 C1 F13","expected_freq","0.65856304126995102","0.658563041269951",0,0,TRUE,TRUE
"trigrams","A1 A3 ANT","expected_freq","0.33484271965014401","0.334842719650144",0,0,TRUE,TRUE
"trigrams","A1 F5 F14","expected_freq","0.33718427713021498","0.337184277130215",0,0,TRUE,TRUE
"trigrams","A3 G1 H1","expected_freq","0.45008694753878198","0.450086947538782",0,0,TRUE,TRUE
"trigrams","B10 C1 E1","expected_freq","0.45733544532635501","0.457335445326355",0,0,TRUE,TRUE
"trigrams","A1 B10 F14","expected_freq","0.46831149601418698","0.468311496014187",0,0,TRUE,TRUE
"trigrams","A1 E1 F5","expected_freq","0.358258294450853","0.358258294450853",0,0,TRUE,TRUE
"trigrams","B10 F5 H1","expected_freq","0.379642223790913","0.379642223790913",0,0,TRUE,TRUE
"trigrams","A1 A24 B1","expected_freq","0.52509426490590705","0.525094264905907",0,0,TRUE,TRUE
"trigrams","A24 B2 H1","expected_freq","0.40748265353558","0.40748265353558",0,0,TRUE,TRUE
"trigrams","A24 B2 B10","expected_freq","0.41579862605671403","0.415798626056714",0,0,TRUE,TRUE
"trigrams","C1 D15 G1","expected_freq","0.57409049430967096","0.574090494309671",0,0,TRUE,TRUE
"trigrams","A3 C1 H1","expected_freq","0.58000895301389399","0.580008953013894",0,0,TRUE,TRUE
"trigrams","A1 A24 B13","expected_freq","0.44431053184345998","0.44431053184346",0,0,TRUE,TRUE
"trigrams","A1 A24 ANT","expected_freq","1.0501885298118101","1.05018852981181",0,0,TRUE,TRUE
"trigrams","A1 F5 F12","expected_freq","0.46362838105404502","0.463628381054045",0,0,TRUE,TRUE
"trigrams","C1 C5 G1","expected_freq","0.93942080887037105","0.939420808870371",0,0,TRUE,TRUE
"trigrams","A1 B10 E1","expected_freq","0.497580964515074","0.497580964515074",0,0,TRUE,TRUE
"trigrams","A24 F5 H1","expected_freq","0.52390626883145996","0.52390626883146",0,0,TRUE,TRUE
"trigrams","A1 A5 H1","expected_freq","0.54499750348650999","0.54499750348651",0,0,TRUE,TRUE
"trigrams","B2 B10 C1","expected_freq","0.75325838053752503","0.753258380537525",0,0,TRUE,TRUE
"trigrams","A1 B10 ANT","expected_freq","0.76100618102305395","0.761006181023054",0,0,TRUE,TRUE
"trigrams","A3 C1 G1","expected_freq","1.1481809886193399","1.14818098861934",0,0,TRUE,TRUE
"trigrams","B2 B10 G1","expected_freq","0.58452850329712003","0.58452850329712",0,0,TRUE,TRUE
"trigrams","A24 C1 F14","expected_freq","0.59399803722387701","0.593998037223877",0,0,TRUE,TRUE
"trigrams","C1 G1 G2","expected_freq","1.20037103355659","1.20037103355659",0,0,TRUE,TRUE
"trigrams","A1 D15 G1","expected_freq","0.62461045780892199","0.624610457808922",0,0,TRUE,TRUE
"trigrams","A1 A3 H1","expected_freq","0.63104974087911703","0.631049740879117",0,0,TRUE,TRUE
"trigrams","A1 A3 B10","expected_freq","0.64392830701950698","0.643928307019507",0,0,TRUE,TRUE
"trigrams","A1 A24 F14","expected_freq","0.64626986449957802","0.646269864499578",0,0,TRUE,TRUE
"trigrams","A1 A24 B2","expected_freq","1.13097226287426","1.13097226287426",0,0,TRUE,TRUE
"trigrams","A1 F14 G1","expected_freq","0.90852430226752301","0.908524302267523",0,0,TRUE,TRUE
"trigrams","A1 A24 E1","expected_freq","0.68666173103080197","0.686661731030802",0,0,TRUE,TRUE
"trigrams","A1 C1 F14","expected_freq","1.1707787400354699","1.17077874003547",0,0,TRUE,TRUE
"trigrams","A1 A5 A24","expected_freq","0.76744546409324899","0.767445464093249",0,0,TRUE,TRUE
"trigrams","A1 B2 C1","expected_freq","2.0488627950620701","2.04886279506207",0,0,TRUE,TRUE
"trigrams","A24 B2 C1","expected_freq","1.03949656514178","1.03949656514178",0,0,TRUE,TRUE
"trigrams","A1 B10 F5","expected_freq","1.05370086603192","1.05370086603192",0,0,TRUE,TRUE
"trigrams","A1 B2 H1","expected_freq","0.80315421566433098","0.803154215664331",0,0,TRUE,TRUE
"trigrams","A1 B2 B10","expected_freq","0.81954511802482699","0.819545118024827",0,0,TRUE,TRUE
"trigrams","C1 F14 G1","expected_freq","0.83504071899588495","0.835040718995885",0,0,TRUE,TRUE
"trigrams","C1 F12 G1","expected_freq","1.1481809886193399","1.14818098861934",0,0,TRUE,TRUE
"trigrams","A1 A24 B10","expected_freq","2.0195933265611798","2.01959332656118",0,0,TRUE,TRUE
"trigrams","A1 A3 A24","expected_freq","0.88862106368691995","0.88862106368692",0,0,TRUE,TRUE
"trigrams","A24 B10 C1","expected_freq","1.8562438663246199","1.85624386632462",0,0,TRUE,TRUE
"trigrams","A1 C1 E1","expected_freq","1.2439524112876801","1.24395241128768",0,0,TRUE,TRUE
"trigrams","A1 F12 G1","expected_freq","1.24922091561784","1.24922091561784",0,0,TRUE,TRUE
"trigrams","A24 C1 ANT","expected_freq","0.96524681048880001","0.9652468104888",0,0,TRUE,TRUE
"trigrams","A1 E1 G1","expected_freq","0.96530707115924297","0.965307071159243",0,0,TRUE,TRUE
"trigrams","B10 C1 F5","expected_freq","0.96847506069110401","0.968475060691104",0,0,TRUE,TRUE
"trigrams","A1 C1 C5","expected_freq","1.3171260825399","1.3171260825399",0,0,TRUE,TRUE
"trigrams","A1 C5 G1","expected_freq","1.0220898400509599","1.02208984005096",0,0,TRUE,TRUE
"trigrams","A1 F5 H1","expected_freq","1.03262684871128","1.03262684871128",0,0,TRUE,TRUE
"trigrams","A1 A24 F5","expected_freq","1.4541071951240501","1.45410719512405",0,0,TRUE,TRUE
"trigrams","B2 C1 G1","expected_freq","1.4613212582427999","1.4613212582428",0,0,TRUE,TRUE
"trigrams","C1 G1 ZOO","expected_freq","1.0959909436821","1.0959909436821",0,0,TRUE,TRUE
"trigrams","A1 C1 G1","expected_freq","7.09784611146502","7.09784611146502",0,0,TRUE,TRUE
"trigrams","A1 A24 H1","expected_freq","1.9792014600299599","1.97920146002996",0,0,TRUE,TRUE
"trigrams","A1 G1 ZOO","expected_freq","1.19243814672612","1.19243814672612",0,0,TRUE,TRUE
"trigrams","A1 B2 G1","expected_freq","1.58991752896817","1.58991752896817",0,0,TRUE,TRUE
"trigrams","A1 A3 C1","expected_freq","1.6098207675487699","1.60982076754877",0,0,TRUE,TRUE
"trigrams","A1 C1 F12","expected_freq","1.6098207675487699","1.60982076754877",0,0,TRUE,TRUE
"trigrams","A1 A3 G1","expected_freq","1.24922091561784","1.24922091561784",0,0,TRUE,TRUE
"trigrams","C1 G1 H1","expected_freq","2.5573122019248999","2.5573122019249",0,0,TRUE,TRUE
"trigrams","A1 G1 G2","expected_freq","1.3060036845095599","1.30600368450956",0,0,TRUE,TRUE
"trigrams","A1 C1 F5","expected_freq","2.6342521650798001","2.6342521650798",0,0,TRUE,TRUE
"trigrams","A24 C1 H1","expected_freq","1.8191189889981201","1.81911898899812",0,0,TRUE,TRUE
"trigrams","C1 F5 G1","expected_freq","1.8788416177407401","1.87884161774074",0,0,TRUE,TRUE
"trigrams","A24 G1 H1","expected_freq","1.4116363354625401","1.41163633546254",0,0,TRUE,TRUE
"trigrams","A1 B10 C1","expected_freq","3.65868356261084","3.65868356261084",0,0,TRUE,TRUE
"trigrams","A1 G1 H1","expected_freq","2.7823556756942902","2.78235567569429",0,0,TRUE,TRUE
"trigrams","A1 C1 H1","expected_freq","3.5855098913586199","3.58550989135862",0,0,TRUE,TRUE
"trigrams","A1 A24 C1","expected_freq","5.0489833164029596","5.04898331640296",0,0,TRUE,TRUE
"trigrams","A24 C1 G1","expected_freq","3.6011131006697501","3.60111310066975",0,0,TRUE,TRUE
"trigrams","C4 C5 C12","PMI","6.5751447123088704","6.57514471230887",0,0,TRUE,TRUE
"trigrams","C1 C4 C12","PMI","4.6372027329027397","4.63720273290274",0,0,TRUE,TRUE
"trigrams","C1 C4 C5","PMI","4.4548811761087803","4.45488117610878",0,0,TRUE,TRUE
"trigrams","A24 D5 ANT","PMI","4.3528595617164703","4.35285956171647",0,0,TRUE,TRUE
"trigrams","C1 C12 C13","PMI","4.34952066045095","4.34952066045095",0,0,TRUE,TRUE
"trigrams","A24 B12 ANT","PMI","4.17053800492251","4.17053800492251",0,0,TRUE,TRUE
"trigrams","A1 D5 ANT","PMI","3.9619932530294601","3.96199325302946",0,0,TRUE,TRUE
"trigrams","E1 F5 F12","PMI","3.94672578089867","3.94672578089867",0,0,TRUE,TRUE
"trigrams","F12 F13 G1","PMI","3.5915225075713901","3.59152250757139",0,0,TRUE,TRUE
"trigrams","C1 C5 C12","PMI","3.5385904442346301","3.53859044423463",0,0,TRUE,TRUE
"trigrams","A1 B12 ANT","PMI","3.49198962378372","3.49198962378372",0,0,TRUE,TRUE
"trigrams","B4 C1 F12","PMI","3.4557027844288601","3.45570278442886",0,0,TRUE,TRUE
"trigrams","D15 G1 G2","PMI","3.3464000495384099","3.34640004953841",0,0,TRUE,TRUE
"trigrams","C1 F12 F13","PMI","3.3379197487724701","3.33791974877247",0,0,TRUE,TRUE
"trigrams","A1 D33 H1","PMI","3.0405874204885301","3.04058742048853",0,0,TRUE,TRUE
"trigrams","C1 E1 F14","PMI","3.0203847131710102","3.02038471317101",0,0,TRUE,TRUE
"trigrams","A1 A24 D5","PMI","2.9859832864536799","2.98598328645368",0,0,TRUE,TRUE
"trigrams","A1 E1 F14","PMI","2.9360435647372598","2.93604356473726",0,0,TRUE,TRUE
"trigrams","A1 G1 G7","PMI","2.8685223638617701","2.86852236386177",0,0,TRUE,TRUE
"trigrams","B10 F5 F12","PMI","2.8679161195267402","2.86791611952674",0,0,TRUE,TRUE
"trigrams","A1 B10 B12","PMI","2.8380631563770602","2.83806315637706",0,0,TRUE,TRUE
"trigrams","C1 F15 G1","PMI","2.6651814398437401","2.66518143984374",0,0,TRUE,TRUE
"trigrams","B2 B10 F5","PMI","2.6267540627098498","2.62675406270985",0,0,TRUE,TRUE
"trigrams","A1 F15 G1","PMI","2.5808402914099902","2.58084029140999",0,0,TRUE,TRUE
"trigrams","A24 B10 ANT","PMI","2.56110009248841","2.56110009248841",0,0,TRUE,TRUE
"trigrams","C1 F13 G1","PMI","2.5473984041873501","2.54739840418735",0,0,TRUE,TRUE
"trigrams","A1 A24 B12","PMI","2.5159796572079398","2.51597965720794",0,0,TRUE,TRUE
"trigrams","C1 C12 G1","PMI","2.3650768473934001","2.3650768473934",0,0,TRUE,TRUE
"trigrams","A1 F13 G1","PMI","2.2807356989596501","2.28073569895965",0,0,TRUE,TRUE
"trigrams","C1 C13 G1","PMI","2.2597163317355702","2.25971633173557",0,0,TRUE,TRUE
"trigrams","C1 F5 F12","PMI","2.2393074601043601","2.23930746010436",0,0,TRUE,TRUE
"trigrams","A3 A24 H1","PMI","2.2375312607031099","2.23753126070311",0,0,TRUE,TRUE
"trigrams","A1 C1 F13","PMI","2.2094544969546801","2.20945449695468",0,0,TRUE,TRUE
"trigrams","A1 A3 ANT","PMI","2.1927066396534598","2.19270663965346",0,0,TRUE,TRUE
"trigrams","A1 F5 F14","PMI","2.1857379703373701","2.18573797033737",0,0,TRUE,TRUE
"trigrams","A3 G1 H1","PMI","2.1846088592487698","2.18460885924877",0,0,TRUE,TRUE
"trigrams","B10 C1 E1","PMI","2.1686325024344302","2.16863250243443",0,0,TRUE,TRUE
"trigrams","A1 B10 F14","PMI","2.1449159758171099","2.14491597581711",0,0,TRUE,TRUE
"trigrams","A1 E1 F5","PMI","2.1251133485209301","2.12511334852093",0,0,TRUE,TRUE
"trigrams","B10 F5 H1","PMI","2.0671382747744298","2.06713827477443",0,0,TRUE,TRUE
"trigrams","A1 A24 B1","PMI","2.0304718414262402","2.03047184142624",0,0,TRUE,TRUE
"trigrams","A24 B2 H1","PMI","1.99636920388622","1.99636920388622",0,0,TRUE,TRUE
"trigrams","A24 B2 B10","PMI","1.9761664965687","1.9761664965687",0,0,TRUE,TRUE
"trigrams","C1 D15 G1","PMI","1.9412626006170399","1.94126260061704",0,0,TRUE,TRUE
"trigrams","A3 C1 H1","PMI","1.93100610044985","1.93100610044985",0,0,TRUE,TRUE
"trigrams","A1 A24 B13","PMI","1.9098438536376301","1.90984385363763",0,0,TRUE,TRUE
"trigrams","A1 A24 ANT","PMI","1.8969404488017201","1.89694044880172",0,0,TRUE,TRUE
"trigrams","A1 F5 F12","PMI","1.86728423921883","1.86728423921883",0,0,TRUE,TRUE
"trigrams","C1 C5 G1","PMI","1.85425122362741","1.85425122362741",0,0,TRUE,TRUE
"trigrams","A1 B10 E1","PMI","1.7966092815489001","1.7966092815489",0,0,TRUE,TRUE
"trigrams","A24 F5 H1","PMI","1.7450547756053101","1.74505477560531",0,0,TRUE,TRUE
"trigrams","A1 A5 H1","PMI","1.7055863537561899","1.70558635375619",0,0,TRUE,TRUE
"trigrams","B2 B10 C1","PMI","1.6696413363154401","1.66964133631544",0,0,TRUE,TRUE
"trigrams","A1 B10 ANT","PMI","1.65940816003541","1.65940816003541",0,0,TRUE,TRUE
"trigrams","A3 C1 G1","PMI","1.65358052816526","1.65358052816526",0,0,TRUE,TRUE
"trigrams","B2 B10 G1","PMI","1.63556202266258","1.63556202266258",0,0,TRUE,TRUE
"trigrams","A24 C1 F14","PMI","1.61949155262997","1.61949155262997",0,0,TRUE,TRUE
"trigrams","C1 G1 G2","PMI","1.60912876559442","1.60912876559442",0,0,TRUE,TRUE
"trigrams","A1 D15 G1","PMI","1.5692393797315101","1.56923937973151",0,0,TRUE,TRUE
"trigrams","A1 A3 H1","PMI","1.5589828795643199","1.55898287956432",0,0,TRUE,TRUE
"trigrams","A1 A3 B10","PMI","1.5387801722468","1.5387801722468",0,0,TRUE,TRUE
"trigrams","A1 A24 F14","PMI","1.5351504041962201","1.53515040419622",0,0,TRUE,TRUE
"trigrams","A1 A24 B2","PMI","1.4863602400267899","1.48636024002679",0,0,TRUE,TRUE
"trigrams","A1 F14 G1","PMI","1.4822280027418799","1.48222800274188",0,0,TRUE,TRUE
"trigrams","A1 A24 E1","PMI","1.4745257823797799","1.47452578237978",0,0,TRUE,TRUE
"trigrams","A1 C1 F14","PMI","1.4517687952571701","1.45176879525717",0,0,TRUE,TRUE
"trigrams","A1 A5 A24","PMI","1.3633001472695601","1.36330014726956",0,0,TRUE,TRUE
"trigrams","A1 B2 C1","PMI","1.36215663656748","1.36215663656748",0,0,TRUE,TRUE
"trigrams","A24 B2 C1","PMI","1.3475578371463299","1.34755783714633",0,0,TRUE,TRUE
"trigrams","A1 B10 F5","PMI","1.33398575960078","1.33398575960078",0,0,TRUE,TRUE
"trigrams","A1 B2 H1","PMI","1.31782082274743","1.31782082274743",0,0,TRUE,TRUE
"trigrams","A1 B2 B10","PMI","1.29761811542991","1.29761811542991",0,0,TRUE,TRUE
"trigrams","C1 F14 G1","PMI","1.27888707872385","1.27888707872385",0,0,TRUE,TRUE
"trigrams","C1 F12 G1","PMI","1.2481154200570901","1.24811542005709",0,0,TRUE,TRUE
"trigrams","A1 A24 B10","PMI","1.24301398139506","1.24301398139506",0,0,TRUE,TRUE
"trigrams","A1 A3 A24","PMI","1.21669667307768","1.21669667307768",0,0,TRUE,TRUE
"trigrams","A24 B10 C1","PMI","1.1732044500015499","1.17320445000155",0,0,TRUE,TRUE
"trigrams","A1 C1 E1","PMI","1.16800062212652","1.16800062212652",0,0,TRUE,TRUE
"trigrams","A1 F12 G1","PMI","1.1637742716233399","1.16377427162334",0,0,TRUE,TRUE
"trigrams","A24 C1 ANT","PMI","1.1339837368482699","1.13398373684827",0,0,TRUE,TRUE
"trigrams","A1 E1 G1","PMI","1.1339213084736599","1.13392130847366",0,0,TRUE,TRUE
"trigrams","B10 C1 F5","PMI","1.1306448355827501","1.13064483558275",0,0,TRUE,TRUE
"trigrams","A1 C1 C5","PMI","1.1108422082865701","1.11084220828657",0,0,TRUE,TRUE
"trigrams","A1 C5 G1","PMI","1.07676289463371","1.07676289463371",0,0,TRUE,TRUE
"trigrams","A1 F5 H1","PMI","1.0665063944665201","1.06650639446652",0,0,TRUE,TRUE
"trigrams","A1 A24 F5","PMI","1.0119022604316701","1.01190226043167",0,0,TRUE,TRUE
"trigrams","B2 C1 G1","PMI","1.0069533632401999","1.0069533632402",0,0,TRUE,TRUE
"trigrams","C1 G1 ZOO","PMI","1.0069533632401999","1.0069533632402",0,0,TRUE,TRUE
"trigrams","A1 C1 G1","PMI","0.98464760572590504","0.984647605725905",0,0,TRUE,TRUE
"trigrams","A1 A24 H1","PMI","0.92674445209136302","0.926744452091363",0,0,TRUE,TRUE
"trigrams","A1 G1 ZOO","PMI","0.92261221480645195","0.922612214806452",0,0,TRUE,TRUE
"trigrams","A1 B2 G1","PMI","0.92261221480645195","0.922612214806452",0,0,TRUE,TRUE
"trigrams","A1 A3 C1","PMI","0.91017151282442199","0.910171512824422",0,0,TRUE,TRUE
"trigrams","A1 C1 F12","PMI","0.91017151282442199","0.910171512824422",0,0,TRUE,TRUE
"trigrams","A1 A3 G1","PMI","0.87609219917156","0.87609219917156",0,0,TRUE,TRUE
"trigrams","C1 G1 H1","PMI","0.85280268341294496","0.852802683412945",0,0,TRUE,TRUE
"trigrams","A1 G1 G2","PMI","0.83164043660072595","0.831640436600726",0,0,TRUE,TRUE
"trigrams","A1 C1 F5","PMI","0.82316013583479197","0.823160135834792",0,0,TRUE,TRUE
"trigrams","A24 C1 H1","PMI","0.78794204921090405","0.787942049210904",0,0,TRUE,TRUE
"trigrams","C1 F5 G1","PMI","0.75563893495929702","0.755638934959297",0,0,TRUE,TRUE
"trigrams","A24 G1 H1","PMI","0.75386273555804095","0.753862735558041",0,0,TRUE,TRUE
"trigrams","A1 B10 C1","PMI","0.64880674869001498","0.648806748690015",0,0,TRUE,TRUE
"trigrams","A1 G1 H1","PMI","0.58613997818524","0.58613997818524",0,0,TRUE,TRUE
"trigrams","A1 C1 H1","PMI","0.33253721938632103","0.332537219386321",0,0,TRUE,TRUE
"trigrams","A1 A24 C1","PMI","0.32672324952090098","0.326723249520901",0,0,TRUE,TRUE
"trigrams","A24 C1 G1","PMI","0.105051368818148","0.105051368818148",0,0,TRUE,TRUE
"quadrigrams","C1 C4 C5 C12","token1_freq","125","125",0,0,TRUE,TRUE
"quadrigrams","A1 A24 D5 ANT","token1_freq","136","136",0,0,TRUE,TRUE
"quadrigrams","A1 A24 B12 ANT","token1_freq","136","136",0,0,TRUE,TRUE
"quadrigrams","C1 F12 F13 G1","token1_freq","125","125",0,0,TRUE,TRUE
"quadrigrams","A1 C1 E1 F14","token1_freq","136","136",0,0,TRUE,TRUE
"quadrigrams","A1 C1 F13 G1","token1_freq","136","136",0,0,TRUE,TRUE
"quadrigrams","A1 A24 B10 ANT","token1_freq","136","136",0,0,TRUE,TRUE
"quadrigrams","A3 C1 G1 H1","token1_freq","22","22",0,0,TRUE,TRUE
"quadrigrams","A1 A24 B2 H1","token1_freq","136","136",0,0,TRUE,TRUE
"quadrigrams","A1 B10 C1 E1","token1_freq","136","136",0,0,TRUE,TRUE
"quadrigrams","A1 A24 F5 H1","token1_freq","136","136",0,0,TRUE,TRUE
"quadrigrams","A1 C1 F14 G1","token1_freq","136","136",0,0,TRUE,TRUE
"quadrigrams","A1 C1 C5 G1","token1_freq","136","136",0,0,TRUE,TRUE
"quadrigrams","A1 A24 B2 C1","token1_freq","136","136",0,0,TRUE,TRUE
"quadrigrams","A1 B2 C1 G1","token1_freq","136","136",0,0,TRUE,TRUE
"quadrigrams","A1 C1 F12 G1","token1_freq","136","136",0,0,TRUE,TRUE
"quadrigrams","A1 A3 C1 G1","token1_freq","136","136",0,0,TRUE,TRUE
"quadrigrams","A24 C1 G1 H1","token1_freq","69","69",0,0,TRUE,TRUE
"quadrigrams","A1 A24 B10 C1","token1_freq","136","136",0,0,TRUE,TRUE
"quadrigrams","A1 C1 G1 H1","token1_freq","136","136",0,0,TRUE,TRUE
"quadrigrams","C1 C4 C5 C12","token2_freq","6","6",0,0,TRUE,TRUE
"quadrigrams","A1 A24 D5 ANT","token2_freq","69","69",0,0,TRUE,TRUE
"quadrigrams","A1 A24 B12 ANT","token2_freq","69","69",0,0,TRUE,TRUE
"quadrigrams","C1 F12 F13 G1","token2_freq","22","22",0,0,TRUE,TRUE
"quadrigrams","A1 C1 E1 F14","token2_freq","125","125",0,0,TRUE,TRUE
"quadrigrams","A1 C1 F13 G1","token2_freq","125","125",0,0,TRUE,TRUE
"quadrigrams","A1 A24 B10 ANT","token2_freq","69","69",0,0,TRUE,TRUE
"quadrigrams","A3 C1 G1 H1","token2_freq","125","125",0,0,TRUE,TRUE
"quadrigrams","A1 A24 B2 H1","token2_freq","69","69",0,0,TRUE,TRUE
"quadrigrams","A1 B10 C1 E1","token2_freq","50","50",0,0,TRUE,TRUE
"quadrigrams","A1 A24 F5 H1","token2_freq","69","69",0,0,TRUE,TRUE
"quadrigrams","A1 C1 F14 G1","token2_freq","125","125",0,0,TRUE,TRUE
"quadrigrams","A1 C1 C5 G1","token2_freq","125","125",0,0,TRUE,TRUE
"quadrigrams","A1 A24 B2 C1","token2_freq","69","69",0,0,TRUE,TRUE
"quadrigrams","A1 B2 C1 G1","token2_freq","28","28",0,0,TRUE,TRUE
"quadrigrams","A1 C1 F12 G1","token2_freq","125","125",0,0,TRUE,TRUE
"quadrigrams","A1 A3 C1 G1","token2_freq","22","22",0,0,TRUE,TRUE
"quadrigrams","A24 C1 G1 H1","token2_freq","125","125",0,0,TRUE,TRUE
"quadrigrams","A1 A24 B10 C1","token2_freq","69","69",0,0,TRUE,TRUE
"quadrigrams","A1 C1 G1 H1","token2_freq","125","125",0,0,TRUE,TRUE
"quadrigrams","C1 C4 C5 C12","token3_freq","18","18",0,0,TRUE,TRUE
"quadrigrams","A1 A24 D5 ANT","token3_freq","5","5",0,0,TRUE,TRUE
"quadrigrams","A1 A24 B12 ANT","token3_freq","6","6",0,0,TRUE,TRUE
"quadrigrams","C1 F12 F13 G1","token3_freq","9","9",0,0,TRUE,TRUE
"quadrigrams","A1 C1 E1 F14","token3_freq","17","17",0,0,TRUE,TRUE
"quadrigrams","A1 C1 F13 G1","token3_freq","9","9",0,0,TRUE,TRUE
"quadrigrams","A1 A24 B10 ANT","token3_freq","50","50",0,0,TRUE,TRUE
"quadrigrams","A3 C1 G1 H1","token3_freq","97","97",0,0,TRUE,TRUE
"quadrigrams","A1 A24 B2 H1","token3_freq","28","28",0,0,TRUE,TRUE
"quadrigrams","A1 B10 C1 E1","token3_freq","125","125",0,0,TRUE,TRUE
"quadrigrams","A1 A24 F5 H1","token3_freq","36","36",0,0,TRUE,TRUE
"quadrigrams","A1 C1 F14 G1","token3_freq","16","16",0,0,TRUE,TRUE
"quadrigrams","A1 C1 C5 G1","token3_freq","18","18",0,0,TRUE,TRUE
"quadrigrams","A1 A24 B2 C1","token3_freq","28","28",0,0,TRUE,TRUE
"quadrigrams","A1 B2 C1 G1","token3_freq","125","125",0,0,TRUE,TRUE
"quadrigrams","A1 C1 F12 G1","token3_freq","22","22",0,0,TRUE,TRUE
"quadrigrams","A1 A3 C1 G1","token3_freq","125","125",0,0,TRUE,TRUE
"quadrigrams","A24 C1 G1 H1","token3_freq","97","97",0,0,TRUE,TRUE
"quadrigrams","A1 A24 B10 C1","token3_freq","50","50",0,0,TRUE,TRUE
"quadrigrams","A1 C1 G1 H1","token3_freq","97","97",0,0,TRUE,TRUE
"quadrigrams","C1 C4 C5 C12","token4_freq","9","9",0,0,TRUE,TRUE
"quadrigrams","A1 A24 D5 ANT","token4_freq","26","26",0,0,TRUE,TRUE
"quadrigrams","A1 A24 B12 ANT","token4_freq","26","26",0,0,TRUE,TRUE
"quadrigrams","C1 F12 F13 G1","token4_freq","97","97",0,0,TRUE,TRUE
"quadrigrams","A1 C1 E1 F14","token4_freq","16","16",0,0,TRUE,TRUE
"quadrigrams","A1 C1 F13 G1","token4_freq","97","97",0,0,TRUE,TRUE
"quadrigrams","A1 A24 B10 ANT","token4_freq","26","26",0,0,TRUE,TRUE
"quadrigrams","A3 C1 G1 H1","token4_freq","49","49",0,0,TRUE,TRUE
"quadrigrams","A1 A24 B2 H1","token4_freq","49","49",0,0,TRUE,TRUE
"quadrigrams","A1 B10 C1 E1","token4_freq","17","17",0,0,TRUE,TRUE
"quadrigrams","A1 A24 F5 H1","token4_freq","49","49",0,0,TRUE,TRUE
"quadrigrams","A1 C1 F14 G1","token4_freq","97","97",0,0,TRUE,TRUE
"quadrigrams","A1 C1 C5 G1","token4_freq","97","97",0,0,TRUE,TRUE
"quadrigrams","A1 A24 B2 C1","token4_freq","125","125",0,0,TRUE,TRUE
"quadrigrams","A1 B2 C1 G1","token4_freq","97","97",0,0,TRUE,TRUE
"quadrigrams","A1 C1 F12 G1","token4_freq","97","97",0,0,TRUE,TRUE
"quadrigrams","A1 A3 C1 G1","token4_freq","97","97",0,0,TRUE,TRUE
"quadrigrams","A24 C1 G1 H1","token4_freq","49","49",0,0,TRUE,TRUE
"quadrigrams","A1 A24 B10 C1","token4_freq","125","125",0,0,TRUE,TRUE
"quadrigrams","A1 C1 G1 H1","token4_freq","49","49",0,0,TRUE,TRUE
"quadrigrams","C1 C4 C5 C12","observed_freq","3","3",0,0,TRUE,TRUE
"quadrigrams","A1 A24 D5 ANT","observed_freq","3","3",0,0,TRUE,TRUE
"quadrigrams","A1 A24 B12 ANT","observed_freq","3","3",0,0,TRUE,TRUE
"quadrigrams","C1 F12 F13 G1","observed_freq","3","3",0,0,TRUE,TRUE
"quadrigrams","A1 C1 E1 F14","observed_freq","3","3",0,0,TRUE,TRUE
"quadrigrams","A1 C1 F13 G1","observed_freq","5","5",0,0,TRUE,TRUE
"quadrigrams","A1 A24 B10 ANT","observed_freq","4","4",0,0,TRUE,TRUE
"quadrigrams","A3 C1 G1 H1","observed_freq","4","4",0,0,TRUE,TRUE
"quadrigrams","A1 A24 B2 H1","observed_freq","3","3",0,0,TRUE,TRUE
"quadrigrams","A1 B10 C1 E1","observed_freq","3","3",0,0,TRUE,TRUE
"quadrigrams","A1 A24 F5 H1","observed_freq","3","3",0,0,TRUE,TRUE
"quadrigrams","A1 C1 F14 G1","observed_freq","3","3",0,0,TRUE,TRUE
"quadrigrams","A1 C1 C5 G1","observed_freq","3","3",0,0,TRUE,TRUE
"quadrigrams","A1 A24 B2 C1","observed_freq","3","3",0,0,TRUE,TRUE
"quadrigrams","A1 B2 C1 G1","observed_freq","4","4",0,0,TRUE,TRUE
"quadrigrams","A1 C1 F12 G1","observed_freq","3","3",0,0,TRUE,TRUE
"quadrigrams","A1 A3 C1 G1","observed_freq","3","3",0,0,TRUE,TRUE
"quadrigrams","A24 C1 G1 H1","observed_freq","3","3",0,0,TRUE,TRUE
"quadrigrams","A1 A24 B10 C1","observed_freq","3","3",0,0,TRUE,TRUE
"quadrigrams","A1 C1 G1 H1","observed_freq","3","3",0,0,TRUE,TRUE
"quadrigrams","C1 C4 C5 C12","expected_freq","1.08501355347136E-3","0.00108501355347136",0,0,TRUE,TRUE
"quadrigrams","A1 A24 D5 ANT","expected_freq","1.0894071886014701E-2","0.0108940718860147",0,0,TRUE,TRUE
"quadrigrams","A1 A24 B12 ANT","expected_freq","1.3072886263217599E-2","0.0130728862632176",0,0,TRUE,TRUE
"quadrigrams","C1 F12 F13 G1","expected_freq","2.1439064102850802E-2","0.0214390641028508",0,0,TRUE,TRUE
"quadrigrams","A1 C1 E1 F14","expected_freq","4.1293026100836003E-2","0.041293026100836",0,0,TRUE,TRUE
"quadrigrams","A1 C1 F13 G1","expected_freq","0.13253239627216901","0.132532396272169",0,0,TRUE,TRUE
"quadrigrams","A1 A24 B10 ANT","expected_freq","0.108940718860147","0.108940718860147",0,0,TRUE,TRUE
"quadrigrams","A3 C1 G1 H1","expected_freq","0.116723793448854","0.116723793448854",0,0,TRUE,TRUE
"quadrigrams","A1 A24 B2 H1","expected_freq","0.114974358673939","0.114974358673939",0,0,TRUE,TRUE
"quadrigrams","A1 B10 C1 E1","expected_freq","0.12904070656511199","0.129040706565112",0,0,TRUE,TRUE
"quadrigrams","A1 A24 F5 H1","expected_freq","0.14782417543792201","0.147824175437922",0,0,TRUE,TRUE
"quadrigrams","A1 C1 F14 G1","expected_freq","0.23561314892829999","0.2356131489283",0,0,TRUE,TRUE
"quadrigrams","A1 C1 C5 G1","expected_freq","0.26506479254433701","0.265064792544337",0,0,TRUE,TRUE
"quadrigrams","A1 A24 B2 C1","expected_freq","0.29330193539270299","0.293301935392703",0,0,TRUE,TRUE
"quadrigrams","A1 B2 C1 G1","expected_freq","0.41232301062452398","0.412323010624524",0,0,TRUE,TRUE
"quadrigrams","A1 C1 F12 G1","expected_freq","0.32396807977641201","0.323968079776412",0,0,TRUE,TRUE
"quadrigrams","A1 A3 C1 G1","expected_freq","0.32396807977641201","0.323968079776412",0,0,TRUE,TRUE
"quadrigrams","A24 C1 G1 H1","expected_freq","0.36608826127140698","0.366088261271407",0,0,TRUE,TRUE
"quadrigrams","A1 A24 B10 C1","expected_freq","0.52375345605839796","0.523753456058398",0,0,TRUE,TRUE
"quadrigrams","A1 C1 G1 H1","expected_freq","0.72156526859291703","0.721565268592917",0,0,TRUE,TRUE
"quadrigrams","C1 C4 C5 C12","PMI","7.92477508905717","7.92477508905717",0,0,TRUE,TRUE
"quadrigrams","A1 A24 D5 ANT","PMI","5.6181487900310199","5.61814879003102",0,0,TRUE,TRUE
"quadrigrams","A1 A24 B12 ANT","PMI","5.4358272332370596","5.43582723323706",0,0,TRUE,TRUE
"quadrigrams","C1 F12 F13 G1","PMI","4.9411528843196901","4.94115288431969",0,0,TRUE,TRUE
"quadrigrams","A1 C1 E1 F14","PMI","4.2856739414855598","4.28567394148556",0,0,TRUE,TRUE
"quadrigrams","A1 C1 F13 G1","PMI","3.6303660757079501","3.63036607570795",0,0,TRUE,TRUE
"quadrigrams","A1 A24 B10 ANT","PMI","3.6032457694887499","3.60324576948875",0,0,TRUE,TRUE
"quadrigrams","A3 C1 G1 H1","PMI","3.5342392359970698","3.53423923599707",0,0,TRUE,TRUE
"quadrigrams","A1 A24 B2 H1","PMI","3.26165843220077","3.26165843220077",0,0,TRUE,TRUE
"quadrigrams","A1 B10 C1 E1","PMI","3.1462396582971999","3.1462396582972",0,0,TRUE,TRUE
"quadrigrams","A1 A24 F5 H1","PMI","3.0103440039198599","3.01034400391986",0,0,TRUE,TRUE
"quadrigrams","A1 C1 F14 G1","PMI","2.54417630703839","2.54417630703839",0,0,TRUE,TRUE
"quadrigrams","A1 C1 C5 G1","PMI","2.4263932713820102","2.42639327138201",0,0,TRUE,TRUE
"quadrigrams","A1 A24 B2 C1","PMI","2.3251649930090901","2.32516499300909",0,0,TRUE,TRUE
"quadrigrams","A1 B2 C1 G1","PMI","2.2722425915547499","2.27224259155475",0,0,TRUE,TRUE
"quadrigrams","A1 C1 F12 G1","PMI","2.22572257591986","2.22572257591986",0,0,TRUE,TRUE
"quadrigrams","A1 A3 C1 G1","PMI","2.22572257591986","2.22572257591986",0,0,TRUE,TRUE
"quadrigrams","A24 C1 G1 H1","PMI","2.1034931123063401","2.10349311230634",0,0,TRUE,TRUE
"quadrigrams","A1 A24 B10 C1","PMI","1.7453464977561499","1.74534649775615",0,0,TRUE,TRUE
"quadrigrams","A1 C1 G1 H1","PMI","1.42494473116755","1.42494473116755",0,0,TRUE,TRUE
