"ksngrams","observed_freq","token1","token2","token3","token4","token1_freq","token2_freq","token3_freq","token4_freq","expected_freq","PMI"
"a1 b10 c1 e1",3,"a1","b10","c1","e1",136,50,125,17,0.129040706565112,3.1462396582972
"a1 b10 c1 f5",1,"a1","b10","c1","f5",136,50,125,36,0.273262672726121,1.29732177522919
"a1 b10 c1 f7",1,"a1","b10","c1","f7",136,50,125,2,0.0151812595958956,4.18769353312536
"a1 b10 c1 f10",1,"a1","b10","c1","f10",136,50,125,1,0.0075906297979478,4.8808407136853
"a1 b10 c1 f12",1,"a1","b10","c1","f12",136,50,125,22,0.166993855554851,1.78979826032699
"a1 b10 c1 f14",2,"a1","b10","c1","f14",136,50,125,16,0.121450076767165,2.80139917200547
"a1 b10 c1 f49",1,"a1","b10","c1","f49",136,50,125,2,0.0151812595958956,4.18769353312536
"a1 b10 e1 f5",1,"a1","b10","e1","f5",136,50,17,36,0.0371637234907524,3.29242216847528
"a1 b10 e1 f7",1,"a1","b10","e1","f7",136,50,17,2,0.0020646513050418,6.18279392637144
"a1 b10 e1 f10",1,"a1","b10","e1","f10",136,50,17,1,0.0010323256525209,6.87594110693139
"a1 b10 e1 f12",1,"a1","b10","e1","f12",136,50,17,22,0.0227111643554598,3.78489865357307
"a1 b10 e1 f14",2,"a1","b10","e1","f14",136,50,17,16,0.0165172104403344,4.79649956525155
"a1 b10 e1 f49",1,"a1","b10","e1","f49",136,50,17,2,0.0020646513050418,6.18279392637144
"a1 b10 f5 f7",1,"a1","b10","f5","f7",136,50,36,2,0.00437220276361793,5.43248833197155
"a1 b10 f5 f10",1,"a1","b10","f5","f10",136,50,36,1,0.00218610138180896,6.12563551253149
"a1 b10 f5 f12",2,"a1","b10","f5","f12",136,50,36,22,0.0480942303997972,3.72774023973312
"a1 b10 f5 f14",2,"a1","b10","f5","f14",136,50,36,16,0.0349776221089434,4.04619397085166
"a1 b10 f5 f49",1,"a1","b10","f5","f49",136,50,36,2,0.00437220276361793,5.43248833197155
"a1 b10 f7 f10",1,"a1","b10","f7","f10",136,50,2,1,0.000121450076767165,9.01600727042766
"a1 b10 f7 f12",1,"a1","b10","f7","f12",136,50,2,22,0.00267190168887762,5.92496481706934
"a1 b10 f7 f14",1,"a1","b10","f7","f14",136,50,2,16,0.00194320122827464,6.24341854818788
"a1 b10 f7 f49",1,"a1","b10","f7","f49",136,50,2,2,0.000242900153534329,8.32286008986771
"a1 b10 f10 f12",1,"a1","b10","f10","f12",136,50,1,22,0.00133595084443881,6.61811199762929
"a1 b10 f10 f14",1,"a1","b10","f10","f14",136,50,1,16,0.000971600614137318,6.93656572874782
"a1 b10 f10 f49",1,"a1","b10","f10","f49",136,50,1,2,0.000121450076767165,9.01600727042766
"a1 b10 f12 f14",1,"a1","b10","f12","f14",136,50,22,16,0.021375213511021,3.84552327538951
"a1 b10 f12 f49",1,"a1","b10","f12","f49",136,50,22,2,0.00267190168887762,5.92496481706934
"a1 b10 f14 f49",1,"a1","b10","f14","f49",136,50,16,2,0.00194320122827464,6.24341854818788
"a1 c1 e1 f5",1,"a1","c1","e1","f5",136,125,17,36,0.092909308726881,2.37613143660112
"a1 c1 e1 f7",1,"a1","c1","e1","f7",136,125,17,2,0.0051616282626045,5.26650319449729
"a1 c1 e1 f10",1,"a1","c1","e1","f10",136,125,17,1,0.00258081413130225,5.95965037505723
"a1 c1 e1 f12",1,"a1","c1","e1","f12",136,125,17,22,0.0567779108886495,2.86860792169892
"a1 c1 e1 f14",3,"a1","c1","e1","f14",136,125,17,16,0.041293026100836,4.28567394148556
"a1 c1 e1 f49",1,"a1","c1","e1","f49",136,125,17,2,0.0051616282626045,5.26650319449729
"a1 c1 f5 f7",1,"a1","c1","f5","f7",136,125,36,2,0.0109305069090448,4.51619760009739
"a1 c1 f5 f10",1,"a1","c1","f5","f10",136,125,36,1,0.00546525345452241,5.20934478065734
"a1 c1 f5 f12",2,"a1","c1","f5","f12",136,125,36,22,0.120235575999493,2.81144950785897
"a1 c1 f5 f14",1,"a1","c1","f5","f14",136,125,36,16,0.0874440552723586,2.43675605841756
"a1 c1 f5 f49",1,"a1","c1","f5","f49",136,125,36,2,0.0109305069090448,4.51619760009739
"a1 c1 f7 f10",1,"a1","c1","f7","f10",136,125,2,1,0.000303625191917912,8.0997165385535
"a1 c1 f7 f12",1,"a1","c1","f7","f12",136,125,2,22,0.00667975422219406,5.00867408519519
"a1 c1 f7 f14",1,"a1","c1","f7","f14",136,125,2,16,0.00485800307068659,5.32712781631372
"a1 c1 f7 f49",1,"a1","c1","f7","f49",136,125,2,2,0.000607250383835824,7.40656935799356
"a1 c1 f10 f12",1,"a1","c1","f10","f12",136,125,1,22,0.00333987711109703,5.70182126575513
"a1 c1 f10 f14",1,"a1","c1","f10","f14",136,125,1,16,0.00242900153534329,6.02027499687367
"a1 c1 f10 f49",1,"a1","c1","f10","f49",136,125,1,2,0.000303625191917912,8.0997165385535
"a1 c1 f12 f14",2,"a1","c1","f12","f14",136,125,22,16,0.0534380337775525,3.6223797240753
"a1 c1 f12 f49",1,"a1","c1","f12","f49",136,125,22,2,0.00667975422219406,5.00867408519519
"a1 c1 f14 f49",1,"a1","c1","f14","f49",136,125,16,2,0.00485800307068659,5.32712781631372
"a1 e1 f5 f7",2,"a1","e1","f5","f7",136,17,36,2,0.0014865489396301,7.20444517390342
"a1 e1 f5 f10",1,"a1","e1","f5","f10",136,17,36,1,0.000743274469815048,7.20444517390342
"a1 e1 f5 f12",1,"a1","e1","f5","f12",136,17,36,22,0.0163520383359311,4.11340272054511
"a1 e1 f5 f14",1,"a1","e1","f5","f14",136,17,36,16,0.0118923915170408,4.43185645166364
"a1 e1 f5 f49",1,"a1","e1","f5","f49",136,17,36,2,0.0014865489396301,6.51129799334348
"a1 e1 f7 f10",1,"a1","e1","f7","f10",136,17,2,1,4.1293026100836e-05,10.0948169317996
"a1 e1 f7 f12",1,"a1","e1","f7","f12",136,17,2,22,0.000908446574218392,7.00377447844127
"a1 e1 f7 f14",1,"a1","e1","f7","f14",136,17,2,16,0.000660688417613376,7.32222820955981
"a1 e1 f7 f49",1,"a1","e1","f7","f49",136,17,2,2,8.2586052201672e-05,9.40166975123964
"a1 e1 f10 f12",1,"a1","e1","f10","f12",136,17,1,22,0.000454223287109196,7.69692165900122
"a1 e1 f10 f14",1,"a1","e1","f10","f14",136,17,1,16,0.000330344208806688,8.01537539011975
"a1 e1 f10 f49",1,"a1","e1","f10","f49",136,17,1,2,4.1293026100836e-05,10.0948169317996
"a1 e1 f12 f14",1,"a1","e1","f12","f14",136,17,22,16,0.00726757259374714,4.92433293676144
"a1 e1 f12 f49",1,"a1","e1","f12","f49",136,17,22,2,0.000908446574218392,7.00377447844127
"a1 e1 f14 f49",1,"a1","e1","f14","f49",136,17,16,2,0.000660688417613376,7.32222820955981
"a1 f5 f7 f10",1,"a1","f5","f7","f10",136,36,2,1,8.74440552723586e-05,9.34451133739969
"a1 f5 f7 f12",1,"a1","f5","f7","f12",136,36,2,22,0.00192376921599189,6.25346888404138
"a1 f5 f7 f14",1,"a1","f5","f7","f14",136,36,2,16,0.00139910488435774,6.57192261515991
"a1 f5 f7 f49",1,"a1","f5","f7","f49",136,36,2,2,0.000174888110544717,8.65136415683975
"a1 f5 f10 f12",1,"a1","f5","f10","f12",136,36,1,22,0.000961884607995944,6.94661606460132
"a1 f5 f10 f14",1,"a1","f5","f10","f14",136,36,1,16,0.000699552442178869,7.26506979571986
"a1 f5 f10 f49",1,"a1","f5","f10","f49",136,36,1,2,8.74440552723586e-05,9.34451133739969
"a1 f5 f12 f14",1,"a1","f5","f12","f14",136,36,22,16,0.0153901537279351,4.17402734236154
"a1 f5 f12 f49",1,"a1","f5","f12","f49",136,36,22,2,0.00192376921599189,6.25346888404138
"a1 f5 f14 f49",1,"a1","f5","f14","f49",136,36,16,2,0.00139910488435774,6.57192261515991
"a1 f7 f10 f12",1,"a1","f7","f10","f12",136,2,1,22,5.34380337775525e-05,9.83698782249749
"a1 f7 f10 f14",1,"a1","f7","f10","f14",136,2,1,16,3.88640245654927e-05,10.155441553616
"a1 f7 f10 f49",1,"a1","f7","f10","f49",136,2,1,2,4.85800307068659e-06,12.2348830952959
"a1 f7 f12 f14",1,"a1","f7","f12","f14",136,2,22,16,0.000855008540440839,7.06439910025771
"a1 f7 f12 f49",1,"a1","f7","f12","f49",136,2,22,2,0.000106876067555105,9.14384064193754
"a1 f7 f14 f49",1,"a1","f7","f14","f49",136,2,16,2,7.77280491309854e-05,9.46229437305608
"a1 f10 f12 f14",1,"a1","f10","f12","f14",136,1,22,16,0.00042750427022042,7.75754628081765
"a1 f10 f12 f49",1,"a1","f10","f12","f49",136,1,22,2,5.34380337775525e-05,9.83698782249749
"a1 f10 f14 f49",1,"a1","f10","f14","f49",136,1,16,2,3.88640245654927e-05,10.155441553616
"a1 f12 f14 f49",1,"a1","f12","f14","f49",136,22,16,2,0.000855008540440839,7.06439910025771
"b10 c1 e1 f5",2,"b10","c1","e1","f5",50,125,17,36,0.0341578340907651,4.06991049746897
"b10 c1 e1 f7",1,"b10","c1","e1","f7",50,125,17,2,0.00189765744948695,6.26713507480519
"b10 c1 e1 f10",1,"b10","c1","e1","f10",50,125,17,1,0.000948828724743474,6.96028225536514
"b10 c1 e1 f12",2,"b10","c1","e1","f12",50,125,17,22,0.0208742319443564,4.56238698256677
"b10 c1 e1 f14",2,"b10","c1","e1","f14",50,125,17,16,0.0151812595958956,4.8808407136853
"b10 c1 e1 f49",1,"b10","c1","e1","f49",50,125,17,2,0.00189765744948695,6.26713507480519
"b10 c1 f5 f7",1,"b10","c1","f5","f7",50,125,36,2,0.0040185687165606,5.5168294804053
"b10 c1 f5 f10",1,"b10","c1","f5","f10",50,125,36,1,0.0020092843582803,6.20997666096524
"b10 c1 f5 f12",2,"b10","c1","f5","f12",50,125,36,22,0.0442042558821666,3.81208138816687
"b10 c1 f5 f14",1,"b10","c1","f5","f14",50,125,36,16,0.0321485497324848,3.43738793872546
"b10 c1 f5 f49",1,"b10","c1","f5","f49",50,125,36,2,0.0040185687165606,5.5168294804053
"b10 c1 f7 f10",1,"b10","c1","f7","f10",50,125,2,1,0.00011162690879335,9.10034841886141
"b10 c1 f7 f12",1,"b10","c1","f7","f12",50,125,2,22,0.0024557919934537,6.00930596550309
"b10 c1 f7 f14",1,"b10","c1","f7","f14",50,125,2,16,0.0017860305406936,6.32775969662163
"b10 c1 f7 f49",1,"b10","c1","f7","f49",50,125,2,2,0.0002232538175867,8.40720123830146
"b10 c1 f10 f12",1,"b10","c1","f10","f12",50,125,1,22,0.00122789599672685,6.70245314606304
"b10 c1 f10 f14",1,"b10","c1","f10","f14",50,125,1,16,0.000893015270346799,7.02090687718157
"b10 c1 f10 f49",1,"b10","c1","f10","f49",50,125,1,2,0.00011162690879335,9.10034841886141
"b10 c1 f12 f14",1,"b10","c1","f12","f14",50,125,22,16,0.0196463359476296,3.92986442382326
"b10 c1 f12 f49",1,"b10","c1","f12","f49",50,125,22,2,0.0024557919934537,6.00930596550309
"b10 c1 f14 f49",1,"b10","c1","f14","f49",50,125,16,2,0.0017860305406936,6.32775969662163
"b10 e1 f5 f7",1,"b10","e1","f5","f7",50,17,36,2,0.000546525345452241,7.51192987365138
"b10 e1 f5 f10",1,"b10","e1","f5","f10",50,17,36,1,0.000273262672726121,8.20507705421133
"b10 e1 f5 f12",2,"b10","e1","f5","f12",50,17,36,22,0.00601177879997465,5.80718178141296
"b10 e1 f5 f14",1,"b10","e1","f5","f14",50,17,36,16,0.00437220276361793,5.43248833197155
"b10 e1 f5 f49",1,"b10","e1","f5","f49",50,17,36,2,0.000546525345452241,7.51192987365138
"b10 e1 f7 f10",1,"b10","e1","f7","f10",50,17,2,1,1.51812595958956e-05,11.0954488121075
"b10 e1 f7 f12",1,"b10","e1","f7","f12",50,17,2,22,0.000333987711109703,8.00440635874918
"b10 e1 f7 f14",1,"b10","e1","f7","f14",50,17,2,16,0.000242900153534329,8.32286008986771
"b10 e1 f7 f49",1,"b10","e1","f7","f49",50,17,2,2,3.03625191917912e-05,10.4023016315475
"b10 e1 f10 f12",1,"b10","e1","f10","f12",50,17,1,22,0.000166993855554851,8.69755353930912
"b10 e1 f10 f14",1,"b10","e1","f10","f14",50,17,1,16,0.000121450076767165,9.01600727042766
"b10 e1 f10 f49",1,"b10","e1","f10","f49",50,17,1,2,1.51812595958956e-05,11.0954488121075
"b10 e1 f12 f14",1,"b10","e1","f12","f14",50,17,22,16,0.00267190168887762,5.92496481706934
"b10 e1 f12 f49",1,"b10","e1","f12","f49",50,17,22,2,0.000333987711109703,8.00440635874918
"b10 e1 f14 f49",1,"b10","e1","f14","f49",50,17,16,2,0.000242900153534329,8.32286008986771
"b10 f5 f7 f10",1,"b10","f5","f7","f10",50,36,2,1,3.21485497324848e-05,10.3451432177076
"b10 f5 f7 f12",1,"b10","f5","f7","f12",50,36,2,22,0.000707268094114665,7.25410076434928
"b10 f5 f7 f14",1,"b10","f5","f7","f14",50,36,2,16,0.000514376795719756,7.57255449546782
"b10 f5 f7 f49",1,"b10","f5","f7","f49",50,36,2,2,6.42970994649695e-05,9.65199603714765
"b10 f5 f10 f12",1,"b10","f5","f10","f12",50,36,1,22,0.000353634047057332,7.94724794490923
"b10 f5 f10 f14",1,"b10","f5","f10","f14",50,36,1,16,0.000257188397859878,8.26570167602776
"b10 f5 f10 f49",1,"b10","f5","f10","f49",50,36,1,2,3.21485497324848e-05,10.3451432177076
"b10 f5 f12 f14",1,"b10","f5","f12","f14",50,36,22,16,0.00565814475291732,5.17465922266945
"b10 f5 f12 f49",1,"b10","f5","f12","f49",50,36,22,2,0.000707268094114665,7.25410076434928
"b10 f5 f14 f49",1,"b10","f5","f14","f49",50,36,16,2,0.000514376795719756,7.57255449546782
"b10 f7 f10 f12",1,"b10","f7","f10","f12",50,2,1,22,1.96463359476296e-05,10.8376197028054
"b10 f7 f10 f14",1,"b10","f7","f10","f14",50,2,1,16,1.42882443255488e-05,11.1560734339239
"b10 f7 f10 f49",1,"b10","f7","f10","f49",50,2,1,2,1.7860305406936e-06,13.2355149756038
"b10 f7 f12 f14",1,"b10","f7","f12","f14",50,2,22,16,0.000314341375162073,8.06503098056561
"b10 f7 f12 f49",1,"b10","f7","f12","f49",50,2,22,2,3.92926718952592e-05,10.1444725222454
"b10 f7 f14 f49",1,"b10","f7","f14","f49",50,2,16,2,2.85764886510976e-05,10.462926253364
"b10 f10 f12 f14",1,"b10","f10","f12","f14",50,1,22,16,0.000157170687581037,8.75817816112556
"b10 f10 f12 f49",1,"b10","f10","f12","f49",50,1,22,2,1.96463359476296e-05,10.8376197028054
"b10 f10 f14 f49",1,"b10","f10","f14","f49",50,1,16,2,1.42882443255488e-05,11.1560734339239
"b10 f12 f14 f49",1,"b10","f12","f14","f49",50,22,16,2,0.000314341375162073,8.06503098056561
"c1 e1 f5 f7",1,"c1","e1","f5","f7",125,17,36,2,0.0013663133636306,6.59563914177723
"c1 e1 f5 f10",1,"c1","e1","f5","f10",125,17,36,1,0.000683156681815302,7.28878632233717
"c1 e1 f5 f12",2,"c1","e1","f5","f12",125,17,36,22,0.0150294469999366,4.8908910495388
"c1 e1 f5 f14",1,"c1","e1","f5","f14",125,17,36,16,0.0109305069090448,4.51619760009739
"c1 e1 f5 f49",1,"c1","e1","f5","f49",125,17,36,2,0.0013663133636306,6.59563914177723
"c1 e1 f7 f10",1,"c1","e1","f7","f10",125,17,2,1,3.7953148989739e-05,10.1791580802333
"c1 e1 f7 f12",1,"c1","e1","f7","f12",125,17,2,22,0.000834969277774257,7.08811562687502
"c1 e1 f7 f14",1,"c1","e1","f7","f14",125,17,2,16,0.000607250383835824,7.40656935799356
"c1 e1 f7 f49",1,"c1","e1","f7","f49",125,17,2,2,7.5906297979478e-05,9.48601089967339
"c1 e1 f10 f12",1,"c1","e1","f10","f12",125,17,1,22,0.000417484638887129,7.78126280743497
"c1 e1 f10 f14",1,"c1","e1","f10","f14",125,17,1,16,0.000303625191917912,8.0997165385535
"c1 e1 f10 f49",1,"c1","e1","f10","f49",125,17,1,2,3.7953148989739e-05,10.1791580802333
"c1 e1 f12 f14",1,"c1","e1","f12","f14",125,17,22,16,0.00667975422219406,5.00867408519519
"c1 e1 f12 f49",1,"c1","e1","f12","f49",125,17,22,2,0.000834969277774257,7.08811562687502
"c1 e1 f14 f49",1,"c1","e1","f14","f49",125,17,16,2,0.000607250383835824,7.40656935799356
"c1 f5 f7 f10",1,"c1","f5","f7","f10",125,36,2,1,8.03713743312119e-05,9.42885248583344
"c1 f5 f7 f12",1,"c1","f5","f7","f12",125,36,2,22,0.00176817023528666,6.33781003247513
"c1 f5 f7 f14",1,"c1","f5","f7","f14",125,36,2,16,0.00128594198929939,6.65626376359366
"c1 f5 f7 f49",1,"c1","f5","f7","f49",125,36,2,2,0.000160742748662424,8.7357053052735
"c1 f5 f10 f12",1,"c1","f5","f10","f12",125,36,1,22,0.000884085117643331,7.03095721303507
"c1 f5 f10 f14",1,"c1","f5","f10","f14",125,36,1,16,0.000642970994649696,7.34941094415361
"c1 f5 f10 f49",1,"c1","f5","f10","f49",125,36,1,2,8.03713743312119e-05,9.42885248583344
"c1 f5 f12 f14",1,"c1","f5","f12","f14",125,36,22,16,0.0141453618822933,4.25836849079529
"c1 f5 f12 f49",1,"c1","f5","f12","f49",125,36,22,2,0.00176817023528666,6.33781003247513
"c1 f5 f14 f49",1,"c1","f5","f14","f49",125,36,16,2,0.00128594198929939,6.65626376359366
"c1 f7 f10 f12",1,"c1","f7","f10","f12",125,2,1,22,4.9115839869074e-05,9.92132897093124
"c1 f7 f10 f14",1,"c1","f7","f10","f14",125,2,1,16,3.5720610813872e-05,10.2397827020498
"c1 f7 f10 f49",1,"c1","f7","f10","f49",125,2,1,2,4.465076351734e-06,12.3192242437296
"c1 f7 f12 f14",1,"c1","f7","f12","f14",125,2,22,16,0.000785853437905183,7.14874024869146
"c1 f7 f12 f49",1,"c1","f7","f12","f49",125,2,22,2,9.82316797381479e-05,9.22818179037129
"c1 f7 f14 f49",1,"c1","f7","f14","f49",125,2,16,2,7.1441221627744e-05,9.54663552148983
"c1 f10 f12 f14",1,"c1","f10","f12","f14",125,1,22,16,0.000392926718952592,7.8418874292514
"c1 f10 f12 f49",1,"c1","f10","f12","f49",125,1,22,2,4.9115839869074e-05,9.92132897093124
"c1 f10 f14 f49",1,"c1","f10","f14","f49",125,1,16,2,3.5720610813872e-05,10.2397827020498
"c1 f12 f14 f49",1,"c1","f12","f14","f49",125,22,16,2,0.000785853437905183,7.14874024869146
"e1 f5 f7 f10",1,"e1","f5","f7","f10",17,36,2,1,1.09305069090448e-05,11.4239528790795
"e1 f5 f7 f12",1,"e1","f5","f7","f12",17,36,2,22,0.000240471151998986,8.33291042572121
"e1 f5 f7 f14",1,"e1","f5","f7","f14",17,36,2,16,0.000174888110544717,8.65136415683975
"e1 f5 f7 f49",1,"e1","f5","f7","f49",17,36,2,2,2.18610138180896e-05,10.7308056985196
"e1 f5 f10 f12",1,"e1","f5","f10","f12",17,36,1,22,0.000120235575999493,9.02605760628116
"e1 f5 f10 f14",1,"e1","f5","f10","f14",17,36,1,16,8.74440552723586e-05,9.34451133739969
"e1 f5 f10 f49",1,"e1","f5","f10","f49",17,36,1,2,1.09305069090448e-05,11.4239528790795
"e1 f5 f12 f14",1,"e1","f5","f12","f14",17,36,22,16,0.00192376921599189,6.25346888404138
"e1 f5 f12 f49",1,"e1","f5","f12","f49",17,36,22,2,0.000240471151998986,8.33291042572121
"e1 f5 f14 f49",1,"e1","f5","f14","f49",17,36,16,2,0.000174888110544717,8.65136415683975
"e1 f7 f10 f12",1,"e1","f7","f10","f12",17,2,1,22,6.67975422219406e-06,11.9164293641773
"e1 f7 f10 f14",1,"e1","f7","f10","f14",17,2,1,16,4.85800307068659e-06,12.2348830952959
"e1 f7 f10 f49",1,"e1","f7","f10","f49",17,2,1,2,6.07250383835824e-07,14.3143246369757
"e1 f7 f12 f14",1,"e1","f7","f12","f14",17,2,22,16,0.000106876067555105,9.14384064193754
"e1 f7 f12 f49",1,"e1","f7","f12","f49",17,2,22,2,1.33595084443881e-05,11.2232821836174
"e1 f7 f14 f49",1,"e1","f7","f14","f49",17,2,16,2,9.71600614137318e-06,11.5417359147359
"e1 f10 f12 f14",1,"e1","f10","f12","f14",17,1,22,16,5.34380337775525e-05,9.83698782249749
"e1 f10 f12 f49",1,"e1","f10","f12","f49",17,1,22,2,6.67975422219406e-06,11.9164293641773
"e1 f10 f14 f49",1,"e1","f10","f14","f49",17,1,16,2,4.85800307068659e-06,12.2348830952959
"e1 f12 f14 f49",1,"e1","f12","f14","f49",17,22,16,2,0.000106876067555105,9.14384064193754
"f5 f7 f10 f12",1,"f5","f7","f10","f12",36,2,1,22,1.41453618822933e-05,11.1661237697774
"f5 f7 f10 f14",1,"f5","f7","f10","f14",36,2,1,16,1.02875359143951e-05,11.484577500896
"f5 f7 f10 f49",1,"f5","f7","f10","f49",36,2,1,2,1.28594198929939e-06,13.5640190425758
"f5 f7 f12 f14",1,"f5","f7","f12","f14",36,2,22,16,0.000226325790116693,8.39353504753765
"f5 f7 f12 f49",1,"f5","f7","f12","f49",36,2,22,2,2.82907237645866e-05,10.4729765892175
"f5 f7 f14 f49",1,"f5","f7","f14","f49",36,2,16,2,2.05750718287903e-05,10.791430320336
"f5 f10 f12 f14",1,"f5","f10","f12","f14",36,1,22,16,0.000113162895058346,9.08668222809759
"f5 f10 f12 f49",1,"f5","f10","f12","f49",36,1,22,2,1.41453618822933e-05,11.1661237697774
"f5 f10 f14 f49",1,"f5","f10","f14","f49",36,1,16,2,1.02875359143951e-05,11.484577500896
"f5 f12 f14 f49",1,"f5","f12","f14","f49",36,22,16,2,0.000226325790116693,8.39353504753765
"f7 f10 f12 f14",1,"f7","f10","f12","f14",2,1,22,16,6.28682750324147e-06,11.9770539859938
"f7 f10 f12 f49",1,"f7","f10","f12","f49",2,1,22,2,7.85853437905183e-07,14.0564955276736
"f7 f10 f14 f49",1,"f7","f10","f14","f49",2,1,16,2,5.71529773021951e-07,14.3749492587921
"f7 f12 f14 f49",1,"f7","f12","f14","f49",2,22,16,2,1.25736550064829e-05,11.2839068054338
"f10 f12 f14 f49",1,"f10","f12","f14","f49",1,22,16,2,6.28682750324147e-06,11.9770539859938
"b13 c2 f5 f53",1,"b13","c2","f5","f53",11,3,36,2,2.12180428234399e-05,10.7606586616693
"b13 c2 f5 h1",1,"b13","c2","f5","h1",11,3,36,49,0.000519842049174279,7.56198554411858
"b13 c2 f5 relief",1,"b13","c2","f5","relief",11,3,36,6,6.36541284703198e-05,9.66204637300116
"b13 c2 f53 h1",1,"b13","c2","f53","h1",11,3,2,49,2.88801138430155e-05,10.4523573020147
"b13 c2 f53 relief",1,"b13","c2","f53","relief",11,3,2,6,3.53634047057332e-06,12.5524181308973
"b13 c2 h1 relief",1,"b13","c2","h1","relief",11,3,49,6,8.66403415290464e-05,9.35374501334664
"b13 f5 f53 h1",1,"b13","f5","f53","h1",11,36,2,49,0.000346561366116186,7.96745065222675
"b13 f5 f53 relief",1,"b13","f5","f53","relief",11,36,2,6,4.24360856468799e-05,10.0675114811093
"b13 f5 h1 relief",1,"b13","f5","h1","relief",11,36,49,6,0.00103968409834856,6.86883836355864
"b13 f53 h1 relief",1,"b13","f53","h1","relief",11,2,49,6,5.7760227686031e-05,9.7592101214548
"c2 f5 f53 h1",1,"c2","f5","f53","h1",3,36,2,49,9.45167362135052e-05,9.26673363635701
"c2 f5 f53 relief",1,"c2","f5","f53","relief",3,36,2,6,1.15734779036945e-05,11.3667944652396
"c2 f5 h1 relief",1,"c2","f5","h1","relief",3,36,49,6,0.000283550208640516,8.1681213476889
"c2 f53 h1 relief",1,"c2","f53","h1","relief",3,2,49,6,1.57527893689175e-05,11.0584931055851
"f5 f53 h1 relief",1,"f5","f53","h1","relief",36,2,49,6,0.00018903347242701,8.57358645579706
"a3 f51 g1 g2",1,"a3","f51","g1","g2",22,3,97,23,0.00131492926497485,6.63397240569284
"a1 b6 b8 d27",1,"a1","b6","b8","d27",136,14,6,1,0.000102018064484418,9.19036065757244
"a1 b6 b8 e1",1,"a1","b6","b8","e1",136,14,6,17,0.00173430709623511,6.35714731351622
"a1 b6 b8 e20",1,"a1","b6","b8","e20",136,14,6,1,0.000102018064484418,9.19036065757244
"a1 b6 b8 f5",1,"a1","b6","b8","f5",136,14,6,36,0.00367265032143906,5.60684171911632
"a1 b6 b8 f7",1,"a1","b6","b8","f7",136,14,6,2,0.000204036128968837,8.49721347701249
"a1 b6 d27 e1",1,"a1","b6","d27","e1",136,14,1,17,0.000289051182705852,8.14890678274427
"a1 b6 d27 e20",1,"a1","b6","d27","e20",136,14,1,1,1.70030107474031e-05,10.9821201268005
"a1 b6 d27 f5",1,"a1","b6","d27","f5",136,14,1,36,0.00061210838690651,7.39860118834438
"a1 b6 d27 f7",1,"a1","b6","d27","f7",136,14,1,2,3.40060214948061e-05,10.2889729462405
"a1 b6 e1 e20",1,"a1","b6","e1","e20",136,14,17,1,0.000289051182705852,8.14890678274427
"a1 b6 e1 f5",1,"a1","b6","e1","f5",136,14,17,36,0.0104058425774107,4.56538784428816
"a1 b6 e1 f7",1,"a1","b6","e1","f7",136,14,17,2,0.000578102365411704,7.45575960218433
"a1 b6 e20 f5",1,"a1","b6","e20","f5",136,14,1,36,0.00061210838690651,7.39860118834438
"a1 b6 e20 f7",1,"a1","b6","e20","f7",136,14,1,2,3.40060214948061e-05,10.2889729462405
"a1 b6 f5 f7",1,"a1","b6","f5","f7",136,14,36,2,0.00122421677381302,6.70545400778443
"a1 b8 d27 e1",1,"a1","b8","d27","e1",136,6,1,17,0.000123879078302508,8.99620464313148
"a1 b8 d27 e20",1,"a1","b8","d27","e20",136,6,1,1,7.28700460602988e-06,11.8294179871877
"a1 b8 d27 f5",1,"a1","b8","d27","f5",136,6,1,36,0.000262332165817076,8.24589904873158
"a1 b8 d27 f7",1,"a1","b8","d27","f7",136,6,1,2,1.45740092120598e-05,11.1362708066277
"a1 b8 e1 e20",1,"a1","b8","e1","e20",136,6,17,1,0.000123879078302508,8.99620464313148
"a1 b8 e1 f5",1,"a1","b8","e1","f5",136,6,17,36,0.00445964681889029,5.41268570467537
"a1 b8 e1 f7",1,"a1","b8","e1","f7",136,6,17,2,0.000247758156605016,8.30305746257153
"a1 b8 e20 f5",1,"a1","b8","e20","f5",136,6,1,36,0.000262332165817076,8.24589904873158
"a1 b8 e20 f7",1,"a1","b8","e20","f7",136,6,1,2,1.45740092120598e-05,11.1362708066277
"a1 b8 f5 f7",1,"a1","b8","f5","f7",136,6,36,2,0.000524664331634151,7.55275186817164
"a1 d27 e1 e20",1,"a1","d27","e1","e20",136,1,17,1,2.0646513050418e-05,10.7879641123595
"a1 d27 e1 f5",1,"a1","d27","e1","f5",136,1,17,36,0.000743274469815048,7.20444517390342
"a1 d27 e1 f7",1,"a1","d27","e1","f7",136,1,17,2,4.1293026100836e-05,10.0948169317996
"a1 d27 e20 f5",1,"a1","d27","e20","f5",136,1,1,36,4.37220276361793e-05,10.0376585179596
"a1 d27 e20 f7",1,"a1","d27","e20","f7",136,1,1,2,2.42900153534329e-06,12.9280302758558
"a1 d27 f5 f7",1,"a1","d27","f5","f7",136,1,36,2,8.74440552723586e-05,9.34451133739969
"a1 e1 e20 f5",1,"a1","e1","e20","f5",136,17,1,36,0.000743274469815048,7.20444517390342
"a1 e1 e20 f7",1,"a1","e1","e20","f7",136,17,1,2,4.1293026100836e-05,10.0948169317996
"a1 e20 f5 f7",1,"a1","e20","f5","f7",136,1,36,2,8.74440552723586e-05,9.34451133739969
"b6 b8 d27 e1",1,"b6","b8","d27","e1",14,6,1,17,1.27522580605523e-05,11.2698021992523
"b6 b8 d27 e20",1,"b6","b8","d27","e20",14,6,1,1,7.50132827091311e-07,14.1030155433085
"b6 b8 d27 f5",1,"b6","b8","d27","f5",14,6,1,36,2.70047817752872e-05,10.5194966048524
"b6 b8 d27 f7",1,"b6","b8","d27","f7",14,6,1,2,1.50026565418262e-06,13.4098683627485
"b6 b8 e1 e20",1,"b6","b8","e1","e20",14,6,17,1,1.27522580605523e-05,11.2698021992523
"b6 b8 e1 f5",1,"b6","b8","e1","f5",14,6,17,36,0.000459081290179883,7.68628326079616
"b6 b8 e1 f7",1,"b6","b8","e1","f7",14,6,17,2,2.55045161211046e-05,10.5766550186923
"b6 b8 e20 f5",1,"b6","b8","e20","f5",14,6,1,36,2.70047817752872e-05,10.5194966048524
"b6 b8 e20 f7",1,"b6","b8","e20","f7",14,6,1,2,1.50026565418262e-06,13.4098683627485
"b6 b8 f5 f7",1,"b6","b8","f5","f7",14,6,36,2,5.40095635505744e-05,9.82634942429243
"b6 d27 e1 e20",1,"b6","d27","e1","e20",14,1,17,1,2.12537634342538e-06,13.0615616684803
"b6 d27 e1 f5",1,"b6","d27","e1","f5",14,1,17,36,7.65135483633138e-05,9.47804273002422
"b6 d27 e1 f7",1,"b6","d27","e1","f7",14,1,17,2,4.25075268685076e-06,12.3684144879204
"b6 d27 e20 f5",1,"b6","d27","e20","f5",14,1,1,36,4.50079696254787e-06,12.3112560740804
"b6 d27 e20 f7",1,"b6","d27","e20","f7",14,1,1,2,2.50044275697104e-07,15.2016278319766
"b6 d27 f5 f7",1,"b6","d27","f5","f7",14,1,36,2,9.00159392509574e-06,11.6181088935205
"b6 e1 e20 f5",1,"b6","e1","e20","f5",14,17,1,36,7.65135483633138e-05,9.47804273002422
"b6 e1 e20 f7",1,"b6","e1","e20","f7",14,17,1,2,4.25075268685076e-06,12.3684144879204
"b6 e1 f5 f7",1,"b6","e1","f5","f7",14,17,36,2,0.000153027096726628,8.78489554946427
"b6 e20 f5 f7",1,"b6","e20","f5","f7",14,1,36,2,9.00159392509574e-06,11.6181088935205
"b8 d27 e1 e20",1,"b8","d27","e1","e20",6,1,17,1,9.10875575753735e-07,13.9088595288675
"b8 d27 e1 f5",1,"b8","d27","e1","f5",6,1,17,36,3.27915207271345e-05,10.3253405904114
"b8 d27 e1 f7",1,"b8","d27","e1","f7",6,1,17,2,1.82175115150747e-06,13.2157123483076
"b8 d27 e20 f5",1,"b8","d27","e20","f5",6,1,1,36,1.92891298394909e-06,13.1585539344676
"b8 d27 e20 f7",1,"b8","d27","e20","f7",6,1,1,2,1.07161832441616e-07,16.0489256923638
"b8 d27 f5 f7",1,"b8","d27","f5","f7",6,1,36,2,3.85782596789817e-06,12.4654067539077
"b8 e1 e20 f5",1,"b8","e1","e20","f5",6,17,1,36,3.27915207271345e-05,10.3253405904114
"b8 e1 e20 f7",1,"b8","e1","e20","f7",6,17,1,2,1.82175115150747e-06,13.2157123483076
"b8 e1 f5 f7",1,"b8","e1","f5","f7",6,17,36,2,6.55830414542689e-05,9.63219340985147
"b8 e20 f5 f7",1,"b8","e20","f5","f7",6,1,36,2,3.85782596789817e-06,12.4654067539077
"d27 e1 e20 f5",1,"d27","e1","e20","f5",1,17,1,36,5.46525345452241e-06,12.1171000596395
"d27 e1 e20 f7",1,"d27","e1","e20","f7",1,17,1,2,3.03625191917912e-07,15.0074718175356
"d27 e1 f5 f7",1,"d27","e1","f5","f7",1,17,36,2,1.09305069090448e-05,11.4239528790795
"d27 e20 f5 f7",1,"d27","e20","f5","f7",1,1,36,2,6.42970994649695e-07,14.2571662231357
"e1 e20 f5 f7",1,"e1","e20","f5","f7",17,1,36,2,1.09305069090448e-05,11.4239528790795
"a1 c1 c9 c13",1,"a1","c1","c9","c13",136,125,3,8,0.00364350230301494,5.6148098887655
"a1 c1 c9 d22",1,"a1","c1","c9","d22",136,125,3,5,0.00227718893938434,6.08481351801124
"a1 c1 c9 e25",1,"a1","c1","c9","e25",136,125,3,1,0.000455437787876868,7.69425143044534
"a1 c1 c9 f12",1,"a1","c1","c9","f12",136,125,3,22,0.0100196313332911,4.60320897708702
"a1 c1 c9 f13",1,"a1","c1","c9","f13",136,125,3,9,0.00409894009089181,5.49702685310912
"a1 c1 c9 f25",1,"a1","c1","c9","f25",136,125,3,1,0.000455437787876868,7.69425143044534
"a1 c1 c9 g1",1,"a1","c1","c9","g1",136,125,3,97,0.0441774654240562,3.11954045194196
"a1 c1 c9 ant",1,"a1","c1","c9","ant",136,125,3,26,0.0118413824847986,4.43615489242386
"a1 c1 c13 d22",1,"a1","c1","c13","d22",136,125,8,5,0.00607250383835824,5.10398426499951
"a1 c1 c13 e25",1,"a1","c1","c13","e25",136,125,8,1,0.00121450076767165,6.71342217743361
"a1 c1 c13 f12",1,"a1","c1","c13","f12",136,125,8,22,0.0267190168887762,3.6223797240753
"a1 c1 c13 f13",1,"a1","c1","c13","f13",136,125,8,9,0.0109305069090448,4.51619760009739
"a1 c1 c13 f25",1,"a1","c1","c13","f25",136,125,8,1,0.00121450076767165,6.71342217743361
"a1 c1 c13 g1",1,"a1","c1","c13","g1",136,125,8,97,0.11780657446415,2.13871119893023
"a1 c1 c13 ant",1,"a1","c1","c13","ant",136,125,8,26,0.0315770199594628,3.45532563941213
"a1 c1 d22 e25",1,"a1","c1","d22","e25",136,125,5,1,0.00075906297979478,7.18342580667935
"a1 c1 d22 f12",1,"a1","c1","d22","f12",136,125,5,22,0.0166993855554851,4.09238335332103
"a1 c1 d22 f13",1,"a1","c1","d22","f13",136,125,5,9,0.00683156681815302,4.98620122934313
"a1 c1 d22 f25",1,"a1","c1","d22","f25",136,125,5,1,0.00075906297979478,7.18342580667935
"a1 c1 d22 g1",1,"a1","c1","d22","g1",136,125,5,97,0.0736291090400936,2.60871482817596
"a1 c1 d22 ant",1,"a1","c1","d22","ant",136,125,5,26,0.0197356374746643,3.92532926865786
"a1 c1 e25 f12",1,"a1","c1","e25","f12",136,125,1,22,0.00333987711109703,5.70182126575513
"a1 c1 e25 f13",1,"a1","c1","e25","f13",136,125,1,9,0.0013663133636306,6.59563914177723
"a1 c1 e25 f25",1,"a1","c1","e25","f25",136,125,1,1,0.000151812595958956,8.79286371911345
"a1 c1 e25 g1",1,"a1","c1","e25","g1",136,125,1,97,0.0147258218080187,4.21815274061006
"a1 c1 e25 ant",1,"a1","c1","e25","ant",136,125,1,26,0.00394712749493285,5.53476718109197
"a1 c1 f12 f13",2,"a1","c1","f12","f13",136,125,22,9,0.0300588939998733,4.19774386897886
"a1 c1 f12 f25",1,"a1","c1","f12","f25",136,125,22,1,0.00333987711109703,5.70182126575513
"a1 c1 f12 g1",3,"a1","c1","f12","g1",136,125,22,97,0.323968079776412,2.22572257591986
"a1 c1 f12 ant",1,"a1","c1","f12","ant",136,125,22,26,0.0868368048885228,2.44372472773365
"a1 c1 f13 f25",1,"a1","c1","f13","f25",136,125,9,1,0.0013663133636306,6.59563914177723
"a1 c1 f13 g1",5,"a1","c1","f13","g1",136,125,9,97,0.132532396272169,3.63036607570795
"a1 c1 f13 ant",1,"a1","c1","f13","ant",136,125,9,26,0.0355241474543957,3.33754260375575
"a1 c1 f25 g1",1,"a1","c1","f25","g1",136,125,1,97,0.0147258218080187,4.21815274061006
"a1 c1 f25 ant",1,"a1","c1","f25","ant",136,125,1,26,0.00394712749493285,5.53476718109197
"a1 c1 g1 ant",1,"a1","c1","g1","ant",136,125,97,26,0.382871367008487,0.960056202588583
"a1 c9 c13 d22",1,"a1","c9","c13","d22",136,3,8,5,0.000145740092120598,8.8336857136337
"a1 c9 c13 e25",1,"a1","c9","c13","e25",136,3,8,1,2.91480184241195e-05,10.4431236260678
"a1 c9 c13 f12",1,"a1","c9","c13","f12",136,3,8,22,0.00064125640533063,7.35208117270949
"a1 c9 c13 f13",1,"a1","c9","c13","f13",136,3,8,9,0.000262332165817076,8.24589904873158
"a1 c9 c13 f25",1,"a1","c9","c13","f25",136,3,8,1,2.91480184241195e-05,10.4431236260678
"a1 c9 c13 g1",1,"a1","c9","c13","g1",136,3,8,97,0.00282735778713959,5.86841264756442
"a1 c9 c13 ant",1,"a1","c9","c13","ant",136,3,8,26,0.000757848479027108,7.18502708804632
"a1 c9 d22 e25",1,"a1","c9","d22","e25",136,3,5,1,1.82175115150747e-05,10.9131272553135
"a1 c9 d22 f12",1,"a1","c9","d22","f12",136,3,5,22,0.000400785253331643,7.82208480195522
"a1 c9 d22 f13",1,"a1","c9","d22","f13",136,3,5,9,0.000163957603635672,8.71590267797732
"a1 c9 d22 f25",1,"a1","c9","d22","f25",136,3,5,1,1.82175115150747e-05,10.9131272553135
"a1 c9 d22 g1",1,"a1","c9","d22","g1",136,3,5,97,0.00176709861696225,6.33841627681016
"a1 c9 d22 ant",1,"a1","c9","d22","ant",136,3,5,26,0.000473655299391942,7.65503071729206
"a1 c9 e25 f12",1,"a1","c9","e25","f12",136,3,1,22,8.01570506663287e-05,9.43152271438932
"a1 c9 e25 f13",1,"a1","c9","e25","f13",136,3,1,9,3.27915207271345e-05,10.3253405904114
"a1 c9 e25 f25",1,"a1","c9","e25","f25",136,3,1,1,3.64350230301494e-06,12.5225651677476
"a1 c9 e25 g1",1,"a1","c9","e25","g1",136,3,1,97,0.000353419723392449,7.94785418924426
"a1 c9 e25 ant",1,"a1","c9","e25","ant",136,3,1,26,9.47310598783885e-05,9.26446862972616
"a1 c9 f12 f13",1,"a1","c9","f12","f13",136,3,22,9,0.000721413455996958,7.2342981370531
"a1 c9 f12 f25",1,"a1","c9","f12","f25",136,3,22,1,8.01570506663287e-05,9.43152271438932
"a1 c9 f12 g1",1,"a1","c9","f12","g1",136,3,22,97,0.00777523391463388,4.85681173588594
"a1 c9 f12 ant",1,"a1","c9","f12","ant",136,3,22,26,0.00208408331732455,6.17342617636784
"a1 c9 f13 f25",1,"a1","c9","f13","f25",136,3,9,1,3.27915207271345e-05,10.3253405904114
"a1 c9 f13 g1",1,"a1","c9","f13","g1",136,3,9,97,0.00318077751053204,5.75062961190804
"a1 c9 f13 ant",1,"a1","c9","f13","ant",136,3,9,26,0.000852579538905496,7.06724405238994
"a1 c9 f25 g1",1,"a1","c9","f25","g1",136,3,1,97,0.000353419723392449,7.94785418924426
"a1 c9 f25 ant",1,"a1","c9","f25","ant",136,3,1,26,9.47310598783885e-05,9.26446862972616
"a1 c9 g1 ant",1,"a1","c9","g1","ant",136,3,97,26,0.00918891280820368,4.68975765122277
"a1 c13 d22 e25",1,"a1","c13","d22","e25",136,8,5,1,4.85800307068659e-05,9.93229800230181
"a1 c13 d22 f12",1,"a1","c13","d22","f12",136,8,5,22,0.00106876067555105,6.8412555489435
"a1 c13 d22 f13",1,"a1","c13","d22","f13",136,8,5,9,0.000437220276361793,7.73507342496559
"a1 c13 d22 f25",1,"a1","c13","d22","f25",136,8,5,1,4.85800307068659e-05,9.93229800230181
"a1 c13 d22 g1",1,"a1","c13","d22","g1",136,8,5,97,0.00471226297856599,5.35758702379843
"a1 c13 d22 ant",1,"a1","c13","d22","ant",136,8,5,26,0.00126308079837851,6.67420146428033
"a1 c13 e25 f12",1,"a1","c13","e25","f12",136,8,1,22,0.00021375213511021,8.4506934613776
"a1 c13 e25 f13",1,"a1","c13","e25","f13",136,8,1,9,8.74440552723586e-05,9.34451133739969
"a1 c13 e25 f25",1,"a1","c13","e25","f25",136,8,1,1,9.71600614137318e-06,11.5417359147359
"a1 c13 e25 g1",1,"a1","c13","e25","g1",136,8,1,97,0.000942452595713198,6.96702493623253
"a1 c13 e25 ant",1,"a1","c13","e25","ant",136,8,1,26,0.000252616159675703,8.28363937671443
"a1 c13 f12 f13",1,"a1","c13","f12","f13",136,8,22,9,0.00192376921599189,6.25346888404138
"a1 c13 f12 f25",1,"a1","c13","f12","f25",136,8,22,1,0.00021375213511021,8.4506934613776
"a1 c13 f12 g1",1,"a1","c13","f12","g1",136,8,22,97,0.0207339571056904,3.87598248287421
"a1 c13 f12 ant",1,"a1","c13","f12","ant",136,8,22,26,0.00555755551286546,5.19259692335612
"a1 c13 f13 f25",1,"a1","c13","f13","f25",136,8,9,1,8.74440552723586e-05,9.34451133739969
"a1 c13 f13 g1",1,"a1","c13","f13","g1",136,8,9,97,0.00848207336141878,4.76980035889631
"a1 c13 f13 ant",1,"a1","c13","f13","ant",136,8,9,26,0.00227354543708132,6.08641479937821
"a1 c13 f25 g1",1,"a1","c13","f25","g1",136,8,1,97,0.000942452595713198,6.96702493623253
"a1 c13 f25 ant",1,"a1","c13","f25","ant",136,8,1,26,0.000252616159675703,8.28363937671443
"a1 c13 g1 ant",1,"a1","c13","g1","ant",136,8,97,26,0.0245037674885432,3.70892839821105
"a1 d22 e25 f12",1,"a1","d22","e25","f12",136,5,1,22,0.000133595084443881,8.92069709062333
"a1 d22 e25 f13",1,"a1","d22","e25","f13",136,5,1,9,5.46525345452241e-05,9.81451496664543
"a1 d22 e25 f25",1,"a1","d22","e25","f25",136,5,1,1,6.07250383835824e-06,12.0117395439816
"a1 d22 e25 g1",1,"a1","d22","e25","g1",136,5,1,97,0.000589032872320749,7.43702856547827
"a1 d22 e25 ant",1,"a1","d22","e25","ant",136,5,1,26,0.000157885099797314,8.75364300596017
"a1 d22 f12 f13",1,"a1","d22","f12","f13",136,5,22,9,0.00120235575999493,6.72347251328711
"a1 d22 f12 f25",1,"a1","d22","f12","f25",136,5,22,1,0.000133595084443881,8.92069709062333
"a1 d22 f12 g1",1,"a1","d22","f12","g1",136,5,22,97,0.0129587231910565,4.34598611211995
"a1 d22 f12 ant",1,"a1","d22","f12","ant",136,5,22,26,0.00347347219554091,5.66260055260185
"a1 d22 f13 f25",1,"a1","d22","f13","f25",136,5,9,1,5.46525345452241e-05,9.81451496664543
"a1 d22 f13 g1",1,"a1","d22","f13","g1",136,5,9,97,0.00530129585088674,5.23980398814205
"a1 d22 f13 ant",1,"a1","d22","f13","ant",136,5,9,26,0.00142096589817583,6.55641842862395
"a1 d22 f25 g1",1,"a1","d22","f25","g1",136,5,1,97,0.000589032872320749,7.43702856547827
"a1 d22 f25 ant",1,"a1","d22","f25","ant",136,5,1,26,0.000157885099797314,8.75364300596017
"a1 d22 g1 ant",1,"a1","d22","g1","ant",136,5,97,26,0.0153148546803395,4.17893202745678
"a1 e25 f12 f13",1,"a1","e25","f12","f13",136,1,22,9,0.000240471151998986,8.33291042572121
"a1 e25 f12 f25",1,"a1","e25","f12","f25",136,1,22,1,2.67190168887762e-05,10.5301350030574
"a1 e25 f12 g1",1,"a1","e25","f12","g1",136,1,22,97,0.00259174463821129,5.95542402455405
"a1 e25 f12 ant",1,"a1","e25","f12","ant",136,1,22,26,0.000694694439108182,7.27203846503595
"a1 e25 f13 f25",1,"a1","e25","f13","f25",136,1,9,1,1.09305069090448e-05,11.4239528790795
"a1 e25 f13 g1",1,"a1","e25","f13","g1",136,1,9,97,0.00106025917017735,6.84924190057615
"a1 e25 f13 ant",1,"a1","e25","f13","ant",136,1,9,26,0.000284193179635165,8.16585634105805
"a1 e25 f25 g1",1,"a1","e25","f25","g1",136,1,1,97,0.00011780657446415,9.04646647791237
"a1 e25 f25 ant",1,"a1","e25","f25","ant",136,1,1,26,3.15770199594628e-05,10.3630809183943
"a1 e25 g1 ant",1,"a1","e25","g1","ant",136,1,97,26,0.00306297093606789,5.78836993989088
"a1 f12 f13 f25",1,"a1","f12","f13","f25",136,22,9,1,0.000240471151998986,8.33291042572121
"a1 f12 f13 g1",2,"a1","f12","f13","g1",136,22,9,97,0.0233257017439016,4.45134662777778
"a1 f12 f13 ant",1,"a1","f12","f13","ant",136,22,9,26,0.00625224995197364,5.07481388769973
"a1 f12 f25 g1",1,"a1","f12","f25","g1",136,22,1,97,0.00259174463821129,5.95542402455405
"a1 f12 f25 ant",1,"a1","f12","f25","ant",136,22,1,26,0.000694694439108182,7.27203846503595
"a1 f12 g1 ant",1,"a1","f12","g1","ant",136,22,97,26,0.0673853605934937,2.69732748653257
"a1 f13 f25 g1",1,"a1","f13","f25","g1",136,9,1,97,0.00106025917017735,6.84924190057615
"a1 f13 f25 ant",1,"a1","f13","f25","ant",136,9,1,26,0.000284193179635165,8.16585634105805
"a1 f13 g1 ant",1,"a1","f13","g1","ant",136,9,97,26,0.027566738424611,3.59114536255466
"a1 f25 g1 ant",1,"a1","f25","g1","ant",136,1,97,26,0.00306297093606789,5.78836993989088
"c1 c9 c13 d22",1,"c1","c9","c13","d22",125,3,8,5,0.00013395229055202,8.91802686206745
"c1 c9 c13 e25",1,"c1","c9","c13","e25",125,3,8,1,2.6790458110404e-05,10.5274647745016
"c1 c9 c13 f12",1,"c1","c9","c13","f12",125,3,8,22,0.000589390078428887,7.43642232114324
"c1 c9 c13 f13",1,"c1","c9","c13","f13",125,3,8,9,0.000241114122993636,8.33024019716533
"c1 c9 c13 f25",1,"c1","c9","c13","f25",125,3,8,1,2.6790458110404e-05,10.5274647745016
"c1 c9 c13 g1",1,"c1","c9","c13","g1",125,3,8,97,0.00259867443670919,5.95275379599817
"c1 c9 c13 ant",1,"c1","c9","c13","ant",125,3,8,26,0.000696551910870503,7.26936823648007
"c1 c9 d22 e25",1,"c1","c9","d22","e25",125,3,5,1,1.67440363190025e-05,10.9974684037473
"c1 c9 d22 f12",1,"c1","c9","d22","f12",125,3,5,22,0.000368368799018055,7.90642595038897
"c1 c9 d22 f13",1,"c1","c9","d22","f13",125,3,5,9,0.000150696326871022,8.80024382641107
"c1 c9 d22 f25",1,"c1","c9","d22","f25",125,3,5,1,1.67440363190025e-05,10.9974684037473
"c1 c9 d22 g1",1,"c1","c9","d22","g1",125,3,5,97,0.00162417152294324,6.42275742524391
"c1 c9 d22 ant",1,"c1","c9","d22","ant",125,3,5,26,0.000435344944294065,7.73937186572581
"c1 c9 e25 f12",1,"c1","c9","e25","f12",125,3,1,22,7.36737598036109e-05,9.51586386282307
"c1 c9 e25 f13",1,"c1","c9","e25","f13",125,3,1,9,3.01392653742045e-05,10.4096817388452
"c1 c9 e25 f25",1,"c1","c9","e25","f25",125,3,1,1,3.3488072638005e-06,12.6069063161814
"c1 c9 e25 g1",1,"c1","c9","e25","g1",125,3,1,97,0.000324834304588648,8.03219533767801
"c1 c9 e25 ant",1,"c1","c9","e25","ant",125,3,1,26,8.70689888588129e-05,9.34880977815991
"c1 c9 f12 f13",1,"c1","c9","f12","f13",125,3,22,9,0.000663063838232498,7.31863928548685
"c1 c9 f12 f25",1,"c1","c9","f12","f25",125,3,22,1,7.36737598036109e-05,9.51586386282307
"c1 c9 f12 g1",1,"c1","c9","f12","g1",125,3,22,97,0.00714635470095026,4.94115288431969
"c1 c9 f12 ant",1,"c1","c9","f12","ant",125,3,22,26,0.00191551775489388,6.25776732480159
"c1 c9 f13 f25",1,"c1","c9","f13","f25",125,3,9,1,3.01392653742045e-05,10.4096817388452
"c1 c9 f13 g1",1,"c1","c9","f13","g1",125,3,9,97,0.00292350874129783,5.83497076034179
"c1 c9 f13 ant",1,"c1","c9","f13","ant",125,3,9,26,0.000783620899729316,7.15158520082369
"c1 c9 f25 g1",1,"c1","c9","f25","g1",125,3,1,97,0.000324834304588648,8.03219533767801
"c1 c9 f25 ant",1,"c1","c9","f25","ant",125,3,1,26,8.70689888588129e-05,9.34880977815991
"c1 c9 g1 ant",1,"c1","c9","g1","ant",125,3,97,26,0.00844569191930485,4.77409879965653
"c1 c13 d22 e25",1,"c1","c13","d22","e25",125,8,5,1,4.465076351734e-05,10.0166391507356
"c1 c13 d22 f12",1,"c1","c13","d22","f12",125,8,5,22,0.000982316797381479,6.92559669737725
"c1 c13 d22 f13",1,"c1","c13","d22","f13",125,8,5,9,0.00040185687165606,7.81941457339934
"c1 c13 d22 f25",1,"c1","c13","d22","f25",125,8,5,1,4.465076351734e-05,10.0166391507356
"c1 c13 d22 g1",1,"c1","c13","d22","g1",125,8,5,97,0.00433112406118198,5.44192817223218
"c1 c13 d22 ant",1,"c1","c13","d22","ant",125,8,5,26,0.00116091985145084,6.75854261271408
"c1 c13 e25 f12",1,"c1","c13","e25","f12",125,8,1,22,0.000196463359476296,8.53503460981135
"c1 c13 e25 f13",1,"c1","c13","e25","f13",125,8,1,9,8.03713743312119e-05,9.42885248583344
"c1 c13 e25 f25",1,"c1","c13","e25","f25",125,8,1,1,8.93015270346799e-06,11.6260770631697
"c1 c13 e25 g1",1,"c1","c13","e25","g1",125,8,1,97,0.000866224812236396,7.05136608466628
"c1 c13 e25 ant",1,"c1","c13","e25","ant",125,8,1,26,0.000232183970290168,8.36798052514818
"c1 c13 f12 f13",1,"c1","c13","f12","f13",125,8,22,9,0.00176817023528666,6.33781003247513
"c1 c13 f12 f25",1,"c1","c13","f12","f25",125,8,22,1,0.000196463359476296,8.53503460981135
"c1 c13 f12 g1",1,"c1","c13","f12","g1",125,8,22,97,0.0190569458692007,3.96032363130797
"c1 c13 f12 ant",1,"c1","c13","f12","ant",125,8,22,26,0.00510804734638369,5.27693807178987
"c1 c13 f13 f25",1,"c1","c13","f13","f25",125,8,9,1,8.03713743312119e-05,9.42885248583344
"c1 c13 f13 g1",1,"c1","c13","f13","g1",125,8,9,97,0.00779602331012756,4.85414150733006
"c1 c13 f13 ant",1,"c1","c13","f13","ant",125,8,9,26,0.00208965573261151,6.17075594781196
"c1 c13 f25 g1",1,"c1","c13","f25","g1",125,8,1,97,0.000866224812236396,7.05136608466628
"c1 c13 f25 ant",1,"c1","c13","f25","ant",125,8,1,26,0.000232183970290168,8.36798052514818
"c1 c13 g1 ant",1,"c1","c13","g1","ant",125,8,97,26,0.0225218451181463,3.7932695466448
"c1 d22 e25 f12",1,"c1","d22","e25","f12",125,5,1,22,0.000122789599672685,9.00503823905708
"c1 d22 e25 f13",1,"c1","d22","e25","f13",125,5,1,9,5.02321089570075e-05,9.89885611507918
"c1 d22 e25 f25",1,"c1","d22","e25","f25",125,5,1,1,5.5813454396675e-06,12.0960806924154
"c1 d22 e25 g1",1,"c1","d22","e25","g1",125,5,1,97,0.000541390507647747,7.52136971391202
"c1 d22 e25 ant",1,"c1","d22","e25","ant",125,5,1,26,0.000145114981431355,8.83798415439392
"c1 d22 f12 f13",1,"c1","d22","f12","f13",125,5,22,9,0.00110510639705416,6.80781366172086
"c1 d22 f12 f25",1,"c1","d22","f12","f25",125,5,22,1,0.000122789599672685,9.00503823905708
"c1 d22 f12 g1",1,"c1","d22","f12","g1",125,5,22,97,0.0119105911682504,4.4303272605537
"c1 d22 f12 ant",1,"c1","d22","f12","ant",125,5,22,26,0.00319252959148981,5.7469417010356
"c1 d22 f13 f25",1,"c1","d22","f13","f25",125,5,9,1,5.02321089570075e-05,9.89885611507918
"c1 d22 f13 g1",1,"c1","d22","f13","g1",125,5,9,97,0.00487251456882972,5.3241451365758
"c1 d22 f13 ant",1,"c1","d22","f13","ant",125,5,9,26,0.00130603483288219,6.6407595770577
"c1 d22 f25 g1",1,"c1","d22","f25","g1",125,5,1,97,0.000541390507647747,7.52136971391202
"c1 d22 f25 ant",1,"c1","d22","f25","ant",125,5,1,26,0.000145114981431355,8.83798415439392
"c1 d22 g1 ant",1,"c1","d22","g1","ant",125,5,97,26,0.0140761531988414,4.26327317589053
"c1 e25 f12 f13",1,"c1","e25","f12","f13",125,1,22,9,0.000221021279410833,8.41725157415496
"c1 e25 f12 f25",1,"c1","e25","f12","f25",125,1,22,1,2.4557919934537e-05,10.6144761514912
"c1 e25 f12 g1",1,"c1","e25","f12","g1",125,1,22,97,0.00238211823365009,6.0397651729878
"c1 e25 f12 ant",1,"c1","e25","f12","ant",125,1,22,26,0.000638505918297962,7.3563796134697
"c1 e25 f13 f25",1,"c1","e25","f13","f25",125,1,9,1,1.00464217914015e-05,11.5082940275133
"c1 e25 f13 g1",1,"c1","e25","f13","g1",125,1,9,97,0.000974502913765945,6.9335830490099
"c1 e25 f13 ant",1,"c1","e25","f13","ant",125,1,9,26,0.000261206966576439,8.2501974894918
"c1 e25 f25 g1",1,"c1","e25","f25","g1",125,1,1,97,0.000108278101529549,9.13080762634612
"c1 e25 f25 ant",1,"c1","e25","f25","ant",125,1,1,26,2.9022996286271e-05,10.447422066828
"c1 e25 g1 ant",1,"c1","e25","g1","ant",125,1,97,26,0.00281523063976829,5.87271108832463
"c1 f12 f13 f25",1,"c1","f12","f13","f25",125,22,9,1,0.000221021279410833,8.41725157415496
"c1 f12 f13 g1",3,"c1","f12","f13","g1",125,22,9,97,0.0214390641028508,4.94115288431969
"c1 f12 f13 ant",1,"c1","f12","f13","ant",125,22,9,26,0.00574655326468165,5.15915503613348
"c1 f12 f25 g1",1,"c1","f12","f25","g1",125,22,1,97,0.00238211823365009,6.0397651729878
"c1 f12 f25 ant",1,"c1","f12","f25","ant",125,22,1,26,0.000638505918297961,7.3563796134697
"c1 f12 g1 ant",1,"c1","f12","g1","ant",125,22,97,26,0.0619350740749023,2.78166863496632
"c1 f13 f25 g1",1,"c1","f13","f25","g1",125,9,1,97,0.000974502913765945,6.9335830490099
"c1 f13 f25 ant",1,"c1","f13","f25","ant",125,9,1,26,0.000261206966576439,8.2501974894918
"c1 f13 g1 ant",1,"c1","f13","g1","ant",125,9,97,26,0.0253370757579146,3.67548651098842
"c1 f25 g1 ant",1,"c1","f25","g1","ant",125,1,97,26,0.00281523063976829,5.87271108832463
"c9 c13 d22 e25",1,"c9","c13","d22","e25",3,8,5,1,1.07161832441616e-06,13.7463405993698
"c9 c13 d22 f12",1,"c9","c13","d22","f12",3,8,5,22,2.35756031371555e-05,10.6552981460114
"c9 c13 d22 f13",1,"c9","c13","d22","f13",3,8,5,9,9.64456491974543e-06,11.5491160220335
"c9 c13 d22 f25",1,"c9","c13","d22","f25",3,8,5,1,1.07161832441616e-06,13.7463405993698
"c9 c13 d22 g1",1,"c9","c13","d22","g1",3,8,5,97,0.000103946977468367,9.17162962086637
"c9 c13 d22 ant",1,"c9","c13","d22","ant",3,8,5,26,2.78620764348201e-05,10.4882440613483
"c9 c13 e25 f12",1,"c9","c13","e25","f12",3,8,1,22,4.7151206274311e-06,12.2647360584455
"c9 c13 e25 f13",1,"c9","c13","e25","f13",3,8,1,9,1.92891298394909e-06,13.1585539344676
"c9 c13 e25 f25",1,"c9","c13","e25","f25",3,8,1,1,2.14323664883232e-07,15.3557785118039
"c9 c13 e25 g1",1,"c9","c13","e25","g1",3,8,1,97,2.07893954936735e-05,10.7810675333005
"c9 c13 e25 ant",1,"c9","c13","e25","ant",3,8,1,26,5.57241528696403e-06,12.0976819737824
"c9 c13 f12 f13",1,"c9","c13","f12","f13",3,8,22,9,4.24360856468799e-05,10.0675114811093
"c9 c13 f12 f25",1,"c9","c13","f12","f25",3,8,22,1,4.7151206274311e-06,12.2647360584455
"c9 c13 f12 g1",1,"c9","c13","f12","g1",3,8,22,97,0.000457366700860817,7.69002507994216
"c9 c13 f12 ant",1,"c9","c13","f12","ant",3,8,22,26,0.000122593136313209,9.00663952042406
"c9 c13 f13 f25",1,"c9","c13","f13","f25",3,8,9,1,1.92891298394909e-06,13.1585539344676
"c9 c13 f13 g1",1,"c9","c13","f13","g1",3,8,9,97,0.000187104559443061,8.58384295596425
"c9 c13 f13 ant",1,"c9","c13","f13","ant",3,8,9,26,5.01517375826762e-05,9.90045739644615
"c9 c13 f25 g1",1,"c9","c13","f25","g1",3,8,1,97,2.07893954936735e-05,10.7810675333005
"c9 c13 f25 ant",1,"c9","c13","f25","ant",3,8,1,26,5.57241528696403e-06,12.0976819737824
"c9 c13 g1 ant",1,"c9","c13","g1","ant",3,8,97,26,0.000540524282835511,7.52297099527899
"c9 d22 e25 f12",1,"c9","d22","e25","f12",3,5,1,22,2.94695039214444e-06,12.7347396876913
"c9 d22 e25 f13",1,"c9","d22","e25","f13",3,5,1,9,1.20557061496818e-06,13.6285575637134
"c9 d22 e25 f25",1,"c9","d22","e25","f25",3,5,1,1,1.3395229055202e-07,15.8257821410496
"c9 d22 e25 g1",1,"c9","d22","e25","g1",3,5,1,97,1.29933721835459e-05,11.2510711625462
"c9 d22 e25 ant",1,"c9","d22","e25","ant",3,5,1,26,3.48275955435252e-06,12.5676856030281
"c9 d22 f12 f13",1,"c9","d22","f12","f13",3,5,22,9,2.65225535292999e-05,10.5375151103551
"c9 d22 f12 f25",1,"c9","d22","f12","f25",3,5,22,1,2.94695039214444e-06,12.7347396876913
"c9 d22 f12 g1",1,"c9","d22","f12","g1",3,5,22,97,0.00028585418803801,8.16002870918789
"c9 d22 f12 ant",1,"c9","d22","f12","ant",3,5,22,26,7.66207101957554e-05,9.47664314966979
"c9 d22 f13 f25",1,"c9","d22","f13","f25",3,5,9,1,1.20557061496818e-06,13.6285575637134
"c9 d22 f13 g1",1,"c9","d22","f13","g1",3,5,9,97,0.000116940349651913,9.05384658520999
"c9 d22 f13 ant",1,"c9","d22","f13","ant",3,5,9,26,3.13448359891727e-05,10.3704610256919
"c9 d22 f25 g1",1,"c9","d22","f25","g1",3,5,1,97,1.29933721835459e-05,11.2510711625462
"c9 d22 f25 ant",1,"c9","d22","f25","ant",3,5,1,26,3.48275955435252e-06,12.5676856030281
"c9 d22 g1 ant",1,"c9","d22","g1","ant",3,5,97,26,0.000337827676772194,7.99297462452473
"c9 e25 f12 f13",1,"c9","e25","f12","f13",3,1,22,9,5.30451070585999e-06,12.1469530227892
"c9 e25 f12 f25",1,"c9","e25","f12","f25",3,1,22,1,5.89390078428887e-07,14.3441776001254
"c9 e25 f12 g1",1,"c9","e25","f12","g1",3,1,22,97,5.71708376076021e-05,9.76946662162199
"c9 e25 f12 ant",1,"c9","e25","f12","ant",3,1,22,26,1.53241420391511e-05,11.0860810621039
"c9 e25 f13 f25",1,"c9","e25","f13","f25",3,1,9,1,2.41114122993636e-07,15.2379954761475
"c9 e25 f13 g1",1,"c9","e25","f13","g1",3,1,9,97,2.33880699303827e-05,10.6632844976441
"c9 e25 f13 ant",1,"c9","e25","f13","ant",3,1,9,26,6.26896719783453e-06,11.979898938126
"c9 e25 f25 g1",1,"c9","e25","f25","g1",3,1,1,97,2.59867443670919e-06,12.8605090749803
"c9 e25 f25 ant",1,"c9","e25","f25","ant",3,1,1,26,6.96551910870503e-07,14.1771235154622
"c9 e25 g1 ant",1,"c9","e25","g1","ant",3,1,97,26,6.75655353544388e-05,9.60241253695883
"c9 f12 f13 f25",1,"c9","f12","f13","f25",3,22,9,1,5.30451070585999e-06,12.1469530227892
"c9 f12 f13 g1",1,"c9","f12","f13","g1",3,22,9,97,0.000514537538468419,7.57224204428577
"c9 f12 f13 ant",1,"c9","f12","f13","ant",3,22,9,26,0.00013791727835236,8.88885648476767
"c9 f12 f25 g1",1,"c9","f12","f25","g1",3,22,1,97,5.71708376076021e-05,9.76946662162199
"c9 f12 f25 ant",1,"c9","f12","f25","ant",3,22,1,26,1.53241420391511e-05,11.0860810621039
"c9 f12 g1 ant",1,"c9","f12","g1","ant",3,22,97,26,0.00148644177779765,6.51137008360051
"c9 f13 f25 g1",1,"c9","f13","f25","g1",3,9,1,97,2.33880699303827e-05,10.6632844976441
"c9 f13 f25 ant",1,"c9","f13","f25","ant",3,9,1,26,6.26896719783453e-06,11.979898938126
"c9 f13 g1 ant",1,"c9","f13","g1","ant",3,9,97,26,0.00060808981818995,7.40518795962261
"c9 f25 g1 ant",1,"c9","f25","g1","ant",3,1,97,26,6.75655353544388e-05,9.60241253695883
"c13 d22 e25 f12",1,"c13","d22","e25","f12",8,5,1,22,7.85853437905183e-06,11.7539104346795
"c13 d22 e25 f13",1,"c13","d22","e25","f13",8,5,1,9,3.21485497324848e-06,12.6477283107016
"c13 d22 e25 f25",1,"c13","d22","e25","f25",8,5,1,1,3.5720610813872e-07,14.8449528880379
"c13 d22 e25 g1",1,"c13","d22","e25","g1",8,5,1,97,3.46489924894558e-05,10.2702419095345
"c13 d22 e25 ant",1,"c13","d22","e25","ant",8,5,1,26,9.28735881160671e-06,11.5868563500164
"c13 d22 f12 f13",1,"c13","d22","f12","f13",8,5,22,9,7.07268094114665e-05,9.55668585734333
"c13 d22 f12 f25",1,"c13","d22","f12","f25",8,5,22,1,7.85853437905183e-06,11.7539104346795
"c13 d22 f12 g1",1,"c13","d22","f12","g1",8,5,22,97,0.000762277834768028,7.17919945617617
"c13 d22 f12 ant",1,"c13","d22","f12","ant",8,5,22,26,0.000204321893855348,8.49581389665807
"c13 d22 f13 f25",1,"c13","d22","f13","f25",8,5,9,1,3.21485497324848e-06,12.6477283107016
"c13 d22 f13 g1",1,"c13","d22","f13","g1",8,5,9,97,0.000311840932405102,8.07301733219826
"c13 d22 f13 ant",1,"c13","d22","f13","ant",8,5,9,26,8.35862293044604e-05,9.38963177268016
"c13 d22 f25 g1",1,"c13","d22","f25","g1",8,5,1,97,3.46489924894558e-05,10.2702419095345
"c13 d22 f25 ant",1,"c13","d22","f25","ant",8,5,1,26,9.28735881160671e-06,11.5868563500164
"c13 d22 g1 ant",1,"c13","d22","g1","ant",8,5,97,26,0.000900873804725851,7.012145371513
"c13 e25 f12 f13",1,"c13","e25","f12","f13",8,1,22,9,1.41453618822933e-05,11.1661237697774
"c13 e25 f12 f25",1,"c13","e25","f12","f25",8,1,22,1,1.57170687581037e-06,13.3633483471137
"c13 e25 f12 g1",1,"c13","e25","f12","g1",8,1,22,97,0.000152455566953606,8.78863736861027
"c13 e25 f12 ant",1,"c13","e25","f12","ant",8,1,22,26,4.08643787710695e-05,10.1052518090922
"c13 e25 f13 f25",1,"c13","e25","f13","f25",8,1,9,1,6.42970994649695e-07,14.2571662231357
"c13 e25 f13 g1",1,"c13","e25","f13","g1",8,1,9,97,6.23681864810205e-05,9.68245524463236
"c13 e25 f13 ant",1,"c13","e25","f13","ant",8,1,9,26,1.67172458608921e-05,10.9990696851143
"c13 e25 f25 g1",1,"c13","e25","f25","g1",8,1,1,97,6.92979849789116e-06,11.8796798219686
"c13 e25 f25 ant",1,"c13","e25","f25","ant",8,1,1,26,1.85747176232134e-06,13.1962942624505
"c13 e25 g1 ant",1,"c13","e25","g1","ant",8,1,97,26,0.00018017476094517,8.6215832839471
"c13 f12 f13 f25",1,"c13","f12","f13","f25",8,22,9,1,1.41453618822933e-05,11.1661237697774
"c13 f12 f13 g1",1,"c13","f12","f13","g1",8,22,9,97,0.00137210010258245,6.59141279127405
"c13 f12 f13 ant",1,"c13","f12","f13","ant",8,22,9,26,0.000367779408939626,7.90802723175595
"c13 f12 f25 g1",1,"c13","f12","f25","g1",8,22,1,97,0.000152455566953606,8.78863736861027
"c13 f12 f25 ant",1,"c13","f12","f25","ant",8,22,1,26,4.08643787710695e-05,10.1052518090922
"c13 f12 g1 ant",1,"c13","f12","g1","ant",8,22,97,26,0.00396384474079375,5.53054083058878
"c13 f13 f25 g1",1,"c13","f13","f25","g1",8,9,1,97,6.23681864810205e-05,9.68245524463236
"c13 f13 f25 ant",1,"c13","f13","f25","ant",8,9,1,26,1.67172458608921e-05,10.9990696851143
"c13 f13 g1 ant",1,"c13","f13","g1","ant",8,9,97,26,0.00162157284850653,6.42435870661088
"c13 f25 g1 ant",1,"c13","f25","g1","ant",8,1,97,26,0.00018017476094517,8.6215832839471
"d22 e25 f12 f13",1,"d22","e25","f12","f13",5,1,22,9,8.84085117643331e-06,11.6361273990232
"d22 e25 f12 f25",1,"d22","e25","f12","f25",5,1,22,1,9.82316797381479e-07,13.8333519763594
"d22 e25 f12 g1",1,"d22","e25","f12","g1",5,1,22,97,9.52847293460035e-05,9.258640997856
"d22 e25 f12 ant",1,"d22","e25","f12","ant",5,1,22,26,2.55402367319185e-05,10.5752554383379
"d22 e25 f13 f25",1,"d22","e25","f13","f25",5,1,9,1,4.0185687165606e-07,14.7271698523815
"d22 e25 f13 g1",1,"d22","e25","f13","g1",5,1,9,97,3.89801165506378e-05,10.1524588738781
"d22 e25 f13 ant",1,"d22","e25","f13","ant",5,1,9,26,1.04482786630576e-05,11.46907331436
"d22 e25 f25 g1",1,"d22","e25","f25","g1",5,1,1,97,4.33112406118198e-06,12.3496834512143
"d22 e25 f25 ant",1,"d22","e25","f25","ant",5,1,1,26,1.16091985145084e-06,13.6662978916962
"d22 e25 g1 ant",1,"d22","e25","g1","ant",5,1,97,26,0.000112609225590731,9.09158691319284
"d22 f12 f13 f25",1,"d22","f12","f13","f25",5,22,9,1,8.84085117643331e-06,11.6361273990232
"d22 f12 f13 g1",1,"d22","f12","f13","g1",5,22,9,97,0.000857562564114031,7.06141642051978
"d22 f12 f13 ant",1,"d22","f12","f13","ant",5,22,9,26,0.000229862130587266,8.37803086100168
"d22 f12 f25 g1",1,"d22","f12","f25","g1",5,22,1,97,9.52847293460035e-05,9.258640997856
"d22 f12 f25 ant",1,"d22","f12","f25","ant",5,22,1,26,2.55402367319185e-05,10.5752554383379
"d22 f12 g1 ant",1,"d22","f12","g1","ant",5,22,97,26,0.00247740296299609,6.00054445983452
"d22 f13 f25 g1",1,"d22","f13","f25","g1",5,9,1,97,3.89801165506378e-05,10.1524588738781
"d22 f13 f25 ant",1,"d22","f13","f25","ant",5,9,1,26,1.04482786630576e-05,11.46907331436
"d22 f13 g1 ant",1,"d22","f13","g1","ant",5,9,97,26,0.00101348303031658,6.89436233585662
"d22 f25 g1 ant",1,"d22","f25","g1","ant",5,1,97,26,0.000112609225590731,9.09158691319284
"e25 f12 f13 f25",1,"e25","f12","f13","f25",1,22,9,1,1.76817023528666e-06,13.2455653114573
"e25 f12 f13 g1",1,"e25","f12","f13","g1",1,22,9,97,0.000171512512822806,8.67085433295388
"e25 f12 f13 ant",1,"e25","f12","f13","ant",1,22,9,26,4.59724261174532e-05,9.98746877343578
"e25 f12 f25 g1",1,"e25","f12","f25","g1",1,22,1,97,1.90569458692007e-05,10.8680789102901
"e25 f12 f25 ant",1,"e25","f12","f25","ant",1,22,1,26,5.10804734638369e-06,12.184693350772
"e25 f12 g1 ant",1,"e25","f12","g1","ant",1,22,97,26,0.000495480592599218,7.60998237226862
"e25 f13 f25 g1",1,"e25","f13","f25","g1",1,9,1,97,7.79602331012756e-06,11.7618967863122
"e25 f13 f25 ant",1,"e25","f13","f25","ant",1,9,1,26,2.08965573261151e-06,13.0785112267941
"e25 f13 g1 ant",1,"e25","f13","g1","ant",1,9,97,26,0.000202696606063316,8.50380024829072
"e25 f25 g1 ant",1,"e25","f25","g1","ant",1,1,97,26,2.25218451181463e-05,10.7010248256269
"f12 f13 f25 g1",1,"f12","f13","f25","g1",22,9,1,97,0.000171512512822806,8.67085433295388
"f12 f13 f25 ant",1,"f12","f13","f25","ant",22,9,1,26,4.59724261174532e-05,9.98746877343578
"f12 f13 g1 ant",1,"f12","f13","g1","ant",22,9,97,26,0.00445932533339296,5.4127577949324
"f12 f25 g1 ant",1,"f12","f25","g1","ant",22,1,97,26,0.000495480592599218,7.60998237226862
"f13 f25 g1 ant",1,"f13","f25","g1","ant",9,1,97,26,0.000202696606063316,8.50380024829072
"c1 f18 f52 f55",1,"c1","f18","f52","f55",125,1,2,3,6.697614527601e-06,11.9137591356214
"c1 f18 f52 g1",1,"c1","f18","f52","g1",125,1,2,97,0.000216556203059099,8.43766044578617
"c1 f18 f52 relief",1,"c1","f18","f52","relief",125,1,2,6,1.3395229055202e-05,11.2206119550615
"c1 f18 f55 g1",1,"c1","f18","f55","g1",125,1,3,97,0.000324834304588648,8.03219533767801
"c1 f18 f55 relief",1,"c1","f18","f55","relief",125,1,3,6,2.0092843582803e-05,10.8151468469533
"c1 f18 g1 relief",1,"c1","f18","g1","relief",125,1,97,6,0.000649668609177297,7.33904815711806
"c1 f52 f55 g1",1,"c1","f52","f55","g1",125,2,3,97,0.000649668609177297,7.33904815711806
"c1 f52 f55 relief",1,"c1","f52","f55","relief",125,2,3,6,4.0185687165606e-05,10.1219996663934
"c1 f52 g1 relief",1,"c1","f52","g1","relief",125,2,97,6,0.00129933721835459,6.64590097655812
"c1 f55 g1 relief",1,"c1","f55","g1","relief",125,3,97,6,0.00194900582753189,6.24043586844995
"f18 f52 f55 g1",1,"f18","f52","f55","g1",1,2,3,97,5.19734887341837e-06,12.1673618944204
"f18 f52 f55 relief",1,"f18","f52","f55","relief",1,2,3,6,3.21485497324848e-07,14.9503134036957
"f18 f52 g1 relief",1,"f18","f52","g1","relief",1,2,97,6,1.03946977468367e-05,11.4742147138604
"f18 f55 g1 relief",1,"f18","f55","g1","relief",1,3,97,6,1.55920466202551e-05,11.0687496057523
"f52 f55 g1 relief",1,"f52","f55","g1","relief",2,3,97,6,3.11840932405102e-05,10.3756024251923
"c1 c4 c5 c12",3,"c1","c4","c5","c12",125,6,18,9,0.00108501355347136,7.92477508905717
"c1 c4 c5 c13",2,"c1","c4","c5","c13",125,6,18,8,0.000964456491974543,7.63709301660539
"c1 c4 c5 g1",2,"c1","c4","c5","g1",125,6,18,97,0.0116940349651913,5.14182357978184
"c1 c4 c12 c13",2,"c1","c4","c12","c13",125,6,9,8,0.000482228245987272,8.33024019716533
"c1 c4 c12 g1",2,"c1","c4","c12","g1",125,6,9,97,0.00584701748259567,5.83497076034179
"c1 c4 c13 g1",1,"c1","c4","c13","g1",125,6,8,97,0.00519734887341837,5.25960661543823
"c1 c5 c12 c13",2,"c1","c5","c12","c13",125,18,9,8,0.00144668473796182,7.23162790849722
"c1 c5 c12 g1",2,"c1","c5","c12","g1",125,18,9,97,0.017541052447787,4.73635847167368
"c1 c5 c13 g1",1,"c1","c5","c13","g1",125,18,8,97,0.0155920466202551,4.16099432677012
"c1 c12 c13 g1",2,"c1","c12","c13","g1",125,9,8,97,0.00779602331012756,5.54728868789001
"c4 c5 c12 c13",2,"c4","c5","c12","c13",6,18,9,8,6.94408674221671e-05,10.2681821765715
"c4 c5 c12 g1",2,"c4","c5","c12","g1",6,18,9,97,0.000841970517493776,7.77291273974792
"c4 c5 c13 g1",1,"c4","c5","c13","g1",6,18,8,97,0.000748418237772246,7.19754859484436
"c4 c12 c13 g1",1,"c4","c12","c13","g1",6,9,8,97,0.000374209118886123,7.89069577540431
"c5 c12 c13 g1",1,"c5","c12","c13","g1",18,9,8,97,0.00112262735665837,6.7920834867362
"a3 a24 c1 d19",1,"a3","a24","c1","d19",22,69,125,10,0.0169449647548305,4.07778455389988
"a3 a24 c1 d20",1,"a3","a24","c1","d20",22,69,125,1,0.00169449647548305,6.38036964689393
"a3 a24 c1 g1",2,"a3","a24","c1","g1",22,69,125,97,0.164366158121856,2.49880584895049
"a3 a24 c1 h1",2,"a3","a24","c1","h1",22,69,125,49,0.0830303272986695,3.18169652934324
"a3 a24 d19 d20",1,"a3","a24","d19","d20",22,69,10,1,0.000135559718038644,8.90609829120218
"a3 a24 d19 g1",1,"a3","a24","d19","g1",22,69,10,97,0.0131492926497485,4.3313873126988
"a3 a24 d19 h1",1,"a3","a24","d19","h1",22,69,10,49,0.00664242618389356,5.01427799309155
"a3 a24 d20 g1",1,"a3","a24","d20","g1",22,69,1,97,0.00131492926497485,6.63397240569284
"a3 a24 d20 h1",1,"a3","a24","d20","h1",22,69,1,49,0.000664242618389356,7.3168630860856
"a3 a24 g1 h1",2,"a3","a24","g1","h1",22,69,97,49,0.0644315339837675,3.43529928814216
"a3 c1 d19 d20",1,"a3","c1","d19","d20",22,125,10,1,0.00024557919934537,8.31189105849714
"a3 c1 d19 g1",1,"a3","c1","d19","g1",22,125,10,97,0.0238211823365009,3.73718007999376
"a3 c1 d19 h1",1,"a3","c1","d19","h1",22,125,10,49,0.0120333807679231,4.42007076038651
"a3 c1 d20 g1",1,"a3","c1","d20","g1",22,125,1,97,0.00238211823365009,6.0397651729878
"a3 c1 d20 h1",1,"a3","c1","d20","h1",22,125,1,49,0.00120333807679231,6.72265585338056
"a3 c1 g1 h1",4,"a3","c1","g1","h1",22,125,97,49,0.116723793448854,3.53423923599706
"a3 d19 d20 g1",1,"a3","d19","d20","g1",22,10,1,97,0.000190569458692007,8.56549381729606
"a3 d19 d20 h1",1,"a3","d19","d20","h1",22,10,1,49,9.62670461433849e-05,9.24838449768881
"a3 d19 g1 h1",1,"a3","d19","g1","h1",22,10,97,49,0.00933790347590834,4.67367351918543
"a3 d20 g1 h1",1,"a3","d20","g1","h1",22,1,97,49,0.000933790347590834,6.97625861217948
"a24 c1 d19 d20",1,"a24","c1","d19","d20",69,125,10,1,0.000770225670674114,7.1688270072582
"a24 c1 d19 g1",1,"a24","c1","d19","g1",69,125,10,97,0.0747118900553891,2.59411602875481
"a24 c1 d19 h1",1,"a24","c1","d19","h1",69,125,10,49,0.0377410578630316,3.27700670914757
"a24 c1 d20 g1",1,"a24","c1","d20","g1",69,125,1,97,0.00747118900553891,4.89670112174886
"a24 c1 d20 h1",1,"a24","c1","d20","h1",69,125,1,49,0.00377410578630316,5.57959180214161
"a24 c1 g1 h1",3,"a24","c1","g1","h1",69,125,97,49,0.366088261271407,2.10349311230634
"a24 d19 d20 g1",1,"a24","d19","d20","g1",69,10,1,97,0.000597695120443113,7.42242976605711
"a24 d19 d20 h1",1,"a24","d19","d20","h1",69,10,1,49,0.000301928462904253,8.10532044644987
"a24 d19 g1 h1",1,"a24","d19","g1","h1",69,10,97,49,0.0292870609017125,3.53060946794649
"a24 d20 g1 h1",1,"a24","d20","g1","h1",69,1,97,49,0.00292870609017125,5.83319456094053
"c1 d19 d20 g1",1,"c1","d19","d20","g1",125,10,1,97,0.00108278101529549,6.82822253335207
"c1 d19 d20 h1",1,"c1","d19","d20","h1",125,10,1,49,0.000546971853087415,7.51111321374483
"c1 d19 g1 h1",1,"c1","d19","g1","h1",125,10,97,49,0.0530562697494792,2.93640223524144
"c1 d20 g1 h1",1,"c1","d20","g1","h1",125,1,97,49,0.00530562697494792,5.23898732823549
"d19 d20 g1 h1",1,"d19","d20","g1","h1",10,1,97,49,0.000424450157995834,7.76471597254375
"a1 a3 a4 a5",1,"a1","a3","a4","a5",136,22,2,19,0.0010153226417735,6.89254884333105
"a1 a3 a4 a24",1,"a1","a3","a4","a24",136,22,2,69,0.00368722433065112,5.60288131790023
"a1 a3 a4 b10",1,"a1","a3","a4","b10",136,22,2,50,0.00267190168887762,5.92496481706934
"a1 a3 a4 b12",1,"a1","a3","a4","b12",136,22,2,6,0.000320628202665315,8.04522835326943
"a1 a3 a4 f5",1,"a1","a3","a4","f5",136,22,2,36,0.00192376921599189,6.25346888404138
"a1 a3 a4 g12",1,"a1","a3","a4","g12",136,22,2,2,0.000106876067555105,9.14384064193754
"a1 a3 a4 h1",1,"a1","a3","a4","h1",136,22,2,49,0.00261846365510007,5.94516752438686
"a1 a3 a4 ant",1,"a1","a3","a4","ant",136,22,2,26,0.00138938887821636,6.57889128447601
"a1 a3 a5 a24",1,"a1","a3","a5","a24",136,22,19,69,0.0350286311411856,3.35158951929373
"a1 a3 a5 b10",1,"a1","a3","a5","b10",136,22,19,50,0.0253830660443374,3.67367301846285
"a1 a3 a5 b12",1,"a1","a3","a5","b12",136,22,19,6,0.00304596792532049,5.79393655466294
"a1 a3 a5 f5",1,"a1","a3","a5","f5",136,22,19,36,0.0182758075519229,4.00217708543488
"a1 a3 a5 g12",1,"a1","a3","a5","g12",136,22,19,2,0.0010153226417735,6.89254884333105
"a1 a3 a5 h1",1,"a1","a3","a5","h1",136,22,19,49,0.0248754047234507,3.69387572578037
"a1 a3 a5 ant",1,"a1","a3","a5","ant",136,22,19,26,0.0131991943430555,4.32759948586951
"a1 a3 a24 b10",2,"a1","a3","a24","b10",136,22,69,50,0.092180608266278,3.07715267359197
"a1 a3 a24 b12",1,"a1","a3","a24","b12",136,22,69,6,0.0110616729919534,4.50426902923212
"a1 a3 a24 f5",2,"a1","a3","a24","f5",136,22,69,36,0.0663700379517202,3.40565674056401
"a1 a3 a24 g12",1,"a1","a3","a24","g12",136,22,69,2,0.00368722433065112,5.60288131790023
"a1 a3 a24 h1",2,"a1","a3","a24","h1",136,22,69,49,0.0903369961009524,3.09735538090949
"a1 a3 a24 ant",2,"a1","a3","a24","ant",136,22,69,26,0.0479339162984646,3.73107914099864
"a1 a3 b10 b12",1,"a1","a3","b10","b12",136,22,50,6,0.00801570506663287,4.82635252840123
"a1 a3 b10 f5",1,"a1","a3","b10","f5",136,22,50,36,0.0480942303997972,3.03459305917318
"a1 a3 b10 g12",1,"a1","a3","b10","g12",136,22,50,2,0.00267190168887762,5.92496481706934
"a1 a3 b10 h1",1,"a1","a3","b10","h1",136,22,50,49,0.0654615913775018,2.72629169951866
"a1 a3 b10 ant",2,"a1","a3","b10","ant",136,22,50,26,0.0347347219554091,4.05316264016775
"a1 a3 b12 f5",1,"a1","a3","b12","f5",136,22,6,36,0.00577130764797567,5.15485659537327
"a1 a3 b12 g12",1,"a1","a3","b12","g12",136,22,6,2,0.000320628202665315,8.04522835326943
"a1 a3 b12 h1",1,"a1","a3","b12","h1",136,22,6,49,0.00785539096530021,4.84655523571875
"a1 a3 b12 ant",1,"a1","a3","b12","ant",136,22,6,26,0.00416816663464909,5.4802789958079
"a1 a3 f5 g12",1,"a1","a3","f5","g12",136,22,36,2,0.00192376921599189,6.25346888404138
"a1 a3 f5 h1",2,"a1","a3","f5","h1",136,22,36,49,0.0471323457918013,3.74794294705064
"a1 a3 f5 ant",1,"a1","a3","f5","ant",136,22,36,26,0.0250089998078946,3.68851952657984
"a1 a3 g12 h1",1,"a1","a3","g12","h1",136,22,2,49,0.00261846365510007,5.94516752438686
"a1 a3 g12 ant",1,"a1","a3","g12","ant",136,22,2,26,0.00138938887821636,6.57889128447601
"a1 a3 h1 ant",1,"a1","a3","h1","ant",136,22,49,26,0.0340400275163009,3.38021816692532
"a1 a4 a5 a24",1,"a1","a4","a5","a24",136,2,19,69,0.00318442101283506,5.7494847920921
"a1 a4 a5 b10",1,"a1","a4","a5","b10",136,2,19,50,0.00230755145857613,6.07156829126122
"a1 a4 a5 b12",1,"a1","a4","a5","b12",136,2,19,6,0.000276906175029135,8.19183182746131
"a1 a4 a5 f5",1,"a1","a4","a5","f5",136,2,19,36,0.00166143705017481,6.40007235823325
"a1 a4 a5 g12",1,"a1","a4","a5","g12",136,2,19,2,9.23020583430452e-05,9.29044411612942
"a1 a4 a5 h1",1,"a1","a4","a5","h1",136,2,19,49,0.00226140042940461,6.09177099857874
"a1 a4 a5 ant",1,"a1","a4","a5","ant",136,2,19,26,0.00119992675845959,6.72549475866788
"a1 a4 a24 b10",1,"a1","a4","a24","b10",136,2,69,50,0.00838005529693437,4.7819007658304
"a1 a4 a24 b12",1,"a1","a4","a24","b12",136,2,69,6,0.00100560663563212,6.90216430203049
"a1 a4 a24 f5",1,"a1","a4","a24","f5",136,2,69,36,0.00603363981379274,5.11040483280243
"a1 a4 a24 g12",1,"a1","a4","a24","g12",136,2,69,2,0.000335202211877375,8.0007765906986
"a1 a4 a24 h1",1,"a1","a4","a24","h1",136,2,69,49,0.00821245419099568,4.80210347314792
"a1 a4 a24 ant",1,"a1","a4","a24","ant",136,2,69,26,0.00435762875440587,5.43582723323706
"a1 a4 b10 b12",1,"a1","a4","b10","b12",136,2,50,6,0.000728700460602988,7.2242478011996
"a1 a4 b10 f5",1,"a1","a4","b10","f5",136,2,50,36,0.00437220276361793,5.43248833197155
"a1 a4 b10 g12",1,"a1","a4","b10","g12",136,2,50,2,0.000242900153534329,8.32286008986771
"a1 a4 b10 h1",1,"a1","a4","b10","h1",136,2,50,49,0.00595105376159107,5.12418697231703
"a1 a4 b10 ant",1,"a1","a4","b10","ant",136,2,50,26,0.00315770199594628,5.75791073240618
"a1 a4 b12 f5",1,"a1","a4","b12","f5",136,2,6,36,0.000524664331634151,7.55275186817164
"a1 a4 b12 g12",1,"a1","a4","b12","g12",136,2,6,2,2.91480184241195e-05,10.4431236260678
"a1 a4 b12 h1",1,"a1","a4","b12","h1",136,2,6,49,0.000714126451390928,7.24445050851712
"a1 a4 b12 ant",1,"a1","a4","b12","ant",136,2,6,26,0.000378924239513554,7.87817426860627
"a1 a4 f5 g12",1,"a1","a4","f5","g12",136,2,36,2,0.000174888110544717,8.65136415683975
"a1 a4 f5 h1",1,"a1","a4","f5","h1",136,2,36,49,0.00428475870834557,5.45269103928907
"a1 a4 f5 ant",1,"a1","a4","f5","ant",136,2,36,26,0.00227354543708132,6.08641479937821
"a1 a4 g12 h1",1,"a1","a4","g12","h1",136,2,2,49,0.000238042150463643,8.34306279718523
"a1 a4 g12 ant",1,"a1","a4","g12","ant",136,2,2,26,0.000126308079837851,8.97678655727438
"a1 a4 h1 ant",1,"a1","a4","h1","ant",136,2,49,26,0.00309454795602736,5.7781134397237
"a1 a5 a24 b10",2,"a1","a5","a24","b10",136,19,69,50,0.0796105253208765,3.22375614778385
"a1 a5 a24 b12",1,"a1","a5","a24","b12",136,19,69,6,0.00955326303850517,4.65087250342399
"a1 a5 a24 f5",1,"a1","a5","a24","f5",136,19,69,36,0.0573195782310311,2.85911303419594
"a1 a5 a24 g12",1,"a1","a5","a24","g12",136,19,69,2,0.00318442101283506,5.7494847920921
"a1 a5 a24 h1",1,"a1","a5","a24","h1",136,19,69,49,0.0780183148144589,2.55081167454142
"a1 a5 a24 ant",1,"a1","a5","a24","ant",136,19,69,26,0.0413974731668558,3.18453543463057
"a1 a5 b10 b12",1,"a1","a5","b10","b12",136,19,50,6,0.00692265437572839,4.97295600259311
"a1 a5 b10 f5",1,"a1","a5","b10","f5",136,19,50,36,0.0415359262543703,3.18119653336505
"a1 a5 b10 g12",1,"a1","a5","b10","g12",136,19,50,2,0.00230755145857613,6.07156829126122
"a1 a5 b10 h1",1,"a1","a5","b10","h1",136,19,50,49,0.0565350107351152,2.87289517371054
"a1 a5 b10 ant",1,"a1","a5","b10","ant",136,19,50,26,0.0299981689614897,3.50661893379968
"a1 a5 b12 f5",1,"a1","a5","b12","f5",136,19,6,36,0.00498431115052444,5.30146006956514
"a1 a5 b12 g12",1,"a1","a5","b12","g12",136,19,6,2,0.000276906175029135,8.19183182746131
"a1 a5 b12 h1",1,"a1","a5","b12","h1",136,19,6,49,0.00678420128821382,4.99315870991063
"a1 a5 b12 ant",1,"a1","a5","b12","ant",136,19,6,26,0.00359978027537876,5.62688246999977
"a1 a5 f5 g12",1,"a1","a5","f5","g12",136,19,36,2,0.00166143705017481,6.40007235823325
"a1 a5 f5 h1",1,"a1","a5","f5","h1",136,19,36,49,0.0407052077292829,3.20139924068257
"a1 a5 f5 ant",1,"a1","a5","f5","ant",136,19,36,26,0.0215986816522726,3.83512300077172
"a1 a5 g12 h1",1,"a1","a5","g12","h1",136,19,2,49,0.00226140042940461,6.09177099857874
"a1 a5 g12 ant",1,"a1","a5","g12","ant",136,19,2,26,0.00119992675845959,6.72549475866788
"a1 a5 h1 ant",1,"a1","a5","h1","ant",136,19,49,26,0.0293982055822599,3.5268216411172
"a1 a24 b10 b12",2,"a1","a24","b10","b12",136,69,50,6,0.0251401658908031,4.37643565772223
"a1 a24 b10 f5",1,"a1","a24","b10","f5",136,69,50,36,0.150840995344819,1.89152900793423
"a1 a24 b10 g12",1,"a1","a24","b10","g12",136,69,50,2,0.00838005529693436,4.7819007658304
"a1 a24 b10 h1",1,"a1","a24","b10","h1",136,69,50,49,0.205311354774892,1.58322764827972
"a1 a24 b10 ant",4,"a1","a24","b10","ant",136,69,50,26,0.108940718860147,3.60324576948875
"a1 a24 b12 f5",2,"a1","a24","b12","f5",136,69,6,36,0.0181009194413782,4.70493972469427
"a1 a24 b12 g12",1,"a1","a24","b12","g12",136,69,6,2,0.00100560663563212,6.90216430203049
"a1 a24 b12 h1",1,"a1","a24","b12","h1",136,69,6,49,0.024637362572987,3.70349118447981
"a1 a24 b12 ant",3,"a1","a24","b12","ant",136,69,6,26,0.0130728862632176,5.43582723323706
"a1 a24 f5 g12",1,"a1","a24","f5","g12",136,69,36,2,0.00603363981379274,5.11040483280243
"a1 a24 f5 h1",3,"a1","a24","f5","h1",136,69,36,49,0.147824175437922,3.01034400391986
"a1 a24 f5 ant",2,"a1","a24","f5","ant",136,69,36,26,0.0784373175793057,3.23860265590084
"a1 a24 g12 h1",1,"a1","a24","g12","h1",136,69,2,49,0.00821245419099568,4.80210347314792
"a1 a24 g12 ant",1,"a1","a24","g12","ant",136,69,2,26,0.00435762875440587,5.43582723323706
"a1 a24 h1 ant",2,"a1","a24","h1","ant",136,69,49,26,0.106761904482944,2.93030129624633
"a1 b10 b12 f5",1,"a1","b10","b12","f5",136,50,6,36,0.0131166082908538,4.33387604330344
"a1 b10 b12 g12",1,"a1","b10","b12","g12",136,50,6,2,0.000728700460602988,7.2242478011996
"a1 b10 b12 h1",1,"a1","b10","b12","h1",136,50,6,49,0.0178531612847732,4.02557468364892
"a1 b10 b12 ant",2,"a1","b10","b12","ant",136,50,6,26,0.00947310598783885,5.35244562429801
"a1 b10 f5 g12",1,"a1","b10","f5","g12",136,50,36,2,0.00437220276361793,5.43248833197155
"a1 b10 f5 h1",1,"a1","b10","f5","h1",136,50,36,49,0.107118967708639,2.23381521442087
"a1 b10 f5 ant",1,"a1","b10","f5","ant",136,50,36,26,0.0568386359270331,2.86753897451001
"a1 b10 g12 h1",1,"a1","b10","g12","h1",136,50,2,49,0.00595105376159107,5.12418697231703
"a1 b10 g12 ant",1,"a1","b10","g12","ant",136,50,2,26,0.00315770199594628,5.75791073240618
"a1 b10 h1 ant",1,"a1","b10","h1","ant",136,50,49,26,0.0773636989006839,2.55923761485549
"a1 b12 f5 g12",1,"a1","b12","f5","g12",136,6,36,2,0.000524664331634151,7.55275186817164
"a1 b12 f5 h1",1,"a1","b12","f5","h1",136,6,36,49,0.0128542761250367,4.35407875062096
"a1 b12 f5 ant",2,"a1","b12","f5","ant",136,6,36,26,0.00682063631124397,5.68094969127005
"a1 b12 g12 h1",1,"a1","b12","g12","h1",136,6,2,49,0.000714126451390928,7.24445050851712
"a1 b12 g12 ant",1,"a1","b12","g12","ant",136,6,2,26,0.000378924239513554,7.87817426860627
"a1 b12 h1 ant",1,"a1","b12","h1","ant",136,6,49,26,0.00928364386808207,4.67950115105559
"a1 f5 g12 h1",1,"a1","f5","g12","h1",136,36,2,49,0.00428475870834557,5.45269103928907
"a1 f5 g12 ant",1,"a1","f5","g12","ant",136,36,2,26,0.00227354543708132,6.08641479937821
"a1 f5 h1 ant",1,"a1","f5","h1","ant",136,36,49,26,0.0557018632084924,2.88774168182753
"a1 g12 h1 ant",1,"a1","g12","h1","ant",136,2,49,26,0.00309454795602736,5.7781134397237
"a3 a4 a5 a24",1,"a3","a4","a5","a24",22,2,19,69,0.000515126928546848,7.57109722446984
"a3 a4 a5 b10",1,"a3","a4","a5","b10",22,2,19,50,0.000373280383004962,7.89318072363895
"a3 a4 a5 b12",1,"a3","a4","a5","b12",22,2,19,6,4.47936459605954e-05,10.013444259839
"a3 a4 a5 f5",1,"a3","a4","a5","f5",22,2,19,36,0.000268761875763573,8.22168479061099
"a3 a4 a5 g12",1,"a3","a4","a5","g12",22,2,19,2,1.49312153201985e-05,11.1120565485072
"a3 a4 a5 h1",1,"a3","a4","a5","h1",22,2,19,49,0.000365814775344863,7.91338343095647
"a3 a4 a5 ant",1,"a3","a4","a5","ant",22,2,19,26,0.00019410579916258,8.54710719104562
"a3 a4 a24 b10",1,"a3","a4","a24","b10",22,2,69,50,0.00135559718038644,6.60351319820813
"a3 a4 a24 b12",1,"a3","a4","a24","b12",22,2,69,6,0.000162671661646373,8.72377673440823
"a3 a4 a24 f5",1,"a3","a4","a24","f5",22,2,69,36,0.000976029969878238,6.93201726518017
"a3 a4 a24 g12",1,"a3","a4","a24","g12",22,2,69,2,5.42238872154576e-05,9.82238902307633
"a3 a4 a24 h1",1,"a3","a4","a24","h1",22,2,69,49,0.00132848523677871,6.62371590552565
"a3 a4 a24 ant",1,"a3","a4","a24","ant",22,2,69,26,0.000704910533800949,7.2574396656148
"a3 a4 b10 b12",1,"a3","a4","b10","b12",22,2,50,6,0.000117878015685777,9.04586023357734
"a3 a4 b10 f5",1,"a3","a4","b10","f5",22,2,50,36,0.000707268094114665,7.25410076434928
"a3 a4 b10 g12",1,"a3","a4","b10","g12",22,2,50,2,3.92926718952592e-05,10.1444725222454
"a3 a4 b10 h1",1,"a3","a4","b10","h1",22,2,50,49,0.00096267046143385,6.94579940469477
"a3 a4 b10 ant",1,"a3","a4","b10","ant",22,2,50,26,0.000510804734638369,7.57952316478391
"a3 a4 b12 f5",1,"a3","a4","b12","f5",22,2,6,36,8.48721712937598e-05,9.37436430054938
"a3 a4 b12 g12",1,"a3","a4","b12","g12",22,2,6,2,4.7151206274311e-06,12.2647360584455
"a3 a4 b12 h1",1,"a3","a4","b12","h1",22,2,6,49,0.000115520455372062,9.06606294089486
"a3 a4 b12 ant",1,"a3","a4","b12","ant",22,2,6,26,6.12965681566043e-05,9.699786700984
"a3 a4 f5 g12",1,"a3","a4","f5","g12",22,2,36,2,2.82907237645866e-05,10.4729765892175
"a3 a4 f5 h1",1,"a3","a4","f5","h1",22,2,36,49,0.000693122732232372,7.2743034716668
"a3 a4 f5 ant",1,"a3","a4","f5","ant",22,2,36,26,0.000367779408939626,7.90802723175595
"a3 a4 g12 h1",1,"a3","a4","g12","h1",22,2,2,49,3.8506818457354e-05,10.164675229563
"a3 a4 g12 ant",1,"a3","a4","g12","ant",22,2,2,26,2.04321893855348e-05,10.7983989896521
"a3 a4 h1 ant",1,"a3","a4","h1","ant",22,2,49,26,0.000500588639945602,7.59972587210143
"a3 a5 a24 b10",1,"a3","a5","a24","b10",22,19,69,50,0.0128781732136712,4.35222139960164
"a3 a5 a24 b12",1,"a3","a5","a24","b12",22,19,69,6,0.00154538078564054,6.47248493580173
"a3 a5 a24 f5",1,"a3","a5","a24","f5",22,19,69,36,0.00927228471384326,4.68072546657368
"a3 a5 a24 g12",1,"a3","a5","a24","g12",22,19,69,2,0.000515126928546848,7.57109722446984
"a3 a5 a24 h1",1,"a3","a5","a24","h1",22,19,69,49,0.0126206097493978,4.37242410691916
"a3 a5 a24 ant",1,"a3","a5","a24","ant",22,19,69,26,0.00669665007110902,5.0061478670083
"a3 a5 b10 b12",1,"a3","a5","b10","b12",22,19,50,6,0.00111984114901489,6.79456843497084
"a3 a5 b10 f5",1,"a3","a5","b10","f5",22,19,50,36,0.00671904689408932,5.00280896574279
"a3 a5 b10 g12",1,"a3","a5","b10","g12",22,19,50,2,0.000373280383004962,7.89318072363895
"a3 a5 b10 h1",1,"a3","a5","b10","h1",22,19,50,49,0.00914536938362157,4.69450760608827
"a3 a5 b10 ant",1,"a3","a5","b10","ant",22,19,50,26,0.00485264497906451,5.32823136617742
"a3 a5 b12 f5",1,"a3","a5","b12","f5",22,19,6,36,0.000806285627290718,7.12307250194288
"a3 a5 b12 g12",1,"a3","a5","b12","g12",22,19,6,2,4.47936459605954e-05,10.013444259839
"a3 a5 b12 h1",1,"a3","a5","b12","h1",22,19,6,49,0.00109744432603459,6.81477114228836
"a3 a5 b12 ant",1,"a3","a5","b12","ant",22,19,6,26,0.000582317397487741,7.44849490237751
"a3 a5 f5 g12",1,"a3","a5","f5","g12",22,19,36,2,0.000268761875763573,8.22168479061099
"a3 a5 f5 h1",1,"a3","a5","f5","h1",22,19,36,49,0.00658466595620753,5.02301167306031
"a3 a5 f5 ant",1,"a3","a5","f5","ant",22,19,36,26,0.00349390438492644,5.65673543314945
"a3 a5 g12 h1",1,"a3","a5","g12","h1",22,19,2,49,0.000365814775344863,7.91338343095647
"a3 a5 g12 ant",1,"a3","a5","g12","ant",22,19,2,26,0.00019410579916258,8.54710719104562
"a3 a5 h1 ant",1,"a3","a5","h1","ant",22,19,49,26,0.00475559207948322,5.34843407349494
"a3 a24 b10 b12",1,"a3","a24","b10","b12",22,69,50,6,0.00406679154115932,5.50490090954002
"a3 a24 b10 f5",1,"a3","a24","b10","f5",22,69,50,36,0.0244007492469559,3.71314144031197
"a3 a24 b10 g12",1,"a3","a24","b10","g12",22,69,50,2,0.00135559718038644,6.60351319820813
"a3 a24 b10 h1",1,"a3","a24","b10","h1",22,69,50,49,0.0332121309194678,3.40484008065745
"a3 a24 b10 ant",2,"a3","a24","b10","ant",22,69,50,26,0.0176227633450237,4.73171102130654
"a3 a24 b12 f5",1,"a3","a24","b12","f5",22,69,6,36,0.00292808990963471,5.83340497651206
"a3 a24 b12 g12",1,"a3","a24","b12","g12",22,69,6,2,0.000162671661646373,8.72377673440823
"a3 a24 b12 h1",1,"a3","a24","b12","h1",22,69,6,49,0.00398545571033614,5.52510361685754
"a3 a24 b12 ant",1,"a3","a24","b12","ant",22,69,6,26,0.00211473160140285,6.15882737694669
"a3 a24 f5 g12",1,"a3","a24","f5","g12",22,69,36,2,0.000976029969878238,6.93201726518017
"a3 a24 f5 h1",2,"a3","a24","f5","h1",22,69,36,49,0.0239127342620168,4.42649132818943
"a3 a24 f5 ant",1,"a3","a24","f5","ant",22,69,36,26,0.0126883896084171,4.36706790771863
"a3 a24 g12 h1",1,"a3","a24","g12","h1",22,69,2,49,0.00132848523677871,6.62371590552565
"a3 a24 g12 ant",1,"a3","a24","g12","ant",22,69,2,26,0.000704910533800949,7.2574396656148
"a3 a24 h1 ant",1,"a3","a24","h1","ant",22,69,49,26,0.0172703080781233,4.05876654806412
"a3 b10 b12 f5",1,"a3","b10","b12","f5",22,50,6,36,0.00212180428234399,6.15548847568117
"a3 b10 b12 g12",1,"a3","b10","b12","g12",22,50,6,2,0.000117878015685777,9.04586023357734
"a3 b10 b12 h1",1,"a3","b10","b12","h1",22,50,6,49,0.00288801138430155,5.84718711602666
"a3 b10 b12 ant",1,"a3","b10","b12","ant",22,50,6,26,0.00153241420391511,6.4809108761158
"a3 b10 f5 g12",1,"a3","b10","f5","g12",22,50,36,2,0.000707268094114665,7.25410076434928
"a3 b10 f5 h1",1,"a3","b10","f5","h1",22,50,36,49,0.0173280683058093,4.0554276467986
"a3 b10 f5 ant",1,"a3","b10","f5","ant",22,50,36,26,0.00919448522349064,4.68915140688775
"a3 b10 g12 h1",1,"a3","b10","g12","h1",22,50,2,49,0.00096267046143385,6.94579940469477
"a3 b10 g12 ant",1,"a3","b10","g12","ant",22,50,2,26,0.000510804734638369,7.57952316478391
"a3 b10 h1 ant",1,"a3","b10","h1","ant",22,50,49,26,0.01251471599864,4.38085004723323
"a3 b12 f5 g12",1,"a3","b12","f5","g12",22,6,36,2,8.48721712937598e-05,9.37436430054938
"a3 b12 f5 h1",1,"a3","b12","f5","h1",22,6,36,49,0.00207936819669712,6.17569118299869
"a3 b12 f5 ant",1,"a3","b12","f5","ant",22,6,36,26,0.00110333822681888,6.80941494308784
"a3 b12 g12 h1",1,"a3","b12","g12","h1",22,6,2,49,0.000115520455372062,9.06606294089486
"a3 b12 g12 ant",1,"a3","b12","g12","ant",22,6,2,26,6.12965681566043e-05,9.699786700984
"a3 b12 h1 ant",1,"a3","b12","h1","ant",22,6,49,26,0.0015017659198368,6.50111358343332
"a3 f5 g12 h1",1,"a3","f5","g12","h1",22,36,2,49,0.000693122732232372,7.2743034716668
"a3 f5 g12 ant",1,"a3","f5","g12","ant",22,36,2,26,0.000367779408939626,7.90802723175595
"a3 f5 h1 ant",1,"a3","f5","h1","ant",22,36,49,26,0.00901059551902083,4.70935411420527
"a3 g12 h1 ant",1,"a3","g12","h1","ant",22,2,49,26,0.000500588639945602,7.59972587210143
"a4 a5 a24 b10",1,"a4","a5","a24","b10",2,19,69,50,0.00117074301942465,6.75011667240001
"a4 a5 a24 b12",1,"a4","a5","a24","b12",2,19,69,6,0.000140489162330958,8.8703802086001
"a4 a5 a24 f5",1,"a4","a5","a24","f5",2,19,69,36,0.000842934973985751,7.07862073937205
"a4 a5 a24 g12",1,"a4","a5","a24","g12",2,19,69,2,4.68297207769861e-05,9.96899249726821
"a4 a5 a24 h1",1,"a4","a5","a24","h1",2,19,69,49,0.00114732815903616,6.77031937971753
"a4 a5 a24 ant",1,"a4","a5","a24","ant",2,19,69,26,0.00060878637010082,7.40404313980667
"a4 a5 b10 b12",1,"a4","a5","b10","b12",2,19,50,6,0.000101803740819535,9.19246370776921
"a4 a5 b10 f5",1,"a4","a5","b10","f5",2,19,50,36,0.000610822444917211,7.40070423854116
"a4 a5 b10 g12",1,"a4","a5","b10","g12",2,19,50,2,3.39345802731784e-05,10.2910759964373
"a4 a5 b10 h1",1,"a4","a5","b10","h1",2,19,50,49,0.00083139721669287,7.09240287888664
"a4 a5 b10 ant",1,"a4","a5","b10","ant",2,19,50,26,0.000441149543551319,7.72612663897579
"a4 a5 b12 f5",1,"a4","a5","b12","f5",2,19,6,36,7.32986933900653e-05,9.52096777474125
"a4 a5 b12 g12",1,"a4","a5","b12","g12",2,19,6,2,4.0721496327814e-06,12.4113395326374
"a4 a5 b12 h1",1,"a4","a5","b12","h1",2,19,6,49,9.97676660031444e-05,9.21266641508673
"a4 a5 b12 ant",1,"a4","a5","b12","ant",2,19,6,26,5.29379452261583e-05,9.84639017517588
"a4 a5 f5 g12",1,"a4","a5","f5","g12",2,19,36,2,2.44328977966884e-05,10.6195800634094
"a4 a5 f5 h1",1,"a4","a5","f5","h1",2,19,36,49,0.000598605996018866,7.42090694585868
"a4 a5 f5 ant",1,"a4","a5","f5","ant",2,19,36,26,0.00031762767135695,8.05463070594782
"a4 a5 g12 h1",1,"a4","a5","g12","h1",2,19,2,49,3.32558886677148e-05,10.3112787037548
"a4 a5 g12 ant",1,"a4","a5","g12","ant",2,19,2,26,1.76459817420528e-05,10.945002463844
"a4 a5 h1 ant",1,"a4","a5","h1","ant",2,19,49,26,0.000432326552680292,7.74632934629331
"a4 a24 b10 b12",1,"a4","a24","b10","b12",2,69,50,6,0.000369708321923575,7.9027961823384
"a4 a24 b10 f5",1,"a4","a24","b10","f5",2,69,50,36,0.00221824993154145,6.11103671311034
"a4 a24 b10 g12",1,"a4","a24","b10","g12",2,69,50,2,0.000123236107307858,9.0014084710065
"a4 a24 b10 h1",1,"a4","a24","b10","h1",2,69,50,49,0.00301928462904253,5.80273535345582
"a4 a24 b10 ant",1,"a4","a24","b10","ant",2,69,50,26,0.00160206939500216,6.43645911354497
"a4 a24 b12 f5",1,"a4","a24","b12","f5",2,69,6,36,0.000266189991784974,8.23130024931043
"a4 a24 b12 g12",1,"a4","a24","b12","g12",2,69,6,2,1.4788332876943e-05,11.1216720072066
"a4 a24 b12 h1",1,"a4","a24","b12","h1",2,69,6,49,0.000362314155485103,7.92299888965591
"a4 a24 b12 ant",1,"a4","a24","b12","ant",2,69,6,26,0.000192248327400259,8.55672264974506
"a4 a24 f5 g12",1,"a4","a24","f5","g12",2,69,36,2,8.8729997261658e-05,9.32991253797854
"a4 a24 f5 h1",1,"a4","a24","f5","h1",2,69,36,49,0.00217388493291062,6.13123942042786
"a4 a24 f5 ant",1,"a4","a24","f5","ant",2,69,36,26,0.00115348996440155,6.764963180517
"a4 a24 g12 h1",1,"a4","a24","g12","h1",2,69,2,49,0.000120771385161701,9.02161117832402
"a4 a24 g12 ant",1,"a4","a24","g12","ant",2,69,2,26,6.40827758000863e-05,9.65533493841317
"a4 a24 h1 ant",1,"a4","a24","h1","ant",2,69,49,26,0.00157002800710211,6.45666182086249
"a4 b10 b12 f5",1,"a4","b10","b12","f5",2,50,6,36,0.000192891298394909,8.55338374847955
"a4 b10 b12 g12",1,"a4","b10","b12","g12",2,50,6,2,1.07161832441616e-05,11.4437555063757
"a4 b10 b12 h1",1,"a4","b10","b12","h1",2,50,6,49,0.000262546489481959,8.24508238882503
"a4 b10 b12 ant",1,"a4","b10","b12","ant",2,50,6,26,0.000139310382174101,8.87880614891417
"a4 b10 f5 g12",1,"a4","b10","f5","g12",2,50,36,2,6.42970994649696e-05,9.65199603714765
"a4 b10 f5 h1",1,"a4","b10","f5","h1",2,50,36,49,0.00157527893689175,6.45332291959697
"a4 b10 f5 ant",1,"a4","b10","f5","ant",2,50,36,26,0.000835862293044604,7.08704667968612
"a4 b10 g12 h1",1,"a4","b10","g12","h1",2,50,2,49,8.75154964939863e-05,9.34369467749314
"a4 b10 g12 ant",1,"a4","b10","g12","ant",2,50,2,26,4.64367940580336e-05,9.97741843758228
"a4 b10 h1 ant",1,"a4","b10","h1","ant",2,50,49,26,0.00113770145442182,6.7787453200316
"a4 b12 f5 g12",1,"a4","b12","f5","g12",2,6,36,2,7.71565193579634e-06,11.7722595733477
"a4 b12 f5 h1",1,"a4","b12","f5","h1",2,6,36,49,0.00018903347242701,8.57358645579706
"a4 b12 f5 ant",1,"a4","b12","f5","ant",2,6,36,26,0.000100303475165352,9.20731021588621
"a4 b12 g12 h1",1,"a4","b12","g12","h1",2,6,2,49,1.05018595792784e-05,11.4639582136932
"a4 b12 g12 ant",1,"a4","b12","g12","ant",2,6,2,26,5.57241528696403e-06,12.0976819737824
"a4 b12 h1 ant",1,"a4","b12","h1","ant",2,6,49,26,0.000136524174530619,8.89900885623169
"a4 f5 g12 h1",1,"a4","f5","g12","h1",2,36,2,49,6.30111574756701e-05,9.67219874446517
"a4 f5 g12 ant",1,"a4","f5","g12","ant",2,36,2,26,3.34344917217842e-05,10.3059225045543
"a4 f5 h1 ant",1,"a4","f5","h1","ant",2,36,49,26,0.000819145047183712,7.10724938700364
"a4 g12 h1 ant",1,"a4","g12","h1","ant",2,2,49,26,4.55080581768729e-05,9.9976211448998
"a5 a24 b10 b12",1,"a5","a24","b10","b12",19,69,50,6,0.00351222905827396,5.6515043837319
"a5 a24 b10 f5",1,"a5","a24","b10","f5",19,69,50,36,0.0210733743496438,3.85974491450385
"a5 a24 b10 g12",1,"a5","a24","b10","g12",19,69,50,2,0.00117074301942465,6.75011667240001
"a5 a24 b10 h1",1,"a5","a24","b10","h1",19,69,50,49,0.028683203975904,3.55144355484933
"a5 a24 b10 ant",1,"a5","a24","b10","ant",19,69,50,26,0.0152196592525205,4.18516731493847
"a5 a24 b12 f5",1,"a5","a24","b12","f5",19,69,6,36,0.00252880492195725,5.98000845070394
"a5 a24 b12 g12",1,"a5","a24","b12","g12",19,69,6,2,0.000140489162330958,8.8703802086001
"a5 a24 b12 h1",1,"a5","a24","b12","h1",19,69,6,49,0.00344198447710848,5.67170709104942
"a5 a24 b12 ant",1,"a5","a24","b12","ant",19,69,6,26,0.00182635911030246,6.30543085113856
"a5 a24 f5 g12",1,"a5","a24","f5","g12",19,69,36,2,0.000842934973985751,7.07862073937205
"a5 a24 f5 h1",1,"a5","a24","f5","h1",19,69,36,49,0.0206519068626509,3.87994762182136
"a5 a24 f5 ant",1,"a5","a24","f5","ant",19,69,36,26,0.0109581546618148,4.51367138191051
"a5 a24 g12 h1",1,"a5","a24","g12","h1",19,69,2,49,0.00114732815903616,6.77031937971753
"a5 a24 g12 ant",1,"a5","a24","g12","ant",19,69,2,26,0.00060878637010082,7.40404313980667
"a5 a24 h1 ant",1,"a5","a24","h1","ant",19,69,49,26,0.0149152660674701,4.20537002225599
"a5 b10 b12 f5",1,"a5","b10","b12","f5",19,50,6,36,0.00183246733475163,6.30209194987305
"a5 b10 b12 g12",1,"a5","b10","b12","g12",19,50,6,2,0.000101803740819535,9.19246370776921
"a5 b10 b12 h1",1,"a5","b10","b12","h1",19,50,6,49,0.00249419165007861,5.99379059021853
"a5 b10 b12 ant",1,"a5","b10","b12","ant",19,50,6,26,0.00132344863065396,6.62751435030768
"a5 b10 f5 g12",1,"a5","b10","f5","g12",19,50,36,2,0.000610822444917211,7.40070423854116
"a5 b10 f5 h1",1,"a5","b10","f5","h1",19,50,36,49,0.0149651499004717,4.20203112099048
"a5 b10 f5 ant",1,"a5","b10","f5","ant",19,50,36,26,0.00794069178392374,4.83575488107962
"a5 b10 g12 h1",1,"a5","b10","g12","h1",19,50,2,49,0.00083139721669287,7.09240287888664
"a5 b10 g12 ant",1,"a5","b10","g12","ant",19,50,2,26,0.000441149543551319,7.72612663897579
"a5 b10 h1 ant",1,"a5","b10","h1","ant",19,50,49,26,0.0108081638170073,4.52745352142511
"a5 b12 f5 g12",1,"a5","b12","f5","g12",19,6,36,2,7.32986933900653e-05,9.52096777474125
"a5 b12 f5 h1",1,"a5","b12","f5","h1",19,6,36,49,0.0017958179880566,6.32229465719057
"a5 b12 f5 ant",1,"a5","b12","f5","ant",19,6,36,26,0.000952883014070849,6.95601841727971
"a5 b12 g12 h1",1,"a5","b12","g12","h1",19,6,2,49,9.97676660031444e-05,9.21266641508673
"a5 b12 g12 ant",1,"a5","b12","g12","ant",19,6,2,26,5.29379452261583e-05,9.84639017517588
"a5 b12 h1 ant",1,"a5","b12","h1","ant",19,6,49,26,0.00129697965804088,6.6477170576252
"a5 f5 g12 h1",1,"a5","f5","g12","h1",19,36,2,49,0.000598605996018866,7.42090694585868
"a5 f5 g12 ant",1,"a5","f5","g12","ant",19,36,2,26,0.00031762767135695,8.05463070594782
"a5 f5 h1 ant",1,"a5","f5","h1","ant",19,36,49,26,0.00778187794824526,4.85595758839714
"a5 g12 h1 ant",1,"a5","g12","h1","ant",19,2,49,26,0.000432326552680292,7.74632934629331
"a24 b10 b12 f5",1,"a24","b10","b12","f5",69,50,6,36,0.00665474979462435,5.01242442444223
"a24 b10 b12 g12",1,"a24","b10","b12","g12",69,50,6,2,0.000369708321923575,7.9027961823384
"a24 b10 b12 h1",1,"a24","b10","b12","h1",69,50,6,49,0.00905785388712758,4.70412306478771
"a24 b10 b12 ant",2,"a24","b10","b12","ant",69,50,6,26,0.00480620818500647,6.0309940054368
"a24 b10 f5 g12",1,"a24","b10","f5","g12",69,50,36,2,0.00221824993154145,6.11103671311034
"a24 b10 f5 h1",1,"a24","b10","f5","h1",69,50,36,49,0.0543471233227655,2.91236359555966
"a24 b10 f5 ant",1,"a24","b10","f5","ant",69,50,36,26,0.0288372491100388,3.5460873556488
"a24 b10 g12 h1",1,"a24","b10","g12","h1",69,50,2,49,0.00301928462904253,5.80273535345582
"a24 b10 g12 ant",1,"a24","b10","g12","ant",69,50,2,26,0.00160206939500216,6.43645911354497
"a24 b10 h1 ant",1,"a24","b10","h1","ant",69,50,49,26,0.0392507001775529,3.23778599599429
"a24 b12 f5 g12",1,"a24","b12","f5","g12",69,6,36,2,0.000266189991784974,8.23130024931043
"a24 b12 f5 h1",1,"a24","b12","f5","h1",69,6,36,49,0.00652165479873186,5.03262713175975
"a24 b12 f5 ant",2,"a24","b12","f5","ant",69,6,36,26,0.00346046989320466,6.35949807240884
"a24 b12 g12 h1",1,"a24","b12","g12","h1",69,6,2,49,0.000362314155485103,7.92299888965591
"a24 b12 g12 ant",1,"a24","b12","g12","ant",69,6,2,26,0.000192248327400259,8.55672264974506
"a24 b12 h1 ant",1,"a24","b12","h1","ant",69,6,49,26,0.00471008402130634,5.35804953219438
"a24 f5 g12 h1",1,"a24","f5","g12","h1",69,36,2,49,0.00217388493291062,6.13123942042786
"a24 f5 g12 ant",1,"a24","f5","g12","ant",69,36,2,26,0.00115348996440155,6.764963180517
"a24 f5 h1 ant",1,"a24","f5","h1","ant",69,36,49,26,0.0282605041278381,3.56629006296632
"a24 g12 h1 ant",1,"a24","g12","h1","ant",69,2,49,26,0.00157002800710211,6.45666182086249
"b10 b12 f5 g12",1,"b10","b12","f5","g12",50,6,36,2,0.000192891298394909,8.55338374847955
"b10 b12 f5 h1",1,"b10","b12","f5","h1",50,6,36,49,0.00472583681067526,5.35471063092886
"b10 b12 f5 ant",1,"b10","b12","f5","ant",50,6,36,26,0.00250758687913381,5.98843439101801
"b10 b12 g12 h1",1,"b10","b12","g12","h1",50,6,2,49,0.000262546489481959,8.24508238882503
"b10 b12 g12 ant",1,"b10","b12","g12","ant",50,6,2,26,0.000139310382174101,8.87880614891417
"b10 b12 h1 ant",1,"b10","b12","h1","ant",50,6,49,26,0.00341310436326547,5.68013303136349
"b10 f5 g12 h1",1,"b10","f5","g12","h1",50,36,2,49,0.00157527893689175,6.45332291959697
"b10 f5 g12 ant",1,"b10","f5","g12","ant",50,36,2,26,0.000835862293044604,7.08704667968612
"b10 f5 h1 ant",1,"b10","f5","h1","ant",50,36,49,26,0.0204786261795928,3.88837356213544
"b10 g12 h1 ant",1,"b10","g12","h1","ant",50,2,49,26,0.00113770145442182,6.7787453200316
"b12 f5 g12 h1",1,"b12","f5","g12","h1",6,36,2,49,0.00018903347242701,8.57358645579706
"b12 f5 g12 ant",1,"b12","f5","g12","ant",6,36,2,26,0.000100303475165352,9.20731021588621
"b12 f5 h1 ant",1,"b12","f5","h1","ant",6,36,49,26,0.00245743514155114,6.00863709833553
"b12 g12 h1 ant",1,"b12","g12","h1","ant",6,2,49,26,0.000136524174530619,8.89900885623169
"f5 g12 h1 ant",1,"f5","g12","h1","ant",36,2,49,26,0.000819145047183712,7.10724938700364
"a1 c1 f13 g20",1,"a1","c1","f13","g20",136,125,9,2,0.00273262672726121,5.90249196121728
"a1 c1 f13 g22",1,"a1","c1","f13","g22",136,125,9,1,0.0013663133636306,6.59563914177723
"a1 c1 g20 g22",1,"a1","c1","g20","g22",136,125,2,1,0.000303625191917912,8.0997165385535
"a1 f13 g20 g22",1,"a1","f13","g20","g22",136,9,2,1,2.18610138180896e-05,10.7308056985196
"c1 f13 g20 g22",1,"c1","f13","g20","g22",125,9,2,1,2.0092843582803e-05,10.8151468469533
"a3 d29 e1 f12",1,"a3","d29","e1","f12",22,7,17,22,0.000514341075108942,7.57262394232364
"a3 d29 e1 f60",1,"a3","d29","e1","f60",22,7,17,1,2.33791397776792e-05,10.663666395682
"a3 d29 f12 f60",1,"a3","d29","f12","f60",22,7,22,1,3.02553573593496e-05,10.4058372863799
"a3 e1 f12 f60",1,"a3","e1","f12","f60",22,17,22,1,7.34772964441346e-05,9.51853409137895
"d29 e1 f12 f60",1,"d29","e1","f12","f60",7,17,22,1,2.33791397776792e-05,10.663666395682
"c1 i5 i13 i22",1,"c1","i5","i13","i22",125,6,4,1,2.6790458110404e-05,10.5274647745016
"c1 i5 i13 i23",1,"c1","i5","i13","i23",125,6,4,1,2.6790458110404e-05,10.5274647745016
"c1 i5 i13 ant",1,"c1","i5","i13","ant",125,6,4,26,0.000696551910870503,7.26936823648007
"c1 i5 i22 i23",1,"c1","i5","i22","i23",125,6,1,1,6.69761452760099e-06,11.9137591356214
"c1 i5 i22 ant",1,"c1","i5","i22","ant",125,6,1,26,0.000174137977717626,8.65566259759996
"c1 i5 i23 ant",1,"c1","i5","i23","ant",125,6,1,26,0.000174137977717626,8.65566259759996
"c1 i13 i22 i23",1,"c1","i13","i22","i23",125,4,1,1,4.465076351734e-06,12.3192242437296
"c1 i13 i22 ant",1,"c1","i13","i22","ant",125,4,1,26,0.000116091985145084,9.06112770570813
"c1 i13 i23 ant",1,"c1","i13","i23","ant",125,4,1,26,0.000116091985145084,9.06112770570813
"c1 i22 i23 ant",1,"c1","i22","i23","ant",125,1,1,26,2.9022996286271e-05,10.447422066828
"i5 i13 i22 i23",1,"i5","i13","i22","i23",6,4,1,1,2.14323664883232e-07,15.3557785118039
"i5 i13 i22 ant",1,"i5","i13","i22","ant",6,4,1,26,5.57241528696403e-06,12.0976819737824
"i5 i13 i23 ant",1,"i5","i13","i23","ant",6,4,1,26,5.57241528696403e-06,12.0976819737824
"i5 i22 i23 ant",1,"i5","i22","i23","ant",6,1,1,26,1.39310382174101e-06,13.4839763349023
"i13 i22 i23 ant",1,"i13","i22","i23","ant",4,1,1,26,9.28735881160671e-07,13.8894414430104
"c1 d15 f15 g1",1,"c1","d15","f15","g1",125,11,4,97,0.00476423646730017,5.34661799242786
"a1 c1 c5 c6",1,"a1","c1","c5","c6",136,125,18,3,0.00819788018178362,4.80387967254917
"a1 c1 c5 f55",1,"a1","c1","c5","f55",136,125,18,3,0.00819788018178362,4.80387967254917
"a1 c1 c5 g1",3,"a1","c1","c5","g1",136,125,18,97,0.265064792544337,2.42639327138201
"a1 c1 c5 g7",1,"a1","c1","c5","g7",136,125,18,3,0.00819788018178362,4.80387967254917
"a1 c1 c6 f55",1,"a1","c1","c6","f55",136,125,3,3,0.0013663133636306,6.59563914177723
"a1 c1 c6 g1",1,"a1","c1","c6","g1",136,125,3,97,0.0441774654240562,3.11954045194196
"a1 c1 c6 g7",1,"a1","c1","c6","g7",136,125,3,3,0.0013663133636306,6.59563914177723
"a1 c1 f55 g1",1,"a1","c1","f55","g1",136,125,3,97,0.0441774654240562,3.11954045194196
"a1 c1 f55 g7",1,"a1","c1","f55","g7",136,125,3,3,0.0013663133636306,6.59563914177723
"a1 c1 g1 g7",2,"a1","c1","g1","g7",136,125,97,3,0.0441774654240562,3.8126876325019
"a1 c5 c6 f55",1,"a1","c5","c6","f55",136,18,3,3,0.000196749124362807,8.53358112118337
"a1 c5 c6 g1",1,"a1","c5","c6","g1",136,18,3,97,0.00636155502106409,5.05748243134809
"a1 c5 c6 g7",1,"a1","c5","c6","g7",136,18,3,3,0.000196749124362807,8.53358112118337
"a1 c5 f55 g1",1,"a1","c5","f55","g1",136,18,3,97,0.00636155502106409,5.05748243134809
"a1 c5 f55 g7",1,"a1","c5","f55","g7",136,18,3,3,0.000196749124362807,8.53358112118337
"a1 c5 g1 g7",1,"a1","c5","g1","g7",136,18,97,3,0.00636155502106409,5.05748243134809
"a1 c6 f55 g1",1,"a1","c6","f55","g1",136,3,3,97,0.00106025917017735,6.84924190057615
"a1 c6 f55 g7",1,"a1","c6","f55","g7",136,3,3,3,3.27915207271345e-05,10.3253405904114
"a1 c6 g1 g7",1,"a1","c6","g1","g7",136,3,97,3,0.00106025917017735,6.84924190057615
"a1 f55 g1 g7",1,"a1","f55","g1","g7",136,3,97,3,0.00106025917017735,6.84924190057615
"c1 c5 c6 f55",1,"c1","c5","c6","f55",125,18,3,3,0.000180835592245227,8.61792226961712
"c1 c5 c6 g1",2,"c1","c5","c6","g1",125,18,3,97,0.00584701748259567,5.83497076034179
"c1 c5 c6 g7",1,"c1","c5","c6","g7",125,18,3,3,0.000180835592245227,8.61792226961712
"c1 c5 f55 g1",1,"c1","c5","f55","g1",125,18,3,97,0.00584701748259567,5.14182357978184
"c1 c5 f55 g7",1,"c1","c5","f55","g7",125,18,3,3,0.000180835592245227,8.61792226961712
"c1 c5 g1 g7",1,"c1","c5","g1","g7",125,18,97,3,0.00584701748259567,5.14182357978184
"c1 c6 f55 g1",1,"c1","c6","f55","g1",125,3,3,97,0.000974502913765945,6.9335830490099
"c1 c6 f55 g7",1,"c1","c6","f55","g7",125,3,3,3,3.01392653742045e-05,10.4096817388452
"c1 c6 g1 g7",1,"c1","c6","g1","g7",125,3,97,3,0.000974502913765945,6.9335830490099
"c1 f55 g1 g7",1,"c1","f55","g1","g7",125,3,97,3,0.000974502913765945,6.9335830490099
"c5 c6 f55 g1",1,"c5","c6","f55","g1",18,3,3,97,0.000140328419582296,8.87152502841603
"c5 c6 f55 g7",1,"c5","c6","f55","g7",18,3,3,3,4.34005421388544e-06,12.3476237182513
"c5 c6 g1 g7",1,"c5","c6","g1","g7",18,3,97,3,0.000140328419582296,8.87152502841603
"c5 f55 g1 g7",1,"c5","f55","g1","g7",18,3,97,3,0.000140328419582296,8.87152502841603
"c6 f55 g1 g7",1,"c6","f55","g1","g7",3,3,97,3,2.33880699303827e-05,10.6632844976441
"a1 a24 e3 f5",1,"a1","a24","e3","f5",136,69,2,36,0.00603363981379274,5.11040483280243
"a1 a24 e3 f14",1,"a1","a24","e3","f14",136,69,2,16,0.002681617695019,5.92133504901876
"a1 a24 e3 f35",1,"a1","a24","e3","f35",136,69,2,4,0.000670404423754749,7.30762941013865
"a1 a24 e3 h1",1,"a1","a24","e3","h1",136,69,2,49,0.00821245419099568,4.80210347314792
"a1 a24 f5 f14",1,"a1","a24","f5","f14",136,69,36,16,0.0482691185103419,3.0309632911226
"a1 a24 f5 f35",1,"a1","a24","f5","f35",136,69,36,4,0.0120672796275855,4.41725765224249
"a1 a24 f14 f35",1,"a1","a24","f14","f35",136,69,16,4,0.00536323539003799,5.22818786845882
"a1 a24 f14 h1",1,"a1","a24","f14","h1",136,69,16,49,0.0656996335279654,2.72266193146808
"a1 a24 f35 h1",1,"a1","a24","f35","h1",136,69,4,49,0.0164249083819914,4.10895629258797
"a1 e3 f5 f14",1,"a1","e3","f5","f14",136,2,36,16,0.00139910488435774,6.57192261515991
"a1 e3 f5 f35",1,"a1","e3","f5","f35",136,2,36,4,0.000349776221089434,7.9582169762798
"a1 e3 f5 h1",1,"a1","e3","f5","h1",136,2,36,49,0.00428475870834557,5.45269103928907
"a1 e3 f14 f35",1,"a1","e3","f14","f35",136,2,16,4,0.000155456098261971,8.76914719249613
"a1 e3 f14 h1",1,"a1","e3","f14","h1",136,2,16,49,0.00190433720370914,6.2636212555054
"a1 e3 f35 h1",1,"a1","e3","f35","h1",136,2,4,49,0.000476084300927286,7.64991561662529
"a1 f5 f14 f35",1,"a1","f5","f14","f35",136,36,16,4,0.00279820976871547,5.87877543459997
"a1 f5 f14 h1",1,"a1","f5","f14","h1",136,36,16,49,0.0342780696667646,3.37324949760923
"a1 f5 f35 h1",1,"a1","f5","f35","h1",136,36,4,49,0.00856951741669114,4.75954385872912
"a1 f14 f35 h1",2,"a1","f14","f35","h1",136,16,4,49,0.00380867440741829,6.2636212555054
"a24 e3 f5 f14",1,"a24","e3","f5","f14",69,2,36,16,0.000709839978093264,7.2504709962987
"a24 e3 f5 f35",1,"a24","e3","f5","f35",69,2,36,4,0.000177459994523316,8.6367653574186
"a24 e3 f5 h1",1,"a24","e3","f5","h1",69,2,36,49,0.00217388493291062,6.13123942042786
"a24 e3 f14 f35",1,"a24","e3","f14","f35",69,2,16,4,7.88711086770293e-05,9.44769557363492
"a24 e3 f14 h1",1,"a24","e3","f14","h1",69,2,16,49,0.000966171081293609,6.94216963664419
"a24 e3 f35 h1",1,"a24","e3","f35","h1",69,2,4,49,0.000241542770323402,8.32846399776408
"a24 f5 f14 f35",1,"a24","f5","f14","f35",69,36,16,4,0.00141967995618653,6.55732381573876
"a24 f5 f14 h1",1,"a24","f5","f14","h1",69,36,16,49,0.017391079463285,4.05179787874802
"a24 f5 f35 h1",1,"a24","f5","f35","h1",69,36,4,49,0.00434776986582124,5.43809223986791
"a24 f14 f35 h1",1,"a24","f14","f35","h1",69,16,4,49,0.00193234216258722,6.24902245608424
"e3 f5 f14 f35",1,"e3","f5","f14","f35",2,36,16,4,4.11501436575805e-05,10.0982831397761
"e3 f5 f14 h1",1,"e3","f5","f14","h1",2,36,16,49,0.000504089259805361,7.59275720278534
"e3 f5 f35 h1",1,"e3","f5","f35","h1",2,36,4,49,0.00012602231495134,8.97905156390523
"e3 f14 f35 h1",1,"e3","f14","f35","h1",2,16,4,49,5.60099177561512e-05,9.78998178012156
"f5 f14 f35 h1",1,"f5","f14","f35","h1",36,16,4,49,0.00100817851961072,6.89961002222539
"b2 b10 e8 f5",1,"b2","b10","e8","f5",28,50,2,36,0.000900159392509574,7.0129387075324
"b2 b10 e8 h1",1,"b2","b10","e8","h1",28,50,2,49,0.00122521695091581,6.70463734787788
"b2 b10 f5 h1",1,"b2","b10","f5","h1",28,50,36,49,0.0220539051164846,3.81426558998171
"b2 e8 f5 h1",1,"b2","e8","f5","h1",28,2,36,49,0.000882156204659382,7.03314141484991
"b10 e8 f5 h1",1,"b10","e8","f5","h1",50,2,36,49,0.00157527893689175,6.45332291959697
"a1 b4 f14 f15",1,"a1","b4","f14","f15",136,8,16,4,0.000621824393047883,7.38285283137624
"a1 b4 f14 f35",1,"a1","b4","f14","f35",136,8,16,4,0.000621824393047883,7.38285283137624
"a1 b4 f14 f45",1,"a1","b4","f14","f45",136,8,16,1,0.000155456098261971,8.76914719249613
"a1 b4 f14 g1",1,"a1","b4","f14","g1",136,8,16,97,0.0150792415314112,4.19443621399275
"a1 b4 f14 h1",1,"a1","b4","f14","h1",136,8,16,49,0.00761734881483657,4.87732689438551
"a1 b4 f15 f35",1,"a1","b4","f15","f35",136,8,4,4,0.000155456098261971,8.76914719249613
"a1 b4 f15 f45",1,"a1","b4","f15","f45",136,8,4,1,3.88640245654927e-05,10.155441553616
"a1 b4 f15 g1",1,"a1","b4","f15","g1",136,8,4,97,0.00376981038285279,5.58073057511264
"a1 b4 f15 h1",1,"a1","b4","f15","h1",136,8,4,49,0.00190433720370914,6.2636212555054
"a1 b4 f35 f45",1,"a1","b4","f35","f45",136,8,4,1,3.88640245654927e-05,10.155441553616
"a1 b4 f35 g1",1,"a1","b4","f35","g1",136,8,4,97,0.00376981038285279,5.58073057511264
"a1 b4 f35 h1",1,"a1","b4","f35","h1",136,8,4,49,0.00190433720370914,6.2636212555054
"a1 b4 f45 g1",1,"a1","b4","f45","g1",136,8,1,97,0.000942452595713198,6.96702493623253
"a1 b4 f45 h1",1,"a1","b4","f45","h1",136,8,1,49,0.000476084300927286,7.64991561662529
"a1 b4 g1 h1",2,"a1","b4","g1","h1",136,8,97,49,0.0461801771899467,3.76835181868185
"a1 f14 f15 f35",1,"a1","f14","f15","f35",136,16,4,4,0.000310912196523942,8.07600001193619
"a1 f14 f15 f45",1,"a1","f14","f15","f45",136,16,4,1,7.77280491309854e-05,9.46229437305608
"a1 f14 f15 g1",2,"a1","f14","f15","g1",136,16,4,97,0.00753962076570559,5.58073057511264
"a1 f14 f15 h1",1,"a1","f14","f15","h1",136,16,4,49,0.00380867440741829,5.57047407494545
"a1 f14 f35 f45",1,"a1","f14","f35","f45",136,16,4,1,7.77280491309854e-05,9.46229437305608
"a1 f14 f35 g1",1,"a1","f14","f35","g1",136,16,4,97,0.00753962076570559,4.88758339455269
"a1 f14 f45 g1",1,"a1","f14","f45","g1",136,16,1,97,0.0018849051914264,6.27387775567258
"a1 f14 f45 h1",1,"a1","f14","f45","h1",136,16,1,49,0.000952168601854571,6.95676843606534
"a1 f14 g1 h1",1,"a1","f14","g1","h1",136,16,97,49,0.0923603543798934,2.38205745756196
"a1 f15 f35 f45",1,"a1","f15","f35","f45",136,4,4,1,1.94320122827464e-05,10.848588734176
"a1 f15 f35 g1",1,"a1","f15","f35","g1",136,4,4,97,0.0018849051914264,6.27387775567258
"a1 f15 f35 h1",1,"a1","f15","f35","h1",136,4,4,49,0.000952168601854571,6.95676843606534
"a1 f15 f45 g1",1,"a1","f15","f45","g1",136,4,1,97,0.000471226297856599,7.66017211679248
"a1 f15 f45 h1",1,"a1","f15","f45","h1",136,4,1,49,0.000238042150463643,8.34306279718523
"a1 f15 g1 h1",2,"a1","f15","g1","h1",136,4,97,49,0.0230900885949734,4.46149899924179
"a1 f35 f45 g1",1,"a1","f35","f45","g1",136,4,1,97,0.000471226297856599,7.66017211679248
"a1 f35 f45 h1",1,"a1","f35","f45","h1",136,4,1,49,0.000238042150463643,8.34306279718523
"a1 f35 g1 h1",1,"a1","f35","g1","h1",136,4,97,49,0.0230900885949734,3.76835181868185
"a1 f45 g1 h1",1,"a1","f45","g1","h1",136,1,97,49,0.00577252214874334,5.15464617980174
"b4 f14 f15 f35",1,"b4","f14","f15","f35",8,16,4,4,1.82889527367024e-05,10.9092133559924
"b4 f14 f15 f45",1,"b4","f14","f15","f45",8,16,4,1,4.57223818417561e-06,12.2955077171123
"b4 f14 f15 g1",1,"b4","f14","f15","g1",8,16,4,97,0.000443507103865034,7.72079673860891
"b4 f14 f15 h1",1,"b4","f14","f15","h1",8,16,4,49,0.000224039671024605,8.40368741900167
"b4 f14 f35 f45",1,"b4","f14","f35","f45",8,16,4,1,4.57223818417561e-06,12.2955077171123
"b4 f14 f35 g1",1,"b4","f14","f35","g1",8,16,4,97,0.000443507103865034,7.72079673860891
"b4 f14 f35 h1",1,"b4","f14","f35","h1",8,16,4,49,0.000224039671024605,8.40368741900167
"b4 f14 f45 g1",1,"b4","f14","f45","g1",8,16,1,97,0.000110876775966259,9.1070910997288
"b4 f14 f45 h1",1,"b4","f14","f45","h1",8,16,1,49,5.60099177561512e-05,9.78998178012156
"b4 f14 g1 h1",1,"b4","f14","g1","h1",8,16,97,49,0.00543296202234667,5.21527080161817
"b4 f15 f35 f45",1,"b4","f15","f35","f45",8,4,4,1,1.1430595460439e-06,13.6818020782322
"b4 f15 f35 g1",1,"b4","f15","f35","g1",8,4,4,97,0.000110876775966259,9.1070910997288
"b4 f15 f35 h1",1,"b4","f15","f35","h1",8,4,4,49,5.60099177561512e-05,9.78998178012156
"b4 f15 f45 g1",1,"b4","f15","f45","g1",8,4,1,97,2.77191939915646e-05,10.4933854608487
"b4 f15 f45 h1",1,"b4","f15","f45","h1",8,4,1,49,1.40024794390378e-05,11.1762761412414
"b4 f15 g1 h1",1,"b4","f15","g1","h1",8,4,97,49,0.00135824050558667,6.60156516273806
"b4 f35 f45 g1",1,"b4","f35","f45","g1",8,4,1,97,2.77191939915646e-05,10.4933854608487
"b4 f35 f45 h1",1,"b4","f35","f45","h1",8,4,1,49,1.40024794390378e-05,11.1762761412414
"b4 f35 g1 h1",1,"b4","f35","g1","h1",8,4,97,49,0.00135824050558667,6.60156516273806
"b4 f45 g1 h1",1,"b4","f45","g1","h1",8,1,97,49,0.000339560126396667,7.98785952385796
"f14 f15 f35 f45",1,"f14","f15","f35","f45",16,4,4,1,2.28611909208781e-06,12.9886548976722
"f14 f15 f35 g1",1,"f14","f15","f35","g1",16,4,4,97,0.000221753551932517,8.41394391916886
"f14 f15 f35 h1",1,"f14","f15","f35","h1",16,4,4,49,0.000112019835512302,9.09683459956161
"f14 f15 f45 g1",1,"f14","f15","f45","g1",16,4,1,97,5.54383879831293e-05,9.80023828028875
"f14 f15 f45 h1",1,"f14","f15","f45","h1",16,4,1,49,2.80049588780756e-05,10.4831289606815
"f14 f15 g1 h1",1,"f14","f15","g1","h1",16,4,97,49,0.00271648101117334,5.90841798217812
"f14 f35 f45 g1",1,"f14","f35","f45","g1",16,4,1,97,5.54383879831293e-05,9.80023828028875
"f14 f35 f45 h1",1,"f14","f35","f45","h1",16,4,1,49,2.80049588780756e-05,10.4831289606815
"f14 f35 g1 h1",1,"f14","f35","g1","h1",16,4,97,49,0.00271648101117334,5.90841798217812
"f14 f45 g1 h1",1,"f14","f45","g1","h1",16,1,97,49,0.000679120252793334,7.29471234329801
"f15 f35 f45 g1",1,"f15","f35","f45","g1",4,4,1,97,1.38595969957823e-05,11.1865326414086
"f15 f35 f45 h1",1,"f15","f35","f45","h1",4,4,1,49,7.0012397195189e-06,11.8694233218014
"f15 f35 g1 h1",1,"f15","f35","g1","h1",4,4,97,49,0.000679120252793334,7.29471234329801
"f15 f45 g1 h1",1,"f15","f45","g1","h1",4,1,97,49,0.000169780063198333,8.6810067044179
"f35 f45 g1 h1",1,"f35","f45","g1","h1",4,1,97,49,0.000169780063198333,8.6810067044179
"c1 d3 f5 f12",1,"c1","d3","f5","f12",125,8,36,22,0.00707268094114665,4.95151567135524
"a1 a24 b1 b7",1,"a1","a24","b1","b7",136,69,13,5,0.00544703594300734,5.21268368192285
"a1 a24 b1 b8",2,"a1","a24","b1","b8",136,69,13,6,0.0065364431316088,5.72350930568884
"a1 a24 b7 b8",1,"a1","a24","b7","b8",136,69,5,6,0.00251401658908031,5.98587357015633
"a1 b1 b7 b8",1,"a1","b1","b7","b8",136,13,5,6,0.000473655299391942,7.65503071729206
"a24 b1 b7 b8",1,"a24","b1","b7","b8",69,13,5,6,0.000240310409250324,8.33357909843085
"f5 f12 f16 f27",1,"f5","f12","f16","f27",36,22,3,2,4.24360856468799e-05,10.0675114811093
"b4 b10 b13 c1",1,"b4","b10","b13","c1",8,50,11,125,0.0049115839869074,5.31615878494315
"b4 b10 b13 e1",1,"b4","b10","b13","e1",8,50,11,17,0.000667975422219406,7.31125917818923
"b4 b10 b13 e5",1,"b4","b10","b13","e5",8,50,11,7,0.000275048703266814,8.19856237319014
"b4 b10 b13 f5",1,"b4","b10","b13","f5",8,50,11,36,0.00141453618822933,6.56095358378934
"b4 b10 b13 f12",1,"b4","b10","b13","f12",8,50,11,22,0.000864438781695702,7.05343006888713
"b4 b10 b13 f13",1,"b4","b10","b13","f13",8,50,11,9,0.000353634047057333,7.94724794490923
"b4 b10 b13 f37",1,"b4","b10","b13","f37",8,50,11,2,7.85853437905183e-05,9.4513253416855
"b4 b10 b13 f38",1,"b4","b10","b13","f38",8,50,11,3,0.000117878015685778,9.04586023357734
"b4 b10 b13 f40",1,"b4","b10","b13","f40",8,50,11,1,3.92926718952592e-05,10.1444725222454
"b4 b10 b13 g1",1,"b4","b10","b13","g1",8,50,11,97,0.00381138917384014,5.56976154374207
"b4 b10 c1 e1",1,"b4","b10","c1","e1",8,50,125,17,0.0075906297979478,4.8808407136853
"b4 b10 c1 e5",1,"b4","b10","c1","e5",8,50,125,7,0.0031255534462138,5.7681439086862
"b4 b10 c1 f5",1,"b4","b10","c1","f5",8,50,125,36,0.0160742748662424,4.13053511928541
"b4 b10 c1 f12",1,"b4","b10","c1","f12",8,50,125,22,0.00982316797381479,4.6230116043832
"b4 b10 c1 f13",1,"b4","b10","c1","f13",8,50,125,9,0.0040185687165606,5.5168294804053
"b4 b10 c1 f37",1,"b4","b10","c1","f37",8,50,125,2,0.000893015270346799,7.02090687718157
"b4 b10 c1 f38",1,"b4","b10","c1","f38",8,50,125,3,0.0013395229055202,6.61544176907341
"b4 b10 c1 f40",1,"b4","b10","c1","f40",8,50,125,1,0.0004465076351734,7.71405405774152
"b4 b10 c1 g1",1,"b4","b10","c1","g1",8,50,125,97,0.0433112406118198,3.13934307923813
"b4 b10 e1 e5",1,"b4","b10","e1","e5",8,50,17,7,0.000425075268685076,7.76324430193229
"b4 b10 e1 f5",1,"b4","b10","e1","f5",8,50,17,36,0.00218610138180896,6.12563551253149
"b4 b10 e1 f12",1,"b4","b10","e1","f12",8,50,17,22,0.00133595084443881,6.61811199762929
"b4 b10 e1 f13",1,"b4","b10","e1","f13",8,50,17,9,0.000546525345452241,7.51192987365138
"b4 b10 e1 f37",1,"b4","b10","e1","f37",8,50,17,2,0.000121450076767165,9.01600727042766
"b4 b10 e1 f38",1,"b4","b10","e1","f38",8,50,17,3,0.000182175115150747,8.61054216231949
"b4 b10 e1 f40",1,"b4","b10","e1","f40",8,50,17,1,6.07250383835824e-05,9.7091544509876
"b4 b10 e1 g1",1,"b4","b10","e1","g1",8,50,17,97,0.00589032872320749,5.13444347248422
"b4 b10 e5 f5",1,"b4","b10","e5","f5",8,50,7,36,0.000900159392509574,7.0129387075324
"b4 b10 e5 f12",1,"b4","b10","e5","f12",8,50,7,22,0.000550097406533628,7.50541519263019
"b4 b10 e5 f13",1,"b4","b10","e5","f13",8,50,7,9,0.000225039848127393,8.39923306865229
"b4 b10 e5 f37",1,"b4","b10","e5","f37",8,50,7,2,5.00088551394208e-05,9.90331046542856
"b4 b10 e5 f38",1,"b4","b10","e5","f38",8,50,7,3,7.50132827091311e-05,9.4978453573204
"b4 b10 e5 f40",1,"b4","b10","e5","f40",8,50,7,1,2.50044275697104e-05,10.5964576459885
"b4 b10 e5 g1",1,"b4","b10","e5","g1",8,50,7,97,0.00242542947426191,6.02174666748512
"b4 b10 f5 f12",1,"b4","b10","f5","f12",8,50,36,22,0.00282907237645866,5.86780640322939
"b4 b10 f5 f13",1,"b4","b10","f5","f13",8,50,36,9,0.00115734779036945,6.76162427925149
"b4 b10 f5 f37",1,"b4","b10","f5","f37",8,50,36,2,0.000257188397859878,8.26570167602776
"b4 b10 f5 f38",1,"b4","b10","f5","f38",8,50,36,3,0.000385782596789817,7.8602365679196
"b4 b10 f5 f40",1,"b4","b10","f5","f40",8,50,36,1,0.000128594198929939,8.95884885658771
"b4 b10 f5 g1",1,"b4","b10","f5","g1",8,50,36,97,0.0124736372962041,4.38413787808433
"b4 b10 f12 f13",1,"b4","b10","f12","f13",8,50,22,9,0.000707268094114665,7.25410076434928
"b4 b10 f12 f37",1,"b4","b10","f12","f37",8,50,22,2,0.000157170687581037,8.75817816112556
"b4 b10 f12 f38",1,"b4","b10","f12","f38",8,50,22,3,0.000235756031371555,8.35271305301739
"b4 b10 f12 f40",1,"b4","b10","f12","f40",8,50,22,1,7.85853437905183e-05,9.4513253416855
"b4 b10 f12 g1",1,"b4","b10","f12","g1",8,50,22,97,0.00762277834768028,4.87661436318212
"b4 b10 f13 f37",1,"b4","b10","f13","f37",8,50,9,2,6.42970994649696e-05,9.65199603714765
"b4 b10 f13 f38",1,"b4","b10","f13","f38",8,50,9,3,9.64456491974543e-05,9.24653092903949
"b4 b10 f13 f40",1,"b4","b10","f13","f40",8,50,9,1,3.21485497324848e-05,10.3451432177076
"b4 b10 f13 g1",1,"b4","b10","f13","g1",8,50,9,97,0.00311840932405102,5.77043223920422
"b4 b10 f37 f38",1,"b4","b10","f37","f38",8,50,2,3,2.14323664883232e-05,10.7506083258158
"b4 b10 f37 f40",1,"b4","b10","f37","f40",8,50,2,1,7.1441221627744e-06,11.8492206144839
"b4 b10 f37 g1",1,"b4","b10","f37","g1",8,50,2,97,0.000692979849789116,7.27450963598049
"b4 b10 f38 f40",1,"b4","b10","f38","f40",8,50,3,1,1.07161832441616e-05,11.4437555063757
"b4 b10 f38 g1",1,"b4","b10","f38","g1",8,50,3,97,0.00103946977468367,6.86904452787233
"b4 b10 f40 g1",1,"b4","b10","f40","g1",8,50,1,97,0.000346489924894558,7.96765681654044
"b4 b13 c1 e1",1,"b4","b13","c1","e1",8,11,125,17,0.00166993855554851,6.39496844631508
"b4 b13 c1 e5",1,"b4","b13","c1","e5",8,11,125,7,0.000687621758167036,7.28227164131598
"b4 b13 c1 f5",1,"b4","b13","c1","f5",8,11,125,36,0.00353634047057333,5.64466285191518
"b4 b13 c1 f12",1,"b4","b13","c1","f12",8,11,125,22,0.00216109695423925,6.13713933701298
"b4 b13 c1 f13",1,"b4","b13","c1","f13",8,11,125,9,0.000884085117643331,7.03095721303507
"b4 b13 c1 f37",1,"b4","b13","c1","f37",8,11,125,2,0.000196463359476296,8.53503460981135
"b4 b13 c1 f38",1,"b4","b13","c1","f38",8,11,125,3,0.000294695039214444,8.12956950170318
"b4 b13 c1 f40",1,"b4","b13","c1","f40",8,11,125,1,9.82316797381479e-05,9.22818179037129
"b4 b13 c1 g1",1,"b4","b13","c1","g1",8,11,125,97,0.00952847293460035,4.65347081186791
"b4 b13 e1 e5",1,"b4","b13","e1","e5",8,11,17,7,9.35165591107168e-05,9.27737203456206
"b4 b13 e1 f5",1,"b4","b13","e1","f5",8,11,17,36,0.000480942303997972,7.63976324516127
"b4 b13 e1 f12",1,"b4","b13","e1","f12",8,11,17,22,0.000293909185776539,8.13223973025906
"b4 b13 e1 f13",1,"b4","b13","e1","f13",8,11,17,9,0.000120235575999493,9.02605760628116
"b4 b13 e1 f37",1,"b4","b13","e1","f37",8,11,17,2,2.67190168887762e-05,10.5301350030574
"b4 b13 e1 f38",1,"b4","b13","e1","f38",8,11,17,3,4.00785253331643e-05,10.1246698949493
"b4 b13 e1 f40",1,"b4","b13","e1","f40",8,11,17,1,1.33595084443881e-05,11.2232821836174
"b4 b13 e1 g1",1,"b4","b13","e1","g1",8,11,17,97,0.00129587231910565,6.648571205114
"b4 b13 e5 f5",1,"b4","b13","e5","f5",8,11,7,36,0.000198035066352106,8.52706644016217
"b4 b13 e5 f12",1,"b4","b13","e5","f12",8,11,7,22,0.000121021429437398,9.01954292525997
"b4 b13 e5 f13",1,"b4","b13","e5","f13",8,11,7,9,4.95087665880266e-05,9.91336080128206
"b4 b13 e5 f37",1,"b4","b13","e5","f37",8,11,7,2,1.10019481306726e-05,11.4174381980583
"b4 b13 e5 f38",1,"b4","b13","e5","f38",8,11,7,3,1.65029221960089e-05,11.0119730899502
"b4 b13 e5 f40",1,"b4","b13","e5","f40",8,11,7,1,5.50097406533628e-06,12.1105853786183
"b4 b13 e5 g1",1,"b4","b13","e5","g1",8,11,7,97,0.00053359448433762,7.5358744001149
"b4 b13 f5 f12",1,"b4","b13","f5","f12",8,11,36,22,0.000622395922820905,7.38193413585917
"b4 b13 f5 f13",1,"b4","b13","f5","f13",8,11,36,9,0.000254616513881279,8.27575201188126
"b4 b13 f5 f37",1,"b4","b13","f5","f37",8,11,36,2,5.65814475291732e-05,9.77982940865754
"b4 b13 f5 f38",1,"b4","b13","f5","f38",8,11,36,3,8.48721712937598e-05,9.37436430054938
"b4 b13 f5 f40",1,"b4","b13","f5","f40",8,11,36,1,2.82907237645866e-05,10.4729765892175
"b4 b13 f5 g1",1,"b4","b13","f5","g1",8,11,36,97,0.0027442002051649,5.8982656107141
"b4 b13 f12 f13",1,"b4","b13","f12","f13",8,11,22,9,0.000155598980705226,8.76822849697906
"b4 b13 f12 f37",1,"b4","b13","f12","f37",8,11,22,2,3.45775512678281e-05,10.2723058937553
"b4 b13 f12 f38",1,"b4","b13","f12","f38",8,11,22,3,5.18663269017421e-05,9.86684078564717
"b4 b13 f12 f40",1,"b4","b13","f12","f40",8,11,22,1,1.7288775633914e-05,10.9654530743153
"b4 b13 f12 g1",1,"b4","b13","f12","g1",8,11,22,97,0.00167701123648966,6.3907420958119
"b4 b13 f13 f37",1,"b4","b13","f13","f37",8,11,9,2,1.41453618822933e-05,11.1661237697774
"b4 b13 f13 f38",1,"b4","b13","f13","f38",8,11,9,3,2.12180428234399e-05,10.7606586616693
"b4 b13 f13 f40",1,"b4","b13","f13","f40",8,11,9,1,7.07268094114665e-06,11.8592709503374
"b4 b13 f13 g1",1,"b4","b13","f13","g1",8,11,9,97,0.000686050051291225,7.28455997183399
"b4 b13 f37 f38",1,"b4","b13","f37","f38",8,11,2,3,4.7151206274311e-06,12.2647360584455
"b4 b13 f37 f40",1,"b4","b13","f37","f40",8,11,2,1,1.57170687581037e-06,13.3633483471136
"b4 b13 f37 g1",1,"b4","b13","f37","g1",8,11,2,97,0.000152455566953606,8.78863736861027
"b4 b13 f38 f40",1,"b4","b13","f38","f40",8,11,3,1,2.35756031371555e-06,12.9578832390055
"b4 b13 f38 g1",1,"b4","b13","f38","g1",8,11,3,97,0.000228683350430408,8.3831722605021
"b4 b13 f40 g1",1,"b4","b13","f40","g1",8,11,1,97,7.62277834768028e-05,9.48178454917021
"b4 c1 e1 e5",1,"b4","c1","e1","e5",8,125,17,7,0.00106268817171269,6.84695357005813
"b4 c1 e1 f5",1,"b4","c1","e1","f5",8,125,17,36,0.00546525345452241,5.20934478065734
"b4 c1 e1 f12",1,"b4","c1","e1","f12",8,125,17,22,0.00333987711109703,5.70182126575513
"b4 c1 e1 f13",1,"b4","c1","e1","f13",8,125,17,9,0.0013663133636306,6.59563914177723
"b4 c1 e1 f37",1,"b4","c1","e1","f37",8,125,17,2,0.000303625191917912,8.0997165385535
"b4 c1 e1 f38",1,"b4","c1","e1","f38",8,125,17,3,0.000455437787876868,7.69425143044534
"b4 c1 e1 f40",1,"b4","c1","e1","f40",8,125,17,1,0.000151812595958956,8.79286371911345
"b4 c1 e1 g1",1,"b4","c1","e1","g1",8,125,17,97,0.0147258218080187,4.21815274061006
"b4 c1 e5 f5",1,"b4","c1","e5","f5",8,125,7,36,0.00225039848127393,6.09664797565824
"b4 c1 e5 f12",1,"b4","c1","e5","f12",8,125,7,22,0.00137524351633407,6.58912446075603
"b4 c1 e5 f13",1,"b4","c1","e5","f13",8,125,7,9,0.000562599620318484,7.48294233677813
"b4 c1 e5 f37",1,"b4","c1","e5","f37",8,125,7,2,0.000125022137848552,8.9870197335544
"b4 c1 e5 f38",1,"b4","c1","e5","f38",8,125,7,3,0.000187533206772828,8.58155462544624
"b4 c1 e5 f40",1,"b4","c1","e5","f40",8,125,7,1,6.2511068924276e-05,9.68016691411435
"b4 c1 e5 g1",1,"b4","c1","e5","g1",8,125,7,97,0.00606357368565477,5.10545593561097
"b4 c1 f5 f12",2,"b4","c1","f5","f12",8,125,36,22,0.00707268094114665,5.64466285191518
"b4 c1 f5 f13",1,"b4","c1","f5","f13",8,125,36,9,0.00289336947592363,5.84533354737733
"b4 c1 f5 f37",1,"b4","c1","f5","f37",8,125,36,2,0.000642970994649696,7.34941094415361
"b4 c1 f5 f38",1,"b4","c1","f5","f38",8,125,36,3,0.000964456491974543,6.94394583604544
"b4 c1 f5 f40",1,"b4","c1","f5","f40",8,125,36,1,0.000321485497324848,8.04255812471355
"b4 c1 f5 g1",2,"b4","c1","f5","g1",8,125,36,97,0.0311840932405102,4.16099432677012
"b4 c1 f12 f13",1,"b4","c1","f12","f13",8,125,22,9,0.00176817023528666,6.33781003247513
"b4 c1 f12 f37",1,"b4","c1","f12","f37",8,125,22,2,0.000392926718952592,7.8418874292514
"b4 c1 f12 f38",1,"b4","c1","f12","f38",8,125,22,3,0.000589390078428888,7.43642232114324
"b4 c1 f12 f40",1,"b4","c1","f12","f40",8,125,22,1,0.000196463359476296,8.53503460981135
"b4 c1 f12 g1",2,"b4","c1","f12","g1",8,125,22,97,0.0190569458692007,4.65347081186791
"b4 c1 f13 f37",1,"b4","c1","f13","f37",8,125,9,2,0.000160742748662424,8.7357053052735
"b4 c1 f13 f38",1,"b4","c1","f13","f38",8,125,9,3,0.000241114122993636,8.33024019716533
"b4 c1 f13 f40",1,"b4","c1","f13","f40",8,125,9,1,8.03713743312119e-05,9.42885248583344
"b4 c1 f13 g1",1,"b4","c1","f13","g1",8,125,9,97,0.00779602331012756,4.85414150733006
"b4 c1 f37 f38",1,"b4","c1","f37","f38",8,125,2,3,5.3580916220808e-05,9.83431759394161
"b4 c1 f37 f40",1,"b4","c1","f37","f40",8,125,2,1,1.7860305406936e-05,10.9329298826097
"b4 c1 f37 g1",1,"b4","c1","f37","g1",8,125,2,97,0.00173244962447279,6.35821890410634
"b4 c1 f38 f40",1,"b4","c1","f38","f40",8,125,3,1,2.6790458110404e-05,10.5274647745016
"b4 c1 f38 g1",1,"b4","c1","f38","g1",8,125,3,97,0.00259867443670919,5.95275379599817
"b4 c1 f40 g1",1,"b4","c1","f40","g1",8,125,1,97,0.000866224812236396,7.05136608466628
"b4 e1 e5 f5",1,"b4","e1","e5","f5",8,17,7,36,0.000306054193453255,8.09174836890432
"b4 e1 e5 f12",1,"b4","e1","e5","f12",8,17,7,22,0.000187033118221434,8.58422485400212
"b4 e1 e5 f13",1,"b4","e1","e5","f13",8,17,7,9,7.65135483633138e-05,9.47804273002422
"b4 e1 e5 f37",1,"b4","e1","e5","f37",8,17,7,2,1.70030107474031e-05,10.9821201268005
"b4 e1 e5 f38",1,"b4","e1","e5","f38",8,17,7,3,2.55045161211046e-05,10.5766550186923
"b4 e1 e5 f40",1,"b4","e1","e5","f40",8,17,7,1,8.50150537370153e-06,11.6752673073604
"b4 e1 e5 g1",1,"b4","e1","e5","g1",8,17,7,97,0.000824646021249048,7.10055632885705
"b4 e1 f5 f12",1,"b4","e1","f5","f12",8,17,36,22,0.000961884607995944,6.94661606460132
"b4 e1 f5 f13",1,"b4","e1","f5","f13",8,17,36,9,0.000393498248725614,7.84043394062342
"b4 e1 f5 f37",1,"b4","e1","f5","f37",8,17,36,2,8.74440552723586e-05,9.34451133739969
"b4 e1 f5 f38",1,"b4","e1","f5","f38",8,17,36,3,0.000131166082908538,8.93904622929153
"b4 e1 f5 f40",1,"b4","e1","f5","f40",8,17,36,1,4.37220276361793e-05,10.0376585179596
"b4 e1 f5 g1",1,"b4","e1","f5","g1",8,17,36,97,0.00424103668070939,5.46294753945626
"b4 e1 f12 f13",1,"b4","e1","f12","f13",8,17,22,9,0.000240471151998986,8.33291042572121
"b4 e1 f12 f37",1,"b4","e1","f12","f37",8,17,22,2,5.34380337775525e-05,9.83698782249749
"b4 e1 f12 f38",1,"b4","e1","f12","f38",8,17,22,3,8.01570506663287e-05,9.43152271438932
"b4 e1 f12 f40",1,"b4","e1","f12","f40",8,17,22,1,2.67190168887762e-05,10.5301350030574
"b4 e1 f12 g1",1,"b4","e1","f12","g1",8,17,22,97,0.00259174463821129,5.95542402455405
"b4 e1 f13 f37",1,"b4","e1","f13","f37",8,17,9,2,2.18610138180896e-05,10.7308056985196
"b4 e1 f13 f38",1,"b4","e1","f13","f38",8,17,9,3,3.27915207271345e-05,10.3253405904114
"b4 e1 f13 f40",1,"b4","e1","f13","f40",8,17,9,1,1.09305069090448e-05,11.4239528790795
"b4 e1 f13 g1",1,"b4","e1","f13","g1",8,17,9,97,0.00106025917017735,6.84924190057615
"b4 e1 f37 f38",1,"b4","e1","f37","f38",8,17,2,3,7.28700460602988e-06,11.8294179871877
"b4 e1 f37 f40",1,"b4","e1","f37","f40",8,17,2,1,2.42900153534329e-06,12.9280302758558
"b4 e1 f37 g1",1,"b4","e1","f37","g1",8,17,2,97,0.0002356131489283,8.35331929735242
"b4 e1 f38 f40",1,"b4","e1","f38","f40",8,17,3,1,3.64350230301494e-06,12.5225651677476
"b4 e1 f38 g1",1,"b4","e1","f38","g1",8,17,3,97,0.000353419723392449,7.94785418924426
"b4 e1 f40 g1",1,"b4","e1","f40","g1",8,17,1,97,0.00011780657446415,9.04646647791237
"b4 e5 f5 f12",1,"b4","e5","f5","f12",8,7,36,22,0.000396070132704212,7.83391925960223
"b4 e5 f5 f13",1,"b4","e5","f5","f13",8,7,36,9,0.000162028690651723,8.72773713562432
"b4 e5 f5 f37",1,"b4","e5","f5","f37",8,7,36,2,3.60063757003829e-05,10.2318145324006
"b4 e5 f5 f38",1,"b4","e5","f5","f38",8,7,36,3,5.40095635505744e-05,9.82634942429243
"b4 e5 f5 f40",1,"b4","e5","f5","f40",8,7,36,1,1.80031878501915e-05,10.9249617129605
"b4 e5 f5 g1",1,"b4","e5","f5","g1",8,7,36,97,0.00174630922146857,6.35025073445716
"b4 e5 f12 f13",1,"b4","e5","f12","f13",8,7,22,9,9.90175331760531e-05,9.22021362072212
"b4 e5 f12 f37",1,"b4","e5","f12","f37",8,7,22,2,2.20038962613451e-05,10.7242910174984
"b4 e5 f12 f38",1,"b4","e5","f12","f38",8,7,22,3,3.30058443920177e-05,10.3188259093902
"b4 e5 f12 f40",1,"b4","e5","f12","f40",8,7,22,1,1.10019481306726e-05,11.4174381980583
"b4 e5 f12 g1",1,"b4","e5","f12","g1",8,7,22,97,0.00106718896867524,6.84272721955495
"b4 e5 f13 f37",1,"b4","e5","f13","f37",8,7,9,2,9.00159392509574e-06,11.6181088935205
"b4 e5 f13 f38",1,"b4","e5","f13","f38",8,7,9,3,1.35023908876436e-05,11.2126437854123
"b4 e5 f13 f40",1,"b4","e5","f13","f40",8,7,9,1,4.50079696254787e-06,12.3112560740804
"b4 e5 f13 g1",1,"b4","e5","f13","g1",8,7,9,97,0.000436577305367143,7.73654509557705
"b4 e5 f37 f38",1,"b4","e5","f37","f38",8,7,2,3,3.00053130836525e-06,12.7167211821886
"b4 e5 f37 f40",1,"b4","e5","f37","f40",8,7,2,1,1.00017710278842e-06,13.8153334708567
"b4 e5 f37 g1",1,"b4","e5","f37","g1",8,7,2,97,9.70171789704763e-05,9.24062249235332
"b4 e5 f38 f40",1,"b4","e5","f38","f40",8,7,3,1,1.50026565418262e-06,13.4098683627485
"b4 e5 f38 g1",1,"b4","e5","f38","g1",8,7,3,97,0.000145525768455714,8.83515738424516
"b4 e5 f40 g1",1,"b4","e5","f40","g1",8,7,1,97,4.85085894852381e-05,9.93376967291327
"b4 f5 f12 f13",1,"b4","f5","f12","f13",8,36,22,9,0.000509233027762559,7.58260483132132
"b4 f5 f12 f37",1,"b4","f5","f12","f37",8,36,22,2,0.000113162895058346,9.08668222809759
"b4 f5 f12 f38",1,"b4","f5","f12","f38",8,36,22,3,0.00016974434258752,8.68121711998943
"b4 f5 f12 f40",1,"b4","f5","f12","f40",8,36,22,1,5.65814475291732e-05,9.77982940865754
"b4 f5 f12 g1",2,"b4","f5","f12","g1",8,36,22,97,0.0054884004103298,5.8982656107141
"b4 f5 f13 f37",1,"b4","f5","f13","f37",8,36,9,2,4.62939116147781e-05,9.98050010411969
"b4 f5 f13 f38",1,"b4","f5","f13","f38",8,36,9,3,6.94408674221671e-05,9.57503499601153
"b4 f5 f13 f40",1,"b4","f5","f13","f40",8,36,9,1,2.3146955807389e-05,10.6736472846796
"b4 f5 f13 g1",1,"b4","f5","f13","g1",8,36,9,97,0.00224525471331674,6.09893630617625
"b4 f5 f37 f38",1,"b4","f5","f37","f38",8,36,2,3,1.54313038715927e-05,11.0791123927878
"b4 f5 f37 f40",1,"b4","f5","f37","f40",8,36,2,1,5.14376795719756e-06,12.1777246814559
"b4 f5 f37 g1",1,"b4","f5","f37","g1",8,36,2,97,0.000498945491848164,7.60301370295253
"b4 f5 f38 f40",1,"b4","f5","f38","f40",8,36,3,1,7.71565193579634e-06,11.7722595733477
"b4 f5 f38 g1",1,"b4","f5","f38","g1",8,36,3,97,0.000748418237772245,7.19754859484436
"b4 f5 f40 g1",1,"b4","f5","f40","g1",8,36,1,97,0.000249472745924082,8.29616088351247
"b4 f12 f13 f37",1,"b4","f12","f13","f37",8,22,9,2,2.82907237645866e-05,10.4729765892175
"b4 f12 f13 f38",1,"b4","f12","f13","f38",8,22,9,3,4.24360856468799e-05,10.0675114811093
"b4 f12 f13 f40",1,"b4","f12","f13","f40",8,22,9,1,1.41453618822933e-05,11.1661237697774
"b4 f12 f13 g1",1,"b4","f12","f13","g1",8,22,9,97,0.00137210010258245,6.59141279127405
"b4 f12 f37 f38",1,"b4","f12","f37","f38",8,22,2,3,9.4302412548622e-06,11.5715888778856
"b4 f12 f37 f40",1,"b4","f12","f37","f40",8,22,2,1,3.14341375162073e-06,12.6702011665537
"b4 f12 f37 g1",1,"b4","f12","f37","g1",8,22,2,97,0.000304911133907211,8.09549018805032
"b4 f12 f38 f40",1,"b4","f12","f38","f40",8,22,3,1,4.7151206274311e-06,12.2647360584455
"b4 f12 f38 g1",1,"b4","f12","f38","g1",8,22,3,97,0.000457366700860817,7.69002507994216
"b4 f12 f40 g1",1,"b4","f12","f40","g1",8,22,1,97,0.000152455566953606,8.78863736861027
"b4 f13 f37 f38",1,"b4","f13","f37","f38",8,9,2,3,3.85782596789817e-06,12.4654067539077
"b4 f13 f37 f40",1,"b4","f13","f37","f40",8,9,2,1,1.28594198929939e-06,13.5640190425758
"b4 f13 f37 g1",1,"b4","f13","f37","g1",8,9,2,97,0.000124736372962041,8.98930806407242
"b4 f13 f38 f40",1,"b4","f13","f38","f40",8,9,3,1,1.92891298394909e-06,13.1585539344676
"b4 f13 f38 g1",1,"b4","f13","f38","g1",8,9,3,97,0.000187104559443061,8.58384295596425
"b4 f13 f40 g1",1,"b4","f13","f40","g1",8,9,1,97,6.23681864810205e-05,9.68245524463236
"b4 f37 f38 f40",1,"b4","f37","f38","f40",8,2,3,1,4.28647329766464e-07,14.6626313312439
"b4 f37 f38 g1",1,"b4","f37","f38","g1",8,2,3,97,4.1578790987347e-05,10.0879203527405
"b4 f37 f40 g1",1,"b4","f37","f40","g1",8,2,1,97,1.38595969957823e-05,11.1865326414086
"b4 f38 f40 g1",1,"b4","f38","f40","g1",8,3,1,97,2.07893954936735e-05,10.7810675333005
"b10 b13 c1 e1",2,"b10","b13","c1","e1",50,11,125,17,0.0104371159721782,5.25553416312671
"b10 b13 c1 e5",1,"b10","b13","c1","e5",50,11,125,7,0.00429763598854397,5.44969017756767
"b10 b13 c1 f5",1,"b10","b13","c1","f5",50,11,125,36,0.0221021279410833,3.81208138816687
"b10 b13 c1 f12",1,"b10","b13","c1","f12",50,11,125,22,0.0135068559639953,4.30455787326467
"b10 b13 c1 f13",1,"b10","b13","c1","f13",50,11,125,9,0.00552553198527082,5.19837574928676
"b10 b13 c1 f37",1,"b10","b13","c1","f37",50,11,125,2,0.00122789599672685,6.70245314606304
"b10 b13 c1 f38",1,"b10","b13","c1","f38",50,11,125,3,0.00184184399509027,6.29698803795487
"b10 b13 c1 f40",1,"b10","b13","c1","f40",50,11,125,1,0.000613947998363425,7.39560032662298
"b10 b13 c1 g1",1,"b10","b13","c1","g1",50,11,125,97,0.0595529558412522,2.8208893481196
"b10 b13 e1 e5",1,"b10","b13","e1","e5",50,11,17,7,0.00058447849444198,7.44479057081375
"b10 b13 e1 f5",1,"b10","b13","e1","f5",50,11,17,36,0.00300588939998733,5.80718178141296
"b10 b13 e1 f12",1,"b10","b13","e1","f12",50,11,17,22,0.00183693241110337,6.29965826651075
"b10 b13 e1 f13",1,"b10","b13","e1","f13",50,11,17,9,0.000751472349996832,7.19347614253285
"b10 b13 e1 f37",1,"b10","b13","e1","f37",50,11,17,2,0.000166993855554851,8.69755353930912
"b10 b13 e1 f38",1,"b10","b13","e1","f38",50,11,17,3,0.000250490783332277,8.29208843120096
"b10 b13 e1 f40",1,"b10","b13","e1","f40",50,11,17,1,8.34969277774257e-05,9.39070071986907
"b10 b13 e1 g1",1,"b10","b13","e1","g1",50,11,17,97,0.0080992019944103,4.81598974136569
"b10 b13 e5 f5",1,"b10","b13","e5","f5",50,11,7,36,0.00123771916470066,6.69448497641386
"b10 b13 e5 f12",1,"b10","b13","e5","f12",50,11,7,22,0.000756383933983739,7.18696146151165
"b10 b13 e5 f13",1,"b10","b13","e5","f13",50,11,7,9,0.000309429791175166,8.08077933753375
"b10 b13 e5 f37",1,"b10","b13","e5","f37",50,11,7,2,6.87621758167036e-05,9.58485673431003
"b10 b13 e5 f38",1,"b10","b13","e5","f38",50,11,7,3,0.000103143263725055,9.17939162620186
"b10 b13 e5 f40",1,"b10","b13","e5","f40",50,11,7,1,3.43810879083518e-05,10.27800391487
"b10 b13 e5 g1",2,"b10","b13","e5","g1",50,11,7,97,0.00333496552711012,6.39644011692653
"b10 b13 f5 f12",1,"b10","b13","f5","f12",50,11,36,22,0.00388997451763066,5.54935267211086
"b10 b13 f5 f13",1,"b10","b13","f5","f13",50,11,36,9,0.001591353211758,6.44317054813296
"b10 b13 f5 f37",1,"b10","b13","f5","f37",50,11,36,2,0.000353634047057333,7.94724794490923
"b10 b13 f5 f38",1,"b10","b13","f5","f38",50,11,36,3,0.000530451070585999,7.54178283680106
"b10 b13 f5 f40",1,"b10","b13","f5","f40",50,11,36,1,0.000176817023528666,8.64039512546917
"b10 b13 f5 g1",1,"b10","b13","f5","g1",50,11,36,97,0.0171512512822806,4.06568414696579
"b10 b13 f12 f13",1,"b10","b13","f12","f13",50,11,22,9,0.000972493629407664,6.93564703323075
"b10 b13 f12 f37",1,"b10","b13","f12","f37",50,11,22,2,0.000216109695423925,8.43972443000702
"b10 b13 f12 f38",1,"b10","b13","f12","f38",50,11,22,3,0.000324164543135888,8.03425932189886
"b10 b13 f12 f40",1,"b10","b13","f12","f40",50,11,22,1,0.000108054847711963,9.13287161056697
"b10 b13 f12 g1",1,"b10","b13","f12","g1",50,11,22,97,0.0104813202280604,4.55816063206359
"b10 b13 f13 f37",1,"b10","b13","f13","f37",50,11,9,2,8.84085117643331e-05,9.33354230602912
"b10 b13 f13 f38",1,"b10","b13","f13","f38",50,11,9,3,0.0001326127676465,8.92807719792096
"b10 b13 f13 f40",1,"b10","b13","f13","f40",50,11,9,1,4.42042558821666e-05,10.0266894865891
"b10 b13 f13 g1",1,"b10","b13","f13","g1",50,11,9,97,0.00428781282057016,5.45197850808568
"b10 b13 f37 f38",1,"b10","b13","f37","f38",50,11,2,3,2.94695039214444e-05,10.4321545946972
"b10 b13 f37 f40",1,"b10","b13","f37","f40",50,11,2,1,9.82316797381479e-06,11.5307668833653
"b10 b13 f37 g1",1,"b10","b13","f37","g1",50,11,2,97,0.000952847293460035,6.95605590486196
"b10 b13 f38 f40",1,"b10","b13","f38","f40",50,11,3,1,1.47347519607222e-05,11.1253017752572
"b10 b13 f38 g1",1,"b10","b13","f38","g1",50,11,3,97,0.00142927094019005,6.55059079675379
"b10 b13 f40 g1",1,"b10","b13","f40","g1",50,11,1,97,0.000476423646730017,7.6492030854219
"b10 c1 e1 e5",2,"b10","c1","e1","e5",50,125,17,7,0.00664180107320432,5.70751928686977
"b10 c1 e1 f13",1,"b10","c1","e1","f13",50,125,17,9,0.00853945852269127,4.76305767802892
"b10 c1 e1 f37",1,"b10","c1","e1","f37",50,125,17,2,0.00189765744948695,6.26713507480519
"b10 c1 e1 f38",1,"b10","c1","e1","f38",50,125,17,3,0.00284648617423042,5.86166996669703
"b10 c1 e1 f40",1,"b10","c1","e1","f40",50,125,17,1,0.000948828724743474,6.96028225536514
"b10 c1 e1 g1",1,"b10","c1","e1","g1",50,125,17,97,0.092036386300117,2.38557127686175
"b10 c1 e5 f5",1,"b10","c1","e5","f5",50,125,7,36,0.0140649905079621,4.26406651190993
"b10 c1 e5 f12",1,"b10","c1","e5","f12",50,125,7,22,0.00859527197708794,4.75654299700772
"b10 c1 e5 f13",1,"b10","c1","e5","f13",50,125,7,9,0.00351624762699052,5.65036087302982
"b10 c1 e5 f37",1,"b10","c1","e5","f37",50,125,7,2,0.000781388361553449,7.15443826980609
"b10 c1 e5 f38",1,"b10","c1","e5","f38",50,125,7,3,0.00117208254233017,6.74897316169793
"b10 c1 e5 f40",1,"b10","c1","e5","f40",50,125,7,1,0.000390694180776725,7.84758545036604
"b10 c1 e5 g1",1,"b10","c1","e5","g1",50,125,7,97,0.0378973355353423,3.27287447186266
"b10 c1 f5 f13",1,"b10","c1","f5","f13",50,125,36,9,0.0180835592245227,4.01275208362902
"b10 c1 f5 f37",1,"b10","c1","f5","f37",50,125,36,2,0.0040185687165606,5.5168294804053
"b10 c1 f5 f38",1,"b10","c1","f5","f38",50,125,36,3,0.00602785307484089,5.11136437229713
"b10 c1 f5 f40",1,"b10","c1","f5","f40",50,125,36,1,0.0020092843582803,6.20997666096524
"b10 c1 f5 g1",1,"b10","c1","f5","g1",50,125,36,97,0.194900582753189,1.63526568246186
"b10 c1 f12 f13",1,"b10","c1","f12","f13",50,125,22,9,0.0110510639705416,4.50522856872682
"b10 c1 f12 f37",1,"b10","c1","f12","f37",50,125,22,2,0.0024557919934537,6.00930596550309
"b10 c1 f12 f38",1,"b10","c1","f12","f38",50,125,22,3,0.00368368799018055,5.60384085739493
"b10 c1 f12 f40",1,"b10","c1","f12","f40",50,125,22,1,0.00122789599672685,6.70245314606304
"b10 c1 f12 g1",1,"b10","c1","f12","g1",50,125,22,97,0.119105911682504,2.12774216755966
"b10 c1 f13 f37",1,"b10","c1","f13","f37",50,125,9,2,0.00100464217914015,6.90312384152519
"b10 c1 f13 f38",1,"b10","c1","f13","f38",50,125,9,3,0.00150696326871022,6.49765873341702
"b10 c1 f13 f40",1,"b10","c1","f13","f40",50,125,9,1,0.000502321089570075,7.59627102208513
"b10 c1 f13 g1",1,"b10","c1","f13","g1",50,125,9,97,0.0487251456882972,3.02156004358175
"b10 c1 f37 f38",1,"b10","c1","f37","f38",50,125,2,3,0.00033488072638005,8.0017361301933
"b10 c1 f37 f40",1,"b10","c1","f37","f40",50,125,2,1,0.00011162690879335,9.10034841886141
"b10 c1 f37 g1",1,"b10","c1","f37","g1",50,125,2,97,0.0108278101529549,4.52563744035803
"b10 c1 f38 f40",1,"b10","c1","f38","f40",50,125,3,1,0.000167440363190025,8.69488331075324
"b10 c1 f38 g1",1,"b10","c1","f38","g1",50,125,3,97,0.0162417152294324,4.12017233224986
"b10 c1 f40 g1",1,"b10","c1","f40","g1",50,125,1,97,0.00541390507647747,5.21878462091797
"b10 e1 e5 f5",1,"b10","e1","e5","f5",50,17,7,36,0.00191283870908284,6.25916690515602
"b10 e1 e5 f12",1,"b10","e1","e5","f12",50,17,7,22,0.00116895698888396,6.75164339025381
"b10 e1 e5 f13",1,"b10","e1","e5","f13",50,17,7,9,0.000478209677270711,7.64546126627591
"b10 e1 e5 f37",1,"b10","e1","e5","f37",50,17,7,2,0.000106268817171269,9.14953866305218
"b10 e1 e5 f38",1,"b10","e1","e5","f38",50,17,7,3,0.000159403225756904,8.74407355494402
"b10 e1 e5 f40",1,"b10","e1","e5","f40",50,17,7,1,5.31344085856346e-05,9.84268584361213
"b10 e1 e5 g1",1,"b10","e1","e5","g1",50,17,7,97,0.00515403763280655,5.26797486510874
"b10 e1 f5 f13",1,"b10","e1","f5","f13",50,17,36,9,0.00245936405453509,6.00785247687511
"b10 e1 f5 f37",1,"b10","e1","f5","f37",50,17,36,2,0.000546525345452241,7.51192987365138
"b10 e1 f5 f38",1,"b10","e1","f5","f38",50,17,36,3,0.000819788018178362,7.10646476554322
"b10 e1 f5 f40",1,"b10","e1","f5","f40",50,17,36,1,0.000273262672726121,8.20507705421133
"b10 e1 f5 g1",1,"b10","e1","f5","g1",50,17,36,97,0.0265064792544337,3.63036607570795
"b10 e1 f12 f13",1,"b10","e1","f12","f13",50,17,22,9,0.00150294469999366,6.5003289619729
"b10 e1 f12 f37",1,"b10","e1","f12","f37",50,17,22,2,0.000333987711109703,8.00440635874918
"b10 e1 f12 f38",1,"b10","e1","f12","f38",50,17,22,3,0.000500981566664554,7.59894125064101
"b10 e1 f12 f40",1,"b10","e1","f12","f40",50,17,22,1,0.000166993855554851,8.69755353930912
"b10 e1 f12 g1",1,"b10","e1","f12","g1",50,17,22,97,0.0161984039888206,4.12284256080574
"b10 e1 f13 f37",1,"b10","e1","f13","f37",50,17,9,2,0.00013663133636306,8.89822423477127
"b10 e1 f13 f38",1,"b10","e1","f13","f38",50,17,9,3,0.00020494700454459,8.49275912666311
"b10 e1 f13 f40",1,"b10","e1","f13","f40",50,17,9,1,6.83156681815301e-05,9.59137141533122
"b10 e1 f13 g1",1,"b10","e1","f13","g1",50,17,9,97,0.00662661981360842,5.01666043682784
"b10 e1 f37 f38",1,"b10","e1","f37","f38",50,17,2,3,4.55437787876868e-05,9.99683652343938
"b10 e1 f37 f40",1,"b10","e1","f37","f40",50,17,2,1,1.51812595958956e-05,11.0954488121075
"b10 e1 f37 g1",1,"b10","e1","f37","g1",50,17,2,97,0.00147258218080187,6.52073783360411
"b10 e1 f38 f40",1,"b10","e1","f38","f40",50,17,3,1,2.27718893938434e-05,10.6899837039993
"b10 e1 f38 g1",1,"b10","e1","f38","g1",50,17,3,97,0.00220887327120281,6.11527272549595
"b10 e1 f40 g1",1,"b10","e1","f40","g1",50,17,1,97,0.000736291090400936,7.21388501416406
"b10 e5 f5 f12",1,"b10","e5","f5","f12",50,7,36,22,0.00247543832940133,6.00133779585392
"b10 e5 f5 f13",1,"b10","e5","f5","f13",50,7,36,9,0.00101267931657327,6.89515567187601
"b10 e5 f5 f37",1,"b10","e5","f5","f37",50,7,36,2,0.000225039848127393,8.39923306865229
"b10 e5 f5 f38",1,"b10","e5","f5","f38",50,7,36,3,0.00033755977219109,7.99376796054412
"b10 e5 f5 f40",1,"b10","e5","f5","f40",50,7,36,1,0.000112519924063697,9.09238024921223
"b10 e5 f5 g1",1,"b10","e5","f5","g1",50,7,36,97,0.0109144326341786,4.51766927070885
"b10 e5 f12 f13",1,"b10","e5","f12","f13",50,7,22,9,0.000618859582350332,7.38763215697381
"b10 e5 f12 f37",1,"b10","e5","f12","f37",50,7,22,2,0.000137524351633407,8.89170955375008
"b10 e5 f12 f38",1,"b10","e5","f12","f38",50,7,22,3,0.000206286527450111,8.48624444564192
"b10 e5 f12 f40",1,"b10","e5","f12","f40",50,7,22,1,6.87621758167035e-05,9.58485673431003
"b10 e5 f12 g1",1,"b10","e5","f12","g1",50,7,22,97,0.00666993105422024,5.01014575580664
"b10 e5 f13 f37",1,"b10","e5","f13","f37",50,7,9,2,5.62599620318484e-05,9.78552742977218
"b10 e5 f13 f38",1,"b10","e5","f13","f38",50,7,9,3,8.43899430477725e-05,9.38006232166401
"b10 e5 f13 f40",1,"b10","e5","f13","f40",50,7,9,1,2.81299810159242e-05,10.4786746103321
"b10 e5 f13 g1",1,"b10","e5","f13","g1",50,7,9,97,0.00272860815854465,5.90396363182874
"b10 e5 f37 f38",1,"b10","e5","f37","f38",50,7,2,3,1.87533206772828e-05,10.8841397184403
"b10 e5 f37 f40",1,"b10","e5","f37","f40",50,7,2,1,6.2511068924276e-06,11.9827520071084
"b10 e5 f37 g1",1,"b10","e5","f37","g1",50,7,2,97,0.000606357368565477,7.40804102860501
"b10 e5 f38 f40",1,"b10","e5","f38","f40",50,7,3,1,9.37666033864139e-06,11.5772868990002
"b10 e5 f38 g1",1,"b10","e5","f38","g1",50,7,3,97,0.000909536052848215,7.00257592049685
"b10 e5 f40 g1",1,"b10","e5","f40","g1",50,7,1,97,0.000303178684282738,8.10118820916496
"b10 f5 f12 f13",1,"b10","f5","f12","f13",50,36,22,9,0.00318270642351599,5.75002336757301
"b10 f5 f12 f37",1,"b10","f5","f12","f37",50,36,22,2,0.000707268094114665,7.25410076434928
"b10 f5 f12 f38",1,"b10","f5","f12","f38",50,36,22,3,0.001060902141172,6.84863565624112
"b10 f5 f12 f40",1,"b10","f5","f12","f40",50,36,22,1,0.000353634047057333,7.94724794490923
"b10 f5 f12 g1",1,"b10","f5","f12","g1",50,36,22,97,0.0343025025645613,3.37253696640585
"b10 f5 f13 f37",1,"b10","f5","f13","f37",50,36,9,2,0.000289336947592363,8.14791864037138
"b10 f5 f13 f38",1,"b10","f5","f13","f38",50,36,9,3,0.000434005421388544,7.74245353226322
"b10 f5 f13 f40",1,"b10","f5","f13","f40",50,36,9,1,0.000144668473796181,8.84106582093133
"b10 f5 f13 g1",1,"b10","f5","f13","g1",50,36,9,97,0.0140328419582296,4.26635484242794
"b10 f5 f37 f38",1,"b10","f5","f37","f38",50,36,2,3,9.64456491974543e-05,9.24653092903949
"b10 f5 f37 f40",1,"b10","f5","f37","f40",50,36,2,1,3.21485497324848e-05,10.3451432177076
"b10 f5 f37 g1",1,"b10","f5","f37","g1",50,36,2,97,0.00311840932405102,5.77043223920422
"b10 f5 f38 f40",1,"b10","f5","f38","f40",50,36,3,1,4.82228245987272e-05,9.93967810959944
"b10 f5 f38 g1",1,"b10","f5","f38","g1",50,36,3,97,0.00467761398607653,5.36496713109605
"b10 f5 f40 g1",1,"b10","f5","f40","g1",50,36,1,97,0.00155920466202551,6.46357941976416
"b10 f12 f13 f37",1,"b10","f12","f13","f37",50,22,9,2,0.000176817023528666,8.64039512546917
"b10 f12 f13 f38",1,"b10","f12","f13","f38",50,22,9,3,0.000265225535292999,8.23493001736101
"b10 f12 f13 f40",1,"b10","f12","f13","f40",50,22,9,1,8.84085117643331e-05,9.33354230602912
"b10 f12 f13 g1",1,"b10","f12","f13","g1",50,22,9,97,0.00857562564114031,4.75883132752574
"b10 f12 f37 f38",2,"b10","f12","f37","f38",50,22,2,3,5.89390078428887e-05,10.4321545946972
"b10 f12 f37 f40",1,"b10","f12","f37","f40",50,22,2,1,1.96463359476296e-05,10.8376197028054
"b10 f12 f37 g1",1,"b10","f12","f37","g1",50,22,2,97,0.00190569458692007,6.26290872430201
"b10 f12 f38 f40",1,"b10","f12","f38","f40",50,22,3,1,2.94695039214444e-05,10.4321545946972
"b10 f12 f38 g1",1,"b10","f12","f38","g1",50,22,3,97,0.0028585418803801,5.85744361619385
"b10 f12 f40 g1",1,"b10","f12","f40","g1",50,22,1,97,0.000952847293460035,6.95605590486196
"b10 f13 f37 f38",1,"b10","f13","f37","f38",50,9,2,3,2.41114122993636e-05,10.6328252901594
"b10 f13 f37 f40",1,"b10","f13","f37","f40",50,9,2,1,8.03713743312119e-06,11.7314375788275
"b10 f13 f37 g1",1,"b10","f13","f37","g1",50,9,2,97,0.000779602331012756,7.15672660032411
"b10 f13 f38 f40",1,"b10","f13","f38","f40",50,9,3,1,1.20557061496818e-05,11.3259724707193
"b10 f13 f38 g1",1,"b10","f13","f38","g1",50,9,3,97,0.00116940349651913,6.75126149221594
"b10 f13 f40 g1",1,"b10","f13","f40","g1",50,9,1,97,0.000389801165506378,7.84987378088405
"b10 f37 f38 f40",1,"b10","f37","f38","f40",50,2,3,1,2.6790458110404e-06,12.8300498674956
"b10 f37 f38 g1",1,"b10","f37","f38","g1",50,2,3,97,0.000259867443670919,8.25533888899222
"b10 f37 f40 g1",1,"b10","f37","f40","g1",50,2,1,97,8.66224812236395e-05,9.35395117766033
"b10 f38 f40 g1",1,"b10","f38","f40","g1",50,3,1,97,0.000129933721835459,8.94848606955216
"b13 c1 e1 e5",1,"b13","c1","e1","e5",11,125,17,7,0.00146119623610495,6.5284998389396
"b13 c1 e1 f5",1,"b13","c1","e1","f5",11,125,17,36,0.00751472349996832,4.8908910495388
"b13 c1 e1 f12",1,"b13","c1","e1","f12",11,125,17,22,0.00459233102775841,5.3833675346366
"b13 c1 e1 f13",1,"b13","c1","e1","f13",11,125,17,9,0.00187868087499208,6.27718541065869
"b13 c1 e1 f37",1,"b13","c1","e1","f37",11,125,17,2,0.000417484638887129,7.78126280743497
"b13 c1 e1 f38",1,"b13","c1","e1","f38",11,125,17,3,0.000626226958330693,7.3757976993268
"b13 c1 e1 f40",1,"b13","c1","e1","f40",11,125,17,1,0.000208742319443564,8.47440998799491
"b13 c1 e1 g1",1,"b13","c1","e1","g1",11,125,17,97,0.0202480049860257,3.89969900949153
"b13 c1 e5 f5",1,"b13","c1","e5","f5",11,125,7,36,0.00309429791175166,5.77819424453971
"b13 c1 e5 f12",1,"b13","c1","e5","f12",11,125,7,22,0.00189095983495935,6.2706707296375
"b13 c1 e5 f13",1,"b13","c1","e5","f13",11,125,7,9,0.000773574477937915,7.1644886056596
"b13 c1 e5 f37",1,"b13","c1","e5","f37",11,125,7,2,0.000171905439541759,8.66856600243587
"b13 c1 e5 f38",1,"b13","c1","e5","f38",11,125,7,3,0.000257858159312638,8.26310089432771
"b13 c1 e5 f40",1,"b13","c1","e5","f40",11,125,7,1,8.59527197708794e-05,9.36171318299582
"b13 c1 e5 g1",1,"b13","c1","e5","g1",11,125,7,97,0.00833741381777531,4.78700220449243
"b13 c1 f5 f12",1,"b13","c1","f5","f12",11,125,36,22,0.00972493629407664,4.6330619402367
"b13 c1 f5 f13",1,"b13","c1","f5","f13",11,125,36,9,0.00397838302939499,5.5268798162588
"b13 c1 f5 f37",1,"b13","c1","f5","f37",11,125,36,2,0.000884085117643331,7.03095721303507
"b13 c1 f5 f38",1,"b13","c1","f5","f38",11,125,36,3,0.001326127676465,6.62549210492691
"b13 c1 f5 f40",1,"b13","c1","f5","f40",11,125,36,1,0.000442042558821666,7.72410439359502
"b13 c1 f5 g1",1,"b13","c1","f5","g1",11,125,36,97,0.0428781282057016,3.14939341509164
"b13 c1 f12 f13",1,"b13","c1","f12","f13",11,125,22,9,0.00243123407351916,6.01935630135659
"b13 c1 f12 f37",1,"b13","c1","f12","f37",11,125,22,2,0.000540274238559813,7.52343369813287
"b13 c1 f12 f38",1,"b13","c1","f12","f38",11,125,22,3,0.00081041135783972,7.1179685900247
"b13 c1 f12 f40",1,"b13","c1","f12","f40",11,125,22,1,0.000270137119279907,8.21658087869281
"b13 c1 f12 g1",1,"b13","c1","f12","g1",11,125,22,97,0.026203300570151,3.64186990018943
"b13 c1 f13 f37",1,"b13","c1","f13","f37",11,125,9,2,0.000221021279410833,8.41725157415496
"b13 c1 f13 f38",1,"b13","c1","f13","f38",11,125,9,3,0.000331531919116249,8.0117864660468
"b13 c1 f13 f40",1,"b13","c1","f13","f40",11,125,9,1,0.000110510639705416,9.11039875471491
"b13 c1 f13 g1",1,"b13","c1","f13","g1",11,125,9,97,0.0107195320514254,4.53568777621153
"b13 c1 f37 f38",1,"b13","c1","f37","f38",11,125,2,3,7.36737598036109e-05,9.51586386282307
"b13 c1 f37 f40",1,"b13","c1","f37","f40",11,125,2,1,2.4557919934537e-05,10.6144761514912
"b13 c1 f37 g1",1,"b13","c1","f37","g1",11,125,2,97,0.00238211823365009,6.0397651729878
"b13 c1 f38 f40",1,"b13","c1","f38","f40",11,125,3,1,3.68368799018055e-05,10.209011043383
"b13 c1 f38 g1",1,"b13","c1","f38","g1",11,125,3,97,0.00357317735047513,5.63430006487964
"b13 c1 f40 g1",1,"b13","c1","f40","g1",11,125,1,97,0.00119105911682504,6.73291235354775
"b13 e1 e5 f5",1,"b13","e1","e5","f5",11,17,7,36,0.000420824515998226,7.77329463778579
"b13 e1 e5 f12",1,"b13","e1","e5","f12",11,17,7,22,0.000257170537554471,8.26577112288359
"b13 e1 e5 f13",1,"b13","e1","e5","f13",11,17,7,9,0.000105206128999556,9.15958899890568
"b13 e1 e5 f37",1,"b13","e1","e5","f37",11,17,7,2,2.33791397776792e-05,10.663666395682
"b13 e1 e5 f38",1,"b13","e1","e5","f38",11,17,7,3,3.50687096665188e-05,10.2582012875738
"b13 e1 e5 f40",1,"b13","e1","e5","f40",11,17,7,1,1.16895698888396e-05,11.3568135762419
"b13 e1 e5 g1",1,"b13","e1","e5","g1",11,17,7,97,0.00113388827921744,6.78210259773852
"b13 e1 f5 f12",1,"b13","e1","f5","f12",11,17,36,22,0.00132259133599442,6.62816233348279
"b13 e1 f5 f13",1,"b13","e1","f5","f13",11,17,36,9,0.000541060091997719,7.52198020950488
"b13 e1 f5 f37",1,"b13","e1","f5","f37",11,17,36,2,0.000120235575999493,9.02605760628116
"b13 e1 f5 f38",1,"b13","e1","f5","f38",11,17,36,3,0.00018035336399924,8.62059249817299
"b13 e1 f5 f40",1,"b13","e1","f5","f40",11,17,36,1,6.01177879997465e-05,9.7192047868411
"b13 e1 f5 g1",1,"b13","e1","f5","g1",11,17,36,97,0.00583142543597541,5.14449380833772
"b13 e1 f12 f13",1,"b13","e1","f12","f13",11,17,22,9,0.000330647833998606,8.01445669460268
"b13 e1 f12 f37",1,"b13","e1","f12","f37",11,17,22,2,7.34772964441346e-05,9.51853409137895
"b13 e1 f12 f38",1,"b13","e1","f12","f38",11,17,22,3,0.000110215944666202,9.11306898327079
"b13 e1 f12 f40",1,"b13","e1","f12","f40",11,17,22,1,3.67386482220673e-05,10.2116812719389
"b13 e1 f12 g1",1,"b13","e1","f12","g1",11,17,22,97,0.00356364887754053,5.63697029343552
"b13 e1 f13 f37",1,"b13","e1","f13","f37",11,17,9,2,3.00588939998733e-05,10.412351967401
"b13 e1 f13 f38",1,"b13","e1","f13","f38",11,17,9,3,4.50883409998099e-05,10.0068868592929
"b13 e1 f13 f40",1,"b13","e1","f13","f40",11,17,9,1,1.50294469999366e-05,11.105499147961
"b13 e1 f13 g1",1,"b13","e1","f13","g1",11,17,9,97,0.00145785635899385,6.53078816945761
"b13 e1 f37 f38",1,"b13","e1","f37","f38",11,17,2,3,1.00196313332911e-05,11.5109642560692
"b13 e1 f37 f40",1,"b13","e1","f37","f40",11,17,2,1,3.33987711109703e-06,12.6095765447373
"b13 e1 f37 g1",1,"b13","e1","f37","g1",11,17,2,97,0.000323968079776412,8.03486556623389
"b13 e1 f38 f40",1,"b13","e1","f38","f40",11,17,3,1,5.00981566664554e-06,12.2041114366291
"b13 e1 f38 g1",1,"b13","e1","f38","g1",11,17,3,97,0.000485952119664618,7.62940045812572
"b13 e1 f40 g1",1,"b13","e1","f40","g1",11,17,1,97,0.000161984039888206,8.72801274679383
"b13 e5 f5 f12",1,"b13","e5","f5","f12",11,7,36,22,0.000544596432468292,7.51546552848369
"b13 e5 f5 f13",1,"b13","e5","f5","f13",11,7,36,9,0.000222789449646119,8.40928340450579
"b13 e5 f5 f37",1,"b13","e5","f5","f37",11,7,36,2,4.95087665880265e-05,9.91336080128206
"b13 e5 f5 f38",1,"b13","e5","f5","f38",11,7,36,3,7.42631498820398e-05,9.5078956931739
"b13 e5 f5 f40",1,"b13","e5","f5","f40",11,7,36,1,2.47543832940133e-05,10.606507981842
"b13 e5 f5 g1",1,"b13","e5","f5","g1",11,7,36,97,0.00240117517951929,6.03179700333862
"b13 e5 f12 f13",1,"b13","e5","f12","f13",11,7,22,9,0.000136149108117073,8.90175988960358
"b13 e5 f12 f37",1,"b13","e5","f12","f37",11,7,22,2,3.02553573593496e-05,10.4058372863799
"b13 e5 f12 f38",1,"b13","e5","f12","f38",11,7,22,3,4.53830360390243e-05,10.0003721782717
"b13 e5 f12 f40",1,"b13","e5","f12","f40",11,7,22,1,1.51276786796748e-05,11.0989844669398
"b13 e5 f12 g1",1,"b13","e5","f12","g1",11,7,22,97,0.00146738483192845,6.52427348843642
"b13 e5 f13 f37",1,"b13","e5","f13","f37",11,7,9,2,1.23771916470066e-05,11.299655162402
"b13 e5 f13 f38",1,"b13","e5","f13","f38",11,7,9,3,1.856578747051e-05,10.8941900542938
"b13 e5 f13 f40",1,"b13","e5","f13","f40",11,7,9,1,6.18859582350332e-06,11.9928023429619
"b13 e5 f13 g1",1,"b13","e5","f13","g1",11,7,9,97,0.000600293794879822,7.41809136445851
"b13 e5 f37 f38",1,"b13","e5","f37","f38",11,7,2,3,4.12573054900221e-06,12.3982674510701
"b13 e5 f37 f40",1,"b13","e5","f37","f40",11,7,2,1,1.37524351633407e-06,13.4968797397382
"b13 e5 f37 g1",1,"b13","e5","f37","g1",11,7,2,97,0.000133398621084405,8.92216876123479
"b13 e5 f38 f40",1,"b13","e5","f38","f40",11,7,3,1,2.06286527450111e-06,13.09141463163
"b13 e5 f38 g1",1,"b13","e5","f38","g1",11,7,3,97,0.000200097931626607,8.51670365312662
"b13 e5 f40 g1",1,"b13","e5","f40","g1",11,7,1,97,6.66993105422024e-05,9.61531594179473
"b13 f5 f12 f13",1,"b13","f5","f12","f13",11,36,22,9,0.000700195413173518,7.26415110020279
"b13 f5 f12 f37",1,"b13","f5","f12","f37",11,36,22,2,0.000155598980705226,8.76822849697906
"b13 f5 f12 f38",1,"b13","f5","f12","f38",11,36,22,3,0.000233398471057839,8.3627633888709
"b13 f5 f12 f40",1,"b13","f5","f12","f40",11,36,22,1,7.77994903526131e-05,9.461375677539
"b13 f5 f12 g1",1,"b13","f5","f12","g1",11,36,22,97,0.00754655056420348,4.88666469903562
"b13 f5 f13 f37",1,"b13","f5","f13","f37",11,36,9,2,6.36541284703198e-05,9.66204637300116
"b13 f5 f13 f38",1,"b13","f5","f13","f38",11,36,9,3,9.54811927054798e-05,9.25658126489299
"b13 f5 f13 f40",1,"b13","f5","f13","f40",11,36,9,1,3.18270642351599e-05,10.3551935535611
"b13 f5 f13 g1",1,"b13","f5","f13","g1",11,36,9,97,0.00308722523081051,5.78048257505772
"b13 f5 f37 f38",1,"b13","f5","f37","f38",11,36,2,3,2.12180428234399e-05,10.7606586616693
"b13 f5 f37 f40",1,"b13","f5","f37","f40",11,36,2,1,7.07268094114665e-06,11.8592709503374
"b13 f5 f37 g1",1,"b13","f5","f37","g1",11,36,2,97,0.000686050051291225,7.28455997183399
"b13 f5 f38 f40",1,"b13","f5","f38","f40",11,36,3,1,1.060902141172e-05,11.4538058422292
"b13 f5 f38 g1",1,"b13","f5","f38","g1",11,36,3,97,0.00102907507693684,6.87909486372583
"b13 f5 f40 g1",1,"b13","f5","f40","g1",11,36,1,97,0.000343025025645613,7.97770715239394
"b13 f12 f13 f37",1,"b13","f12","f13","f37",11,22,9,2,3.88997451763066e-05,10.154522858099
"b13 f12 f13 f38",1,"b13","f12","f13","f38",11,22,9,3,5.83496177644599e-05,9.74905774999079
"b13 f12 f13 f40",1,"b13","f12","f13","f40",11,22,9,1,1.94498725881533e-05,10.8476700386589
"b13 f12 f13 g1",1,"b13","f12","f13","g1",11,22,9,97,0.00188663764105087,6.27295906015551
"b13 f12 f37 f38",1,"b13","f12","f37","f38",11,22,2,3,1.29665817254355e-05,11.2531351467671
"b13 f12 f37 f40",1,"b13","f12","f37","f40",11,22,2,1,4.32219390847851e-06,12.3517474354352
"b13 f12 f37 g1",1,"b13","f12","f37","g1",11,22,2,97,0.000419252809122415,7.77703645693179
"b13 f12 f38 f40",1,"b13","f12","f38","f40",11,22,3,1,6.48329086271776e-06,11.946282327327
"b13 f12 f38 g1",1,"b13","f12","f38","g1",11,22,3,97,0.000628879213683623,7.37157134882362
"b13 f12 f40 g1",1,"b13","f12","f40","g1",11,22,1,97,0.000209626404561208,8.47018363749173
"b13 f13 f37 f38",1,"b13","f13","f37","f38",11,9,2,3,5.30451070585999e-06,12.1469530227892
"b13 f13 f37 f40",1,"b13","f13","f37","f40",11,9,2,1,1.76817023528666e-06,13.2455653114573
"b13 f13 f37 g1",1,"b13","f13","f37","g1",11,9,2,97,0.000171512512822806,8.67085433295388
"b13 f13 f38 f40",1,"b13","f13","f38","f40",11,9,3,1,2.65225535292999e-06,12.8401002033491
"b13 f13 f38 g1",1,"b13","f13","f38","g1",11,9,3,97,0.000257268769234209,8.26538922484572
"b13 f13 f40 g1",1,"b13","f13","f40","g1",11,9,1,97,8.57562564114031e-05,9.36400151351383
"b13 f37 f38 f40",1,"b13","f37","f38","f40",11,2,3,1,5.89390078428887e-07,14.3441776001254
"b13 f37 f38 g1",1,"b13","f37","f38","g1",11,2,3,97,5.71708376076021e-05,9.76946662162199
"b13 f37 f40 g1",1,"b13","f37","f40","g1",11,2,1,97,1.90569458692007e-05,10.8680789102901
"b13 f38 f40 g1",1,"b13","f38","f40","g1",11,3,1,97,2.8585418803801e-05,10.4626138021819
"c1 e1 e5 f5",1,"c1","e1","e5","f5",125,17,7,36,0.00478209677270711,5.34287617328186
"c1 e1 e5 f12",1,"c1","e1","e5","f12",125,17,7,22,0.0029223924722099,5.83535265837965
"c1 e1 e5 f13",1,"c1","e1","e5","f13",125,17,7,9,0.00119552419317678,6.72917053440175
"c1 e1 e5 f37",1,"c1","e1","e5","f37",125,17,7,2,0.000265672042928173,8.23324793117802
"c1 e1 e5 f38",1,"c1","e1","e5","f38",125,17,7,3,0.000398508064392259,7.82778282306986
"c1 e1 e5 f40",1,"c1","e1","e5","f40",125,17,7,1,0.000132836021464086,8.92639511173797
"c1 e1 e5 g1",1,"c1","e1","e5","g1",125,17,7,97,0.0128850940820164,4.35168413323459
"c1 e1 f5 f13",1,"c1","e1","f5","f13",125,17,36,9,0.00614841013633771,5.09156174500095
"c1 e1 f5 f37",1,"c1","e1","f5","f37",125,17,36,2,0.0013663133636306,6.59563914177723
"c1 e1 f5 f38",1,"c1","e1","f5","f38",125,17,36,3,0.0020494700454459,6.19017403366906
"c1 e1 f5 f40",1,"c1","e1","f5","f40",125,17,36,1,0.000683156681815302,7.28878632233717
"c1 e1 f5 g1",1,"c1","e1","f5","g1",125,17,36,97,0.0662661981360843,2.71407534383379
"c1 e1 f12 f13",1,"c1","e1","f12","f13",125,17,22,9,0.00375736174998416,5.58403823009875
"c1 e1 f12 f37",1,"c1","e1","f12","f37",125,17,22,2,0.000834969277774257,7.08811562687502
"c1 e1 f12 f38",1,"c1","e1","f12","f38",125,17,22,3,0.00125245391666139,6.68265051876686
"c1 e1 f12 f40",1,"c1","e1","f12","f40",125,17,22,1,0.000417484638887129,7.78126280743497
"c1 e1 f12 g1",1,"c1","e1","f12","g1",125,17,22,97,0.0404960099720515,3.20655182893158
"c1 e1 f13 f37",1,"c1","e1","f13","f37",125,17,9,2,0.000341578340907651,7.98193350289712
"c1 e1 f13 f38",1,"c1","e1","f13","f38",125,17,9,3,0.000512367511361476,7.57646839478895
"c1 e1 f13 f40",1,"c1","e1","f13","f40",125,17,9,1,0.000170789170453825,8.67508068345706
"c1 e1 f13 g1",1,"c1","e1","f13","g1",125,17,9,97,0.0165665495340211,4.10036970495368
"c1 e1 f37 f38",1,"c1","e1","f37","f38",125,17,2,3,0.000113859446969217,9.08054579156523
"c1 e1 f37 f40",1,"c1","e1","f37","f40",125,17,2,1,3.7953148989739e-05,10.1791580802333
"c1 e1 f37 g1",1,"c1","e1","f37","g1",125,17,2,97,0.00368145545200468,5.60444710172996
"c1 e1 f38 f40",1,"c1","e1","f38","f40",125,17,3,1,5.69297234846085e-05,9.77369297212517
"c1 e1 f38 g1",1,"c1","e1","f38","g1",125,17,3,97,0.00552218317800702,5.19898199362179
"c1 e1 f40 g1",1,"c1","e1","f40","g1",125,17,1,97,0.00184072772600234,6.2975942822899
"c1 e5 f5 f12",1,"c1","e5","f5","f12",125,7,36,22,0.00618859582350332,5.08504706397976
"c1 e5 f5 f13",1,"c1","e5","f5","f13",125,7,36,9,0.00253169829143318,5.97886494000186
"c1 e5 f5 f37",1,"c1","e5","f5","f37",125,7,36,2,0.000562599620318484,7.48294233677813
"c1 e5 f5 f38",1,"c1","e5","f5","f38",125,7,36,3,0.000843899430477725,7.07747722866997
"c1 e5 f5 f40",1,"c1","e5","f5","f40",125,7,36,1,0.000281299810159242,8.17608951733808
"c1 e5 f5 g1",1,"c1","e5","f5","g1",125,7,36,97,0.0272860815854465,3.60137853883469
"c1 e5 f12 f13",1,"c1","e5","f12","f13",125,7,22,9,0.00154714895587583,6.47134142509965
"c1 e5 f12 f37",1,"c1","e5","f12","f37",125,7,22,2,0.000343810879083518,7.97541882187592
"c1 e5 f12 f38",1,"c1","e5","f12","f38",125,7,22,3,0.000515716318625276,7.56995371376776
"c1 e5 f12 f40",1,"c1","e5","f12","f40",125,7,22,1,0.000171905439541759,8.66856600243587
"c1 e5 f12 g1",1,"c1","e5","f12","g1",125,7,22,97,0.0166748276355506,4.09385502393249
"c1 e5 f13 f37",1,"c1","e5","f13","f37",125,7,9,2,0.000140649905079621,8.86923669789802
"c1 e5 f13 f38",1,"c1","e5","f13","f38",125,7,9,3,0.000210974857619431,8.46377158978986
"c1 e5 f13 f40",1,"c1","e5","f13","f40",125,7,9,1,7.03249525398104e-05,9.56238387845797
"c1 e5 f13 g1",1,"c1","e5","f13","g1",125,7,9,97,0.00682152039636161,4.98767289995458
"c1 e5 f37 f38",1,"c1","e5","f37","f38",125,7,2,3,4.6883301693207e-05,9.96784898656613
"c1 e5 f37 f40",1,"c1","e5","f37","f40",125,7,2,1,1.5627767231069e-05,11.0664612752342
"c1 e5 f37 g1",1,"c1","e5","f37","g1",125,7,2,97,0.00151589342141369,6.49175029673086
"c1 e5 f38 f40",1,"c1","e5","f38","f40",125,7,3,1,2.34416508466035e-05,10.6609961671261
"c1 e5 f38 g1",1,"c1","e5","f38","g1",125,7,3,97,0.00227384013212054,6.08628518862269
"c1 e5 f40 g1",1,"c1","e5","f40","g1",125,7,1,97,0.000757946710706846,7.1848974772908
"c1 f5 f12 f13",1,"c1","f5","f12","f13",125,36,22,9,0.00795676605878998,4.83373263569885
"c1 f5 f12 f37",1,"c1","f5","f12","f37",125,36,22,2,0.00176817023528666,6.33781003247513
"c1 f5 f12 f38",1,"c1","f5","f12","f38",125,36,22,3,0.00265225535292999,5.93234492436696
"c1 f5 f12 f40",1,"c1","f5","f12","f40",125,36,22,1,0.000884085117643331,7.03095721303507
"c1 f5 f12 g1",2,"c1","f5","f12","g1",125,36,22,97,0.0857562564114031,3.14939341509164
"c1 f5 f13 f37",1,"c1","f5","f13","f37",125,36,9,2,0.000723342368980908,7.23162790849722
"c1 f5 f13 f38",1,"c1","f5","f13","f38",125,36,9,3,0.00108501355347136,6.82616280038906
"c1 f5 f13 f40",1,"c1","f5","f13","f40",125,36,9,1,0.000361671184490454,7.92477508905717
"c1 f5 f13 g1",1,"c1","f5","f13","g1",125,36,9,97,0.035082104895574,3.35006411055379
"c1 f5 f37 f38",1,"c1","f5","f37","f38",125,36,2,3,0.000241114122993636,8.33024019716533
"c1 f5 f37 f40",1,"c1","f5","f37","f40",125,36,2,1,8.03713743312119e-05,9.42885248583344
"c1 f5 f37 g1",1,"c1","f5","f37","g1",125,36,2,97,0.00779602331012756,4.85414150733006
"c1 f5 f38 f40",1,"c1","f5","f38","f40",125,36,3,1,0.000120557061496818,9.02338737772528
"c1 f5 f38 g1",1,"c1","f5","f38","g1",125,36,3,97,0.0116940349651913,4.4486763992219
"c1 f5 f40 g1",1,"c1","f5","f40","g1",125,36,1,97,0.00389801165506378,5.54728868789001
"c1 f12 f13 f37",1,"c1","f12","f13","f37",125,22,9,2,0.000442042558821666,7.72410439359502
"c1 f12 f13 f38",1,"c1","f12","f13","f38",125,22,9,3,0.000663063838232498,7.31863928548685
"c1 f12 f13 f40",1,"c1","f12","f13","f40",125,22,9,1,0.000221021279410833,8.41725157415496
"c1 f12 f37 f38",1,"c1","f12","f37","f38",125,22,2,3,0.000147347519607222,8.82271668226313
"c1 f12 f37 f40",1,"c1","f12","f37","f40",125,22,2,1,4.9115839869074e-05,9.92132897093124
"c1 f12 f37 g1",1,"c1","f12","f37","g1",125,22,2,97,0.00476423646730017,5.34661799242786
"c1 f12 f38 f40",1,"c1","f12","f38","f40",125,22,3,1,7.36737598036109e-05,9.51586386282307
"c1 f12 f38 g1",1,"c1","f12","f38","g1",125,22,3,97,0.00714635470095026,4.94115288431969
"c1 f12 f40 g1",1,"c1","f12","f40","g1",125,22,1,97,0.00238211823365009,6.0397651729878
"c1 f13 f37 f38",1,"c1","f13","f37","f38",125,9,2,3,6.0278530748409e-05,9.71653455828523
"c1 f13 f37 f40",1,"c1","f13","f37","f40",125,9,2,1,2.0092843582803e-05,10.8151468469533
"c1 f13 f37 g1",1,"c1","f13","f37","g1",125,9,2,97,0.00194900582753189,6.24043586844995
"c1 f13 f38 f40",1,"c1","f13","f38","f40",125,9,3,1,3.01392653742045e-05,10.4096817388452
"c1 f13 f38 g1",1,"c1","f13","f38","g1",125,9,3,97,0.00292350874129783,5.83497076034179
"c1 f13 f40 g1",1,"c1","f13","f40","g1",125,9,1,97,0.000974502913765945,6.9335830490099
"c1 f37 f38 f40",1,"c1","f37","f38","f40",125,2,3,1,6.697614527601e-06,11.9137591356214
"c1 f37 f38 g1",1,"c1","f37","f38","g1",125,2,3,97,0.000649668609177297,7.33904815711806
"c1 f37 f40 g1",1,"c1","f37","f40","g1",125,2,1,97,0.000216556203059099,8.43766044578617
"c1 f38 f40 g1",1,"c1","f38","f40","g1",125,3,1,97,0.000324834304588648,8.03219533767801
"e1 e5 f5 f12",1,"e1","e5","f5","f12",17,7,36,22,0.000841649031996451,7.08014745722585
"e1 e5 f5 f13",1,"e1","e5","f5","f13",17,7,36,9,0.000344310967634912,7.97396533324794
"e1 e5 f5 f37",1,"e1","e5","f5","f37",17,7,36,2,7.65135483633138e-05,9.47804273002422
"e1 e5 f5 f38",1,"e1","e5","f5","f38",17,7,36,3,0.000114770322544971,9.07257762191605
"e1 e5 f5 f40",1,"e1","e5","f5","f40",17,7,36,1,3.82567741816569e-05,10.1711899105842
"e1 e5 f5 g1",1,"e1","e5","f5","g1",17,7,36,97,0.00371090709562072,5.59647893208078
"e1 e5 f12 f13",1,"e1","e5","f12","f13",17,7,22,9,0.000210412257999113,8.46644181834574
"e1 e5 f12 f37",1,"e1","e5","f12","f37",17,7,22,2,4.67582795553584e-05,9.97051921512201
"e1 e5 f12 f38",1,"e1","e5","f12","f38",17,7,22,3,7.01374193330376e-05,9.56505410701385
"e1 e5 f12 f40",1,"e1","e5","f12","f40",17,7,22,1,2.33791397776792e-05,10.663666395682
"e1 e5 f12 g1",2,"e1","e5","f12","g1",17,7,22,97,0.00226777655843488,6.78210259773852
"e1 e5 f13 f37",1,"e1","e5","f13","f37",17,7,9,2,1.91283870908284e-05,10.8643370911441
"e1 e5 f13 f38",1,"e1","e5","f13","f38",17,7,9,3,2.86925806362427e-05,10.4588719830359
"e1 e5 f13 f40",1,"e1","e5","f13","f40",17,7,9,1,9.56419354541422e-06,11.5574842717041
"e1 e5 f13 g1",1,"e1","e5","f13","g1",17,7,9,97,0.000927726773905179,6.98277329320067
"e1 e5 f37 f38",1,"e1","e5","f37","f38",17,7,2,3,6.37612903027615e-06,11.9629493798122
"e1 e5 f37 f40",1,"e1","e5","f37","f40",17,7,2,1,2.12537634342538e-06,13.0615616684803
"e1 e5 f37 g1",1,"e1","e5","f37","g1",17,7,2,97,0.000206161505312262,8.48685068997694
"e1 e5 f38 f40",1,"e1","e5","f38","f40",17,7,3,1,3.18806451513807e-06,12.6560965603722
"e1 e5 f38 g1",1,"e1","e5","f38","g1",17,7,3,97,0.000309242257968393,8.08138558186878
"e1 e5 f40 g1",1,"e1","e5","f40","g1",17,7,1,97,0.000103080752656131,9.17999787053689
"e1 f5 f12 f13",1,"e1","f5","f12","f13",17,36,22,9,0.00108212018399544,6.82883302894494
"e1 f5 f12 f37",1,"e1","f5","f12","f37",17,36,22,2,0.000240471151998986,8.33291042572121
"e1 f5 f12 f38",1,"e1","f5","f12","f38",17,36,22,3,0.000360706727998479,7.92744531761305
"e1 f5 f12 f40",1,"e1","f5","f12","f40",17,36,22,1,0.000120235575999493,9.02605760628116
"e1 f5 f12 g1",1,"e1","f5","f12","g1",17,36,22,97,0.0116628508719508,4.45134662777778
"e1 f5 f13 f37",1,"e1","f5","f13","f37",17,36,9,2,9.83745621814034e-05,9.22672830174331
"e1 f5 f13 f38",1,"e1","f5","f13","f38",17,36,9,3,0.000147561843272105,8.82126319363515
"e1 f5 f13 f40",1,"e1","f5","f13","f40",17,36,9,1,4.91872810907017e-05,9.91987548230326
"e1 f5 f13 g1",1,"e1","f5","f13","g1",17,36,9,97,0.00477116626579807,5.34516450379987
"e1 f5 f37 f38",1,"e1","f5","f37","f38",17,36,2,3,3.27915207271345e-05,10.3253405904114
"e1 f5 f37 f40",1,"e1","f5","f37","f40",17,36,2,1,1.09305069090448e-05,11.4239528790795
"e1 f5 f37 g1",1,"e1","f5","f37","g1",17,36,2,97,0.00106025917017735,6.84924190057615
"e1 f5 f38 f40",1,"e1","f5","f38","f40",17,36,3,1,1.63957603635672e-05,11.0184877709714
"e1 f5 f38 g1",1,"e1","f5","f38","g1",17,36,3,97,0.00159038875526602,6.44377679246798
"e1 f5 f40 g1",1,"e1","f5","f40","g1",17,36,1,97,0.000530129585088674,7.54238908113609
"e1 f12 f13 f37",1,"e1","f12","f13","f37",17,22,9,2,6.01177879997465e-05,9.7192047868411
"e1 f12 f13 f38",1,"e1","f12","f13","f38",17,22,9,3,9.01766819996198e-05,9.31373967873294
"e1 f12 f13 f40",1,"e1","f12","f13","f40",17,22,9,1,3.00588939998733e-05,10.412351967401
"e1 f12 f13 g1",1,"e1","f12","f13","g1",17,22,9,97,0.00291571271798771,5.83764098889767
"e1 f12 f37 f38",1,"e1","f12","f37","f38",17,22,2,3,2.00392626665822e-05,10.8178170755092
"e1 f12 f37 f40",1,"e1","f12","f37","f40",17,22,2,1,6.67975422219406e-06,11.9164293641773
"e1 f12 f37 g1",1,"e1","f12","f37","g1",17,22,2,97,0.000647936159552824,7.34171838567394
"e1 f12 f38 f40",1,"e1","f12","f38","f40",17,22,3,1,1.00196313332911e-05,11.5109642560692
"e1 f12 f38 g1",1,"e1","f12","f38","g1",17,22,3,97,0.000971904239329235,6.93625327756578
"e1 f12 f40 g1",1,"e1","f12","f40","g1",17,22,1,97,0.000323968079776412,8.03486556623389
"e1 f13 f37 f38",1,"e1","f13","f37","f38",17,9,2,3,8.19788018178362e-06,11.7116349515313
"e1 f13 f37 f40",1,"e1","f13","f37","f40",17,9,2,1,2.73262672726121e-06,12.8102472401994
"e1 f13 f37 g1",1,"e1","f13","f37","g1",17,9,2,97,0.000265064792544337,8.23553626169604
"e1 f13 f38 f40",1,"e1","f13","f38","f40",17,9,3,1,4.09894009089181e-06,12.4047821320913
"e1 f13 f38 g1",1,"e1","f13","f38","g1",17,9,3,97,0.000397597188816505,7.83007115358787
"e1 f13 f40 g1",1,"e1","f13","f40","g1",17,9,1,97,0.000132532396272168,8.92868344225598
"e1 f37 f38 f40",1,"e1","f37","f38","f40",17,2,3,1,9.10875575753735e-07,13.9088595288675
"e1 f37 f38 g1",1,"e1","f37","f38","g1",17,2,3,97,8.83549308481123e-05,9.33414855036415
"e1 f37 f40 g1",1,"e1","f37","f40","g1",17,2,1,97,2.94516436160374e-05,10.4327608390323
"e1 f38 f40 g1",1,"e1","f38","f40","g1",17,3,1,97,4.41774654240562e-05,10.0272957309241
"e5 f5 f12 f13",1,"e5","f5","f12","f13",7,36,22,9,0.000445578899292239,7.71613622394584
"e5 f5 f12 f37",1,"e5","f5","f12","f37",7,36,22,2,9.90175331760531e-05,9.22021362072212
"e5 f5 f12 f38",1,"e5","f5","f12","f38",7,36,22,3,0.00014852629976408,8.81474851261395
"e5 f5 f12 f40",1,"e5","f5","f12","f40",7,36,22,1,4.95087665880266e-05,9.91336080128206
"e5 f5 f12 g1",1,"e5","f5","f12","g1",7,36,22,97,0.00480235035903858,5.33864982277868
"e5 f5 f13 f37",1,"e5","f5","f13","f37",7,36,9,2,4.05071726629308e-05,10.1140314967442
"e5 f5 f13 f38",1,"e5","f5","f13","f38",7,36,9,3,6.07607589943962e-05,9.70856638863605
"e5 f5 f13 f40",1,"e5","f5","f13","f40",7,36,9,1,2.02535863314654e-05,10.8071786773042
"e5 f5 f13 g1",1,"e5","f5","f13","g1",7,36,9,97,0.00196459787415214,6.23246769880078
"e5 f5 f37 f38",1,"e5","f5","f37","f38",7,36,2,3,1.35023908876436e-05,11.2126437854123
"e5 f5 f37 f40",1,"e5","f5","f37","f40",7,36,2,1,4.50079696254787e-06,12.3112560740804
"e5 f5 f37 g1",1,"e5","f5","f37","g1",7,36,2,97,0.000436577305367143,7.73654509557705
"e5 f5 f38 f40",1,"e5","f5","f38","f40",7,36,3,1,6.7511954438218e-06,11.9057909659723
"e5 f5 f38 g1",1,"e5","f5","f38","g1",7,36,3,97,0.000654865958050715,7.33107998746889
"e5 f5 f40 g1",1,"e5","f5","f40","g1",7,36,1,97,0.000218288652683572,8.429692276137
"e5 f12 f13 f37",1,"e5","f12","f13","f37",7,22,9,2,2.47543832940133e-05,10.606507981842
"e5 f12 f13 f38",1,"e5","f12","f13","f38",7,22,9,3,3.71315749410199e-05,10.2010428737338
"e5 f12 f13 f40",1,"e5","f12","f13","f40",7,22,9,1,1.23771916470066e-05,11.299655162402
"e5 f12 f13 g1",1,"e5","f12","f13","g1",7,22,9,97,0.00120058758975964,6.72494418389857
"e5 f12 f37 f38",1,"e5","f12","f37","f38",7,22,2,3,8.25146109800442e-06,11.7051202705101
"e5 f12 f37 f40",1,"e5","f12","f37","f40",7,22,2,1,2.75048703266814e-06,12.8037325591782
"e5 f12 f37 g1",1,"e5","f12","f37","g1",7,22,2,97,0.00026679724216881,8.22902158067484
"e5 f12 f38 f40",1,"e5","f12","f38","f40",7,22,3,1,4.12573054900221e-06,12.3982674510701
"e5 f12 f38 g1",1,"e5","f12","f38","g1",7,22,3,97,0.000400195863253215,7.82355647256668
"e5 f12 f40 g1",1,"e5","f12","f40","g1",7,22,1,97,0.000133398621084405,8.92216876123479
"e5 f13 f37 f38",1,"e5","f13","f37","f38",7,9,2,3,3.3755977219109e-06,12.5989381465322
"e5 f13 f37 f40",1,"e5","f13","f37","f40",7,9,2,1,1.12519924063697e-06,13.6975504352003
"e5 f13 f37 g1",1,"e5","f13","f37","g1",7,9,2,97,0.000109144326341786,9.12283945669694
"e5 f13 f38 f40",1,"e5","f13","f38","f40",7,9,3,1,1.68779886095545e-06,13.2920853270922
"e5 f13 f38 g1",1,"e5","f13","f38","g1",7,9,3,97,0.000163716489512679,8.71737434858878
"e5 f13 f40 g1",1,"e5","f13","f40","g1",7,9,1,97,5.45721631708929e-05,9.81598663725689
"e5 f37 f38 f40",1,"e5","f37","f38","f40",7,2,3,1,3.75066413545656e-07,14.7961627238684
"e5 f37 f38 g1",1,"e5","f37","f38","g1",7,2,3,97,3.63814421139286e-05,10.221451745365
"e5 f37 f40 g1",1,"e5","f37","f40","g1",7,2,1,97,1.21271473713095e-05,11.3200640340332
"e5 f38 f40 g1",1,"e5","f38","f40","g1",7,3,1,97,1.81907210569643e-05,10.914598925925
"f5 f12 f13 f37",1,"f5","f12","f13","f37",36,22,9,2,0.00012730825694064,8.96889919244121
"f5 f12 f13 f38",1,"f5","f12","f13","f38",36,22,9,3,0.00019096238541096,8.56343408433305
"f5 f12 f13 f40",1,"f5","f12","f13","f40",36,22,9,1,6.36541284703198e-05,9.66204637300116
"f5 f12 f13 g1",1,"f5","f12","f13","g1",36,22,9,97,0.00617445046162102,5.08733539449777
"f5 f12 f37 f38",1,"f5","f12","f37","f38",36,22,2,3,4.24360856468799e-05,10.0675114811093
"f5 f12 f37 f40",1,"f5","f12","f37","f40",36,22,2,1,1.41453618822933e-05,11.1661237697774
"f5 f12 f37 g1",1,"f5","f12","f37","g1",36,22,2,97,0.00137210010258245,6.59141279127405
"f5 f12 f38 f40",1,"f5","f12","f38","f40",36,22,3,1,2.12180428234399e-05,10.7606586616693
"f5 f12 f38 g1",1,"f5","f12","f38","g1",36,22,3,97,0.00205815015387367,6.18594768316588
"f5 f12 f40 g1",1,"f5","f12","f40","g1",36,22,1,97,0.000686050051291225,7.28455997183399
"f5 f13 f37 f38",1,"f5","f13","f37","f38",36,9,2,3,1.73602168555418e-05,10.9613293571314
"f5 f13 f37 f40",1,"f5","f13","f37","f40",36,9,2,1,5.78673895184726e-06,12.0599416457995
"f5 f13 f37 g1",1,"f5","f13","f37","g1",36,9,2,97,0.000561313678329184,7.48523066729614
"f5 f13 f38 f40",1,"f5","f13","f38","f40",36,9,3,1,8.68010842777089e-06,11.6544765376914
"f5 f13 f38 g1",1,"f5","f13","f38","g1",36,9,3,97,0.000841970517493776,7.07976555918798
"f5 f13 f40 g1",1,"f5","f13","f40","g1",36,9,1,97,0.000280656839164592,8.17837784785609
"f5 f37 f38 f40",1,"f5","f37","f38","f40",36,2,3,1,1.92891298394909e-06,13.1585539344676
"f5 f37 f38 g1",1,"f5","f37","f38","g1",36,2,3,97,0.000187104559443061,8.58384295596425
"f5 f37 f40 g1",1,"f5","f37","f40","g1",36,2,1,97,6.23681864810205e-05,9.68245524463236
"f5 f38 f40 g1",1,"f5","f38","f40","g1",36,3,1,97,9.35522797215307e-05,9.2769901365242
"f12 f13 f37 f38",1,"f12","f13","f37","f38",22,9,2,3,1.060902141172e-05,11.4538058422292
"f12 f13 f37 f40",1,"f12","f13","f37","f40",22,9,2,1,3.53634047057332e-06,12.5524181308973
"f12 f13 f37 g1",1,"f12","f13","f37","g1",22,9,2,97,0.000343025025645613,7.97770715239394
"f12 f13 f38 f40",1,"f12","f13","f38","f40",22,9,3,1,5.30451070585999e-06,12.1469530227892
"f12 f13 f38 g1",1,"f12","f13","f38","g1",22,9,3,97,0.000514537538468419,7.57224204428577
"f12 f13 f40 g1",1,"f12","f13","f40","g1",22,9,1,97,0.000171512512822806,8.67085433295388
"f12 f37 f38 f40",1,"f12","f37","f38","f40",22,2,3,1,1.17878015685777e-06,13.6510304195654
"f12 f37 f38 g1",1,"f12","f37","f38","g1",22,2,3,97,0.000114341675215204,9.07631944106205
"f12 f37 f40 g1",1,"f12","f37","f40","g1",22,2,1,97,3.81138917384014e-05,10.1749317297302
"f12 f38 f40 g1",1,"f12","f38","f40","g1",22,3,1,97,5.71708376076021e-05,9.76946662162199
"f13 f37 f38 f40",1,"f13","f37","f38","f40",9,2,3,1,4.82228245987272e-07,14.5448482955875
"f13 f37 f38 g1",1,"f13","f37","f38","g1",9,2,3,97,4.67761398607653e-05,9.97013731708414
"f13 f37 f40 g1",1,"f13","f37","f40","g1",9,2,1,97,1.55920466202551e-05,11.0687496057523
"f13 f38 f40 g1",1,"f13","f38","f40","g1",9,3,1,97,2.33880699303827e-05,10.6632844976441
"f37 f38 f40 g1",1,"f37","f38","f40","g1",2,3,1,97,5.19734887341837e-06,12.1673618944204
"b1 c1 d11 f63",1,"b1","c1","d11","f63",13,125,4,1,5.8045992572542e-05,9.75427488626807
"b1 c1 d11 g1",1,"b1","c1","d11","g1",13,125,4,97,0.00563046127953657,5.17956390776469
"b1 c1 f63 g1",1,"b1","c1","f63","g1",13,125,1,97,0.00140761531988414,6.56585826888458
"b1 d11 f63 g1",1,"b1","d11","f63","g1",13,4,1,97,4.50436902362926e-05,10.007877645067
"c1 d11 f63 g1",1,"c1","d11","f63","g1",125,4,1,97,0.000433112406118198,7.74451326522623
"a1 b1 c1 f5",1,"a1","b1","c1","f5",136,13,125,36,0.0710482949087914,2.6443954231958
"c1 g12 g23 h1",1,"c1","g12","g23","h1",125,2,1,49,0.000109394370617483,9.12055112617893
"i1 i8 i13 i15",1,"i1","i8","i13","i15",34,1,4,2,2.42900153534329e-06,12.9280302758558
"a1 b10 b11 b12",1,"a1","b10","b11","b12",136,50,3,6,0.00109305069090448,6.81878269309144
"a1 b10 b11 d22",1,"a1","b10","b11","d22",136,50,3,5,0.000910875575753735,7.00110424988539
"a1 b10 b11 f14",1,"a1","b10","b11","f14",136,50,3,16,0.00291480184241195,5.83795344007971
"a1 b10 b11 g6",1,"a1","b10","b11","g6",136,50,3,1,0.000182175115150747,8.61054216231949
"a1 b10 b12 d22",1,"a1","b10","b12","d22",136,50,6,5,0.00182175115150747,6.30795706932545
"a1 b10 b12 f14",1,"a1","b10","b12","f14",136,50,6,16,0.00582960368482391,5.14480625951977
"a1 b10 b12 g6",1,"a1","b10","b12","g6",136,50,6,1,0.000364350230301494,7.91739498175955
"a1 b10 d22 f14",1,"a1","b10","d22","f14",136,50,5,16,0.00485800307068659,5.32712781631372
"a1 b10 d22 g6",1,"a1","b10","d22","g6",136,50,5,1,0.000303625191917912,8.0997165385535
"a1 b10 f14 g6",1,"a1","b10","f14","g6",136,50,16,1,0.000971600614137318,6.93656572874782
"a1 b11 b12 d22",1,"a1","b11","b12","d22",136,3,6,5,0.000109305069090448,9.12136778608548
"a1 b11 b12 f14",1,"a1","b11","b12","f14",136,3,6,16,0.000349776221089434,7.9582169762798
"a1 b11 b12 g6",1,"a1","b11","b12","g6",136,3,6,1,2.18610138180896e-05,10.7308056985196
"a1 b11 d22 f14",1,"a1","b11","d22","f14",136,3,5,16,0.000291480184241195,8.14053853307376
"a1 b11 d22 g6",1,"a1","b11","d22","g6",136,3,5,1,1.82175115150747e-05,10.9131272553135
"a1 b11 f14 g6",1,"a1","b11","f14","g6",136,3,16,1,5.82960368482391e-05,9.74997644550786
"a1 b12 d22 f14",1,"a1","b12","d22","f14",136,6,5,16,0.00058296036848239,7.44739135251381
"a1 b12 d22 g6",1,"a1","b12","d22","g6",136,6,5,1,3.64350230301494e-05,10.2199800747536
"a1 b12 f14 g6",1,"a1","b12","f14","g6",136,6,16,1,0.000116592073696478,9.05682926494791
"a1 d22 f14 g6",1,"a1","d22","f14","g6",136,5,16,1,9.71600614137318e-05,9.23915082174187
"b10 b11 b12 d22",1,"b10","b11","b12","d22",50,3,6,5,4.0185687165606e-05,10.1219996663934
"b10 b11 b12 f14",1,"b10","b11","b12","f14",50,3,6,16,0.000128594198929939,8.95884885658771
"b10 b11 b12 g6",1,"b10","b11","b12","g6",50,3,6,1,8.03713743312119e-06,11.7314375788275
"b10 b11 d22 f14",1,"b10","b11","d22","f14",50,3,5,16,0.000107161832441616,9.14117041338166
"b10 b11 d22 g6",1,"b10","b11","d22","g6",50,3,5,1,6.69761452760099e-06,11.9137591356214
"b10 b11 f14 g6",1,"b10","b11","f14","g6",50,3,16,1,2.14323664883232e-05,10.7506083258158
"b10 b12 d22 f14",1,"b10","b12","d22","f14",50,6,5,16,0.000214323664883232,8.44802323282172
"b10 b12 d22 g6",1,"b10","b12","d22","g6",50,6,5,1,1.3395229055202e-05,11.2206119550615
"b10 b12 f14 g6",1,"b10","b12","f14","g6",50,6,16,1,4.28647329766464e-05,10.0574611452558
"b10 d22 f14 g6",1,"b10","d22","f14","g6",50,5,16,1,3.5720610813872e-05,10.2397827020498
"b11 b12 d22 f14",1,"b11","b12","d22","f14",3,6,5,16,1.28594198929939e-05,11.2614339495818
"b11 b12 d22 g6",1,"b11","b12","d22","g6",3,6,5,1,8.03713743312119e-07,14.0340226718215
"b11 b12 f14 g6",1,"b11","b12","f14","g6",3,6,16,1,2.57188397859878e-06,12.8708718620159
"b11 d22 f14 g6",1,"b11","d22","f14","g6",3,5,16,1,2.14323664883232e-06,13.0531934188098
"b12 d22 f14 g6",1,"b12","d22","f14","g6",6,5,16,1,4.28647329766464e-06,12.3600462382499
"b6 b7 b13 d19",1,"b6","b7","b13","d19",14,5,11,10,6.87621758167035e-05,9.58485673431003
"b6 b7 b13 d21",1,"b6","b7","b13","d21",14,5,11,2,1.37524351633407e-05,11.1942946467441
"b6 b7 b13 d23",1,"b6","b7","b13","d23",14,5,11,2,1.37524351633407e-05,11.1942946467441
"b6 b7 b13 f4",1,"b6","b7","b13","f4",14,5,11,2,1.37524351633407e-05,11.1942946467441
"b6 b7 d19 d21",1,"b6","b7","d19","d21",14,5,10,2,1.25022137848552e-05,11.2896048265485
"b6 b7 d19 d23",1,"b6","b7","d19","d23",14,5,10,2,1.25022137848552e-05,11.2896048265485
"b6 b7 d19 f4",1,"b6","b7","d19","f4",14,5,10,2,1.25022137848552e-05,11.2896048265485
"b6 b7 d21 d23",1,"b6","b7","d21","d23",14,5,2,2,2.50044275697104e-06,12.8990427389826
"b6 b7 d21 f4",1,"b6","b7","d21","f4",14,5,2,2,2.50044275697104e-06,12.8990427389826
"b6 b7 d23 f4",1,"b6","b7","d23","f4",14,5,2,2,2.50044275697104e-06,12.8990427389826
"b6 b13 d19 d21",1,"b6","b13","d19","d21",14,11,10,2,2.75048703266814e-05,10.5011474661842
"b6 b13 d19 d23",1,"b6","b13","d19","d23",14,11,10,2,2.75048703266814e-05,10.5011474661842
"b6 b13 d19 f4",1,"b6","b13","d19","f4",14,11,10,2,2.75048703266814e-05,10.5011474661842
"b6 b13 d21 d23",1,"b6","b13","d21","d23",14,11,2,2,5.50097406533628e-06,12.1105853786183
"b6 b13 d21 f4",1,"b6","b13","d21","f4",14,11,2,2,5.50097406533628e-06,12.1105853786183
"b6 b13 d23 f4",1,"b6","b13","d23","f4",14,11,2,2,5.50097406533628e-06,12.1105853786183
"b6 d19 d21 d23",1,"b6","d19","d21","d23",14,10,2,2,5.00088551394208e-06,12.2058955584226
"b6 d19 d21 f4",1,"b6","d19","d21","f4",14,10,2,2,5.00088551394208e-06,12.2058955584226
"b6 d19 d23 f4",1,"b6","d19","d23","f4",14,10,2,2,5.00088551394208e-06,12.2058955584226
"b6 d21 d23 f4",1,"b6","d21","d23","f4",14,2,2,2,1.00017710278842e-06,13.8153334708567
"b7 b13 d19 d21",1,"b7","b13","d19","d21",5,11,10,2,9.82316797381479e-06,11.5307668833653
"b7 b13 d19 d23",1,"b7","b13","d19","d23",5,11,10,2,9.82316797381479e-06,11.5307668833653
"b7 b13 d19 f4",1,"b7","b13","d19","f4",5,11,10,2,9.82316797381479e-06,11.5307668833653
"b7 b13 d21 d23",1,"b7","b13","d21","d23",5,11,2,2,1.96463359476296e-06,13.1402047957994
"b7 b13 d21 f4",1,"b7","b13","d21","f4",5,11,2,2,1.96463359476296e-06,13.1402047957994
"b7 b13 d23 f4",1,"b7","b13","d23","f4",5,11,2,2,1.96463359476296e-06,13.1402047957994
"b7 d19 d21 d23",1,"b7","d19","d21","d23",5,10,2,2,1.7860305406936e-06,13.2355149756038
"b7 d19 d21 f4",1,"b7","d19","d21","f4",5,10,2,2,1.7860305406936e-06,13.2355149756038
"b7 d19 d23 f4",1,"b7","d19","d23","f4",5,10,2,2,1.7860305406936e-06,13.2355149756038
"b7 d21 d23 f4",1,"b7","d21","d23","f4",5,2,2,2,3.5720610813872e-07,14.8449528880379
"b13 d19 d21 d23",1,"b13","d19","d21","d23",11,10,2,2,3.92926718952592e-06,12.4470576152395
"b13 d19 d21 f4",1,"b13","d19","d21","f4",11,10,2,2,3.92926718952592e-06,12.4470576152395
"b13 d19 d23 f4",1,"b13","d19","d23","f4",11,10,2,2,3.92926718952592e-06,12.4470576152395
"b13 d21 d23 f4",1,"b13","d21","d23","f4",11,2,2,2,7.85853437905183e-07,14.0564955276736
"d19 d21 d23 f4",1,"d19","d21","d23","f4",10,2,2,2,7.14412216277439e-07,14.1518057074779
"a1 c1 c4 c5",1,"a1","c1","c4","c5",136,125,6,18,0.0163957603635672,4.11073249198923
"a1 c1 c4 d14",1,"a1","c1","c4","d14",136,125,6,2,0.00182175115150747,6.30795706932545
"a1 c1 c5 d14",1,"a1","c1","c5","d14",136,125,18,2,0.00546525345452241,5.20934478065734
"a1 c4 c5 d14",1,"a1","c4","c5","d14",136,6,18,2,0.000262332165817076,8.24589904873158
"c1 c4 c5 d14",1,"c1","c4","c5","d14",125,6,18,2,0.000241114122993636,8.33024019716533
"a1 b4 d10 d14",1,"a1","b4","d10","d14",136,8,2,2,3.88640245654927e-05,10.155441553616
"a1 b4 d10 g21",1,"a1","b4","d10","g21",136,8,2,1,1.94320122827464e-05,10.848588734176
"a1 b4 d14 g21",1,"a1","b4","d14","g21",136,8,2,1,1.94320122827464e-05,10.848588734176
"a1 d10 d14 g21",1,"a1","d10","d14","g21",136,2,2,1,4.85800307068659e-06,12.2348830952959
"b4 d10 d14 g21",1,"b4","d10","d14","g21",8,2,2,1,2.85764886510976e-07,15.0680964393521
"a1 a24 b2 d4",1,"a1","a24","b2","d4",136,69,28,2,0.00469283096628324,5.36171926108334
"a1 a24 b2 d5",1,"a1","a24","b2","d5",136,69,28,5,0.0117320774157081,4.44542852920919
"a1 a24 b2 d21",1,"a1","a24","b2","d21",136,69,28,2,0.00469283096628324,5.36171926108334
"a1 a24 b2 d29",1,"a1","a24","b2","d29",136,69,28,7,0.0164249083819914,4.10895629258797
"a1 a24 b2 d30",1,"a1","a24","b2","d30",136,69,28,2,0.00469283096628324,5.36171926108334
"a1 a24 b2 h1",3,"a1","a24","b2","h1",136,69,28,49,0.114974358673939,3.26165843220077
"a1 a24 b2 ant",1,"a1","a24","b2","ant",136,69,28,26,0.0610068025616822,2.7967699036218
"a1 a24 d4 d5",1,"a1","a24","d4","d5",136,69,2,5,0.000838005529693436,7.08448585882444
"a1 a24 d4 d21",1,"a1","a24","d4","d21",136,69,2,2,0.000335202211877375,8.0007765906986
"a1 a24 d4 d29",1,"a1","a24","d4","d29",136,69,2,7,0.00117320774157081,6.74801362220323
"a1 a24 d4 d30",1,"a1","a24","d4","d30",136,69,2,2,0.000335202211877375,8.0007765906986
"a1 a24 d4 h1",1,"a1","a24","d4","h1",136,69,2,49,0.00821245419099568,4.80210347314792
"a1 a24 d4 ant",1,"a1","a24","d4","ant",136,69,2,26,0.00435762875440587,5.43582723323706
"a1 a24 d5 d21",1,"a1","a24","d5","d21",136,69,5,2,0.000838005529693436,7.08448585882444
"a1 a24 d5 d29",1,"a1","a24","d5","d29",136,69,5,7,0.00293301935392703,5.83172289032908
"a1 a24 d5 d30",1,"a1","a24","d5","d30",136,69,5,2,0.000838005529693436,7.08448585882444
"a1 a24 d5 h1",1,"a1","a24","d5","h1",136,69,5,49,0.0205311354774892,3.88581274127376
"a1 a24 d5 ant",3,"a1","a24","d5","ant",136,69,5,26,0.0108940718860147,5.61814879003102
"a1 a24 d21 d29",1,"a1","a24","d21","d29",136,69,2,7,0.00117320774157081,6.74801362220323
"a1 a24 d21 d30",1,"a1","a24","d21","d30",136,69,2,2,0.000335202211877375,8.0007765906986
"a1 a24 d21 h1",1,"a1","a24","d21","h1",136,69,2,49,0.00821245419099568,4.80210347314792
"a1 a24 d21 ant",1,"a1","a24","d21","ant",136,69,2,26,0.00435762875440587,5.43582723323706
"a1 a24 d29 d30",1,"a1","a24","d29","d30",136,69,7,2,0.00117320774157081,6.74801362220323
"a1 a24 d29 h1",1,"a1","a24","d29","h1",136,69,7,49,0.0287435896684849,3.54934050465255
"a1 a24 d29 ant",1,"a1","a24","d29","ant",136,69,7,26,0.0152517006404205,4.18306426474169
"a1 a24 d30 h1",1,"a1","a24","d30","h1",136,69,2,49,0.00821245419099568,4.80210347314792
"a1 a24 d30 ant",1,"a1","a24","d30","ant",136,69,2,26,0.00435762875440587,5.43582723323706
"a1 b2 d4 d5",1,"a1","b2","d4","d5",136,28,2,5,0.000340060214948061,7.9863878532465
"a1 b2 d4 d21",1,"a1","b2","d4","d21",136,28,2,2,0.000136024085979224,8.90267858512065
"a1 b2 d4 d29",1,"a1","b2","d4","d29",136,28,2,7,0.000476084300927286,7.64991561662529
"a1 b2 d4 d30",1,"a1","b2","d4","d30",136,28,2,2,0.000136024085979224,8.90267858512065
"a1 b2 d4 h1",1,"a1","b2","d4","h1",136,28,2,49,0.003332590106491,5.70400546756997
"a1 b2 d4 ant",1,"a1","b2","d4","ant",136,28,2,26,0.00176831311772992,6.33772922765912
"a1 b2 d5 d21",1,"a1","b2","d5","d21",136,28,5,2,0.000340060214948061,7.9863878532465
"a1 b2 d5 d29",1,"a1","b2","d5","d29",136,28,5,7,0.00119021075231821,6.73362488475113
"a1 b2 d5 d30",1,"a1","b2","d5","d30",136,28,5,2,0.000340060214948061,7.9863878532465
"a1 b2 d5 h1",1,"a1","b2","d5","h1",136,28,5,49,0.0083314752662275,4.78771473569582
"a1 b2 d5 ant",1,"a1","b2","d5","ant",136,28,5,26,0.0044207827943248,5.42143849578496
"a1 b2 d21 d29",1,"a1","b2","d21","d29",136,28,2,7,0.000476084300927286,7.64991561662529
"a1 b2 d21 d30",1,"a1","b2","d21","d30",136,28,2,2,0.000136024085979224,8.90267858512065
"a1 b2 d21 h1",1,"a1","b2","d21","h1",136,28,2,49,0.003332590106491,5.70400546756997
"a1 b2 d21 ant",1,"a1","b2","d21","ant",136,28,2,26,0.00176831311772992,6.33772922765912
"a1 b2 d29 d30",1,"a1","b2","d29","d30",136,28,7,2,0.000476084300927286,7.64991561662529
"a1 b2 d29 h1",1,"a1","b2","d29","h1",136,28,7,49,0.0116640653727185,4.45124249907461
"a1 b2 d29 ant",1,"a1","b2","d29","ant",136,28,7,26,0.00618909591205471,5.08496625916375
"a1 b2 d30 h1",1,"a1","b2","d30","h1",136,28,2,49,0.003332590106491,5.70400546756997
"a1 b2 d30 ant",1,"a1","b2","d30","ant",136,28,2,26,0.00176831311772992,6.33772922765912
"a1 b2 h1 ant",1,"a1","b2","h1","ant",136,28,49,26,0.043323671384383,3.13905611010844
"a1 d4 d5 d21",1,"a1","d4","d5","d21",136,2,5,2,2.42900153534329e-05,10.6254451828618
"a1 d4 d5 d29",1,"a1","d4","d5","d29",136,2,5,7,8.50150537370153e-05,9.37268221436639
"a1 d4 d5 d30",1,"a1","d4","d5","d30",136,2,5,2,2.42900153534329e-05,10.6254451828618
"a1 d4 d5 h1",1,"a1","d4","d5","h1",136,2,5,49,0.000595105376159107,7.42677206531108
"a1 d4 d5 ant",1,"a1","d4","d5","ant",136,2,5,26,0.000315770199594628,8.06049582540022
"a1 d4 d21 d29",1,"a1","d4","d21","d29",136,2,2,7,3.40060214948061e-05,10.2889729462405
"a1 d4 d21 d30",1,"a1","d4","d21","d30",136,2,2,2,9.71600614137318e-06,11.5417359147359
"a1 d4 d21 h1",1,"a1","d4","d21","h1",136,2,2,49,0.000238042150463643,8.34306279718523
"a1 d4 d21 ant",1,"a1","d4","d21","ant",136,2,2,26,0.000126308079837851,8.97678655727438
"a1 d4 d29 d30",1,"a1","d4","d29","d30",136,2,7,2,3.40060214948061e-05,10.2889729462405
"a1 d4 d29 h1",1,"a1","d4","d29","h1",136,2,7,49,0.00083314752662275,7.09029982868986
"a1 d4 d29 ant",1,"a1","d4","d29","ant",136,2,7,26,0.00044207827943248,7.72402358877901
"a1 d4 d30 h1",1,"a1","d4","d30","h1",136,2,2,49,0.000238042150463643,8.34306279718523
"a1 d4 d30 ant",1,"a1","d4","d30","ant",136,2,2,26,0.000126308079837851,8.97678655727438
"a1 d4 h1 ant",1,"a1","d4","h1","ant",136,2,49,26,0.00309454795602736,5.7781134397237
"a1 d5 d21 d29",1,"a1","d5","d21","d29",136,5,2,7,8.50150537370153e-05,9.37268221436639
"a1 d5 d21 d30",1,"a1","d5","d21","d30",136,5,2,2,2.42900153534329e-05,10.6254451828618
"a1 d5 d21 h1",1,"a1","d5","d21","h1",136,5,2,49,0.000595105376159107,7.42677206531108
"a1 d5 d21 ant",1,"a1","d5","d21","ant",136,5,2,26,0.000315770199594628,8.06049582540022
"a1 d5 d29 d30",1,"a1","d5","d29","d30",136,5,7,2,8.50150537370153e-05,9.37268221436639
"a1 d5 d29 h1",1,"a1","d5","d29","h1",136,5,7,49,0.00208286881655687,6.17400909681571
"a1 d5 d29 ant",1,"a1","d5","d29","ant",136,5,7,26,0.0011051956985812,6.80773285690485
"a1 d5 d30 h1",1,"a1","d5","d30","h1",136,5,2,49,0.000595105376159107,7.42677206531108
"a1 d5 d30 ant",1,"a1","d5","d30","ant",136,5,2,26,0.000315770199594628,8.06049582540022
"a1 d5 h1 ant",1,"a1","d5","h1","ant",136,5,49,26,0.00773636989006839,4.86182270784954
"a1 d21 d29 d30",1,"a1","d21","d29","d30",136,2,7,2,3.40060214948061e-05,10.2889729462405
"a1 d21 d29 h1",1,"a1","d21","d29","h1",136,2,7,49,0.00083314752662275,7.09029982868986
"a1 d21 d29 ant",1,"a1","d21","d29","ant",136,2,7,26,0.00044207827943248,7.72402358877901
"a1 d21 d30 h1",1,"a1","d21","d30","h1",136,2,2,49,0.000238042150463643,8.34306279718523
"a1 d21 d30 ant",1,"a1","d21","d30","ant",136,2,2,26,0.000126308079837851,8.97678655727438
"a1 d21 h1 ant",1,"a1","d21","h1","ant",136,2,49,26,0.00309454795602736,5.7781134397237
"a1 d29 d30 h1",1,"a1","d29","d30","h1",136,7,2,49,0.00083314752662275,7.09029982868986
"a1 d29 d30 ant",1,"a1","d29","d30","ant",136,7,2,26,0.00044207827943248,7.72402358877901
"a1 d29 h1 ant",1,"a1","d29","h1","ant",136,7,49,26,0.0108309178460957,4.52535047122833
"a1 d30 h1 ant",1,"a1","d30","h1","ant",136,2,49,26,0.00309454795602736,5.7781134397237
"a24 b2 d4 d5",1,"a24","b2","d4","d5",69,28,2,5,0.000172530550231002,8.66493623438529
"a24 b2 d4 d21",1,"a24","b2","d4","d21",69,28,2,2,6.90122200924006e-05,9.58122696625945
"a24 b2 d4 d29",1,"a24","b2","d4","d29",69,28,2,7,0.000241542770323402,8.32846399776408
"a24 b2 d4 d30",1,"a24","b2","d4","d30",69,28,2,2,6.90122200924006e-05,9.58122696625945
"a24 b2 d4 h1",1,"a24","b2","d4","h1",69,28,2,49,0.00169079939226382,6.38255384870877
"a24 b2 d4 ant",1,"a24","b2","d4","ant",69,28,2,26,0.000897158861201208,7.01627760879791
"a24 b2 d5 d21",1,"a24","b2","d5","d21",69,28,5,2,0.000172530550231002,8.66493623438529
"a24 b2 d5 d29",1,"a24","b2","d5","d29",69,28,5,7,0.000603856925808506,7.41217326588992
"a24 b2 d5 d30",1,"a24","b2","d5","d30",69,28,5,2,0.000172530550231002,8.66493623438529
"a24 b2 d5 h1",1,"a24","b2","d5","h1",69,28,5,49,0.00422699848065954,5.46626311683461
"a24 b2 d5 ant",1,"a24","b2","d5","ant",69,28,5,26,0.00224289715300302,6.09998687692376
"a24 b2 d21 d29",1,"a24","b2","d21","d29",69,28,2,7,0.000241542770323402,8.32846399776408
"a24 b2 d21 d30",1,"a24","b2","d21","d30",69,28,2,2,6.90122200924006e-05,9.58122696625945
"a24 b2 d21 h1",1,"a24","b2","d21","h1",69,28,2,49,0.00169079939226382,6.38255384870877
"a24 b2 d21 ant",1,"a24","b2","d21","ant",69,28,2,26,0.000897158861201208,7.01627760879791
"a24 b2 d29 d30",1,"a24","b2","d29","d30",69,28,7,2,0.000241542770323402,8.32846399776408
"a24 b2 d29 h1",1,"a24","b2","d29","h1",69,28,7,49,0.00591779787292336,5.1297908802134
"a24 b2 d29 ant",1,"a24","b2","d29","ant",69,28,7,26,0.00314005601420423,5.76351464030254
"a24 b2 d30 h1",1,"a24","b2","d30","h1",69,28,2,49,0.00169079939226382,6.38255384870877
"a24 b2 d30 ant",1,"a24","b2","d30","ant",69,28,2,26,0.000897158861201208,7.01627760879791
"a24 b2 h1 ant",1,"a24","b2","h1","ant",69,28,49,26,0.0219803920994296,3.81760449124723
"a24 d4 d5 d21",1,"a24","d4","d5","d21",69,2,5,2,1.23236107307858e-05,11.3039935640006
"a24 d4 d5 d29",1,"a24","d4","d5","d29",69,2,5,7,4.31326375577504e-05,10.0512305955052
"a24 d4 d5 d30",1,"a24","d4","d5","d30",69,2,5,2,1.23236107307858e-05,11.3039935640006
"a24 d4 d5 h1",1,"a24","d4","d5","h1",69,2,5,49,0.000301928462904253,8.10532044644987
"a24 d4 d5 ant",1,"a24","d4","d5","ant",69,2,5,26,0.000160206939500216,8.73904420653901
"a24 d4 d21 d29",1,"a24","d4","d21","d29",69,2,2,7,1.72530550231002e-05,10.9675213273793
"a24 d4 d21 d30",1,"a24","d4","d21","d30",69,2,2,2,4.92944429231433e-06,12.2202842958747
"a24 d4 d21 h1",1,"a24","d4","d21","h1",69,2,2,49,0.000120771385161701,9.02161117832402
"a24 d4 d21 ant",1,"a24","d4","d21","ant",69,2,2,26,6.40827758000863e-05,9.65533493841317
"a24 d4 d29 d30",1,"a24","d4","d29","d30",69,2,7,2,1.72530550231002e-05,10.9675213273793
"a24 d4 d29 h1",1,"a24","d4","d29","h1",69,2,7,49,0.000422699848065954,7.76884820982866
"a24 d4 d29 ant",1,"a24","d4","d29","ant",69,2,7,26,0.000224289715300302,8.4025719699178
"a24 d4 d30 h1",1,"a24","d4","d30","h1",69,2,2,49,0.000120771385161701,9.02161117832402
"a24 d4 d30 ant",1,"a24","d4","d30","ant",69,2,2,26,6.40827758000863e-05,9.65533493841317
"a24 d4 h1 ant",1,"a24","d4","h1","ant",69,2,49,26,0.00157002800710211,6.45666182086249
"a24 d5 d21 d29",1,"a24","d5","d21","d29",69,5,2,7,4.31326375577504e-05,10.0512305955052
"a24 d5 d21 d30",1,"a24","d5","d21","d30",69,5,2,2,1.23236107307858e-05,11.3039935640006
"a24 d5 d21 h1",1,"a24","d5","d21","h1",69,5,2,49,0.000301928462904253,8.10532044644987
"a24 d5 d21 ant",1,"a24","d5","d21","ant",69,5,2,26,0.000160206939500216,8.73904420653901
"a24 d5 d29 d30",1,"a24","d5","d29","d30",69,5,7,2,4.31326375577504e-05,10.0512305955052
"a24 d5 d29 h1",1,"a24","d5","d29","h1",69,5,7,49,0.00105674962016488,6.8525574779545
"a24 d5 d29 ant",1,"a24","d5","d29","ant",69,5,7,26,0.000560724288250755,7.48628123804365
"a24 d5 d30 h1",1,"a24","d5","d30","h1",69,5,2,49,0.000301928462904253,8.10532044644987
"a24 d5 d30 ant",1,"a24","d5","d30","ant",69,5,2,26,0.000160206939500216,8.73904420653901
"a24 d5 h1 ant",1,"a24","d5","h1","ant",69,5,49,26,0.00392507001775529,5.54037108898833
"a24 d21 d29 d30",1,"a24","d21","d29","d30",69,2,7,2,1.72530550231002e-05,10.9675213273793
"a24 d21 d29 h1",1,"a24","d21","d29","h1",69,2,7,49,0.000422699848065954,7.76884820982866
"a24 d21 d29 ant",1,"a24","d21","d29","ant",69,2,7,26,0.000224289715300302,8.4025719699178
"a24 d21 d30 h1",1,"a24","d21","d30","h1",69,2,2,49,0.000120771385161701,9.02161117832402
"a24 d21 d30 ant",1,"a24","d21","d30","ant",69,2,2,26,6.40827758000863e-05,9.65533493841317
"a24 d21 h1 ant",1,"a24","d21","h1","ant",69,2,49,26,0.00157002800710211,6.45666182086249
"a24 d29 d30 h1",1,"a24","d29","d30","h1",69,7,2,49,0.000422699848065954,7.76884820982866
"a24 d29 d30 ant",1,"a24","d29","d30","ant",69,7,2,26,0.000224289715300302,8.4025719699178
"a24 d29 h1 ant",1,"a24","d29","h1","ant",69,7,49,26,0.0054950980248574,5.20389885236712
"a24 d30 h1 ant",1,"a24","d30","h1","ant",69,2,49,26,0.00157002800710211,6.45666182086249
"b2 d4 d5 d21",1,"b2","d4","d5","d21",28,2,5,2,5.00088551394208e-06,12.2058955584226
"b2 d4 d5 d29",1,"b2","d4","d5","d29",28,2,5,7,1.75030992987973e-05,10.9531325899272
"b2 d4 d5 d30",1,"b2","d4","d5","d30",28,2,5,2,5.00088551394208e-06,12.2058955584226
"b2 d4 d5 h1",1,"b2","d4","d5","h1",28,2,5,49,0.000122521695091581,9.00722244087192
"b2 d4 d5 ant",1,"b2","d4","d5","ant",28,2,5,26,6.5011511681247e-05,9.64094620096107
"b2 d4 d21 d29",1,"b2","d4","d21","d29",28,2,2,7,7.00123971951891e-06,11.8694233218014
"b2 d4 d21 d30",1,"b2","d4","d21","d30",28,2,2,2,2.00035420557683e-06,13.1221862902968
"b2 d4 d21 h1",1,"b2","d4","d21","h1",28,2,2,49,4.90086780366323e-05,9.92351317274608
"b2 d4 d21 ant",1,"b2","d4","d21","ant",28,2,2,26,2.60046046724988e-05,10.5572369328352
"b2 d4 d29 d30",1,"b2","d4","d29","d30",28,2,7,2,7.00123971951891e-06,11.8694233218014
"b2 d4 d29 h1",1,"b2","d4","d29","h1",28,2,7,49,0.000171530373128213,8.67075020425071
"b2 d4 d29 ant",1,"b2","d4","d29","ant",28,2,7,26,9.10161163537458e-05,9.30447396433986
"b2 d4 d30 h1",1,"b2","d4","d30","h1",28,2,2,49,4.90086780366323e-05,9.92351317274608
"b2 d4 d30 ant",1,"b2","d4","d30","ant",28,2,2,26,2.60046046724988e-05,10.5572369328352
"b2 d4 h1 ant",1,"b2","d4","h1","ant",28,2,49,26,0.000637112814476221,7.35856381528454
"b2 d5 d21 d29",1,"b2","d5","d21","d29",28,5,2,7,1.75030992987973e-05,10.9531325899272
"b2 d5 d21 d30",1,"b2","d5","d21","d30",28,5,2,2,5.00088551394208e-06,12.2058955584226
"b2 d5 d21 h1",1,"b2","d5","d21","h1",28,5,2,49,0.000122521695091581,9.00722244087192
"b2 d5 d21 ant",1,"b2","d5","d21","ant",28,5,2,26,6.5011511681247e-05,9.64094620096107
"b2 d5 d29 d30",1,"b2","d5","d29","d30",28,5,7,2,1.75030992987973e-05,10.9531325899272
"b2 d5 d29 h1",1,"b2","d5","d29","h1",28,5,7,49,0.000428825932820533,7.75445947237656
"b2 d5 d29 ant",1,"b2","d5","d29","ant",28,5,7,26,0.000227540290884364,8.3881832324657
"b2 d5 d30 h1",1,"b2","d5","d30","h1",28,5,2,49,0.000122521695091581,9.00722244087192
"b2 d5 d30 ant",1,"b2","d5","d30","ant",28,5,2,26,6.5011511681247e-05,9.64094620096107
"b2 d5 h1 ant",1,"b2","d5","h1","ant",28,5,49,26,0.00159278203619055,6.44227308341039
"b2 d21 d29 d30",1,"b2","d21","d29","d30",28,2,7,2,7.00123971951891e-06,11.8694233218014
"b2 d21 d29 h1",1,"b2","d21","d29","h1",28,2,7,49,0.000171530373128213,8.67075020425071
"b2 d21 d29 ant",1,"b2","d21","d29","ant",28,2,7,26,9.10161163537458e-05,9.30447396433986
"b2 d21 d30 h1",1,"b2","d21","d30","h1",28,2,2,49,4.90086780366323e-05,9.92351317274608
"b2 d21 d30 ant",1,"b2","d21","d30","ant",28,2,2,26,2.60046046724988e-05,10.5572369328352
"b2 d21 h1 ant",1,"b2","d21","h1","ant",28,2,49,26,0.000637112814476221,7.35856381528454
"b2 d29 d30 h1",1,"b2","d29","d30","h1",28,7,2,49,0.000171530373128213,8.67075020425071
"b2 d29 d30 ant",1,"b2","d29","d30","ant",28,7,2,26,9.10161163537458e-05,9.30447396433986
"b2 d29 h1 ant",1,"b2","d29","h1","ant",28,7,49,26,0.00222989485066677,6.10580084678918
"b2 d30 h1 ant",1,"b2","d30","h1","ant",28,2,49,26,0.000637112814476221,7.35856381528454
"d4 d5 d21 d29",1,"d4","d5","d21","d29",2,5,2,7,1.25022137848552e-06,13.5921899195425
"d4 d5 d21 d30",1,"d4","d5","d21","d30",2,5,2,2,3.5720610813872e-07,14.8449528880379
"d4 d5 d21 h1",1,"d4","d5","d21","h1",2,5,2,49,8.75154964939863e-06,11.6462797704872
"d4 d5 d21 ant",1,"d4","d5","d21","ant",2,5,2,26,4.64367940580336e-06,12.2800035305763
"d4 d5 d29 d30",1,"d4","d5","d29","d30",2,5,7,2,1.25022137848552e-06,13.5921899195425
"d4 d5 d29 h1",1,"d4","d5","d29","h1",2,5,7,49,3.06304237728952e-05,10.3935168019918
"d4 d5 d29 ant",1,"d4","d5","d29","ant",2,5,7,26,1.62528779203117e-05,11.027240562081
"d4 d5 d30 h1",1,"d4","d5","d30","h1",2,5,2,49,8.75154964939863e-06,11.6462797704872
"d4 d5 d30 ant",1,"d4","d5","d30","ant",2,5,2,26,4.64367940580336e-06,12.2800035305763
"d4 d5 h1 ant",1,"d4","d5","h1","ant",2,5,49,26,0.000113770145442182,9.08133041302565
"d4 d21 d29 d30",1,"d4","d21","d29","d30",2,2,7,2,5.00088551394208e-07,14.5084806514167
"d4 d21 d29 h1",1,"d4","d21","d29","h1",2,2,7,49,1.22521695091581e-05,11.309807533866
"d4 d21 d29 ant",1,"d4","d21","d29","ant",2,2,7,26,6.5011511681247e-06,11.9435312939551
"d4 d21 d30 h1",1,"d4","d21","d30","h1",2,2,2,49,3.50061985975945e-06,12.5625705023613
"d4 d21 d30 ant",1,"d4","d21","d30","ant",2,2,2,26,1.85747176232134e-06,13.1962942624505
"d4 d21 h1 ant",1,"d4","d21","h1","ant",2,2,49,26,4.55080581768729e-05,9.9976211448998
"d4 d29 d30 h1",1,"d4","d29","d30","h1",2,7,2,49,1.22521695091581e-05,11.309807533866
"d4 d29 d30 ant",1,"d4","d29","d30","ant",2,7,2,26,6.5011511681247e-06,11.9435312939551
"d4 d29 h1 ant",1,"d4","d29","h1","ant",2,7,49,26,0.000159278203619055,8.74485817640443
"d4 d30 h1 ant",1,"d4","d30","h1","ant",2,2,49,26,4.55080581768729e-05,9.9976211448998
"d5 d21 d29 d30",1,"d5","d21","d29","d30",5,2,7,2,1.25022137848552e-06,13.5921899195425
"d5 d21 d29 h1",1,"d5","d21","d29","h1",5,2,7,49,3.06304237728952e-05,10.3935168019918
"d5 d21 d29 ant",1,"d5","d21","d29","ant",5,2,7,26,1.62528779203117e-05,11.027240562081
"d5 d21 d30 h1",1,"d5","d21","d30","h1",5,2,2,49,8.75154964939863e-06,11.6462797704872
"d5 d21 d30 ant",1,"d5","d21","d30","ant",5,2,2,26,4.64367940580336e-06,12.2800035305763
"d5 d21 h1 ant",1,"d5","d21","h1","ant",5,2,49,26,0.000113770145442182,9.08133041302565
"d5 d29 d30 h1",1,"d5","d29","d30","h1",5,7,2,49,3.06304237728952e-05,10.3935168019918
"d5 d29 d30 ant",1,"d5","d29","d30","ant",5,7,2,26,1.62528779203117e-05,11.027240562081
"d5 d29 h1 ant",1,"d5","d29","h1","ant",5,7,49,26,0.000398195509047638,7.82856744453028
"d5 d30 h1 ant",1,"d5","d30","h1","ant",5,2,49,26,0.000113770145442182,9.08133041302565
"d21 d29 d30 h1",1,"d21","d29","d30","h1",2,7,2,49,1.22521695091581e-05,11.309807533866
"d21 d29 d30 ant",1,"d21","d29","d30","ant",2,7,2,26,6.5011511681247e-06,11.9435312939551
"d21 d29 h1 ant",1,"d21","d29","h1","ant",2,7,49,26,0.000159278203619055,8.74485817640443
"d21 d30 h1 ant",1,"d21","d30","h1","ant",2,2,49,26,4.55080581768729e-05,9.9976211448998
"d29 d30 h1 ant",1,"d29","d30","h1","ant",7,2,49,26,0.000159278203619055,8.74485817640443
"a1 c1 c5 f12",1,"a1","c1","c5","f12",136,125,18,22,0.0601177879997465,2.81144950785897
"a1 c1 c5 f13",1,"a1","c1","c5","f13",136,125,18,9,0.0245936405453509,3.70526738388106
"a1 c1 c5 f14",1,"a1","c1","c5","f14",136,125,18,16,0.0437220276361793,3.1299032389775
"a1 c1 c5 f15",1,"a1","c1","c5","f15",136,125,18,4,0.0109305069090448,4.51619760009739
"a1 c1 f12 f15",1,"a1","c1","f12","f15",136,125,22,4,0.0133595084443881,4.31552690463524
"a1 c1 f13 f14",1,"a1","c1","f13","f14",136,125,9,16,0.0218610138180897,3.82305041953745
"a1 c1 f13 f15",2,"a1","c1","f13","f15",136,125,9,4,0.00546525345452241,5.90249196121728
"a1 c1 f14 f15",1,"a1","c1","f14","f15",136,125,16,4,0.00971600614137318,4.63398063575378
"a1 c1 f14 g1",3,"a1","c1","f14","g1",136,125,16,97,0.2356131489283,2.54417630703839
"a1 c1 f15 g1",2,"a1","c1","f15","g1",136,125,4,97,0.0589032872320749,3.52500556005012
"a1 c5 f12 f13",1,"a1","c5","f12","f13",136,18,22,9,0.00432848073598175,5.44253866782505
"a1 c5 f12 f14",1,"a1","c5","f12","f14",136,18,22,16,0.00769507686396756,4.86717452292149
"a1 c5 f12 f15",1,"a1","c5","f12","f15",136,18,22,4,0.00192376921599189,6.25346888404138
"a1 c5 f12 g1",1,"a1","c5","f12","g1",136,18,22,97,0.0466514034878033,3.06505226665789
"a1 c5 f13 f14",1,"a1","c5","f13","f14",136,18,9,16,0.00314798598980491,5.76099239894358
"a1 c5 f13 f15",1,"a1","c5","f13","f15",136,18,9,4,0.000786996497451227,7.14728676006347
"a1 c5 f13 g1",1,"a1","c5","f13","g1",136,18,9,97,0.0190846650631923,3.95887014267998
"a1 c5 f14 f15",1,"a1","c5","f14","f15",136,18,16,4,0.00139910488435774,6.57192261515991
"a1 c5 f14 g1",1,"a1","c5","f14","g1",136,18,16,97,0.0339282934456751,3.38350599777642
"a1 c5 f15 g1",1,"a1","c5","f15","g1",136,18,4,97,0.00848207336141878,4.76980035889631
"a1 f12 f13 f14",1,"a1","f12","f13","f14",136,22,9,16,0.00384753843198378,5.56032170348143
"a1 f12 f13 f15",1,"a1","f12","f13","f15",136,22,9,4,0.000961884607995944,6.94661606460132
"a1 f12 f14 f15",1,"a1","f12","f14","f15",136,22,16,4,0.00171001708088168,6.37125191969776
"a1 f12 f14 g1",1,"a1","f12","f14","g1",136,22,16,97,0.0414679142113807,3.18283530231427
"a1 f12 f15 g1",1,"a1","f12","f15","g1",136,22,4,97,0.0103669785528452,4.56912966343416
"a1 f13 f14 f15",1,"a1","f13","f14","f15",136,9,16,4,0.000699552442178869,7.26506979571986
"a1 f13 f14 g1",1,"a1","f13","f14","g1",136,9,16,97,0.0169641467228376,4.07665317833637
"a1 f13 f15 g1",2,"a1","f13","f15","g1",136,9,4,97,0.00424103668070939,6.1560947200162
"c1 c5 f12 f13",1,"c1","c5","f12","f13",125,18,22,9,0.00397838302939499,5.5268798162588
"c1 c5 f12 f14",1,"c1","c5","f12","f14",125,18,22,16,0.00707268094114665,4.95151567135524
"c1 c5 f12 f15",1,"c1","c5","f12","f15",125,18,22,4,0.00176817023528666,6.33781003247513
"c1 c5 f12 g1",1,"c1","c5","f12","g1",125,18,22,97,0.0428781282057016,3.14939341509164
"c1 c5 f13 f14",1,"c1","c5","f13","f14",125,18,9,16,0.00289336947592363,5.84533354737733
"c1 c5 f13 f15",1,"c1","c5","f13","f15",125,18,9,4,0.000723342368980908,7.23162790849722
"c1 c5 f13 g1",1,"c1","c5","f13","g1",125,18,9,97,0.017541052447787,4.04321129111373
"c1 c5 f14 f15",1,"c1","c5","f14","f15",125,18,16,4,0.00128594198929939,6.65626376359366
"c1 c5 f14 g1",1,"c1","c5","f14","g1",125,18,16,97,0.0311840932405102,3.46784714621017
"c1 c5 f15 g1",1,"c1","c5","f15","g1",125,18,4,97,0.00779602331012756,4.85414150733006
"c1 f12 f13 f14",1,"c1","f12","f13","f14",125,22,9,16,0.00353634047057332,5.64466285191518
"c1 f12 f13 f15",1,"c1","f12","f13","f15",125,22,9,4,0.000884085117643331,7.03095721303507
"c1 f12 f14 f15",1,"c1","f12","f14","f15",125,22,16,4,0.00157170687581037,6.45559306813151
"c1 f12 f14 g1",1,"c1","f12","f14","g1",125,22,16,97,0.0381138917384014,3.26717645074802
"c1 f12 f15 g1",1,"c1","f12","f15","g1",125,22,4,97,0.00952847293460035,4.65347081186791
"c1 f13 f14 f15",1,"c1","f13","f14","f15",125,9,16,4,0.000642970994649696,7.34941094415361
"c1 f13 f14 g1",1,"c1","f13","f14","g1",125,9,16,97,0.0155920466202551,4.16099432677012
"c1 f13 f15 g1",2,"c1","f13","f15","g1",125,9,4,97,0.00389801165506378,6.24043586844995
"c1 f14 f15 g1",1,"c1","f14","f15","g1",125,16,4,97,0.00692979849789116,4.97192454298644
"c5 f12 f13 f14",1,"c5","f12","f13","f14",18,22,9,16,0.000509233027762559,7.58260483132132
"c5 f12 f13 f15",1,"c5","f12","f13","f15",18,22,9,4,0.00012730825694064,8.96889919244121
"c5 f12 f13 g1",1,"c5","f12","f13","g1",18,22,9,97,0.00308722523081051,5.78048257505772
"c5 f12 f14 f15",1,"c5","f12","f14","f15",18,22,16,4,0.000226325790116693,8.39353504753765
"c5 f12 f14 g1",1,"c5","f12","f14","g1",18,22,16,97,0.0054884004103298,5.20511843015416
"c5 f12 f15 g1",1,"c5","f12","f15","g1",18,22,4,97,0.00137210010258245,6.59141279127405
"c5 f13 f14 f15",1,"c5","f13","f14","f15",18,9,16,4,9.25878232295561e-05,9.28735292355974
"c5 f13 f14 g1",1,"c5","f13","f14","g1",18,9,16,97,0.00224525471331674,6.09893630617625
"c5 f13 f15 g1",1,"c5","f13","f15","g1",18,9,4,97,0.000561313678329184,7.48523066729614
"c5 f14 f15 g1",1,"c5","f14","f15","g1",18,16,4,97,0.000997890983696327,6.90986652239258
"f12 f13 f14 f15",1,"f12","f13","f14","f15",22,9,16,4,0.000113162895058346,9.08668222809759
"f12 f13 f14 g1",1,"f12","f13","f14","g1",22,9,16,97,0.0027442002051649,5.8982656107141
"f12 f13 f15 g1",1,"f12","f13","f15","g1",22,9,4,97,0.000686050051291225,7.28455997183399
"f12 f14 f15 g1",1,"f12","f14","f15","g1",22,16,4,97,0.00121964453562884,6.70919582693043
"f13 f14 f15 g1",1,"f13","f14","f15","g1",9,16,4,97,0.000498945491848164,7.60301370295253
"a1 b1 b5 d15",1,"a1","b1","b5","d15",136,13,3,11,0.000521020829331137,7.55972053748773
"a1 b1 b5 g1",1,"a1","b1","b5","g1",136,13,3,97,0.00459445640410184,5.38290483178272
"a1 b1 b5 g7",1,"a1","b1","b5","g7",136,13,3,3,0.000142096589817583,8.85900352161799
"a1 b1 b5 zoo",1,"a1","b1","b5","zoo",136,13,3,21,0.000994676128723079,6.91309337256268
"a1 b1 d15 g1",1,"a1","b1","d15","g1",136,13,11,97,0.0168463401483734,4.08362184765246
"a1 b1 d15 g7",1,"a1","b1","d15","g7",136,13,11,3,0.000521020829331137,7.55972053748773
"a1 b1 d15 zoo",1,"a1","b1","d15","zoo",136,13,11,21,0.00364714580531796,5.61381038843242
"a1 b1 g1 g7",1,"a1","b1","g1","g7",136,13,97,3,0.00459445640410184,5.38290483178272
"a1 b1 g1 zoo",1,"a1","b1","g1","zoo",136,13,97,21,0.0321611948287129,3.43699468272741
"a1 b1 g7 zoo",1,"a1","b1","g7","zoo",136,13,3,21,0.000994676128723079,6.91309337256268
"a1 b5 d15 g1",1,"a1","b5","d15","g1",136,3,11,97,0.00388761695731694,5.54995891644589
"a1 b5 d15 g7",1,"a1","b5","d15","g7",136,3,11,3,0.000120235575999493,9.02605760628116
"a1 b5 d15 zoo",1,"a1","b5","d15","zoo",136,3,11,21,0.000841649031996451,7.08014745722585
"a1 b5 g1 g7",1,"a1","b5","g1","g7",136,3,97,3,0.00106025917017735,6.84924190057615
"a1 b5 g1 zoo",1,"a1","b5","g1","zoo",136,3,97,21,0.00742181419124143,4.90333175152083
"a1 b5 g7 zoo",1,"a1","b5","g7","zoo",136,3,3,21,0.000229540645089941,8.37943044135611
"a1 d15 g1 g7",2,"a1","d15","g1","g7",136,11,97,3,0.00388761695731694,6.24310609700583
"a1 d15 g1 zoo",2,"a1","d15","g1","zoo",136,11,97,21,0.0272133187012186,4.29719594795052
"a1 d15 g7 zoo",1,"a1","d15","g7","zoo",136,11,3,21,0.000841649031996451,7.08014745722585
"a1 g1 g7 zoo",1,"a1","g1","g7","zoo",136,97,3,21,0.00742181419124144,4.90333175152083
"b1 b5 d15 g1",1,"b1","b5","d15","g1",13,3,11,97,0.000371610444449414,7.8976644447204
"b1 b5 d15 g7",1,"b1","b5","d15","g7",13,3,11,3,1.14931065293633e-05,11.3737631345557
"b1 b5 d15 zoo",1,"b1","b5","d15","zoo",13,3,11,21,8.04517457055431e-05,9.42785298550036
"b1 b5 g1 g7",1,"b1","b5","g1","g7",13,3,97,3,0.000101348303031658,9.19694742885066
"b1 b5 g1 zoo",1,"b1","b5","g1","zoo",13,3,97,21,0.000709438121221608,7.25103727979535
"b1 b5 g7 zoo",1,"b1","b5","g7","zoo",13,3,3,21,2.19413851924209e-05,10.7271359696306
"b1 d15 g1 g7",1,"b1","d15","g1","g7",13,11,97,3,0.000371610444449414,7.8976644447204
"b1 d15 g1 zoo",1,"b1","d15","g1","zoo",13,11,97,21,0.00260127311114589,5.95175429566509
"b1 d15 g7 zoo",1,"b1","d15","g7","zoo",13,11,3,21,8.04517457055431e-05,9.42785298550036
"b1 g1 g7 zoo",1,"b1","g1","g7","zoo",13,97,3,21,0.000709438121221608,7.25103727979535
"b5 d15 g1 g7",1,"b5","d15","g1","g7",3,11,97,3,8.57562564114031e-05,9.36400151351383
"b5 d15 g1 zoo",1,"b5","d15","g1","zoo",3,11,97,21,0.000600293794879822,7.41809136445852
"b5 d15 g7 zoo",1,"b5","d15","g7","zoo",3,11,3,21,1.85657874705099e-05,10.8941900542938
"b5 g1 g7 zoo",1,"b5","g1","g7","zoo",3,97,3,21,0.000163716489512679,8.71737434858878
"d15 g1 g7 zoo",1,"d15","g1","g7","zoo",11,97,3,21,0.000600293794879822,7.41809136445851
"c1 c12 g1 ant",1,"c1","c12","g1","ant",125,9,97,26,0.0253370757579146,3.67548651098842
"a1 c1 h9 h10",1,"a1","c1","h9","h10",136,125,1,1,0.000151812595958956,8.79286371911345
"a1 a3 a22 b6",1,"a1","a3","a22","b6",136,22,1,14,0.000374066236442867,7.89107767344217
"a1 a3 a22 ant",1,"a1","a3","a22","ant",136,22,1,26,0.000694694439108182,7.27203846503595
"a1 a3 b6 ant",1,"a1","a3","b6","ant",136,22,14,26,0.00972572214751455,4.63298113542069
"a1 a22 b6 ant",1,"a1","a22","b6","ant",136,1,14,26,0.00044207827943248,7.72402358877901
"a3 a22 b6 ant",1,"a3","a22","b6","ant",22,1,14,26,7.15126628493717e-05,9.54563602115674
"a1 c1 f13 h1",2,"a1","c1","f13","h1",136,125,9,49,0.0669493548178996,3.39696602422655
"a1 c1 f15 h1",1,"a1","c1","f15","h1",136,125,4,49,0.0297552688079554,3.51474905988293
"a1 c1 g1 h1",3,"a1","c1","g1","h1",136,125,97,49,0.721565268592917,1.42494473116755
"a1 f13 f15 h1",1,"a1","f13","f15","h1",136,9,4,49,0.00214237935417279,6.14583821984901
"a1 f13 g1 h1",2,"a1","f13","g1","h1",136,9,97,49,0.05195269933869,3.65056878302547
"c1 f13 f15 h1",1,"c1","f13","f15","h1",125,9,4,49,0.00196909867111469,6.23017936828276
"c1 f13 g1 h1",2,"c1","f13","g1","h1",125,9,97,49,0.0477506427745313,3.73490993145922
"c1 f15 g1 h1",1,"c1","f15","g1","h1",125,4,97,49,0.0212225078997917,3.8526929671156
"f13 f15 g1 h1",1,"f13","f15","g1","h1",9,4,97,49,0.001528020568785,6.48378212708168
"c1 i2 i3 i4",1,"c1","i2","i3","i4",125,2,2,1,4.465076351734e-06,12.3192242437296
"c1 f55 f57 g2",1,"c1","f55","f57","g2",125,3,1,23,7.70225670674114e-05,9.47141210025224
"c1 c5 g1 g2",1,"c1","c5","g1","g2",125,18,97,23,0.0448271340332335,3.1049416525208
"b6 b10 d17 d18",1,"b6","b10","d17","d18",14,50,1,1,6.2511068924276e-06,11.9827520071084
"b6 b10 d17 d25",1,"b6","b10","d17","d25",14,50,1,1,6.2511068924276e-06,11.9827520071084
"b6 b10 d17 e17",1,"b6","b10","d17","e17",14,50,1,1,6.2511068924276e-06,11.9827520071084
"b6 b10 d17 e18",1,"b6","b10","d17","e18",14,50,1,1,6.2511068924276e-06,11.9827520071084
"b6 b10 d17 f38",1,"b6","b10","d17","f38",14,50,1,3,1.87533206772828e-05,10.8841397184403
"b6 b10 d17 h1",1,"b6","b10","d17","h1",14,50,1,49,0.000306304237728952,8.09093170899777
"b6 b10 d18 d25",1,"b6","b10","d18","d25",14,50,1,1,6.2511068924276e-06,11.9827520071084
"b6 b10 d18 e17",1,"b6","b10","d18","e17",14,50,1,1,6.2511068924276e-06,11.9827520071084
"b6 b10 d18 e18",1,"b6","b10","d18","e18",14,50,1,1,6.2511068924276e-06,11.9827520071084
"b6 b10 d18 f38",1,"b6","b10","d18","f38",14,50,1,3,1.87533206772828e-05,10.8841397184403
"b6 b10 d18 h1",1,"b6","b10","d18","h1",14,50,1,49,0.000306304237728952,8.09093170899777
"b6 b10 d25 e17",1,"b6","b10","d25","e17",14,50,1,1,6.2511068924276e-06,11.9827520071084
"b6 b10 d25 e18",1,"b6","b10","d25","e18",14,50,1,1,6.2511068924276e-06,11.9827520071084
"b6 b10 d25 f38",1,"b6","b10","d25","f38",14,50,1,3,1.87533206772828e-05,10.8841397184403
"b6 b10 d25 h1",1,"b6","b10","d25","h1",14,50,1,49,0.000306304237728952,8.09093170899777
"b6 b10 e17 e18",1,"b6","b10","e17","e18",14,50,1,1,6.2511068924276e-06,11.9827520071084
"b6 b10 e17 f38",1,"b6","b10","e17","f38",14,50,1,3,1.87533206772828e-05,10.8841397184403
"b6 b10 e17 h1",1,"b6","b10","e17","h1",14,50,1,49,0.000306304237728952,8.09093170899777
"b6 b10 e18 f38",1,"b6","b10","e18","f38",14,50,1,3,1.87533206772828e-05,10.8841397184403
"b6 b10 e18 h1",1,"b6","b10","e18","h1",14,50,1,49,0.000306304237728952,8.09093170899777
"b6 b10 f38 h1",1,"b6","b10","f38","h1",14,50,3,49,0.000918912713186856,6.99231942032966
"b6 d17 d18 d25",1,"b6","d17","d18","d25",14,1,1,1,1.25022137848552e-07,15.8947750125365
"b6 d17 d18 e17",1,"b6","d17","d18","e17",14,1,1,1,1.25022137848552e-07,15.8947750125365
"b6 d17 d18 e18",1,"b6","d17","d18","e18",14,1,1,1,1.25022137848552e-07,15.8947750125365
"b6 d17 d18 f38",1,"b6","d17","d18","f38",14,1,1,3,3.75066413545656e-07,14.7961627238684
"b6 d17 d18 h1",1,"b6","d17","d18","h1",14,1,1,49,6.12608475457904e-06,12.0029547144259
"b6 d17 d25 e17",1,"b6","d17","d25","e17",14,1,1,1,1.25022137848552e-07,15.8947750125365
"b6 d17 d25 e18",1,"b6","d17","d25","e18",14,1,1,1,1.25022137848552e-07,15.8947750125365
"b6 d17 d25 f38",1,"b6","d17","d25","f38",14,1,1,3,3.75066413545656e-07,14.7961627238684
"b6 d17 d25 h1",1,"b6","d17","d25","h1",14,1,1,49,6.12608475457904e-06,12.0029547144259
"b6 d17 e17 e18",1,"b6","d17","e17","e18",14,1,1,1,1.25022137848552e-07,15.8947750125365
"b6 d17 e17 f38",1,"b6","d17","e17","f38",14,1,1,3,3.75066413545656e-07,14.7961627238684
"b6 d17 e17 h1",1,"b6","d17","e17","h1",14,1,1,49,6.12608475457904e-06,12.0029547144259
"b6 d17 e18 f38",1,"b6","d17","e18","f38",14,1,1,3,3.75066413545656e-07,14.7961627238684
"b6 d17 e18 h1",1,"b6","d17","e18","h1",14,1,1,49,6.12608475457904e-06,12.0029547144259
"b6 d17 f38 h1",1,"b6","d17","f38","h1",14,1,3,49,1.83782542637371e-05,10.9043424257578
"b6 d18 d25 e17",1,"b6","d18","d25","e17",14,1,1,1,1.25022137848552e-07,15.8947750125365
"b6 d18 d25 e18",1,"b6","d18","d25","e18",14,1,1,1,1.25022137848552e-07,15.8947750125365
"b6 d18 d25 f38",1,"b6","d18","d25","f38",14,1,1,3,3.75066413545656e-07,14.7961627238684
"b6 d18 d25 h1",1,"b6","d18","d25","h1",14,1,1,49,6.12608475457904e-06,12.0029547144259
"b6 d18 e17 e18",1,"b6","d18","e17","e18",14,1,1,1,1.25022137848552e-07,15.8947750125365
"b6 d18 e17 f38",1,"b6","d18","e17","f38",14,1,1,3,3.75066413545656e-07,14.7961627238684
"b6 d18 e17 h1",1,"b6","d18","e17","h1",14,1,1,49,6.12608475457904e-06,12.0029547144259
"b6 d18 e18 f38",1,"b6","d18","e18","f38",14,1,1,3,3.75066413545656e-07,14.7961627238684
"b6 d18 e18 h1",1,"b6","d18","e18","h1",14,1,1,49,6.12608475457904e-06,12.0029547144259
"b6 d18 f38 h1",1,"b6","d18","f38","h1",14,1,3,49,1.83782542637371e-05,10.9043424257578
"b6 d25 e17 e18",1,"b6","d25","e17","e18",14,1,1,1,1.25022137848552e-07,15.8947750125365
"b6 d25 e17 f38",1,"b6","d25","e17","f38",14,1,1,3,3.75066413545656e-07,14.7961627238684
"b6 d25 e17 h1",1,"b6","d25","e17","h1",14,1,1,49,6.12608475457904e-06,12.0029547144259
"b6 d25 e18 f38",1,"b6","d25","e18","f38",14,1,1,3,3.75066413545656e-07,14.7961627238684
"b6 d25 e18 h1",1,"b6","d25","e18","h1",14,1,1,49,6.12608475457904e-06,12.0029547144259
"b6 d25 f38 h1",1,"b6","d25","f38","h1",14,1,3,49,1.83782542637371e-05,10.9043424257578
"b6 e17 e18 f38",1,"b6","e17","e18","f38",14,1,1,3,3.75066413545656e-07,14.7961627238684
"b6 e17 e18 h1",1,"b6","e17","e18","h1",14,1,1,49,6.12608475457904e-06,12.0029547144259
"b6 e17 f38 h1",1,"b6","e17","f38","h1",14,1,3,49,1.83782542637371e-05,10.9043424257578
"b6 e18 f38 h1",1,"b6","e18","f38","h1",14,1,3,49,1.83782542637371e-05,10.9043424257578
"b10 d17 d18 d25",1,"b10","d17","d18","d25",50,1,1,1,4.465076351734e-07,14.6218093367237
"b10 d17 d18 e17",1,"b10","d17","d18","e17",50,1,1,1,4.465076351734e-07,14.6218093367237
"b10 d17 d18 e18",1,"b10","d17","d18","e18",50,1,1,1,4.465076351734e-07,14.6218093367237
"b10 d17 d18 f38",1,"b10","d17","d18","f38",50,1,1,3,1.3395229055202e-06,13.5231970480555
"b10 d17 d18 h1",1,"b10","d17","d18","h1",50,1,1,49,2.18788741234966e-05,10.729989038613
"b10 d17 d25 e17",1,"b10","d17","d25","e17",50,1,1,1,4.465076351734e-07,14.6218093367237
"b10 d17 d25 e18",1,"b10","d17","d25","e18",50,1,1,1,4.465076351734e-07,14.6218093367237
"b10 d17 d25 f38",1,"b10","d17","d25","f38",50,1,1,3,1.3395229055202e-06,13.5231970480555
"b10 d17 d25 h1",1,"b10","d17","d25","h1",50,1,1,49,2.18788741234966e-05,10.729989038613
"b10 d17 e17 e18",1,"b10","d17","e17","e18",50,1,1,1,4.465076351734e-07,14.6218093367237
"b10 d17 e17 f38",1,"b10","d17","e17","f38",50,1,1,3,1.3395229055202e-06,13.5231970480555
"b10 d17 e17 h1",1,"b10","d17","e17","h1",50,1,1,49,2.18788741234966e-05,10.729989038613
"b10 d17 e18 f38",1,"b10","d17","e18","f38",50,1,1,3,1.3395229055202e-06,13.5231970480555
"b10 d17 e18 h1",1,"b10","d17","e18","h1",50,1,1,49,2.18788741234966e-05,10.729989038613
"b10 d17 f38 h1",1,"b10","d17","f38","h1",50,1,3,49,6.56366223704897e-05,9.63137674994492
"b10 d18 d25 e17",1,"b10","d18","d25","e17",50,1,1,1,4.465076351734e-07,14.6218093367237
"b10 d18 d25 e18",1,"b10","d18","d25","e18",50,1,1,1,4.465076351734e-07,14.6218093367237
"b10 d18 d25 f38",1,"b10","d18","d25","f38",50,1,1,3,1.3395229055202e-06,13.5231970480555
"b10 d18 d25 h1",1,"b10","d18","d25","h1",50,1,1,49,2.18788741234966e-05,10.729989038613
"b10 d18 e17 e18",1,"b10","d18","e17","e18",50,1,1,1,4.465076351734e-07,14.6218093367237
"b10 d18 e17 f38",1,"b10","d18","e17","f38",50,1,1,3,1.3395229055202e-06,13.5231970480555
"b10 d18 e17 h1",1,"b10","d18","e17","h1",50,1,1,49,2.18788741234966e-05,10.729989038613
"b10 d18 e18 f38",1,"b10","d18","e18","f38",50,1,1,3,1.3395229055202e-06,13.5231970480555
"b10 d18 e18 h1",1,"b10","d18","e18","h1",50,1,1,49,2.18788741234966e-05,10.729989038613
"b10 d18 f38 h1",1,"b10","d18","f38","h1",50,1,3,49,6.56366223704897e-05,9.63137674994492
"b10 d25 e17 e18",1,"b10","d25","e17","e18",50,1,1,1,4.465076351734e-07,14.6218093367237
"b10 d25 e17 f38",1,"b10","d25","e17","f38",50,1,1,3,1.3395229055202e-06,13.5231970480555
"b10 d25 e17 h1",1,"b10","d25","e17","h1",50,1,1,49,2.18788741234966e-05,10.729989038613
"b10 d25 e18 f38",1,"b10","d25","e18","f38",50,1,1,3,1.3395229055202e-06,13.5231970480555
"b10 d25 e18 h1",1,"b10","d25","e18","h1",50,1,1,49,2.18788741234966e-05,10.729989038613
"b10 d25 f38 h1",1,"b10","d25","f38","h1",50,1,3,49,6.56366223704897e-05,9.63137674994492
"b10 e17 e18 f38",1,"b10","e17","e18","f38",50,1,1,3,1.3395229055202e-06,13.5231970480555
"b10 e17 e18 h1",1,"b10","e17","e18","h1",50,1,1,49,2.18788741234966e-05,10.729989038613
"b10 e17 f38 h1",1,"b10","e17","f38","h1",50,1,3,49,6.56366223704897e-05,9.63137674994492
"b10 e18 f38 h1",1,"b10","e18","f38","h1",50,1,3,49,6.56366223704897e-05,9.63137674994492
"d17 d18 d25 e17",1,"d17","d18","d25","e17",1,1,1,1,8.93015270346799e-09,18.5338323421518
"d17 d18 d25 e18",1,"d17","d18","d25","e18",1,1,1,1,8.93015270346799e-09,18.5338323421518
"d17 d18 d25 f38",1,"d17","d18","d25","f38",1,1,1,3,2.6790458110404e-08,17.4352200534837
"d17 d18 d25 h1",1,"d17","d18","d25","h1",1,1,1,49,4.37577482469932e-07,14.6420120440412
"d17 d18 e17 e18",1,"d17","d18","e17","e18",1,1,1,1,8.93015270346799e-09,18.5338323421518
"d17 d18 e17 f38",1,"d17","d18","e17","f38",1,1,1,3,2.6790458110404e-08,17.4352200534837
"d17 d18 e17 h1",1,"d17","d18","e17","h1",1,1,1,49,4.37577482469932e-07,14.6420120440412
"d17 d18 e18 f38",1,"d17","d18","e18","f38",1,1,1,3,2.6790458110404e-08,17.4352200534837
"d17 d18 e18 h1",1,"d17","d18","e18","h1",1,1,1,49,4.37577482469932e-07,14.6420120440412
"d17 d18 f38 h1",1,"d17","d18","f38","h1",1,1,3,49,1.31273244740979e-06,13.5433997553731
"d17 d25 e17 e18",1,"d17","d25","e17","e18",1,1,1,1,8.93015270346799e-09,18.5338323421518
"d17 d25 e17 f38",1,"d17","d25","e17","f38",1,1,1,3,2.6790458110404e-08,17.4352200534837
"d17 d25 e17 h1",1,"d17","d25","e17","h1",1,1,1,49,4.37577482469932e-07,14.6420120440412
"d17 d25 e18 f38",1,"d17","d25","e18","f38",1,1,1,3,2.6790458110404e-08,17.4352200534837
"d17 d25 e18 h1",1,"d17","d25","e18","h1",1,1,1,49,4.37577482469932e-07,14.6420120440412
"d17 d25 f38 h1",1,"d17","d25","f38","h1",1,1,3,49,1.31273244740979e-06,13.5433997553731
"d17 e17 e18 f38",1,"d17","e17","e18","f38",1,1,1,3,2.6790458110404e-08,17.4352200534837
"d17 e17 e18 h1",1,"d17","e17","e18","h1",1,1,1,49,4.37577482469932e-07,14.6420120440412
"d17 e17 f38 h1",1,"d17","e17","f38","h1",1,1,3,49,1.31273244740979e-06,13.5433997553731
"d17 e18 f38 h1",1,"d17","e18","f38","h1",1,1,3,49,1.31273244740979e-06,13.5433997553731
"d18 d25 e17 e18",1,"d18","d25","e17","e18",1,1,1,1,8.93015270346799e-09,18.5338323421518
"d18 d25 e17 f38",1,"d18","d25","e17","f38",1,1,1,3,2.6790458110404e-08,17.4352200534837
"d18 d25 e17 h1",1,"d18","d25","e17","h1",1,1,1,49,4.37577482469932e-07,14.6420120440412
"d18 d25 e18 f38",1,"d18","d25","e18","f38",1,1,1,3,2.6790458110404e-08,17.4352200534837
"d18 d25 e18 h1",1,"d18","d25","e18","h1",1,1,1,49,4.37577482469932e-07,14.6420120440412
"d18 d25 f38 h1",1,"d18","d25","f38","h1",1,1,3,49,1.31273244740979e-06,13.5433997553731
"d18 e17 e18 f38",1,"d18","e17","e18","f38",1,1,1,3,2.6790458110404e-08,17.4352200534837
"d18 e17 e18 h1",1,"d18","e17","e18","h1",1,1,1,49,4.37577482469932e-07,14.6420120440412
"d18 e17 f38 h1",1,"d18","e17","f38","h1",1,1,3,49,1.31273244740979e-06,13.5433997553731
"d18 e18 f38 h1",1,"d18","e18","f38","h1",1,1,3,49,1.31273244740979e-06,13.5433997553731
"d25 e17 e18 f38",1,"d25","e17","e18","f38",1,1,1,3,2.6790458110404e-08,17.4352200534837
"d25 e17 e18 h1",1,"d25","e17","e18","h1",1,1,1,49,4.37577482469932e-07,14.6420120440412
"d25 e17 f38 h1",1,"d25","e17","f38","h1",1,1,3,49,1.31273244740979e-06,13.5433997553731
"d25 e18 f38 h1",1,"d25","e18","f38","h1",1,1,3,49,1.31273244740979e-06,13.5433997553731
"e17 e18 f38 h1",1,"e17","e18","f38","h1",1,1,3,49,1.31273244740979e-06,13.5433997553731
"b6 b7 b9 e1",1,"b6","b7","b9","e1",14,5,1,17,1.06268817171269e-05,11.4521237560462
"b6 b7 b9 f12",1,"b6","b7","b9","f12",14,5,1,22,1.37524351633407e-05,11.1942946467441
"b6 b7 b9 g30",1,"b6","b7","b9","g30",14,5,1,1,6.2511068924276e-07,14.2853371001024
"b6 b7 b9 h1",1,"b6","b7","b9","h1",14,5,1,49,3.06304237728952e-05,10.3935168019918
"b6 b7 e1 f12",1,"b6","b7","e1","f12",14,5,17,22,0.000233791397776792,8.36108130268791
"b6 b7 e1 g30",1,"b6","b7","e1","g30",14,5,17,1,1.06268817171269e-05,11.4521237560462
"b6 b7 e1 h1",1,"b6","b7","e1","h1",14,5,17,49,0.000520717204139219,7.5603034579356
"b6 b7 f12 g30",1,"b6","b7","f12","g30",14,5,22,1,1.37524351633407e-05,11.1942946467441
"b6 b7 f12 h1",1,"b6","b7","f12","h1",14,5,22,49,0.000673869323003695,7.3024743486335
"b6 b7 g30 h1",1,"b6","b7","g30","h1",14,5,1,49,3.06304237728952e-05,10.3935168019918
"b6 b9 e1 f12",1,"b6","b9","e1","f12",14,1,17,22,4.67582795553584e-05,9.97051921512201
"b6 b9 e1 g30",1,"b6","b9","e1","g30",14,1,17,1,2.12537634342538e-06,13.0615616684803
"b6 b9 e1 h1",1,"b6","b9","e1","h1",14,1,17,49,0.000104143440827844,9.1697413703697
"b6 b9 f12 g30",1,"b6","b9","f12","g30",14,1,22,1,2.75048703266814e-06,12.8037325591782
"b6 b9 f12 h1",1,"b6","b9","f12","h1",14,1,22,49,0.000134773864600739,8.9119122610676
"b6 b9 g30 h1",1,"b6","b9","g30","h1",14,1,1,49,6.12608475457904e-06,12.0029547144259
"b6 e1 f12 g30",1,"b6","e1","f12","g30",14,17,22,1,4.67582795553584e-05,9.97051921512201
"b6 e1 f12 h1",1,"b6","e1","f12","h1",14,17,22,49,0.00229115569821256,6.07869891701138
"b6 e1 g30 h1",1,"b6","e1","g30","h1",14,17,1,49,0.000104143440827844,9.1697413703697
"b6 f12 g30 h1",1,"b6","f12","g30","h1",14,22,1,49,0.000134773864600739,8.9119122610676
"b7 b9 e1 f12",1,"b7","b9","e1","f12",5,1,17,22,1.66993855554851e-05,11.0001386323032
"b7 b9 e1 g30",1,"b7","b9","e1","g30",5,1,17,1,7.59062979794779e-07,14.0911810856615
"b7 b9 e1 h1",1,"b7","b9","e1","h1",5,1,17,49,3.71940860099442e-05,10.1993607875509
"b7 b9 f12 g30",1,"b7","b9","f12","g30",5,1,22,1,9.82316797381479e-07,13.8333519763594
"b7 b9 f12 h1",1,"b7","b9","f12","h1",5,1,22,49,4.81335230716925e-05,9.94153167824876
"b7 b9 g30 h1",1,"b7","b9","g30","h1",5,1,1,49,2.18788741234966e-06,13.0325741316071
"b7 e1 f12 g30",1,"b7","e1","f12","g30",5,17,22,1,1.66993855554851e-05,11.0001386323032
"b7 e1 f12 h1",1,"b7","e1","f12","h1",5,17,22,49,0.000818269892218772,7.10831833419254
"b7 e1 g30 h1",1,"b7","e1","g30","h1",5,17,1,49,3.71940860099442e-05,10.1993607875509
"b7 f12 g30 h1",1,"b7","f12","g30","h1",5,22,1,49,4.81335230716925e-05,9.94153167824876
"b9 e1 f12 g30",1,"b9","e1","f12","g30",1,17,22,1,3.33987711109703e-06,12.6095765447373
"b9 e1 f12 h1",1,"b9","e1","f12","h1",1,17,22,49,0.000163653978443754,8.71775624662664
"b9 e1 g30 h1",1,"b9","e1","g30","h1",1,17,1,49,7.43881720198884e-06,11.808798699985
"b9 f12 g30 h1",1,"b9","f12","g30","h1",1,22,1,49,9.6267046143385e-06,11.5509695906829
"e1 f12 g30 h1",1,"e1","f12","g30","h1",17,22,1,49,0.000163653978443754,8.71775624662664
"a1 d28 d33 e1",1,"a1","d28","d33","e1",136,1,5,17,0.00010323256525209,9.17852619992543
"a1 d28 d33 e2",1,"a1","d28","d33","e2",136,1,5,3,1.82175115150747e-05,10.9131272553135
"a1 d28 d33 f47",1,"a1","d28","d33","f47",136,1,5,1,6.07250383835823e-06,12.0117395439816
"a1 d28 d33 g1",1,"a1","d28","d33","g1",136,1,5,97,0.000589032872320749,7.43702856547827
"a1 d28 d33 h1",1,"a1","d28","d33","h1",136,1,5,49,0.000297552688079553,8.11991924587102
"a1 d28 e1 e2",1,"a1","d28","e1","e2",136,1,17,3,6.1939539151254e-05,9.68935182369142
"a1 d28 e1 f47",1,"a1","d28","e1","f47",136,1,17,1,2.0646513050418e-05,10.7879641123595
"a1 d28 e1 g1",1,"a1","d28","e1","g1",136,1,17,97,0.00200271176589055,6.21325313385615
"a1 d28 e1 h1",1,"a1","d28","e1","h1",136,1,17,49,0.00101167913947048,6.89614381424891
"a1 d28 e2 f47",1,"a1","d28","e2","f47",136,1,3,1,3.64350230301494e-06,12.5225651677476
"a1 d28 e2 g1",1,"a1","d28","e2","g1",136,1,3,97,0.000353419723392449,7.94785418924426
"a1 d28 e2 h1",1,"a1","d28","e2","h1",136,1,3,49,0.000178531612847732,8.63074486963701
"a1 d28 f47 g1",1,"a1","d28","f47","g1",136,1,1,97,0.00011780657446415,9.04646647791237
"a1 d28 f47 h1",1,"a1","d28","f47","h1",136,1,1,49,5.95105376159107e-05,9.72935715830512
"a1 d28 g1 h1",1,"a1","d28","g1","h1",136,1,97,49,0.00577252214874334,5.15464617980174
"a1 d33 e1 e2",1,"a1","d33","e1","e2",136,5,17,3,0.00030969769575627,8.07991391125732
"a1 d33 e1 f47",1,"a1","d33","e1","f47",136,5,17,1,0.00010323256525209,9.17852619992543
"a1 d33 e1 g1",1,"a1","d33","e1","g1",136,5,17,97,0.0100135588294527,4.60381522142205
"a1 d33 e1 h1",1,"a1","d33","e1","h1",136,5,17,49,0.00505839569735241,5.28670590181481
"a1 d33 e2 f47",1,"a1","d33","e2","f47",136,5,3,1,1.82175115150747e-05,10.9131272553135
"a1 d33 e2 g1",1,"a1","d33","e2","g1",136,5,3,97,0.00176709861696225,6.33841627681016
"a1 d33 e2 h1",1,"a1","d33","e2","h1",136,5,3,49,0.000892658064238661,7.02130695720291
"a1 d33 f47 g1",1,"a1","d33","f47","g1",136,5,1,97,0.000589032872320749,7.43702856547827
"a1 d33 f47 h1",1,"a1","d33","f47","h1",136,5,1,49,0.000297552688079554,8.11991924587102
"a1 d33 g1 h1",1,"a1","d33","g1","h1",136,5,97,49,0.0288626107437167,3.54520826736764
"a1 e1 e2 f47",1,"a1","e1","e2","f47",136,17,3,1,6.1939539151254e-05,9.68935182369142
"a1 e1 e2 g1",1,"a1","e1","e2","g1",136,17,3,97,0.00600813529767164,5.11464084518804
"a1 e1 e2 h1",1,"a1","e1","e2","h1",136,17,3,49,0.00303503741841145,5.7975315255808
"a1 e1 f47 g1",1,"a1","e1","f47","g1",136,17,1,97,0.00200271176589055,6.21325313385615
"a1 e1 f47 h1",1,"a1","e1","f47","h1",136,17,1,49,0.00101167913947048,6.89614381424891
"a1 e1 g1 h1",1,"a1","e1","g1","h1",136,17,97,49,0.0981328765286368,2.32143283574552
"a1 e2 f47 g1",1,"a1","e2","f47","g1",136,3,1,97,0.000353419723392449,7.94785418924426
"a1 e2 f47 h1",1,"a1","e2","f47","h1",136,3,1,49,0.000178531612847732,8.63074486963701
"a1 e2 g1 h1",1,"a1","e2","g1","h1",136,3,97,49,0.01731756644623,4.05603389113363
"a1 f47 g1 h1",1,"a1","f47","g1","h1",136,1,97,49,0.00577252214874334,5.15464617980174
"d28 d33 e1 e2",1,"d28","d33","e1","e2",1,5,17,3,2.27718893938434e-06,12.9925687969934
"d28 d33 e1 f47",1,"d28","d33","e1","f47",1,5,17,1,7.59062979794779e-07,14.0911810856615
"d28 d33 e1 g1",1,"d28","d33","e1","g1",1,5,17,97,7.36291090400936e-05,9.5164701071581
"d28 d33 e1 h1",1,"d28","d33","e1","h1",1,5,17,49,3.71940860099442e-05,10.1993607875509
"d28 d33 e2 f47",1,"d28","d33","e2","f47",1,5,3,1,1.3395229055202e-07,15.8257821410496
"d28 d33 e2 g1",1,"d28","d33","e2","g1",1,5,3,97,1.29933721835459e-05,11.2510711625462
"d28 d33 e2 h1",1,"d28","d33","e2","h1",1,5,3,49,6.56366223704898e-06,11.933961842939
"d28 d33 f47 g1",1,"d28","d33","f47","g1",1,5,1,97,4.33112406118198e-06,12.3496834512143
"d28 d33 f47 h1",1,"d28","d33","f47","h1",1,5,1,49,2.18788741234966e-06,13.0325741316071
"d28 d33 g1 h1",1,"d28","d33","g1","h1",1,5,97,49,0.000212225078997917,8.45786315310369
"d28 e1 e2 f47",1,"d28","e1","e2","f47",1,17,3,1,4.55437787876868e-07,14.6020067094275
"d28 e1 e2 g1",1,"d28","e1","e2","g1",1,17,3,97,4.41774654240562e-05,10.0272957309241
"d28 e1 e2 h1",1,"d28","e1","e2","h1",1,17,3,49,2.23164516059665e-05,10.7101864113168
"d28 e1 f47 g1",1,"d28","e1","f47","g1",1,17,1,97,1.47258218080187e-05,11.1259080195922
"d28 e1 f47 h1",1,"d28","e1","f47","h1",1,17,1,49,7.43881720198884e-06,11.808798699985
"d28 e1 g1 h1",1,"d28","e1","g1","h1",1,17,97,49,0.000721565268592917,7.23408772148158
"d28 e2 f47 g1",1,"d28","e2","f47","g1",1,3,1,97,2.59867443670919e-06,12.8605090749803
"d28 e2 f47 h1",1,"d28","e2","f47","h1",1,3,1,49,1.31273244740979e-06,13.5433997553731
"d28 e2 g1 h1",1,"d28","e2","g1","h1",1,3,97,49,0.00012733504739875,8.96868877686968
"d28 f47 g1 h1",1,"d28","f47","g1","h1",1,1,97,49,4.24450157995834e-05,10.0673010655378
"d33 e1 e2 f47",1,"d33","e1","e2","f47",5,17,3,1,2.27718893938434e-06,12.9925687969934
"d33 e1 e2 g1",1,"d33","e1","e2","g1",5,17,3,97,0.000220887327120281,8.41785781848999
"d33 e1 e2 h1",1,"d33","e1","e2","h1",5,17,3,49,0.000111582258029833,9.10074849888275
"d33 e1 f47 g1",1,"d33","e1","f47","g1",5,17,1,97,7.36291090400936e-05,9.5164701071581
"d33 e1 f47 h1",1,"d33","e1","f47","h1",5,17,1,49,3.71940860099442e-05,10.1993607875509
"d33 e1 g1 h1",1,"d33","e1","g1","h1",5,17,97,49,0.00360782634296459,5.62464980904748
"d33 e2 f47 g1",1,"d33","e2","f47","g1",5,3,1,97,1.29933721835459e-05,11.2510711625462
"d33 e2 f47 h1",1,"d33","e2","f47","h1",5,3,1,49,6.56366223704897e-06,11.933961842939
"d33 e2 g1 h1",1,"d33","e2","g1","h1",5,3,97,49,0.00063667523699375,7.35925086443558
"d33 f47 g1 h1",1,"d33","f47","g1","h1",5,1,97,49,0.000212225078997917,8.45786315310369
"e1 e2 f47 g1",1,"e1","e2","f47","g1",17,3,1,97,4.41774654240562e-05,10.0272957309241
"e1 e2 f47 h1",1,"e1","e2","f47","h1",17,3,1,49,2.23164516059665e-05,10.7101864113168
"e1 e2 g1 h1",1,"e1","e2","g1","h1",17,3,97,49,0.00216469580577875,6.13547543281347
"e1 f47 g1 h1",1,"e1","f47","g1","h1",17,1,97,49,0.000721565268592917,7.23408772148158
"e2 f47 g1 h1",1,"e2","f47","g1","h1",3,1,97,49,0.00012733504739875,8.96868877686968
"a1 a5 c1 d29",1,"a1","a5","c1","d29",136,19,125,7,0.0201910752625411,3.90251459089169
"a1 a5 c1 d33",1,"a1","a5","c1","d33",136,19,125,5,0.0144221966161008,4.23898682751291
"a1 a5 c1 h1",1,"a1","a5","c1","h1",136,19,125,49,0.141337526837788,1.95660444183638
"a1 a5 d29 d33",1,"a1","a5","d29","d33",136,19,7,5,0.000807643010501645,7.12139041575989
"a1 a5 d29 h1",1,"a1","a5","d29","h1",136,19,7,49,0.00791490150291613,4.83900803008337
"a1 a5 d33 h1",1,"a1","a5","d33","h1",136,19,5,49,0.00565350107351152,5.17548026670458
"a1 c1 d29 d33",1,"a1","c1","d29","d33",136,125,7,5,0.00531344085856346,5.23751565762403
"a1 c1 d29 h1",1,"a1","c1","d29","h1",136,125,7,49,0.0520717204139219,2.95513327194751
"a1 c1 d33 h1",1,"a1","c1","d33","h1",136,125,5,49,0.0371940860099442,3.29160550856872
"a1 d29 d33 h1",1,"a1","d29","d33","h1",136,7,5,49,0.00208286881655687,6.17400909681571
"a5 c1 d29 d33",1,"a5","c1","d29","d33",19,125,7,5,0.000742318943475777,7.20573156419365
"a5 c1 d29 h1",1,"a5","c1","d29","h1",19,125,7,49,0.00727472564606261,4.92334917851712
"a5 c1 d33 h1",1,"a5","c1","d33","h1",19,125,5,49,0.00519623260433044,5.25982141513833
"a5 d29 d33 h1",1,"a5","d29","d33","h1",19,7,5,49,0.000290989025842505,8.14222500338532
"c1 d29 d33 h1",1,"c1","d29","d33","h1",125,7,5,49,0.00191440148580595,6.25835024524946
"a1 c1 c12 d3",1,"a1","c1","c12","d3",136,125,9,8,0.0109305069090448,4.51619760009739
"a1 c1 c12 g1",1,"a1","c1","c12","g1",136,125,9,97,0.132532396272169,2.02092816327385
"a1 c1 c12 g2",1,"a1","c1","c12","g2",136,125,9,23,0.0314252073635039,3.46014492584808
"a1 c1 d3 g1",1,"a1","c1","d3","g1",136,125,8,97,0.11780657446415,2.13871119893023
"a1 c1 d3 g2",1,"a1","c1","d3","g2",136,125,8,23,0.0279335176564479,3.57792796150446
"a1 c1 g1 g2",2,"a1","c1","g1","g2",136,125,97,23,0.338693901584431,1.77580570524086
"a1 c12 d3 g1",1,"a1","c12","d3","g1",136,9,8,97,0.00848207336141878,4.76980035889631
"a1 c12 d3 g2",1,"a1","c12","d3","g2",136,9,8,23,0.00201121327126425,6.20901712147054
"a1 c12 g1 g2",1,"a1","c12","g1","g2",136,9,97,23,0.024385960914079,3.713747684647
"a1 d3 g1 g2",1,"a1","d3","g1","g2",136,8,97,23,0.0216764097014036,3.83153072030338
"c1 c12 d3 g1",1,"c1","c12","d3","g1",125,9,8,97,0.00779602331012756,4.85414150733006
"c1 c12 d3 g2",1,"c1","c12","d3","g2",125,9,8,23,0.00184854160961787,6.29335826990429
"c1 c12 g1 g2",1,"c1","c12","g1","g2",125,9,97,23,0.0224135670166167,3.79808883308075
"c1 d3 g1 g2",1,"c1","d3","g1","g2",125,8,97,23,0.0199231706814371,3.91587186873713
"c12 d3 g1 g2",1,"c12","d3","g1","g2",9,8,97,23,0.00143446828906347,6.54696102870321
"a1 a3 b8 c1",1,"a1","a3","b8","c1",136,22,6,125,0.0200392626665822,3.91006179652708
"a1 a3 b8 f13",1,"a1","a3","b8","f13",136,22,6,9,0.00144282691199392,6.54115095649316
"a1 a3 b8 g1",1,"a1","a3","b8","g1",136,22,6,97,0.0155504678292678,4.163664555326
"a1 a3 b8 h1",1,"a1","a3","b8","h1",136,22,6,49,0.00785539096530021,4.84655523571875
"a1 a3 c1 f13",1,"a1","a3","c1","f13",136,22,125,9,0.0300588939998733,3.50459668841891
"a1 a3 c1 g1",3,"a1","a3","c1","g1",136,22,125,97,0.323968079776412,2.22572257591986
"a1 a3 c1 h1",2,"a1","a3","c1","h1",136,22,125,49,0.163653978443754,2.50314814820445
"a1 a3 f13 g1",1,"a1","a3","f13","g1",136,22,9,97,0.0233257017439016,3.75819944721783
"a1 a3 f13 h1",1,"a1","a3","f13","h1",136,22,9,49,0.0117830864479503,4.44109012761059
"a1 a3 g1 h1",2,"a1","a3","g1","h1",136,22,97,49,0.126995487272353,2.75675090700337
"a1 b8 c1 f13",1,"a1","b8","c1","f13",136,6,125,9,0.00819788018178362,4.80387967254917
"a1 b8 c1 g1",1,"a1","b8","c1","g1",136,6,125,97,0.0883549308481123,2.42639327138201
"a1 b8 c1 h1",1,"a1","b8","c1","h1",136,6,125,49,0.044632903211933,3.10928395177477
"a1 b8 f13 g1",1,"a1","b8","f13","g1",136,6,9,97,0.00636155502106409,5.05748243134809
"a1 b8 f13 h1",1,"a1","b8","f13","h1",136,6,9,49,0.00321356903125918,5.74037311174085
"a1 b8 g1 h1",1,"a1","b8","g1","h1",136,6,97,49,0.03463513289246,3.36288671057368
"a3 b8 c1 f13",1,"a3","b8","c1","f13",22,6,125,9,0.001326127676465,6.62549210492691
"a3 b8 c1 g1",1,"a3","b8","c1","g1",22,6,125,97,0.0142927094019005,4.24800570375975
"a3 b8 c1 h1",1,"a3","b8","c1","h1",22,6,125,49,0.00722002846075387,4.9308963841525
"a3 b8 f13 g1",1,"a3","b8","f13","g1",22,6,9,97,0.00102907507693684,6.87909486372583
"a3 b8 f13 h1",1,"a3","b8","f13","h1",22,6,9,49,0.000519842049174279,7.56198554411858
"a3 b8 g1 h1",1,"a3","b8","g1","h1",22,6,97,49,0.005602742085545,5.18449914295142
"a3 c1 f13 g1",1,"a3","c1","f13","g1",22,125,9,97,0.0214390641028508,3.84254059565158
"a3 c1 f13 h1",1,"a3","c1","f13","h1",22,125,9,49,0.0108300426911308,4.52543127604434
"a3 f13 g1 h1",1,"a3","f13","g1","h1",22,9,97,49,0.00840411312831751,4.77903403484326
"b8 c1 f13 g1",1,"b8","c1","f13","g1",6,125,9,97,0.00584701748259567,5.14182357978184
"b8 c1 f13 h1",1,"b8","c1","f13","h1",6,125,9,49,0.00295364800667204,5.8247142601746
"b8 c1 g1 h1",1,"b8","c1","g1","h1",6,125,97,49,0.0318337618496875,3.44722785900744
"b8 f13 g1 h1",1,"b8","f13","g1","h1",6,9,97,49,0.0022920308531775,6.07831701897352
"a24 c1 c4 c5",1,"a24","c1","c4","c5",69,125,6,18,0.00831843724328043,4.78928087312802
"a1 c1 e1 e3",1,"a1","c1","e1","e3",136,125,17,2,0.0051616282626045,5.26650319449729
"a1 c1 e1 g1",1,"a1","c1","e1","g1",136,125,17,97,0.250338970736318,1.38493939655385
"a1 c1 e3 f14",1,"a1","c1","e3","f14",136,125,2,16,0.00485800307068659,5.32712781631372
"a1 c1 e3 g1",1,"a1","c1","e3","g1",136,125,2,97,0.0294516436160374,3.52500556005012
"a1 e1 e3 f14",1,"a1","e1","e3","f14",136,17,2,16,0.000660688417613376,7.32222820955981
"a1 e1 e3 g1",1,"a1","e1","e3","g1",136,17,2,97,0.00400542353178109,5.5201059532962
"a1 e1 f14 g1",1,"a1","e1","f14","g1",136,17,16,97,0.0320433882542487,3.44066441161637
"a1 e3 f14 g1",1,"a1","e3","f14","g1",136,2,16,97,0.00376981038285279,5.58073057511264
"c1 e1 e3 f14",1,"c1","e1","e3","f14",125,17,2,16,0.000607250383835824,7.40656935799356
"c1 e1 e3 g1",1,"c1","e1","e3","g1",125,17,2,97,0.00368145545200468,5.60444710172996
"c1 e1 f14 g1",1,"c1","e1","f14","g1",125,17,16,97,0.0294516436160374,3.52500556005012
"c1 e3 f14 g1",1,"c1","e3","f14","g1",125,2,16,97,0.00346489924894558,5.66507172354639
"e1 e3 f14 g1",1,"e1","e3","f14","g1",17,2,16,97,0.000471226297856599,7.66017211679248
"b2 b10 b13 d15",1,"b2","b10","b13","d15",28,50,11,11,0.00151276786796748,6.49381428095171
"b2 b10 b13 e5",1,"b2","b10","b13","e5",28,50,11,7,0.00096267046143385,6.94579940469477
"b2 b10 b13 e12",1,"b2","b10","b13","e12",28,50,11,1,0.000137524351633407,8.89170955375008
"b2 b10 b13 f56",1,"b2","b10","b13","f56",28,50,11,1,0.000137524351633407,8.89170955375008
"b2 b10 b13 g1",1,"b2","b10","b13","g1",28,50,11,97,0.0133398621084405,4.3169985752467
"b2 b10 b13 g2",1,"b2","b10","b13","g2",28,50,11,23,0.00316306008756836,5.75621533782093
"b2 b10 b13 g9",1,"b2","b10","b13","g9",28,50,11,3,0.000412573054900221,7.79309726508197
"b2 b10 b13 ant",1,"b2","b10","b13","ant",28,50,11,26,0.00357563314246858,5.6336130157286
"b2 b10 d15 e5",1,"b2","b10","d15","e5",28,50,11,7,0.00096267046143385,6.94579940469477
"b2 b10 d15 e12",1,"b2","b10","d15","e12",28,50,11,1,0.000137524351633407,8.89170955375008
"b2 b10 d15 f56",1,"b2","b10","d15","f56",28,50,11,1,0.000137524351633407,8.89170955375008
"b2 b10 d15 g1",2,"b2","b10","d15","g1",28,50,11,97,0.0133398621084405,5.01014575580664
"b2 b10 d15 g2",1,"b2","b10","d15","g2",28,50,11,23,0.00316306008756836,5.75621533782093
"b2 b10 d15 g9",1,"b2","b10","d15","g9",28,50,11,3,0.000412573054900221,7.79309726508197
"b2 b10 d15 ant",1,"b2","b10","d15","ant",28,50,11,26,0.00357563314246858,5.6336130157286
"b2 b10 e5 e12",1,"b2","b10","e5","e12",28,50,7,1,8.75154964939863e-05,9.34369467749314
"b2 b10 e5 f56",1,"b2","b10","e5","f56",28,50,7,1,8.75154964939863e-05,9.34369467749314
"b2 b10 e5 g1",1,"b2","b10","e5","g1",28,50,7,97,0.00848900315991668,4.76898369898975
"b2 b10 e5 g2",1,"b2","b10","e5","g2",28,50,7,23,0.00201285641936169,6.20820046156399
"b2 b10 e5 g9",1,"b2","b10","e5","g9",28,50,7,3,0.000262546489481959,8.24508238882503
"b2 b10 e5 ant",1,"b2","b10","e5","ant",28,50,7,26,0.00227540290884365,6.08559813947166
"b2 b10 e12 f56",1,"b2","b10","e12","f56",28,50,1,1,1.25022137848552e-05,11.2896048265485
"b2 b10 e12 g1",1,"b2","b10","e12","g1",28,50,1,97,0.00121271473713095,6.71489384804507
"b2 b10 e12 g2",1,"b2","b10","e12","g2",28,50,1,23,0.000287550917051669,8.1541106106193
"b2 b10 e12 g9",1,"b2","b10","e12","g9",28,50,1,3,3.75066413545656e-05,10.1909925378803
"b2 b10 e12 ant",1,"b2","b10","e12","ant",28,50,1,26,0.000325057558406235,8.03150828852697
"b2 b10 f56 g1",1,"b2","b10","f56","g1",28,50,1,97,0.00121271473713095,6.71489384804507
"b2 b10 f56 g2",1,"b2","b10","f56","g2",28,50,1,23,0.000287550917051669,8.1541106106193
"b2 b10 f56 g9",1,"b2","b10","f56","g9",28,50,1,3,3.75066413545656e-05,10.1909925378803
"b2 b10 f56 ant",1,"b2","b10","f56","ant",28,50,1,26,0.000325057558406235,8.03150828852697
"b2 b10 g1 g2",1,"b2","b10","g1","g2",28,50,97,23,0.0278924389540119,3.57939963211592
"b2 b10 g1 g9",1,"b2","b10","g1","g9",28,50,97,3,0.00363814421139286,5.61628155937696
"b2 b10 g1 ant",1,"b2","b10","g1","ant",28,50,97,26,0.0315305831654048,3.45679731002359
"b2 b10 g2 g9",1,"b2","b10","g2","g9",28,50,23,3,0.000862652751155008,7.05549832195119
"b2 b10 g2 ant",1,"b2","b10","g2","ant",28,50,23,26,0.0074763238433434,4.89601407259782
"b2 b10 g9 ant",1,"b2","b10","g9","ant",28,50,3,26,0.000975172675218705,6.93289599985886
"b2 b13 d15 e5",1,"b2","b13","d15","e5",28,11,11,7,0.000211787501515447,8.45992713732454
"b2 b13 d15 e12",1,"b2","b13","d15","e12",28,11,11,1,3.02553573593496e-05,10.4058372863799
"b2 b13 d15 f56",1,"b2","b13","d15","f56",28,11,11,1,3.02553573593496e-05,10.4058372863799
"b2 b13 d15 g1",1,"b2","b13","d15","g1",28,11,11,97,0.00293476966385691,5.83112630787647
"b2 b13 d15 g2",1,"b2","b13","d15","g2",28,11,11,23,0.00069587321926504,7.27034307045071
"b2 b13 d15 g9",1,"b2","b13","d15","g9",28,11,11,3,9.07660720780487e-05,9.30722499771175
"b2 b13 d15 ant",1,"b2","b13","d15","ant",28,11,11,26,0.000786639291343088,7.14774074835837
"b2 b13 e5 e12",1,"b2","b13","e5","e12",28,11,7,1,1.9253409228677e-05,10.8578224101229
"b2 b13 e5 f56",1,"b2","b13","e5","f56",28,11,7,1,1.9253409228677e-05,10.8578224101229
"b2 b13 e5 g1",1,"b2","b13","e5","g1",28,11,7,97,0.00186758069518167,6.28311143161953
"b2 b13 e5 g2",1,"b2","b13","e5","g2",28,11,7,23,0.000442828412259571,7.72232819419376
"b2 b13 e5 g9",1,"b2","b13","e5","g9",28,11,7,3,5.7760227686031e-05,9.7592101214548
"b2 b13 e5 ant",1,"b2","b13","e5","ant",28,11,7,26,0.000500588639945602,7.59972587210143
"b2 b13 e12 f56",1,"b2","b13","e12","f56",28,11,1,1,2.75048703266814e-06,12.8037325591782
"b2 b13 e12 g1",1,"b2","b13","e12","g1",28,11,1,97,0.00026679724216881,8.22902158067484
"b2 b13 e12 g2",1,"b2","b13","e12","g2",28,11,1,23,6.32612017513673e-05,9.66823834324908
"b2 b13 e12 g9",1,"b2","b13","e12","g9",28,11,1,3,8.25146109800442e-06,11.7051202705101
"b2 b13 e12 ant",1,"b2","b13","e12","ant",28,11,1,26,7.15126628493717e-05,9.54563602115674
"b2 b13 f56 g1",1,"b2","b13","f56","g1",28,11,1,97,0.00026679724216881,8.22902158067484
"b2 b13 f56 g2",1,"b2","b13","f56","g2",28,11,1,23,6.32612017513673e-05,9.66823834324908
"b2 b13 f56 g9",1,"b2","b13","f56","g9",28,11,1,3,8.25146109800442e-06,11.7051202705101
"b2 b13 f56 ant",1,"b2","b13","f56","ant",28,11,1,26,7.15126628493717e-05,9.54563602115674
"b2 b13 g1 g2",2,"b2","b13","g1","g2",28,11,97,23,0.00613633656988262,5.78667454530564
"b2 b13 g1 g9",1,"b2","b13","g1","g9",28,11,97,3,0.000800391726506429,7.13040929200673
"b2 b13 g1 ant",1,"b2","b13","g1","ant",28,11,97,26,0.00693672829638905,4.97092504265336
"b2 b13 g2 g9",1,"b2","b13","g2","g9",28,11,23,3,0.000189783605254102,8.56962605458097
"b2 b13 g2 ant",1,"b2","b13","g2","ant",28,11,23,26,0.00164479124553555,6.4101418052276
"b2 b13 g9 ant",1,"b2","b13","g9","ant",28,11,3,26,0.000214537988548115,8.44702373248863
"b2 d15 e5 e12",1,"b2","d15","e5","e12",28,11,7,1,1.9253409228677e-05,10.8578224101229
"b2 d15 e5 f56",1,"b2","d15","e5","f56",28,11,7,1,1.9253409228677e-05,10.8578224101229
"b2 d15 e5 g1",1,"b2","d15","e5","g1",28,11,7,97,0.00186758069518167,6.28311143161953
"b2 d15 e5 g2",1,"b2","d15","e5","g2",28,11,7,23,0.000442828412259571,7.72232819419376
"b2 d15 e5 g9",1,"b2","d15","e5","g9",28,11,7,3,5.7760227686031e-05,9.7592101214548
"b2 d15 e5 ant",1,"b2","d15","e5","ant",28,11,7,26,0.000500588639945602,7.59972587210143
"b2 d15 e12 f56",1,"b2","d15","e12","f56",28,11,1,1,2.75048703266814e-06,12.8037325591782
"b2 d15 e12 g1",1,"b2","d15","e12","g1",28,11,1,97,0.00026679724216881,8.22902158067484
"b2 d15 e12 g2",1,"b2","d15","e12","g2",28,11,1,23,6.32612017513673e-05,9.66823834324908
"b2 d15 e12 g9",1,"b2","d15","e12","g9",28,11,1,3,8.25146109800442e-06,11.7051202705101
"b2 d15 e12 ant",1,"b2","d15","e12","ant",28,11,1,26,7.15126628493717e-05,9.54563602115674
"b2 d15 f56 g1",1,"b2","d15","f56","g1",28,11,1,97,0.00026679724216881,8.22902158067484
"b2 d15 f56 g2",1,"b2","d15","f56","g2",28,11,1,23,6.32612017513673e-05,9.66823834324908
"b2 d15 f56 g9",1,"b2","d15","f56","g9",28,11,1,3,8.25146109800442e-06,11.7051202705101
"b2 d15 f56 ant",1,"b2","d15","f56","ant",28,11,1,26,7.15126628493717e-05,9.54563602115674
"b2 d15 g1 g2",1,"b2","d15","g1","g2",28,11,97,23,0.00613633656988262,5.09352736474569
"b2 d15 g1 g9",1,"b2","d15","g1","g9",28,11,97,3,0.000800391726506429,7.13040929200673
"b2 d15 g1 ant",1,"b2","d15","g1","ant",28,11,97,26,0.00693672829638905,4.97092504265336
"b2 d15 g2 g9",1,"b2","d15","g2","g9",28,11,23,3,0.000189783605254102,8.56962605458097
"b2 d15 g2 ant",1,"b2","d15","g2","ant",28,11,23,26,0.00164479124553555,6.4101418052276
"b2 d15 g9 ant",1,"b2","d15","g9","ant",28,11,3,26,0.000214537988548115,8.44702373248863
"b2 e5 e12 f56",1,"b2","e5","e12","f56",28,7,1,1,1.75030992987973e-06,13.2557176829213
"b2 e5 e12 g1",1,"b2","e5","e12","g1",28,7,1,97,0.000169780063198333,8.6810067044179
"b2 e5 e12 g2",1,"b2","e5","e12","g2",28,7,1,23,4.02571283872337e-05,10.1202234669921
"b2 e5 e12 g9",1,"b2","e5","e12","g9",28,7,1,3,5.25092978963918e-06,12.1571053942532
"b2 e5 e12 ant",1,"b2","e5","e12","ant",28,7,1,26,4.55080581768729e-05,9.9976211448998
"b2 e5 f56 g1",1,"b2","e5","f56","g1",28,7,1,97,0.000169780063198333,8.6810067044179
"b2 e5 f56 g2",1,"b2","e5","f56","g2",28,7,1,23,4.02571283872337e-05,10.1202234669921
"b2 e5 f56 g9",1,"b2","e5","f56","g9",28,7,1,3,5.25092978963918e-06,12.1571053942532
"b2 e5 f56 ant",1,"b2","e5","f56","ant",28,7,1,26,4.55080581768729e-05,9.9976211448998
"b2 e5 g1 g2",1,"b2","e5","g1","g2",28,7,97,23,0.00390494145356167,5.54551248848875
"b2 e5 g1 g9",1,"b2","e5","g1","g9",28,7,97,3,0.000509340189595,7.58239441574979
"b2 e5 g1 ant",1,"b2","e5","g1","ant",28,7,97,26,0.00441428164315667,5.42291016639642
"b2 e5 g2 g9",1,"b2","e5","g2","g9",28,7,23,3,0.000120771385161701,9.02161117832402
"b2 e5 g2 ant",1,"b2","e5","g2","ant",28,7,23,26,0.00104668533806808,6.86212692897065
"b2 e5 g9 ant",1,"b2","e5","g9","ant",28,7,3,26,0.000136524174530619,8.89900885623169
"b2 e12 f56 g1",1,"b2","e12","f56","g1",28,1,1,97,2.42542947426191e-05,10.6269168534732
"b2 e12 f56 g2",1,"b2","e12","f56","g2",28,1,1,23,5.75101834103339e-06,12.0661336160474
"b2 e12 f56 g9",1,"b2","e12","f56","g9",28,1,1,3,7.50132827091311e-07,14.1030155433085
"b2 e12 f56 ant",1,"b2","e12","f56","ant",28,1,1,26,6.5011511681247e-06,11.9435312939551
"b2 e12 g1 g2",1,"b2","e12","g1","g2",28,1,97,23,0.000557848779080239,7.49142263754406
"b2 e12 g1 g9",1,"b2","e12","g1","g9",28,1,97,3,7.27628842278572e-05,9.5283045648051
"b2 e12 g1 ant",1,"b2","e12","g1","ant",28,1,97,26,0.000630611663308096,7.36882031545173
"b2 e12 g2 g9",1,"b2","e12","g2","g9",28,1,23,3,1.72530550231002e-05,10.9675213273793
"b2 e12 g2 ant",1,"b2","e12","g2","ant",28,1,23,26,0.000149526476866868,8.80803707802596
"b2 e12 g9 ant",1,"b2","e12","g9","ant",28,1,3,26,1.95034535043741e-05,10.844919005287
"b2 f56 g1 g2",1,"b2","f56","g1","g2",28,1,97,23,0.000557848779080239,7.49142263754406
"b2 f56 g1 g9",1,"b2","f56","g1","g9",28,1,97,3,7.27628842278572e-05,9.5283045648051
"b2 f56 g1 ant",1,"b2","f56","g1","ant",28,1,97,26,0.000630611663308096,7.36882031545173
"b2 f56 g2 g9",1,"b2","f56","g2","g9",28,1,23,3,1.72530550231002e-05,10.9675213273793
"b2 f56 g2 ant",1,"b2","f56","g2","ant",28,1,23,26,0.000149526476866868,8.80803707802596
"b2 f56 g9 ant",1,"b2","f56","g9","ant",28,1,3,26,1.95034535043741e-05,10.844919005287
"b2 g1 g2 g9",1,"b2","g1","g2","g9",28,97,23,3,0.00167354633724072,6.39281034887595
"b2 g1 g2 ant",1,"b2","g1","g2","ant",28,97,23,26,0.0145040682560862,4.23332609952258
"b2 g1 g9 ant",1,"b2","g1","g9","ant",28,97,3,26,0.00189183498992429,6.27020802678362
"b2 g2 g9 ant",1,"b2","g2","g9","ant",28,23,3,26,0.000448579430600604,7.70942478935786
"b10 b13 d15 e5",1,"b10","b13","d15","e5",50,11,11,7,0.000378191966991869,7.8801086420716
"b10 b13 d15 e12",1,"b10","b13","d15","e12",50,11,11,1,5.40274238559814e-05,9.82601879112691
"b10 b13 d15 f56",1,"b10","b13","d15","f56",50,11,11,1,5.40274238559814e-05,9.82601879112691
"b10 b13 d15 g1",1,"b10","b13","d15","g1",50,11,11,97,0.00524066011403019,5.25130781262353
"b10 b13 d15 g2",1,"b10","b13","d15","g2",50,11,11,23,0.00124263074868757,6.69052457519776
"b10 b13 d15 g9",1,"b10","b13","d15","g9",50,11,11,3,0.000162082271567944,8.7274065024588
"b10 b13 d15 ant",1,"b10","b13","d15","ant",50,11,11,26,0.00140471302025552,6.56792225310543
"b10 b13 e5 e12",1,"b10","b13","e5","e12",50,11,7,1,3.43810879083518e-05,10.27800391487
"b10 b13 e5 f56",1,"b10","b13","e5","f56",50,11,7,1,3.43810879083518e-05,10.27800391487
"b10 b13 e5 g2",1,"b10","b13","e5","g2",50,11,7,23,0.000790765021892091,7.14250969894082
"b10 b13 e5 g9",1,"b10","b13","e5","g9",50,11,7,3,0.000103143263725055,9.17939162620186
"b10 b13 e5 ant",1,"b10","b13","e5","ant",50,11,7,26,0.000893908285617146,7.01990737684849
"b10 b13 e12 f56",1,"b10","b13","e12","f56",50,11,1,1,4.9115839869074e-06,12.2239140639253
"b10 b13 e12 g1",1,"b10","b13","e12","g1",50,11,1,97,0.000476423646730017,7.6492030854219
"b10 b13 e12 g2",1,"b10","b13","e12","g2",50,11,1,23,0.00011296643169887,9.08841984799614
"b10 b13 e12 g9",1,"b10","b13","e12","g9",50,11,1,3,1.47347519607222e-05,11.1253017752572
"b10 b13 e12 ant",1,"b10","b13","e12","ant",50,11,1,26,0.000127701183659592,8.9658175259038
"b10 b13 f56 g1",1,"b10","b13","f56","g1",50,11,1,97,0.000476423646730017,7.6492030854219
"b10 b13 f56 g2",1,"b10","b13","f56","g2",50,11,1,23,0.00011296643169887,9.08841984799614
"b10 b13 f56 g9",1,"b10","b13","f56","g9",50,11,1,3,1.47347519607222e-05,11.1253017752572
"b10 b13 f56 ant",1,"b10","b13","f56","ant",50,11,1,26,0.000127701183659592,8.9658175259038
"b10 b13 g1 g2",1,"b10","b13","g1","g2",50,11,97,23,0.0109577438747904,4.51370886949275
"b10 b13 g1 g9",1,"b10","b13","g1","g9",50,11,97,3,0.00142927094019005,6.55059079675379
"b10 b13 g1 ant",1,"b10","b13","g1","ant",50,11,97,26,0.0123870148149805,4.39110654740042
"b10 b13 g2 g9",1,"b10","b13","g2","g9",50,11,23,3,0.00033889929509661,7.98980755932803
"b10 b13 g2 ant",1,"b10","b13","g2","ant",50,11,23,26,0.00293712722417062,5.83032330997465
"b10 b13 g9 ant",1,"b10","b13","g9","ant",50,11,3,26,0.000383103550978777,7.86720523723569
"b10 d15 e5 e12",1,"b10","d15","e5","e12",50,11,7,1,3.43810879083518e-05,10.27800391487
"b10 d15 e5 f56",1,"b10","d15","e5","f56",50,11,7,1,3.43810879083518e-05,10.27800391487
"b10 d15 e5 g1",1,"b10","d15","e5","g1",50,11,7,97,0.00333496552711012,5.70329293636659
"b10 d15 e5 g2",1,"b10","d15","e5","g2",50,11,7,23,0.000790765021892091,7.14250969894082
"b10 d15 e5 g9",1,"b10","d15","e5","g9",50,11,7,3,0.000103143263725055,9.17939162620186
"b10 d15 e5 ant",1,"b10","d15","e5","ant",50,11,7,26,0.000893908285617146,7.01990737684849
"b10 d15 e12 f56",1,"b10","d15","e12","f56",50,11,1,1,4.9115839869074e-06,12.2239140639253
"b10 d15 e12 g1",1,"b10","d15","e12","g1",50,11,1,97,0.000476423646730017,7.6492030854219
"b10 d15 e12 g2",1,"b10","d15","e12","g2",50,11,1,23,0.00011296643169887,9.08841984799614
"b10 d15 e12 g9",1,"b10","d15","e12","g9",50,11,1,3,1.47347519607222e-05,11.1253017752572
"b10 d15 e12 ant",1,"b10","d15","e12","ant",50,11,1,26,0.000127701183659592,8.9658175259038
"b10 d15 f56 g1",1,"b10","d15","f56","g1",50,11,1,97,0.000476423646730017,7.6492030854219
"b10 d15 f56 g2",1,"b10","d15","f56","g2",50,11,1,23,0.00011296643169887,9.08841984799614
"b10 d15 f56 g9",1,"b10","d15","f56","g9",50,11,1,3,1.47347519607222e-05,11.1253017752572
"b10 d15 f56 ant",1,"b10","d15","f56","ant",50,11,1,26,0.000127701183659592,8.9658175259038
"b10 d15 g1 g2",1,"b10","d15","g1","g2",50,11,97,23,0.0109577438747904,4.51370886949275
"b10 d15 g1 g9",1,"b10","d15","g1","g9",50,11,97,3,0.00142927094019005,6.55059079675379
"b10 d15 g1 ant",1,"b10","d15","g1","ant",50,11,97,26,0.0123870148149805,4.39110654740042
"b10 d15 g2 g9",1,"b10","d15","g2","g9",50,11,23,3,0.00033889929509661,7.98980755932803
"b10 d15 g2 ant",1,"b10","d15","g2","ant",50,11,23,26,0.00293712722417062,5.83032330997465
"b10 d15 g9 ant",1,"b10","d15","g9","ant",50,11,3,26,0.000383103550978777,7.86720523723569
"b10 e5 e12 f56",1,"b10","e5","e12","f56",50,7,1,1,3.1255534462138e-06,12.6758991876683
"b10 e5 e12 g1",1,"b10","e5","e12","g1",50,7,1,97,0.000303178684282738,8.10118820916496
"b10 e5 e12 g2",1,"b10","e5","e12","g2",50,7,1,23,7.18877292629173e-05,9.54040497173919
"b10 e5 e12 g9",1,"b10","e5","e12","g9",50,7,1,3,9.37666033864139e-06,11.5772868990002
"b10 e5 e12 ant",1,"b10","e5","e12","ant",50,7,1,26,8.12643896015587e-05,9.41780264964686
"b10 e5 f56 g1",1,"b10","e5","f56","g1",50,7,1,97,0.000303178684282738,8.10118820916496
"b10 e5 f56 g2",1,"b10","e5","f56","g2",50,7,1,23,7.18877292629173e-05,9.54040497173919
"b10 e5 f56 g9",1,"b10","e5","f56","g9",50,7,1,3,9.37666033864139e-06,11.5772868990002
"b10 e5 f56 ant",1,"b10","e5","f56","ant",50,7,1,26,8.12643896015587e-05,9.41780264964686
"b10 e5 g1 g2",1,"b10","e5","g1","g2",50,7,97,23,0.00697310973850298,4.96569399323581
"b10 e5 g1 g9",1,"b10","e5","g1","g9",50,7,97,3,0.000909536052848215,7.00257592049685
"b10 e5 g1 ant",1,"b10","e5","g1","ant",50,7,97,26,0.0078826457913512,4.84309167114348
"b10 e5 g2 g9",1,"b10","e5","g2","g9",50,7,23,3,0.000215663187788752,8.44179268307108
"b10 e5 g2 ant",1,"b10","e5","g2","ant",50,7,23,26,0.00186908096083585,6.28230843371771
"b10 e5 g9 ant",1,"b10","e5","g9","ant",50,7,3,26,0.000243793168804676,8.31919036097875
"b10 e12 f56 g1",1,"b10","e12","f56","g1",50,1,1,97,4.33112406118198e-05,10.0470983582203
"b10 e12 f56 g2",1,"b10","e12","f56","g2",50,1,1,23,1.02696756089882e-05,11.4863151207945
"b10 e12 f56 g9",1,"b10","e12","f56","g9",50,1,1,3,1.3395229055202e-06,13.5231970480555
"b10 e12 f56 ant",1,"b10","e12","f56","ant",50,1,1,26,1.16091985145084e-05,11.3637127987022
"b10 e12 g1 g2",1,"b10","e12","g1","g2",50,1,97,23,0.000996158534071855,6.91160414229112
"b10 e12 g1 g9",1,"b10","e12","g1","g9",50,1,97,3,0.000129933721835459,8.94848606955216
"b10 e12 g1 ant",1,"b10","e12","g1","ant",50,1,97,26,0.00112609225590731,6.78900182019879
"b10 e12 g2 g9",1,"b10","e12","g2","g9",50,1,23,3,3.08090268269646e-05,10.3877028321264
"b10 e12 g2 ant",1,"b10","e12","g2","ant",50,1,23,26,0.000267011565833693,8.22821858277302
"b10 e12 g9 ant",1,"b10","e12","g9","ant",50,1,3,26,3.48275955435252e-05,10.2651005100341
"b10 f56 g1 g2",1,"b10","f56","g1","g2",50,1,97,23,0.000996158534071855,6.91160414229112
"b10 f56 g1 g9",1,"b10","f56","g1","g9",50,1,97,3,0.000129933721835459,8.94848606955216
"b10 f56 g1 ant",1,"b10","f56","g1","ant",50,1,97,26,0.00112609225590731,6.78900182019879
"b10 f56 g2 g9",1,"b10","f56","g2","g9",50,1,23,3,3.08090268269646e-05,10.3877028321264
"b10 f56 g2 ant",1,"b10","f56","g2","ant",50,1,23,26,0.000267011565833693,8.22821858277302
"b10 f56 g9 ant",1,"b10","f56","g9","ant",50,1,3,26,3.48275955435252e-05,10.2651005100341
"b10 g1 g2 g9",1,"b10","g1","g2","g9",50,97,23,3,0.00298847560221556,5.81299185362301
"b10 g1 g2 ant",1,"b10","g1","g2","ant",50,97,23,26,0.0259001218858682,3.65350760426964
"b10 g1 g9 ant",1,"b10","g1","g9","ant",50,97,3,26,0.00337827676772194,5.69038953153068
"b10 g2 g9 ant",1,"b10","g2","g9","ant",50,23,3,26,0.000801034697501079,7.12960629410491
"b13 d15 e5 e12",1,"b13","d15","e5","e12",11,11,7,1,7.56383933983739e-06,11.7921316474997
"b13 d15 e5 f56",1,"b13","d15","e5","f56",11,11,7,1,7.56383933983739e-06,11.7921316474997
"b13 d15 e5 g1",1,"b13","d15","e5","g1",11,11,7,97,0.000733692415964227,7.21742066899636
"b13 d15 e5 g2",1,"b13","d15","e5","g2",11,11,7,23,0.00017396830481626,8.6566374315706
"b13 d15 e5 g9",1,"b13","d15","e5","g9",11,11,7,3,2.26915180195122e-05,10.6935193588316
"b13 d15 e5 ant",1,"b13","d15","e5","ant",11,11,7,26,0.000196659822835772,8.53403510947826
"b13 d15 e12 f56",1,"b13","d15","e12","f56",11,11,1,1,1.08054847711963e-06,13.7380417965551
"b13 d15 e12 g1",1,"b13","d15","e12","g1",11,11,1,97,0.000104813202280604,9.16333081805168
"b13 d15 e12 g2",1,"b13","d15","e12","g2",11,11,1,23,2.48526149737514e-05,10.6025475806259
"b13 d15 e12 g9",1,"b13","d15","e12","g9",11,11,1,3,3.24164543135888e-06,12.639429507887
"b13 d15 e12 ant",1,"b13","d15","e12","ant",11,11,1,26,2.80942604051103e-05,10.4799452585336
"b13 d15 f56 g1",1,"b13","d15","f56","g1",11,11,1,97,0.000104813202280604,9.16333081805168
"b13 d15 f56 g2",1,"b13","d15","f56","g2",11,11,1,23,2.48526149737514e-05,10.6025475806259
"b13 d15 f56 g9",1,"b13","d15","f56","g9",11,11,1,3,3.24164543135888e-06,12.639429507887
"b13 d15 f56 ant",1,"b13","d15","f56","ant",11,11,1,26,2.80942604051103e-05,10.4799452585336
"b13 d15 g1 g2",1,"b13","d15","g1","g2",11,11,97,23,0.00241070365245389,6.02783660212253
"b13 d15 g1 g9",1,"b13","d15","g1","g9",11,11,97,3,0.000314439606841811,8.06471852938357
"b13 d15 g1 ant",1,"b13","d15","g1","ant",11,11,97,26,0.0027251432592957,5.90523428003019
"b13 d15 g2 g9",1,"b13","d15","g2","g9",11,11,23,3,7.45578449212543e-05,9.5039352919578
"b13 d15 g2 ant",1,"b13","d15","g2","ant",11,11,23,26,0.000646167989317537,7.34445104260443
"b13 d15 g9 ant",1,"b13","d15","g9","ant",11,11,3,26,8.42827812153309e-05,9.38133296986547
"b13 e5 e12 f56",1,"b13","e5","e12","f56",11,7,1,1,6.87621758167035e-07,14.1900269202981
"b13 e5 e12 g1",1,"b13","e5","e12","g1",11,7,1,97,6.66993105422024e-05,9.61531594179473
"b13 e5 e12 g2",1,"b13","e5","e12","g2",11,7,1,23,1.58153004378418e-05,11.054532704369
"b13 e5 e12 g9",1,"b13","e5","e12","g9",11,7,1,3,2.06286527450111e-06,13.09141463163
"b13 e5 e12 ant",1,"b13","e5","e12","ant",11,7,1,26,1.78781657123429e-05,10.9319303822766
"b13 e5 f56 g1",1,"b13","e5","f56","g1",11,7,1,97,6.66993105422024e-05,9.61531594179473
"b13 e5 f56 g2",1,"b13","e5","f56","g2",11,7,1,23,1.58153004378418e-05,11.054532704369
"b13 e5 f56 g9",1,"b13","e5","f56","g9",11,7,1,3,2.06286527450111e-06,13.09141463163
"b13 e5 f56 ant",1,"b13","e5","f56","ant",11,7,1,26,1.78781657123429e-05,10.9319303822766
"b13 e5 g1 g2",1,"b13","e5","g1","g2",11,7,97,23,0.00153408414247066,6.47982172586558
"b13 e5 g1 g9",1,"b13","e5","g1","g9",11,7,97,3,0.000200097931626607,8.51670365312662
"b13 e5 g1 ant",1,"b13","e5","g1","ant",11,7,97,26,0.00173418207409726,6.35721940377325
"b13 e5 g2 g9",1,"b13","e5","g2","g9",11,7,23,3,4.74459013135254e-05,9.95592041570086
"b13 e5 g2 ant",1,"b13","e5","g2","ant",11,7,23,26,0.000411197811383887,7.79643616634749
"b13 e5 g9 ant",1,"b13","e5","g9","ant",11,7,3,26,5.36344971370287e-05,9.83331809360853
"b13 e12 f56 g1",1,"b13","e12","f56","g1",11,1,1,97,9.52847293460035e-06,11.56122609085
"b13 e12 f56 g2",1,"b13","e12","f56","g2",11,1,1,23,2.2593286339774e-06,13.0004428534243
"b13 e12 f56 g9",1,"b13","e12","f56","g9",11,1,1,3,2.94695039214444e-07,15.0373247806853
"b13 e12 f56 ant",1,"b13","e12","f56","ant",11,1,1,26,2.55402367319185e-06,12.8778405313319
"b13 e12 g1 g2",1,"b13","e12","g1","g2",11,1,97,23,0.000219154877495808,8.4257318749209
"b13 e12 g1 g9",1,"b13","e12","g1","g9",11,1,97,3,2.8585418803801e-05,10.4626138021819
"b13 e12 g1 ant",1,"b13","e12","g1","ant",11,1,97,26,0.000247740296299609,8.30312955282857
"b13 e12 g2 g9",1,"b13","e12","g2","g9",11,1,23,3,6.77798590193221e-06,11.9018305647562
"b13 e12 g2 ant",1,"b13","e12","g2","ant",11,1,23,26,5.87425444834125e-05,9.7423463154028
"b13 e12 g9 ant",1,"b13","e12","g9","ant",11,1,3,26,7.66207101957554e-06,11.7792282426638
"b13 f56 g1 g2",1,"b13","f56","g1","g2",11,1,97,23,0.000219154877495808,8.4257318749209
"b13 f56 g1 g9",1,"b13","f56","g1","g9",11,1,97,3,2.8585418803801e-05,10.4626138021819
"b13 f56 g1 ant",1,"b13","f56","g1","ant",11,1,97,26,0.000247740296299609,8.30312955282857
"b13 f56 g2 g9",1,"b13","f56","g2","g9",11,1,23,3,6.77798590193221e-06,11.9018305647562
"b13 f56 g2 ant",1,"b13","f56","g2","ant",11,1,23,26,5.87425444834125e-05,9.7423463154028
"b13 f56 g9 ant",1,"b13","f56","g9","ant",11,1,3,26,7.66207101957554e-06,11.7792282426638
"b13 g1 g2 g9",1,"b13","g1","g2","g9",11,97,23,3,0.000657464632487424,7.32711958625279
"b13 g1 g2 ant",1,"b13","g1","g2","ant",11,97,23,26,0.00569802681489101,5.16763533689942
"b13 g1 g9 ant",1,"b13","g1","g9","ant",11,97,3,26,0.000743220888898827,7.20451726416046
"b13 g2 g9 ant",1,"b13","g2","g9","ant",11,23,3,26,0.000176227633450237,8.64373402673469
"d15 e5 e12 f56",1,"d15","e5","e12","f56",11,7,1,1,6.87621758167035e-07,14.1900269202981
"d15 e5 e12 g1",1,"d15","e5","e12","g1",11,7,1,97,6.66993105422024e-05,9.61531594179473
"d15 e5 e12 g2",1,"d15","e5","e12","g2",11,7,1,23,1.58153004378418e-05,11.054532704369
"d15 e5 e12 g9",1,"d15","e5","e12","g9",11,7,1,3,2.06286527450111e-06,13.09141463163
"d15 e5 e12 ant",1,"d15","e5","e12","ant",11,7,1,26,1.78781657123429e-05,10.9319303822766
"d15 e5 f56 g1",1,"d15","e5","f56","g1",11,7,1,97,6.66993105422024e-05,9.61531594179473
"d15 e5 f56 g2",1,"d15","e5","f56","g2",11,7,1,23,1.58153004378418e-05,11.054532704369
"d15 e5 f56 g9",1,"d15","e5","f56","g9",11,7,1,3,2.06286527450111e-06,13.09141463163
"d15 e5 f56 ant",1,"d15","e5","f56","ant",11,7,1,26,1.78781657123429e-05,10.9319303822766
"d15 e5 g1 g2",1,"d15","e5","g1","g2",11,7,97,23,0.00153408414247066,6.47982172586558
"d15 e5 g1 g9",1,"d15","e5","g1","g9",11,7,97,3,0.000200097931626607,8.51670365312662
"d15 e5 g1 ant",1,"d15","e5","g1","ant",11,7,97,26,0.00173418207409726,6.35721940377325
"d15 e5 g2 g9",1,"d15","e5","g2","g9",11,7,23,3,4.74459013135254e-05,9.95592041570086
"d15 e5 g2 ant",1,"d15","e5","g2","ant",11,7,23,26,0.000411197811383887,7.79643616634749
"d15 e5 g9 ant",1,"d15","e5","g9","ant",11,7,3,26,5.36344971370287e-05,9.83331809360853
"d15 e12 f56 g1",1,"d15","e12","f56","g1",11,1,1,97,9.52847293460035e-06,11.56122609085
"d15 e12 f56 g2",1,"d15","e12","f56","g2",11,1,1,23,2.2593286339774e-06,13.0004428534243
"d15 e12 f56 g9",1,"d15","e12","f56","g9",11,1,1,3,2.94695039214444e-07,15.0373247806853
"d15 e12 f56 ant",1,"d15","e12","f56","ant",11,1,1,26,2.55402367319185e-06,12.8778405313319
"d15 e12 g1 g2",1,"d15","e12","g1","g2",11,1,97,23,0.000219154877495808,8.4257318749209
"d15 e12 g1 g9",1,"d15","e12","g1","g9",11,1,97,3,2.8585418803801e-05,10.4626138021819
"d15 e12 g1 ant",1,"d15","e12","g1","ant",11,1,97,26,0.000247740296299609,8.30312955282857
"d15 e12 g2 g9",1,"d15","e12","g2","g9",11,1,23,3,6.77798590193221e-06,11.9018305647562
"d15 e12 g2 ant",1,"d15","e12","g2","ant",11,1,23,26,5.87425444834125e-05,9.7423463154028
"d15 e12 g9 ant",1,"d15","e12","g9","ant",11,1,3,26,7.66207101957554e-06,11.7792282426638
"d15 f56 g1 g2",1,"d15","f56","g1","g2",11,1,97,23,0.000219154877495808,8.4257318749209
"d15 f56 g1 g9",1,"d15","f56","g1","g9",11,1,97,3,2.8585418803801e-05,10.4626138021819
"d15 f56 g1 ant",1,"d15","f56","g1","ant",11,1,97,26,0.000247740296299609,8.30312955282857
"d15 f56 g2 g9",1,"d15","f56","g2","g9",11,1,23,3,6.77798590193221e-06,11.9018305647562
"d15 f56 g2 ant",1,"d15","f56","g2","ant",11,1,23,26,5.87425444834125e-05,9.7423463154028
"d15 f56 g9 ant",1,"d15","f56","g9","ant",11,1,3,26,7.66207101957554e-06,11.7792282426638
"d15 g1 g2 g9",1,"d15","g1","g2","g9",11,97,23,3,0.000657464632487424,7.32711958625279
"d15 g1 g2 ant",1,"d15","g1","g2","ant",11,97,23,26,0.00569802681489101,5.16763533689942
"d15 g1 g9 ant",1,"d15","g1","g9","ant",11,97,3,26,0.000743220888898827,7.20451726416046
"d15 g2 g9 ant",1,"d15","g2","g9","ant",11,23,3,26,0.000176227633450237,8.64373402673469
"e5 e12 f56 g1",1,"e5","e12","f56","g1",7,1,1,97,6.06357368565477e-06,12.0132112145931
"e5 e12 f56 g2",1,"e5","e12","f56","g2",7,1,1,23,1.43775458525835e-06,13.4524279771673
"e5 e12 f56 g9",1,"e5","e12","f56","g9",7,1,1,3,1.87533206772828e-07,15.4893099044284
"e5 e12 f56 ant",1,"e5","e12","f56","ant",7,1,1,26,1.62528779203117e-06,13.329825655075
"e5 e12 g1 g2",1,"e5","e12","g1","g2",7,1,97,23,0.00013946219477006,8.87771699866395
"e5 e12 g1 g9",1,"e5","e12","g1","g9",7,1,97,3,1.81907210569643e-05,10.914598925925
"e5 e12 g1 ant",1,"e5","e12","g1","ant",7,1,97,26,0.000157652915827024,8.75511467657162
"e5 e12 g2 g9",1,"e5","e12","g2","g9",7,1,23,3,4.31326375577504e-06,12.3538156884992
"e5 e12 g2 ant",1,"e5","e12","g2","ant",7,1,23,26,3.7381619216717e-05,10.1943314391459
"e5 e12 g9 ant",1,"e5","e12","g9","ant",7,1,3,26,4.87586337609352e-06,12.2312133664069
"e5 f56 g1 g2",1,"e5","f56","g1","g2",7,1,97,23,0.00013946219477006,8.87771699866395
"e5 f56 g1 g9",1,"e5","f56","g1","g9",7,1,97,3,1.81907210569643e-05,10.914598925925
"e5 f56 g1 ant",1,"e5","f56","g1","ant",7,1,97,26,0.000157652915827024,8.75511467657162
"e5 f56 g2 g9",1,"e5","f56","g2","g9",7,1,23,3,4.31326375577504e-06,12.3538156884992
"e5 f56 g2 ant",1,"e5","f56","g2","ant",7,1,23,26,3.7381619216717e-05,10.1943314391459
"e5 f56 g9 ant",1,"e5","f56","g9","ant",7,1,3,26,4.87586337609352e-06,12.2312133664069
"e5 g1 g2 g9",1,"e5","g1","g2","g9",7,97,23,3,0.000418386584310179,7.77910470999585
"e5 g1 g2 ant",1,"e5","g1","g2","ant",7,97,23,26,0.00362601706402155,5.61962046064247
"e5 g1 g9 ant",1,"e5","g1","g9","ant",7,97,3,26,0.000472958747481072,7.65650238790351
"e5 g2 g9 ant",1,"e5","g2","g9","ant",7,23,3,26,0.000112144857650151,9.09571915047775
"e12 f56 g1 g2",1,"e12","f56","g1","g2",1,1,97,23,1.99231706814371e-05,10.8236271477193
"e12 f56 g1 g9",1,"e12","f56","g1","g9",1,1,97,3,2.59867443670919e-06,12.8605090749803
"e12 f56 g1 ant",1,"e12","f56","g1","ant",1,1,97,26,2.25218451181463e-05,10.7010248256269
"e12 f56 g2 g9",1,"e12","f56","g2","g9",1,1,23,3,6.16180536539291e-07,14.2997258375545
"e12 f56 g2 ant",1,"e12","f56","g2","ant",1,1,23,26,5.34023131667386e-06,12.1402415882012
"e12 f56 g9 ant",1,"e12","f56","g9","ant",1,1,3,26,6.96551910870503e-07,14.1771235154622
"e12 g1 g2 g9",1,"e12","g1","g2","g9",1,97,23,3,5.97695120443113e-05,9.72501485905116
"e12 g1 g2 ant",1,"e12","g1","g2","ant",1,97,23,26,0.000518002437717364,7.56553060969779
"e12 g1 g9 ant",1,"e12","g1","g9","ant",1,97,3,26,6.75655353544388e-05,9.60241253695883
"e12 g2 g9 ant",1,"e12","g2","g9","ant",1,23,3,26,1.60206939500216e-05,11.0416292995331
"f56 g1 g2 g9",1,"f56","g1","g2","g9",1,97,23,3,5.97695120443113e-05,9.72501485905116
"f56 g1 g2 ant",1,"f56","g1","g2","ant",1,97,23,26,0.000518002437717364,7.56553060969779
"f56 g1 g9 ant",1,"f56","g1","g9","ant",1,97,3,26,6.75655353544388e-05,9.60241253695883
"f56 g2 g9 ant",1,"f56","g2","g9","ant",1,23,3,26,1.60206939500216e-05,11.0416292995331
"g1 g2 g9 ant",1,"g1","g2","g9","ant",97,23,3,26,0.00155400731315209,6.46691832102968
"d34 e2 f9 f16",1,"d34","e2","f9","f16",1,3,1,3,8.03713743312119e-08,16.3366077648156
"d34 e2 f9 ant",1,"d34","e2","f9","ant",1,3,1,26,6.96551910870503e-07,14.1771235154622
"d34 e2 f16 ant",1,"d34","e2","f16","ant",1,3,3,26,2.08965573261151e-06,13.0785112267941
"d34 f9 f16 ant",1,"d34","f9","f16","ant",1,1,3,26,6.96551910870503e-07,14.1771235154622
"e2 f9 f16 ant",1,"e2","f9","f16","ant",3,1,3,26,2.08965573261151e-06,13.0785112267941
"a1 d4 d12 d30",1,"a1","d4","d12","d30",136,2,1,2,4.85800307068659e-06,12.2348830952959
"a1 d4 d12 d33",1,"a1","d4","d12","d33",136,2,1,5,1.21450076767165e-05,11.3185923634217
"a1 d4 d12 g2",1,"a1","d4","d12","g2",136,2,1,23,5.58670353128958e-05,9.79253605992665
"a1 d4 d30 d33",1,"a1","d4","d30","d33",136,2,2,5,2.42900153534329e-05,10.6254451828618
"a1 d4 d30 g2",1,"a1","d4","d30","g2",136,2,2,23,0.000111734070625792,9.09938887936671
"a1 d4 d33 g2",1,"a1","d4","d33","g2",136,2,5,23,0.000279335176564479,8.18309814749255
"a1 d12 d30 d33",1,"a1","d12","d30","d33",136,1,2,5,1.21450076767165e-05,11.3185923634217
"a1 d12 d30 g2",1,"a1","d12","d30","g2",136,1,2,23,5.58670353128958e-05,9.79253605992665
"a1 d12 d33 g2",1,"a1","d12","d33","g2",136,1,5,23,0.000139667588282239,8.8762453280525
"a1 d30 d33 g2",1,"a1","d30","d33","g2",136,2,5,23,0.000279335176564479,8.18309814749255
"d4 d12 d30 d33",1,"d4","d12","d30","d33",2,1,2,5,1.7860305406936e-07,15.5381000685978
"d4 d12 d30 g2",1,"d4","d12","d30","g2",2,1,2,23,8.21574048719055e-07,14.0120437651028
"d4 d12 d33 g2",1,"d4","d12","d33","g2",2,1,5,23,2.05393512179764e-06,13.0957530332286
"d4 d30 d33 g2",1,"d4","d30","d33","g2",2,2,5,23,4.10787024359528e-06,12.4026058526687
"d12 d30 d33 g2",1,"d12","d30","d33","g2",1,2,5,23,2.05393512179764e-06,13.0957530332286
"e4 f5 f8 f41",1,"e4","f5","f8","f41",12,36,1,1,3.85782596789817e-06,12.4654067539077
"e4 f5 f8 f42",1,"e4","f5","f8","f42",12,36,1,1,3.85782596789817e-06,12.4654067539077
"e4 f5 f8 f43",1,"e4","f5","f8","f43",12,36,1,1,3.85782596789817e-06,12.4654067539077
"e4 f5 f8 f51",1,"e4","f5","f8","f51",12,36,1,3,1.15734779036945e-05,11.3667944652396
"e4 f5 f41 f42",1,"e4","f5","f41","f42",12,36,1,1,3.85782596789817e-06,12.4654067539077
"e4 f5 f41 f43",1,"e4","f5","f41","f43",12,36,1,1,3.85782596789817e-06,12.4654067539077
"e4 f5 f41 f51",1,"e4","f5","f41","f51",12,36,1,3,1.15734779036945e-05,11.3667944652396
"e4 f5 f42 f43",1,"e4","f5","f42","f43",12,36,1,1,3.85782596789817e-06,12.4654067539077
"e4 f5 f42 f51",1,"e4","f5","f42","f51",12,36,1,3,1.15734779036945e-05,11.3667944652396
"e4 f5 f43 f51",1,"e4","f5","f43","f51",12,36,1,3,1.15734779036945e-05,11.3667944652396
"e4 f8 f41 f42",1,"e4","f8","f41","f42",12,1,1,1,1.07161832441616e-07,16.0489256923638
"e4 f8 f41 f43",1,"e4","f8","f41","f43",12,1,1,1,1.07161832441616e-07,16.0489256923638
"e4 f8 f41 f51",1,"e4","f8","f41","f51",12,1,1,3,3.21485497324848e-07,14.9503134036957
"e4 f8 f42 f43",1,"e4","f8","f42","f43",12,1,1,1,1.07161832441616e-07,16.0489256923638
"e4 f8 f42 f51",1,"e4","f8","f42","f51",12,1,1,3,3.21485497324848e-07,14.9503134036957
"e4 f8 f43 f51",1,"e4","f8","f43","f51",12,1,1,3,3.21485497324848e-07,14.9503134036957
"e4 f41 f42 f43",1,"e4","f41","f42","f43",12,1,1,1,1.07161832441616e-07,16.0489256923638
"e4 f41 f42 f51",1,"e4","f41","f42","f51",12,1,1,3,3.21485497324848e-07,14.9503134036957
"e4 f41 f43 f51",1,"e4","f41","f43","f51",12,1,1,3,3.21485497324848e-07,14.9503134036957
"e4 f42 f43 f51",1,"e4","f42","f43","f51",12,1,1,3,3.21485497324848e-07,14.9503134036957
"f5 f8 f41 f42",1,"f5","f8","f41","f42",36,1,1,1,3.21485497324848e-07,14.9503134036957
"f5 f8 f41 f43",1,"f5","f8","f41","f43",36,1,1,1,3.21485497324848e-07,14.9503134036957
"f5 f8 f41 f51",1,"f5","f8","f41","f51",36,1,1,3,9.64456491974543e-07,13.8517011150276
"f5 f8 f42 f43",1,"f5","f8","f42","f43",36,1,1,1,3.21485497324848e-07,14.9503134036957
"f5 f8 f42 f51",1,"f5","f8","f42","f51",36,1,1,3,9.64456491974543e-07,13.8517011150276
"f5 f8 f43 f51",1,"f5","f8","f43","f51",36,1,1,3,9.64456491974543e-07,13.8517011150276
"f5 f41 f42 f43",1,"f5","f41","f42","f43",36,1,1,1,3.21485497324848e-07,14.9503134036957
"f5 f41 f42 f51",1,"f5","f41","f42","f51",36,1,1,3,9.64456491974543e-07,13.8517011150276
"f5 f41 f43 f51",1,"f5","f41","f43","f51",36,1,1,3,9.64456491974543e-07,13.8517011150276
"f5 f42 f43 f51",1,"f5","f42","f43","f51",36,1,1,3,9.64456491974543e-07,13.8517011150276
"f8 f41 f42 f43",1,"f8","f41","f42","f43",1,1,1,1,8.93015270346799e-09,18.5338323421518
"f8 f41 f42 f51",1,"f8","f41","f42","f51",1,1,1,3,2.6790458110404e-08,17.4352200534837
"f8 f41 f43 f51",1,"f8","f41","f43","f51",1,1,1,3,2.6790458110404e-08,17.4352200534837
"f8 f42 f43 f51",1,"f8","f42","f43","f51",1,1,1,3,2.6790458110404e-08,17.4352200534837
"f41 f42 f43 f51",1,"f41","f42","f43","f51",1,1,1,3,2.6790458110404e-08,17.4352200534837
"a1 b2 b3 b5",1,"a1","b2","b3","b5",136,28,16,3,0.00163228903175069,6.41777193533265
"a1 b2 b3 b11",1,"a1","b2","b3","b11",136,28,16,3,0.00163228903175069,6.41777193533265
"a1 b2 b3 c1",2,"a1","b2","b3","c1",136,28,16,125,0.0680120429896122,3.38121766725841
"a1 b2 b5 b11",1,"a1","b2","b5","b11",136,28,3,3,0.000306054193453255,8.09174836890432
"a1 b2 b5 c1",1,"a1","b2","b5","c1",136,28,3,125,0.0127522580605523,4.36204692027013
"a1 b2 b11 c1",1,"a1","b2","b11","c1",136,28,3,125,0.0127522580605523,4.36204692027013
"a1 b3 b5 b11",1,"a1","b3","b5","b11",136,16,3,3,0.000174888110544717,8.65136415683975
"a1 b3 b5 c1",1,"a1","b3","b5","c1",136,16,3,125,0.00728700460602988,4.92166270820556
"a1 b3 b11 c1",1,"a1","b3","b11","c1",136,16,3,125,0.00728700460602988,4.92166270820556
"a1 b5 b11 c1",1,"a1","b5","b11","c1",136,3,3,125,0.0013663133636306,6.59563914177723
"b2 b3 b5 b11",1,"b2","b3","b5","b11",28,16,3,3,3.60063757003829e-05,10.2318145324006
"b2 b3 b5 c1",1,"b2","b3","b5","c1",28,16,3,125,0.00150026565418262,6.5021130837664
"b2 b3 b11 c1",1,"b2","b3","b11","c1",28,16,3,125,0.00150026565418262,6.5021130837664
"b2 b5 b11 c1",1,"b2","b5","b11","c1",28,3,3,125,0.000281299810159242,8.17608951733808
"b3 b5 b11 c1",1,"b3","b5","b11","c1",16,3,3,125,0.000160742748662424,8.7357053052735
"a1 b2 b13 c1",2,"a1","b2","b13","c1",136,28,11,125,0.0467582795553584,3.75591111669982
"a1 b2 b13 g1",1,"a1","b2","b13","g1",136,28,11,97,0.0362844249349581,3.31636669493879
"a1 b2 b13 g2",1,"a1","b2","b13","g2",136,28,11,23,0.00860352343818595,4.75558345751302
"a1 b2 c1 g1",4,"a1","b2","c1","g1",136,28,125,97,0.412323010624524,2.27224259155475
"a1 b2 c1 g2",1,"a1","b2","c1","g2",136,28,125,23,0.0977673117975676,2.32516499300909
"a1 b2 g1 g2",1,"a1","b2","g1","g2",136,28,97,23,0.0758674339549124,2.57876775180801
"a1 b13 c1 g1",1,"a1","b13","c1","g1",136,11,125,97,0.161984039888206,1.82025746781169
"a1 b13 c1 g2",1,"a1","b13","c1","g2",136,11,125,23,0.0384085867776158,3.25947423038593
"a1 b13 g1 g2",1,"a1","b13","g1","g2",136,11,97,23,0.0298050633394299,3.51307698918485
"b2 b13 c1 g1",1,"b2","b13","c1","g1",28,11,125,97,0.0333496552711012,3.40070784337254
"b2 b13 c1 g2",1,"b2","b13","c1","g2",28,11,125,23,0.00790765021892091,4.83992460594678
"b2 c1 g1 g2",1,"b2","c1","g1","g2",28,125,97,23,0.0697310973850298,2.66310890024176
"b13 c1 g1 g2",1,"b13","c1","g1","g2",11,125,97,23,0.027394359686976,3.5974181376186
"e1 e2 f17 f58",1,"e1","e2","f17","f58",17,3,1,1,4.55437787876868e-07,14.6020067094275
"e1 e2 f17 f59",1,"e1","e2","f17","f59",17,3,1,1,4.55437787876868e-07,14.6020067094275
"e1 e2 f58 f59",1,"e1","e2","f58","f59",17,3,1,1,4.55437787876868e-07,14.6020067094275
"e1 f17 f58 f59",1,"e1","f17","f58","f59",17,1,1,1,1.51812595958956e-07,15.7006189980956
"e2 f17 f58 f59",1,"e2","f17","f58","f59",3,1,1,1,2.6790458110404e-08,17.4352200534837
"a1 a5 d3 e1",1,"a1","a5","d3","e1",136,19,8,17,0.00313826998366354,5.76408359151326
"a1 a5 d3 e4",1,"a1","a5","d3","e4",136,19,8,12,0.00221524940023308,6.11239028578147
"a1 a5 d3 e5",1,"a1","a5","d3","e5",136,19,8,7,0.00129222881680263,6.65138678651416
"a1 a5 d3 f12",1,"a1","a5","d3","f12",136,19,8,22,0.00406129056709399,5.50625448221116
"a1 a5 d3 g1",1,"a1","a5","d3","g1",136,19,8,97,0.0179065993185508,4.02258595706609
"a1 a5 d3 zoo",1,"a1","a5","d3","zoo",136,19,8,21,0.0038766864504079,5.55277449784605
"a1 a5 e1 e4",1,"a1","a5","e1","e4",136,19,17,12,0.0047074049754953,5.35861848340509
"a1 a5 e1 e5",1,"a1","a5","e1","e5",136,19,17,7,0.00274598623570559,5.89761498413778
"a1 a5 e1 f12",1,"a1","a5","e1","f12",136,19,17,22,0.00863024245507472,4.75248267983478
"a1 a5 e1 g1",1,"a1","a5","e1","g1",136,19,17,97,0.0380515235519204,3.26881415468971
"a1 a5 e1 zoo",1,"a1","a5","e1","zoo",136,19,17,21,0.00823795870711678,4.79900269546967
"a1 a5 e4 e5",1,"a1","a5","e4","e5",136,19,12,7,0.00193834322520395,6.24592167840599
"a1 a5 e4 f12",1,"a1","a5","e4","f12",136,19,12,22,0.00609193585064098,5.10078937410299
"a1 a5 e4 g1",1,"a1","a5","e4","g1",136,19,12,97,0.0268598989778261,3.61712084895793
"a1 a5 e4 zoo",1,"a1","a5","e4","zoo",136,19,12,21,0.00581502967561185,5.14730938973789
"a1 a5 e5 f12",1,"a1","a5","e5","f12",136,19,7,22,0.00355362924620724,5.63978587483568
"a1 a5 e5 g1",1,"a1","a5","e5","g1",136,19,7,97,0.0156682744037319,4.15611734969061
"a1 a5 e5 zoo",1,"a1","a5","e5","zoo",136,19,7,21,0.00339210064410691,5.68630589047057
"a1 a5 f12 g1",1,"a1","a5","f12","g1",136,19,22,97,0.0492431481260146,3.01098504538761
"a1 a5 f12 zoo",1,"a1","a5","f12","zoo",136,19,22,21,0.0106608877386217,4.54117358616757
"a1 a5 g1 zoo",1,"a1","a5","g1","zoo",136,19,97,21,0.0470048232111958,3.0575050610225
"a1 d3 e1 e4",1,"a1","d3","e1","e4",136,8,17,12,0.00198206525284013,6.2236159208917
"a1 d3 e1 e5",2,"a1","d3","e1","e5",136,8,17,7,0.00115620473082341,7.45575960218433
"a1 d3 e1 f12",1,"a1","d3","e1","f12",136,8,17,22,0.00363378629687357,5.61748011732138
"a1 d3 e1 g1",1,"a1","d3","e1","g1",136,8,17,97,0.0160216941271244,4.13381159217631
"a1 d3 e1 zoo",1,"a1","d3","e1","zoo",136,8,17,21,0.00346861419247022,5.66400013295627
"a1 d3 e4 e5",1,"a1","d3","e4","e5",136,8,12,7,0.000816144515875347,7.1109191158926
"a1 d3 e4 f12",1,"a1","d3","e4","f12",136,8,12,22,0.00256502562132252,5.9657868115896
"a1 d3 e4 g1",1,"a1","d3","e4","g1",136,8,12,97,0.0113094311485584,4.48211828644453
"a1 d3 e4 zoo",1,"a1","d3","e4","zoo",136,8,12,21,0.00244843354762604,6.01230682722449
"a1 d3 e5 f12",1,"a1","d3","e5","f12",136,8,7,22,0.00149626494577147,6.50478331232228
"a1 d3 e5 g1",1,"a1","d3","e5","g1",136,8,7,97,0.00659716816999239,5.02111478717722
"a1 d3 e5 zoo",1,"a1","d3","e5","zoo",136,8,7,21,0.00142825290278186,6.55130332795718
"a1 d3 f12 g1",1,"a1","d3","f12","g1",136,8,22,97,0.0207339571056904,3.87598248287421
"a1 d3 f12 zoo",1,"a1","d3","f12","zoo",136,8,22,21,0.00448879483731441,5.40617102365417
"a1 d3 g1 zoo",1,"a1","d3","g1","zoo",136,8,97,21,0.0197915045099772,3.92250249850911
"a1 e1 e4 e5",1,"a1","e1","e4","e5",136,17,12,7,0.00173430709623511,6.35714731351622
"a1 e1 e4 f12",1,"a1","e1","e4","f12",136,17,12,22,0.00545067944531035,5.21201500921322
"a1 e1 e4 g1",1,"a1","e1","e4","g1",136,17,12,97,0.0240325411906865,3.72834648406815
"a1 e1 e4 zoo",1,"a1","e1","e4","zoo",136,17,12,21,0.00520292128870533,5.25853502484811
"a1 e1 e5 f12",1,"a1","e1","e5","f12",136,17,7,22,0.00317956300976437,5.7510115099459
"a1 e1 e5 g1",1,"a1","e1","e5","g1",136,17,7,97,0.0140189823612338,4.26734298480084
"a1 e1 e5 zoo",1,"a1","e1","e5","zoo",136,17,7,21,0.00303503741841145,5.7975315255808
"a1 e1 f12 g1",1,"a1","e1","f12","g1",136,17,22,97,0.044059658849592,3.12221068049783
"a1 e1 f12 zoo",1,"a1","e1","f12","zoo",136,17,22,21,0.00953868902929311,4.65239922127779
"a1 e1 g1 zoo",1,"a1","e1","g1","zoo",136,17,97,21,0.0420569470837015,3.16873069613273
"a1 e4 e5 f12",1,"a1","e4","e5","f12",136,12,7,22,0.0022443974186572,6.09931820421412
"a1 e4 e5 g1",1,"a1","e4","e5","g1",136,12,7,97,0.00989575225498858,4.61564967906905
"a1 e4 e5 zoo",1,"a1","e4","e5","zoo",136,12,7,21,0.00214237935417279,6.14583821984901
"a1 e4 f12 g1",1,"a1","e4","f12","g1",136,12,22,97,0.0311009356585355,3.47051737476605
"a1 e4 f12 zoo",1,"a1","e4","f12","zoo",136,12,22,21,0.00673319225597161,5.00070591554601
"a1 e4 g1 zoo",1,"a1","e4","g1","zoo",136,12,97,21,0.0296872567649657,3.51703739040094
"a1 e5 f12 g1",1,"a1","e5","f12","g1",136,7,22,97,0.0181422124674791,4.00951387549874
"a1 e5 f12 zoo",1,"a1","e5","f12","zoo",136,7,22,21,0.00392769548265011,5.5397024162787
"a1 e5 g1 zoo",1,"a1","e5","g1","zoo",136,7,97,21,0.01731756644623,4.05603389113363
"a1 f12 g1 zoo",1,"a1","f12","g1","zoo",136,22,97,21,0.0544266374024372,2.91090158683063
"a5 d3 e1 e4",1,"a5","d3","e1","e4",19,8,17,12,0.000276906175029135,8.19183182746131
"a5 d3 e1 e5",1,"a5","d3","e1","e5",19,8,17,7,0.000161528602100329,8.730828328194
"a5 d3 e1 f12",1,"a5","d3","e1","f12",19,8,17,22,0.000507661320886748,7.58569602389099
"a5 d3 e1 g1",1,"a5","d3","e1","g1",19,8,17,97,0.00223832491481885,6.10202749874593
"a5 d3 e1 zoo",1,"a5","d3","e1","zoo",19,8,17,21,0.000484585806300987,7.63221603952589
"a5 d3 e4 e5",1,"a5","d3","e4","e5",19,8,12,7,0.000114020189717879,9.07913502246221
"a5 d3 e4 f12",1,"a5","d3","e4","f12",19,8,12,22,0.000358349167684764,7.93400271815921
"a5 d3 e4 g1",1,"a5","d3","e4","g1",19,8,12,97,0.00157999405751918,6.45033419301414
"a5 d3 e4 zoo",1,"a5","d3","e4","zoo",19,8,12,21,0.000342060569153638,7.9805227337941
"a5 d3 e5 f12",1,"a5","d3","e5","f12",19,8,7,22,0.000209037014482779,8.47299921889189
"a5 d3 e5 g1",1,"a5","d3","e5","g1",19,8,7,97,0.000921663200219525,6.98933069374683
"a5 d3 e5 zoo",1,"a5","d3","e5","zoo",19,8,7,21,0.000199535332006289,8.51951923452679
"a5 d3 f12 g1",1,"a5","d3","f12","g1",19,8,22,97,0.00289665577211851,5.84419838944383
"a5 d3 f12 zoo",1,"a5","d3","f12","zoo",19,8,22,21,0.000627111043448336,7.37438693022379
"a5 d3 g1 zoo",1,"a5","d3","g1","zoo",19,8,97,21,0.00276498960065857,5.89071840507872
"a5 e1 e4 e5",1,"a5","e1","e4","e5",19,17,12,7,0.000242292903150494,8.32536322008583
"a5 e1 e4 f12",1,"a5","e1","e4","f12",19,17,12,22,0.000761491981330123,7.18023091578283
"a5 e1 e4 g1",1,"a5","e1","e4","g1",19,17,12,97,0.00335748737222827,5.69656239063776
"a5 e1 e4 zoo",1,"a5","e1","e4","zoo",19,17,12,21,0.000726878709451481,7.22675093141772
"a5 e1 e5 f12",1,"a5","e1","e5","f12",19,17,7,22,0.000444203655775905,7.71922741651552
"a5 e1 e5 g1",1,"a5","e1","e5","g1",19,17,7,97,0.00195853430046649,6.23555889137045
"a5 e1 e5 zoo",1,"a5","e1","e5","zoo",19,17,7,21,0.000424012580513364,7.76574743215041
"a5 e1 f12 g1",1,"a5","e1","f12","g1",19,17,22,97,0.00615539351575183,5.09042658706745
"a5 e1 f12 zoo",1,"a5","e1","f12","zoo",19,17,22,21,0.00133261096732771,6.62061512784741
"a5 e1 g1 zoo",1,"a5","e1","g1","zoo",19,17,97,21,0.00587560290139947,5.13694660270234
"a5 e4 e5 f12",1,"a5","e4","e5","f12",19,12,7,22,0.000313555521724168,8.06753411078373
"a5 e4 e5 g1",1,"a5","e4","e5","g1",19,12,7,97,0.00138249480032929,6.58386558563866
"a5 e4 e5 zoo",1,"a5","e4","e5","zoo",19,12,7,21,0.000299302998009433,8.11405412641862
"a5 e4 f12 g1",1,"a5","e4","f12","g1",19,12,22,97,0.00434498365817776,5.43873328133566
"a5 e4 f12 zoo",1,"a5","e4","f12","zoo",19,12,22,21,0.000940666565172504,6.96892182211562
"a5 e4 g1 zoo",1,"a5","e4","g1","zoo",19,12,97,21,0.00414748440098786,5.48525329697055
"a5 e5 f12 g1",1,"a5","e5","f12","g1",19,7,22,97,0.00253457380060369,5.97772978206835
"a5 e5 f12 zoo",1,"a5","e5","f12","zoo",19,7,22,21,0.000548722163017294,7.50791832284831
"a5 e5 g1 zoo",1,"a5","e5","g1","zoo",19,7,97,21,0.00241936590057625,6.02424979770324
"a5 f12 g1 zoo",1,"a5","f12","g1","zoo",19,22,97,21,0.00760372140181108,4.87911749340024
"d3 e1 e4 e5",1,"d3","e1","e4","e5",8,17,12,7,0.000102018064484418,9.19036065757244
"d3 e1 e4 f12",1,"d3","e1","e4","f12",8,17,12,22,0.000320628202665315,8.04522835326943
"d3 e1 e4 g1",1,"d3","e1","e4","g1",8,17,12,97,0.0014136788935698,6.56155982812437
"d3 e1 e4 zoo",1,"d3","e1","e4","zoo",8,17,12,21,0.000306054193453255,8.09174836890432
"d3 e1 e5 f12",1,"d3","e1","e5","f12",8,17,7,22,0.000187033118221434,8.58422485400212
"d3 e1 e5 g1",1,"d3","e1","e5","g1",8,17,7,97,0.000824646021249048,7.10055632885705
"d3 e1 e5 zoo",1,"d3","e1","e5","zoo",8,17,7,21,0.000178531612847732,8.63074486963701
"d3 e1 f12 g1",1,"d3","e1","f12","g1",8,17,22,97,0.00259174463821129,5.95542402455405
"d3 e1 f12 zoo",1,"d3","e1","f12","zoo",8,17,22,21,0.000561099354664301,7.48561256533401
"d3 e1 g1 zoo",1,"d3","e1","g1","zoo",8,17,97,21,0.00247393806374714,6.00194404018894
"d3 e4 e5 f12",1,"d3","e4","e5","f12",8,12,7,22,0.000132023377568071,8.93253154827033
"d3 e4 e5 g1",1,"d3","e4","e5","g1",8,12,7,97,0.000582103073822858,7.44886302312527
"d3 e4 e5 zoo",1,"d3","e4","e5","zoo",8,12,7,21,0.00012602231495134,8.97905156390523
"d3 e4 f12 g1",1,"d3","e4","f12","g1",8,12,22,97,0.00182946680344327,6.30373071882227
"d3 e4 f12 zoo",1,"d3","e4","f12","zoo",8,12,22,21,0.000396070132704212,7.83391925960223
"d3 e4 g1 zoo",1,"d3","e4","g1","zoo",8,12,97,21,0.00174630922146857,6.35025073445716
"d3 e5 f12 g1",1,"d3","e5","f12","g1",8,7,22,97,0.00106718896867524,6.84272721955495
"d3 e5 f12 zoo",1,"d3","e5","f12","zoo",8,7,22,21,0.000231040910744124,8.37291576033491
"d3 e5 g1 zoo",1,"d3","e5","g1","zoo",8,7,97,21,0.00101868037919,6.88924723518985
"d3 f12 g1 zoo",1,"d3","f12","g1","zoo",8,22,97,21,0.00320156690602572,5.74411493088684
"e1 e4 e5 f12",1,"e1","e4","e5","f12",17,12,7,22,0.00028054967733215,8.17875974589396
"e1 e4 e5 g1",1,"e1","e4","e5","g1",17,12,7,97,0.00123696903187357,6.69509122074889
"e1 e4 e5 zoo",1,"e1","e4","e5","zoo",17,12,7,21,0.000267797419271598,8.22527976152885
"e1 e4 f12 g1",1,"e1","e4","f12","g1",17,12,22,97,0.00388761695731694,5.54995891644589
"e1 e4 f12 zoo",1,"e1","e4","f12","zoo",17,12,22,21,0.000841649031996451,7.08014745722585
"e1 e4 g1 zoo",1,"e1","e4","g1","zoo",17,12,97,21,0.00371090709562072,5.59647893208078
"e1 e5 f12 zoo",1,"e1","e5","f12","zoo",17,7,22,21,0.000490961935331263,7.61914395795853
"e1 e5 g1 zoo",1,"e1","e5","g1","zoo",17,7,97,21,0.00216469580577875,6.13547543281347
"e1 f12 g1 zoo",1,"e1","f12","g1","zoo",17,22,97,21,0.00680332967530465,4.99034312851046
"e4 e5 f12 g1",1,"e4","e5","f12","g1",12,7,22,97,0.00160078345301286,6.43726211144679
"e4 e5 f12 zoo",1,"e4","e5","f12","zoo",12,7,22,21,0.000346561366116186,7.96745065222675
"e4 e5 g1 zoo",1,"e4","e5","g1","zoo",12,7,97,21,0.001528020568785,6.48378212708168
"e4 f12 g1 zoo",1,"e4","f12","g1","zoo",12,22,97,21,0.00480235035903857,5.33864982277868
"e5 f12 g1 zoo",1,"e5","f12","g1","zoo",7,22,97,21,0.0028013710427725,5.87764632351137
"a1 a24 c1 d15",1,"a1","a24","c1","d15",136,69,125,11,0.115225760332848,2.16086194171782
"a1 a24 c1 e11",1,"a1","a24","c1","e11",136,69,125,2,0.0209501382423359,3.86561003395624
"a1 a24 c1 f14",2,"a1","a24","c1","f14",136,69,125,16,0.167601105938687,2.47931567283635
"a1 a24 c1 g1",2,"a1","a24","c1","g1",136,69,125,97,1.01608170475329,0.677193416572751
"a1 a24 c1 g18",1,"a1","a24","c1","g18",136,69,125,1,0.010475069121168,4.55875721451619
"a1 a24 c1 zoo",1,"a1","a24","c1","zoo",136,69,125,21,0.219976451544527,1.51423477679277
"a1 a24 d15 e11",1,"a1","a24","d15","e11",136,69,11,2,0.00184361216532556,6.29602849846017
"a1 a24 d15 f14",1,"a1","a24","d15","f14",136,69,11,16,0.0147488973226045,4.21658695678034
"a1 a24 d15 g1",1,"a1","a24","d15","g1",136,69,11,97,0.0894151900182897,2.41446470051674
"a1 a24 d15 g18",1,"a1","a24","d15","g18",136,69,11,1,0.00092180608266278,6.98917567902012
"a1 a24 d15 zoo",1,"a1","a24","d15","zoo",136,69,11,21,0.0193579277359184,3.9446532412967
"a1 a24 e11 f14",1,"a1","a24","e11","f14",136,69,2,16,0.002681617695019,5.92133504901876
"a1 a24 e11 g1",1,"a1","a24","e11","g1",136,69,2,97,0.0162573072760527,4.11921279275516
"a1 a24 e11 g18",1,"a1","a24","e11","g18",136,69,2,1,0.000167601105938687,8.69392377125854
"a1 a24 e11 zoo",1,"a1","a24","e11","zoo",136,69,2,21,0.00351962322471243,5.64940133353512
"a1 a24 f14 g1",1,"a1","a24","f14","g1",136,69,16,97,0.130058458208421,2.03977125107533
"a1 a24 f14 g18",1,"a1","a24","f14","g18",136,69,16,1,0.0013408088475095,6.61448222957871
"a1 a24 f14 zoo",1,"a1","a24","f14","zoo",136,69,16,21,0.0281569857976995,3.56995979185529
"a1 a24 g1 g18",1,"a1","a24","g1","g18",136,69,97,1,0.00812865363802633,4.81235997331511
"a1 a24 g1 zoo",1,"a1","a24","g1","zoo",136,69,97,21,0.170701726398553,1.76783753559168
"a1 a24 g18 zoo",1,"a1","a24","g18","zoo",136,69,1,21,0.00175981161235622,6.34254851409507
"a1 c1 d15 e11",1,"a1","c1","d15","e11",136,125,11,2,0.00333987711109703,5.70182126575513
"a1 c1 d15 f14",1,"a1","c1","d15","f14",136,125,11,16,0.0267190168887762,3.6223797240753
"a1 c1 d15 g1",2,"a1","c1","d15","g1",136,125,11,97,0.161984039888206,2.51340464837164
"a1 c1 d15 g18",1,"a1","c1","d15","g18",136,125,11,1,0.00166993855554851,6.39496844631508
"a1 c1 d15 zoo",1,"a1","c1","d15","zoo",136,125,11,21,0.0350687096665188,3.35044600859165
"a1 c1 e11 f14",1,"a1","c1","e11","f14",136,125,2,16,0.00485800307068659,5.32712781631372
"a1 c1 e11 g1",1,"a1","c1","e11","g1",136,125,2,97,0.0294516436160374,3.52500556005012
"a1 c1 e11 g18",1,"a1","c1","e11","g18",136,125,2,1,0.000303625191917912,8.0997165385535
"a1 c1 e11 zoo",1,"a1","c1","e11","zoo",136,125,2,21,0.00637612903027615,5.05519410083008
"a1 c1 f14 g18",1,"a1","c1","f14","g18",136,125,16,1,0.00242900153534329,6.02027499687367
"a1 c1 f14 zoo",1,"a1","c1","f14","zoo",136,125,16,21,0.0510090322422092,2.97575255915024
"a1 c1 g1 g18",1,"a1","c1","g1","g18",136,125,97,1,0.0147258218080187,4.21815274061006
"a1 c1 g1 zoo",1,"a1","c1","g1","zoo",136,125,97,21,0.309242257968393,1.17363030288664
"a1 c1 g18 zoo",1,"a1","c1","g18","zoo",136,125,1,21,0.00318806451513807,5.74834128139002
"a1 d15 e11 f14",1,"a1","d15","e11","f14",136,11,2,16,0.00042750427022042,7.75754628081765
"a1 d15 e11 g1",1,"a1","d15","e11","g1",136,11,2,97,0.00259174463821129,5.95542402455405
"a1 d15 e11 g18",1,"a1","d15","e11","g18",136,11,2,1,2.67190168887762e-05,10.5301350030574
"a1 d15 e11 zoo",1,"a1","d15","e11","zoo",136,11,2,21,0.000561099354664301,7.48561256533401
"a1 d15 f14 g1",1,"a1","d15","f14","g1",136,11,16,97,0.0207339571056904,3.87598248287421
"a1 d15 f14 g18",1,"a1","d15","f14","g18",136,11,16,1,0.00021375213511021,8.4506934613776
"a1 d15 f14 zoo",1,"a1","d15","f14","zoo",136,11,16,21,0.00448879483731441,5.40617102365417
"a1 d15 g1 g18",1,"a1","d15","g1","g18",136,11,97,1,0.00129587231910565,6.648571205114
"a1 d15 g18 zoo",1,"a1","d15","g18","zoo",136,11,1,21,0.00028054967733215,8.17875974589396
"a1 e11 f14 g1",1,"a1","e11","f14","g1",136,2,16,97,0.00376981038285279,5.58073057511264
"a1 e11 f14 g18",1,"a1","e11","f14","g18",136,2,16,1,3.88640245654927e-05,10.155441553616
"a1 e11 f14 zoo",1,"a1","e11","f14","zoo",136,2,16,21,0.000816144515875347,7.1109191158926
"a1 e11 g1 g18",1,"a1","e11","g1","g18",136,2,97,1,0.0002356131489283,8.35331929735242
"a1 e11 g1 zoo",1,"a1","e11","g1","zoo",136,2,97,21,0.00494787612749429,5.308796859629
"a1 e11 g18 zoo",1,"a1","e11","g18","zoo",136,2,1,21,5.10090322422092e-05,9.88350783813238
"a1 f14 g1 g18",1,"a1","f14","g1","g18",136,16,97,1,0.0018849051914264,6.27387775567258
"a1 f14 g1 zoo",1,"a1","f14","g1","zoo",136,16,97,21,0.0395830090199543,3.22935531794916
"a1 f14 g18 zoo",1,"a1","f14","g18","zoo",136,16,1,21,0.000408072257937673,7.80406629645254
"a1 g1 g18 zoo",1,"a1","g1","g18","zoo",136,97,1,21,0.00247393806374714,6.00194404018894
"a24 c1 d15 e11",1,"a24","c1","d15","e11",69,125,11,2,0.00169449647548305,6.38036964689393
"a24 c1 d15 f14",1,"a24","c1","d15","f14",69,125,11,16,0.0135559718038644,4.30092810521409
"a24 c1 d15 g1",1,"a24","c1","d15","g1",69,125,11,97,0.082183079060928,2.49880584895049
"a24 c1 d15 g18",1,"a24","c1","d15","g18",69,125,11,1,0.000847248237741526,7.07351682745387
"a24 c1 d15 zoo",1,"a24","c1","d15","zoo",69,125,11,21,0.017792212992572,4.02899438973045
"a24 c1 e11 f14",1,"a24","c1","e11","f14",69,125,2,16,0.00246472214615717,6.00567619745251
"a24 c1 e11 g1",1,"a24","c1","e11","g1",69,125,2,97,0.0149423780110778,4.20355394118891
"a24 c1 e11 g18",1,"a24","c1","e11","g18",69,125,2,1,0.000154045134134823,8.7782649196923
"a24 c1 e11 zoo",1,"a24","c1","e11","zoo",69,125,2,21,0.00323494781683128,5.73374248196887
"a24 c1 f14 g1",1,"a24","c1","f14","g1",69,125,16,97,0.119539024088623,2.12411239950908
"a24 c1 f14 g18",1,"a24","c1","f14","g18",69,125,16,1,0.00123236107307858,6.69882337801246
"a24 c1 f14 zoo",1,"a24","c1","f14","zoo",69,125,16,21,0.0258795825346502,3.65430094028904
"a24 c1 g1 g18",1,"a24","c1","g1","g18",69,125,97,1,0.00747118900553891,4.89670112174886
"a24 c1 g1 zoo",2,"a24","c1","g1","zoo",69,125,97,21,0.156894969116317,2.54532586458538
"a24 c1 g18 zoo",1,"a24","c1","g18","zoo",69,125,1,21,0.00161747390841564,6.42688966252882
"a24 d15 e11 f14",1,"a24","d15","e11","f14",69,11,2,16,0.000216895548861831,8.43609466195644
"a24 d15 e11 g1",1,"a24","d15","e11","g1",69,11,2,97,0.00131492926497485,6.63397240569284
"a24 d15 e11 g18",1,"a24","d15","e11","g18",69,11,2,1,1.35559718038644e-05,11.2086833841962
"a24 d15 e11 zoo",1,"a24","d15","e11","zoo",69,11,2,21,0.000284675407881153,8.1641609464728
"a24 d15 f14 g1",1,"a24","d15","f14","g1",69,11,16,97,0.0105194341197988,4.55453086401301
"a24 d15 f14 g18",1,"a24","d15","f14","g18",69,11,16,1,0.000108447774430915,9.12924184251639
"a24 d15 f14 zoo",1,"a24","d15","f14","zoo",69,11,16,21,0.00227740326304922,6.08471940479297
"a24 d15 g1 g18",1,"a24","d15","g1","g18",69,11,97,1,0.000657464632487424,7.32711958625279
"a24 d15 g1 zoo",1,"a24","d15","g1","zoo",69,11,97,21,0.0138067572822359,4.28259714852937
"a24 d15 g18 zoo",1,"a24","d15","g18","zoo",69,11,1,21,0.000142337703940576,8.85730812703275
"a24 e11 f14 g1",1,"a24","e11","f14","g1",69,2,16,97,0.00191262438541796,6.25927895625143
"a24 e11 f14 g18",1,"a24","e11","f14","g18",69,2,16,1,1.97177771692573e-05,10.8339899347548
"a24 e11 f14 zoo",1,"a24","e11","f14","zoo",69,2,16,21,0.000414073320554404,7.78946749703139
"a24 e11 g1 g18",1,"a24","e11","g1","g18",69,2,97,1,0.000119539024088623,9.03186767849121
"a24 e11 g1 zoo",1,"a24","e11","g1","zoo",69,2,97,21,0.00251031950586107,5.98734524076779
"a24 e11 g18 zoo",1,"a24","e11","g18","zoo",69,2,1,21,2.58795825346502e-05,10.5620562192712
"a24 f14 g1 g18",1,"a24","f14","g1","g18",69,16,97,1,0.00095631219270898,6.95242613681138
"a24 f14 g1 zoo",1,"a24","f14","g1","zoo",69,16,97,21,0.0200825560468886,3.90790369908795
"a24 f14 g18 zoo",1,"a24","f14","g18","zoo",69,16,1,21,0.000207036660277202,8.48261467759134
"a24 g1 g18 zoo",1,"a24","g1","g18","zoo",69,97,1,21,0.00125515975293054,6.68049242132774
"c1 d15 e11 f14",1,"c1","d15","e11","f14",125,11,2,16,0.000392926718952592,7.8418874292514
"c1 d15 e11 g1",1,"c1","d15","e11","g1",125,11,2,97,0.00238211823365009,6.0397651729878
"c1 d15 e11 g18",1,"c1","d15","e11","g18",125,11,2,1,2.4557919934537e-05,10.6144761514912
"c1 d15 e11 zoo",1,"c1","d15","e11","zoo",125,11,2,21,0.000515716318625276,7.56995371376776
"c1 d15 f14 g1",1,"c1","d15","f14","g1",125,11,16,97,0.0190569458692007,3.96032363130797
"c1 d15 f14 g18",1,"c1","d15","f14","g18",125,11,16,1,0.000196463359476296,8.53503460981135
"c1 d15 f14 zoo",1,"c1","d15","f14","zoo",125,11,16,21,0.00412573054900221,5.49051217208793
"c1 d15 g1 g18",1,"c1","d15","g1","g18",125,11,97,1,0.00119105911682504,6.73291235354775
"c1 d15 g1 zoo",1,"c1","d15","g1","zoo",125,11,97,21,0.0250122414533259,3.68838991582432
"c1 d15 g18 zoo",1,"c1","d15","g18","zoo",125,11,1,21,0.000257858159312638,8.26310089432771
"c1 e11 f14 g1",1,"c1","e11","f14","g1",125,2,16,97,0.00346489924894558,5.66507172354639
"c1 e11 f14 g18",1,"c1","e11","f14","g18",125,2,16,1,3.5720610813872e-05,10.2397827020498
"c1 e11 f14 zoo",1,"c1","e11","f14","zoo",125,2,16,21,0.000750132827091311,7.19526026432635
"c1 e11 g1 g18",1,"c1","e11","g1","g18",125,2,97,1,0.000216556203059099,8.43766044578617
"c1 e11 g1 zoo",1,"c1","e11","g1","zoo",125,2,97,21,0.00454768026424108,5.39313800806275
"c1 e11 g18 zoo",1,"c1","e11","g18","zoo",125,2,1,21,4.6883301693207e-05,9.96784898656613
"c1 f14 g1 g18",1,"c1","f14","g1","g18",125,16,97,1,0.00173244962447279,6.35821890410634
"c1 f14 g1 zoo",1,"c1","f14","g1","zoo",125,16,97,21,0.0363814421139286,3.31369646638291
"c1 f14 g18 zoo",1,"c1","f14","g18","zoo",125,16,1,21,0.000375066413545656,7.8884074448863
"c1 g1 g18 zoo",1,"c1","g1","g18","zoo",125,97,1,21,0.00227384013212054,6.08628518862269
"d15 e11 f14 g1",1,"d15","e11","f14","g1",11,2,16,97,0.000304911133907211,8.09549018805032
"d15 e11 f14 g18",1,"d15","e11","f14","g18",11,2,16,1,3.14341375162073e-06,12.6702011665537
"d15 e11 f14 zoo",1,"d15","e11","f14","zoo",11,2,16,21,6.60116887840354e-05,9.62567872883028
"d15 e11 g1 g18",1,"d15","e11","g1","g18",11,2,97,1,1.90569458692007e-05,10.8680789102901
"d15 e11 g1 zoo",1,"d15","e11","g1","zoo",11,2,97,21,0.000400195863253215,7.82355647256668
"d15 e11 g18 zoo",1,"d15","e11","g18","zoo",11,2,1,21,4.12573054900221e-06,12.3982674510701
"d15 f14 g1 g18",1,"d15","f14","g1","g18",11,16,97,1,0.000152455566953606,8.78863736861027
"d15 f14 g1 zoo",1,"d15","f14","g1","zoo",11,16,97,21,0.00320156690602572,5.74411493088684
"d15 f14 g18 zoo",1,"d15","f14","g18","zoo",11,16,1,21,3.30058443920177e-05,10.3188259093902
"d15 g1 g18 zoo",1,"d15","g1","g18","zoo",11,97,1,21,0.000200097931626607,8.51670365312662
"e11 f14 g1 g18",1,"e11","f14","g1","g18",2,16,97,1,2.77191939915646e-05,10.4933854608487
"e11 f14 g1 zoo",1,"e11","f14","g1","zoo",2,16,97,21,0.000582103073822858,7.44886302312527
"e11 f14 g18 zoo",1,"e11","f14","g18","zoo",2,16,1,21,6.00106261673049e-06,12.0235740016287
"e11 g1 g18 zoo",1,"e11","g1","g18","zoo",2,97,1,21,3.63814421139286e-05,10.221451745365
"f14 g1 g18 zoo",1,"f14","g1","g18","zoo",16,97,1,21,0.000291051536911429,8.14201020368521
"c1 c7 c12 c13",1,"c1","c7","c12","c13",125,3,9,8,0.000241114122993636,8.33024019716533
"c1 c7 c12 c14",2,"c1","c7","c12","c14",125,3,9,6,0.000180835592245227,9.31106945017706
"c1 c7 c12 g1",1,"c1","c7","c12","g1",125,3,9,97,0.00292350874129783,5.83497076034179
"c1 c7 c13 c14",1,"c1","c7","c13","c14",125,3,8,6,0.000160742748662424,8.7357053052735
"c1 c7 c13 g1",1,"c1","c7","c13","g1",125,3,8,97,0.00259867443670919,5.95275379599817
"c1 c7 c14 g1",1,"c1","c7","c14","g1",125,3,6,97,0.00194900582753189,6.24043586844995
"c1 c12 c13 c14",1,"c1","c12","c13","c14",125,9,8,6,0.000482228245987272,7.63709301660539
"c1 c12 c14 g1",1,"c1","c12","c14","g1",125,9,6,97,0.00584701748259567,5.14182357978184
"c1 c13 c14 g1",1,"c1","c13","c14","g1",125,8,6,97,0.00519734887341837,5.25960661543823
"c7 c12 c13 c14",1,"c7","c12","c13","c14",3,9,8,6,1.15734779036945e-05,11.3667944652396
"c7 c12 c13 g1",1,"c7","c12","c13","g1",3,9,8,97,0.000187104559443061,8.58384295596425
"c7 c12 c14 g1",1,"c7","c12","c14","g1",3,9,6,97,0.000140328419582296,8.87152502841603
"c7 c13 c14 g1",1,"c7","c13","c14","g1",3,8,6,97,0.000124736372962041,8.98930806407242
"c12 c13 c14 g1",1,"c12","c13","c14","g1",9,8,6,97,0.000374209118886123,7.89069577540431
"a1 a24 b2 c1",3,"a1","a24","b2","c1",136,69,28,125,0.293301935392703,2.32516499300909
"a1 a24 b2 c10",1,"a1","a24","b2","c10",136,69,28,3,0.00703924644942487,4.95625415297518
"a1 a24 c1 c10",2,"a1","a24","c1","c10",136,69,125,3,0.0314252073635039,4.15329210640802
"a1 a24 c1 h1",2,"a1","a24","c1","h1",136,69,125,49,0.51327838693723,1.36008409696551
"a1 a24 c10 h1",1,"a1","a24","c10","h1",136,69,3,49,0.0123186812864935,4.39663836503975
"a1 b2 c1 c10",1,"a1","b2","c1","c10",136,28,125,3,0.0127522580605523,4.36204692027013
"a1 b2 c1 h1",2,"a1","b2","c1","h1",136,28,125,49,0.208286881655687,2.26198609138756
"a1 b2 c10 h1",1,"a1","b2","c10","h1",136,28,3,49,0.0049988851597365,5.29854035946181
"a1 c1 c10 h1",1,"a1","c1","c10","h1",136,125,3,49,0.0223164516059665,3.80243113233471
"a24 b2 c1 c10",1,"a24","b2","c1","c10",69,28,125,3,0.00646989563366256,5.04059530140893
"a24 b2 c1 h1",2,"a24","b2","c1","h1",69,28,125,49,0.105674962016489,2.94053447252635
"a24 b2 c10 h1",1,"a24","b2","c10","h1",69,28,3,49,0.00253619908839572,5.9770887406006
"a24 c1 c10 h1",1,"a24","c1","c10","h1",69,125,3,49,0.0113223173589095,4.4809795134735
"b2 c1 c10 h1",1,"b2","c1","c10","h1",28,125,3,49,0.00459456356593428,5.38288150789556
"i1 i5 i6 i7",1,"i1","i5","i6","i7",34,6,1,2,3.64350230301494e-06,12.5225651677476
"i1 i5 i6 i9",1,"i1","i5","i6","i9",34,6,1,2,3.64350230301494e-06,12.5225651677476
"i1 i5 i6 i10",1,"i1","i5","i6","i10",34,6,1,1,1.82175115150747e-06,13.2157123483076
"i1 i5 i6 i13",1,"i1","i5","i6","i13",34,6,1,4,7.28700460602988e-06,11.8294179871877
"i1 i5 i6 i16",1,"i1","i5","i6","i16",34,6,1,1,1.82175115150747e-06,13.2157123483076
"i1 i5 i7 i9",1,"i1","i5","i7","i9",34,6,2,2,7.28700460602988e-06,11.8294179871877
"i1 i5 i7 i10",1,"i1","i5","i7","i10",34,6,2,1,3.64350230301494e-06,12.5225651677476
"i1 i5 i7 i13",1,"i1","i5","i7","i13",34,6,2,4,1.45740092120598e-05,11.1362708066277
"i1 i5 i7 i16",1,"i1","i5","i7","i16",34,6,2,1,3.64350230301494e-06,12.5225651677476
"i1 i5 i9 i10",1,"i1","i5","i9","i10",34,6,2,1,3.64350230301494e-06,12.5225651677476
"i1 i5 i9 i13",1,"i1","i5","i9","i13",34,6,2,4,1.45740092120598e-05,11.1362708066277
"i1 i5 i9 i16",1,"i1","i5","i9","i16",34,6,2,1,3.64350230301494e-06,12.5225651677476
"i1 i5 i10 i13",1,"i1","i5","i10","i13",34,6,1,4,7.28700460602988e-06,11.8294179871877
"i1 i5 i10 i16",1,"i1","i5","i10","i16",34,6,1,1,1.82175115150747e-06,13.2157123483076
"i1 i5 i13 i16",1,"i1","i5","i13","i16",34,6,4,1,7.28700460602988e-06,11.8294179871877
"i1 i6 i7 i9",1,"i1","i6","i7","i9",34,1,2,2,1.21450076767165e-06,13.6211774564157
"i1 i6 i7 i10",1,"i1","i6","i7","i10",34,1,2,1,6.07250383835824e-07,14.3143246369757
"i1 i6 i7 i13",1,"i1","i6","i7","i13",34,1,2,4,2.42900153534329e-06,12.9280302758558
"i1 i6 i7 i16",1,"i1","i6","i7","i16",34,1,2,1,6.07250383835824e-07,14.3143246369757
"i1 i6 i9 i10",1,"i1","i6","i9","i10",34,1,2,1,6.07250383835824e-07,14.3143246369757
"i1 i6 i9 i13",1,"i1","i6","i9","i13",34,1,2,4,2.42900153534329e-06,12.9280302758558
"i1 i6 i9 i16",1,"i1","i6","i9","i16",34,1,2,1,6.07250383835824e-07,14.3143246369757
"i1 i6 i10 i13",1,"i1","i6","i10","i13",34,1,1,4,1.21450076767165e-06,13.6211774564157
"i1 i6 i10 i16",1,"i1","i6","i10","i16",34,1,1,1,3.03625191917912e-07,15.0074718175356
"i1 i6 i13 i16",1,"i1","i6","i13","i16",34,1,4,1,1.21450076767165e-06,13.6211774564157
"i1 i7 i9 i10",1,"i1","i7","i9","i10",34,2,2,1,1.21450076767165e-06,13.6211774564157
"i1 i7 i9 i13",1,"i1","i7","i9","i13",34,2,2,4,4.85800307068659e-06,12.2348830952959
"i1 i7 i9 i16",1,"i1","i7","i9","i16",34,2,2,1,1.21450076767165e-06,13.6211774564157
"i1 i7 i10 i13",1,"i1","i7","i10","i13",34,2,1,4,2.42900153534329e-06,12.9280302758558
"i1 i7 i10 i16",1,"i1","i7","i10","i16",34,2,1,1,6.07250383835824e-07,14.3143246369757
"i1 i7 i13 i16",1,"i1","i7","i13","i16",34,2,4,1,2.42900153534329e-06,12.9280302758558
"i1 i9 i10 i13",1,"i1","i9","i10","i13",34,2,1,4,2.42900153534329e-06,12.9280302758558
"i1 i9 i10 i16",1,"i1","i9","i10","i16",34,2,1,1,6.07250383835824e-07,14.3143246369757
"i1 i9 i13 i16",1,"i1","i9","i13","i16",34,2,4,1,2.42900153534329e-06,12.9280302758558
"i1 i10 i13 i16",1,"i1","i10","i13","i16",34,1,4,1,1.21450076767165e-06,13.6211774564157
"i5 i6 i7 i9",1,"i5","i6","i7","i9",6,1,2,2,2.14323664883232e-07,15.3557785118039
"i5 i6 i7 i10",1,"i5","i6","i7","i10",6,1,2,1,1.07161832441616e-07,16.0489256923638
"i5 i6 i7 i13",1,"i5","i6","i7","i13",6,1,2,4,4.28647329766464e-07,14.6626313312439
"i5 i6 i7 i16",1,"i5","i6","i7","i16",6,1,2,1,1.07161832441616e-07,16.0489256923638
"i5 i6 i9 i10",1,"i5","i6","i9","i10",6,1,2,1,1.07161832441616e-07,16.0489256923638
"i5 i6 i9 i13",1,"i5","i6","i9","i13",6,1,2,4,4.28647329766464e-07,14.6626313312439
"i5 i6 i9 i16",1,"i5","i6","i9","i16",6,1,2,1,1.07161832441616e-07,16.0489256923638
"i5 i6 i10 i13",1,"i5","i6","i10","i13",6,1,1,4,2.14323664883232e-07,15.3557785118039
"i5 i6 i10 i16",1,"i5","i6","i10","i16",6,1,1,1,5.3580916220808e-08,16.7420728729237
"i5 i6 i13 i16",1,"i5","i6","i13","i16",6,1,4,1,2.14323664883232e-07,15.3557785118039
"i5 i7 i9 i10",1,"i5","i7","i9","i10",6,2,2,1,2.14323664883232e-07,15.3557785118039
"i5 i7 i9 i13",1,"i5","i7","i9","i13",6,2,2,4,8.57294659532927e-07,13.969484150684
"i5 i7 i9 i16",1,"i5","i7","i9","i16",6,2,2,1,2.14323664883232e-07,15.3557785118039
"i5 i7 i10 i13",1,"i5","i7","i10","i13",6,2,1,4,4.28647329766464e-07,14.6626313312439
"i5 i7 i10 i16",1,"i5","i7","i10","i16",6,2,1,1,1.07161832441616e-07,16.0489256923638
"i5 i7 i13 i16",1,"i5","i7","i13","i16",6,2,4,1,4.28647329766464e-07,14.6626313312439
"i5 i9 i10 i13",1,"i5","i9","i10","i13",6,2,1,4,4.28647329766464e-07,14.6626313312439
"i5 i9 i10 i16",1,"i5","i9","i10","i16",6,2,1,1,1.07161832441616e-07,16.0489256923638
"i5 i9 i13 i16",1,"i5","i9","i13","i16",6,2,4,1,4.28647329766464e-07,14.6626313312439
"i5 i10 i13 i16",1,"i5","i10","i13","i16",6,1,4,1,2.14323664883232e-07,15.3557785118039
"i6 i7 i9 i10",1,"i6","i7","i9","i10",1,2,2,1,3.5720610813872e-08,17.1475379810319
"i6 i7 i9 i13",1,"i6","i7","i9","i13",1,2,2,4,1.42882443255488e-07,15.761243619912
"i6 i7 i9 i16",1,"i6","i7","i9","i16",1,2,2,1,3.5720610813872e-08,17.1475379810319
"i6 i7 i10 i13",1,"i6","i7","i10","i13",1,2,1,4,7.14412216277439e-08,16.454390800472
"i6 i7 i10 i16",1,"i6","i7","i10","i16",1,2,1,1,1.7860305406936e-08,17.8406851615919
"i6 i7 i13 i16",1,"i6","i7","i13","i16",1,2,4,1,7.14412216277439e-08,16.454390800472
"i6 i9 i10 i13",1,"i6","i9","i10","i13",1,2,1,4,7.14412216277439e-08,16.454390800472
"i6 i9 i10 i16",1,"i6","i9","i10","i16",1,2,1,1,1.7860305406936e-08,17.8406851615919
"i6 i9 i13 i16",1,"i6","i9","i13","i16",1,2,4,1,7.14412216277439e-08,16.454390800472
"i6 i10 i13 i16",1,"i6","i10","i13","i16",1,1,4,1,3.5720610813872e-08,17.1475379810319
"i7 i9 i10 i13",1,"i7","i9","i10","i13",2,2,1,4,1.42882443255488e-07,15.761243619912
"i7 i9 i10 i16",1,"i7","i9","i10","i16",2,2,1,1,3.5720610813872e-08,17.1475379810319
"i7 i9 i13 i16",1,"i7","i9","i13","i16",2,2,4,1,1.42882443255488e-07,15.761243619912
"i7 i10 i13 i16",1,"i7","i10","i13","i16",2,1,4,1,7.14412216277439e-08,16.454390800472
"i9 i10 i13 i16",1,"i9","i10","i13","i16",2,1,4,1,7.14412216277439e-08,16.454390800472
"d11 d15 d19 g1",1,"d11","d15","d19","g1",4,11,10,97,0.000381138917384014,7.87234663673611
"d11 d15 d19 g2",1,"d11","d15","d19","g2",4,11,10,23,9.03731453590961e-05,9.31156339931034
"d11 d15 d19 g13",1,"d11","d15","d19","g13",4,11,10,1,3.92926718952592e-06,12.4470576152395
"d11 d15 d19 g15",1,"d11","d15","d19","g15",4,11,10,1,3.92926718952592e-06,12.4470576152395
"d11 d15 d19 g16",1,"d11","d15","d19","g16",4,11,10,1,3.92926718952592e-06,12.4470576152395
"d11 d15 d19 g19",1,"d11","d15","d19","g19",4,11,10,1,3.92926718952592e-06,12.4470576152395
"d11 d15 g1 g2",1,"d11","d15","g1","g2",4,11,97,23,0.000876619509983232,7.03943751380101
"d11 d15 g1 g13",1,"d11","d15","g1","g13",4,11,97,1,3.81138917384014e-05,10.1749317297302
"d11 d15 g1 g15",1,"d11","d15","g1","g15",4,11,97,1,3.81138917384014e-05,10.1749317297302
"d11 d15 g1 g16",1,"d11","d15","g1","g16",4,11,97,1,3.81138917384014e-05,10.1749317297302
"d11 d15 g1 g19",1,"d11","d15","g1","g19",4,11,97,1,3.81138917384014e-05,10.1749317297302
"d11 d15 g2 g13",1,"d11","d15","g2","g13",4,11,23,1,9.03731453590961e-06,11.6141484923044
"d11 d15 g2 g15",1,"d11","d15","g2","g15",4,11,23,1,9.03731453590961e-06,11.6141484923044
"d11 d15 g2 g16",1,"d11","d15","g2","g16",4,11,23,1,9.03731453590961e-06,11.6141484923044
"d11 d15 g2 g19",1,"d11","d15","g2","g19",4,11,23,1,9.03731453590961e-06,11.6141484923044
"d11 d15 g13 g15",1,"d11","d15","g13","g15",4,11,1,1,3.92926718952592e-07,14.7496427082335
"d11 d15 g13 g16",1,"d11","d15","g13","g16",4,11,1,1,3.92926718952592e-07,14.7496427082335
"d11 d15 g13 g19",1,"d11","d15","g13","g19",4,11,1,1,3.92926718952592e-07,14.7496427082335
"d11 d15 g15 g16",1,"d11","d15","g15","g16",4,11,1,1,3.92926718952592e-07,14.7496427082335
"d11 d15 g15 g19",1,"d11","d15","g15","g19",4,11,1,1,3.92926718952592e-07,14.7496427082335
"d11 d15 g16 g19",1,"d11","d15","g16","g19",4,11,1,1,3.92926718952592e-07,14.7496427082335
"d11 d19 g1 g2",1,"d11","d19","g1","g2",4,10,97,23,0.000796926827257484,7.13474769360533
"d11 d19 g1 g13",1,"d11","d19","g1","g13",4,10,97,1,3.46489924894558e-05,10.2702419095345
"d11 d19 g1 g15",1,"d11","d19","g1","g15",4,10,97,1,3.46489924894558e-05,10.2702419095345
"d11 d19 g1 g16",1,"d11","d19","g1","g16",4,10,97,1,3.46489924894558e-05,10.2702419095345
"d11 d19 g1 g19",1,"d11","d19","g1","g19",4,10,97,1,3.46489924894558e-05,10.2702419095345
"d11 d19 g2 g13",1,"d11","d19","g2","g13",4,10,23,1,8.21574048719055e-06,11.7094586721087
"d11 d19 g2 g15",1,"d11","d19","g2","g15",4,10,23,1,8.21574048719055e-06,11.7094586721087
"d11 d19 g2 g16",1,"d11","d19","g2","g16",4,10,23,1,8.21574048719055e-06,11.7094586721087
"d11 d19 g2 g19",1,"d11","d19","g2","g19",4,10,23,1,8.21574048719055e-06,11.7094586721087
"d11 d19 g13 g15",1,"d11","d19","g13","g15",4,10,1,1,3.5720610813872e-07,14.8449528880379
"d11 d19 g13 g16",1,"d11","d19","g13","g16",4,10,1,1,3.5720610813872e-07,14.8449528880379
"d11 d19 g13 g19",1,"d11","d19","g13","g19",4,10,1,1,3.5720610813872e-07,14.8449528880379
"d11 d19 g15 g16",1,"d11","d19","g15","g16",4,10,1,1,3.5720610813872e-07,14.8449528880379
"d11 d19 g15 g19",1,"d11","d19","g15","g19",4,10,1,1,3.5720610813872e-07,14.8449528880379
"d11 d19 g16 g19",1,"d11","d19","g16","g19",4,10,1,1,3.5720610813872e-07,14.8449528880379
"d11 g1 g2 g13",1,"d11","g1","g2","g13",4,97,23,1,7.96926827257484e-05,9.43733278659938
"d11 g1 g2 g15",1,"d11","g1","g2","g15",4,97,23,1,7.96926827257484e-05,9.43733278659938
"d11 g1 g2 g16",1,"d11","g1","g2","g16",4,97,23,1,7.96926827257484e-05,9.43733278659938
"d11 g1 g2 g19",1,"d11","g1","g2","g19",4,97,23,1,7.96926827257484e-05,9.43733278659938
"d11 g1 g13 g15",1,"d11","g1","g13","g15",4,97,1,1,3.46489924894558e-06,12.5728270025285
"d11 g1 g13 g16",1,"d11","g1","g13","g16",4,97,1,1,3.46489924894558e-06,12.5728270025285
"d11 g1 g13 g19",1,"d11","g1","g13","g19",4,97,1,1,3.46489924894558e-06,12.5728270025285
"d11 g1 g15 g16",1,"d11","g1","g15","g16",4,97,1,1,3.46489924894558e-06,12.5728270025285
"d11 g1 g15 g19",1,"d11","g1","g15","g19",4,97,1,1,3.46489924894558e-06,12.5728270025285
"d11 g1 g16 g19",1,"d11","g1","g16","g19",4,97,1,1,3.46489924894558e-06,12.5728270025285
"d11 g2 g13 g15",1,"d11","g2","g13","g15",4,23,1,1,8.21574048719055e-07,14.0120437651028
"d11 g2 g13 g16",1,"d11","g2","g13","g16",4,23,1,1,8.21574048719055e-07,14.0120437651028
"d11 g2 g13 g19",1,"d11","g2","g13","g19",4,23,1,1,8.21574048719055e-07,14.0120437651028
"d11 g2 g15 g16",1,"d11","g2","g15","g16",4,23,1,1,8.21574048719055e-07,14.0120437651028
"d11 g2 g15 g19",1,"d11","g2","g15","g19",4,23,1,1,8.21574048719055e-07,14.0120437651028
"d11 g2 g16 g19",1,"d11","g2","g16","g19",4,23,1,1,8.21574048719055e-07,14.0120437651028
"d11 g13 g15 g16",1,"d11","g13","g15","g16",4,1,1,1,3.5720610813872e-08,17.1475379810319
"d11 g13 g15 g19",1,"d11","g13","g15","g19",4,1,1,1,3.5720610813872e-08,17.1475379810319
"d11 g13 g16 g19",1,"d11","g13","g16","g19",4,1,1,1,3.5720610813872e-08,17.1475379810319
"d11 g15 g16 g19",1,"d11","g15","g16","g19",4,1,1,1,3.5720610813872e-08,17.1475379810319
"d15 d19 g1 g2",1,"d15","d19","g1","g2",11,10,97,23,0.00219154877495808,6.12314678192685
"d15 d19 g1 g13",1,"d15","d19","g1","g13",11,10,97,1,9.52847293460035e-05,9.258640997856
"d15 d19 g1 g15",1,"d15","d19","g1","g15",11,10,97,1,9.52847293460035e-05,9.258640997856
"d15 d19 g1 g16",1,"d15","d19","g1","g16",11,10,97,1,9.52847293460035e-05,9.258640997856
"d15 d19 g1 g19",1,"d15","d19","g1","g19",11,10,97,1,9.52847293460035e-05,9.258640997856
"d15 d19 g2 g13",1,"d15","d19","g2","g13",11,10,23,1,2.2593286339774e-05,10.6978577604302
"d15 d19 g2 g15",1,"d15","d19","g2","g15",11,10,23,1,2.2593286339774e-05,10.6978577604302
"d15 d19 g2 g16",1,"d15","d19","g2","g16",11,10,23,1,2.2593286339774e-05,10.6978577604302
"d15 d19 g2 g19",1,"d15","d19","g2","g19",11,10,23,1,2.2593286339774e-05,10.6978577604302
"d15 d19 g13 g15",1,"d15","d19","g13","g15",11,10,1,1,9.82316797381479e-07,13.8333519763594
"d15 d19 g13 g16",1,"d15","d19","g13","g16",11,10,1,1,9.82316797381479e-07,13.8333519763594
"d15 d19 g13 g19",1,"d15","d19","g13","g19",11,10,1,1,9.82316797381479e-07,13.8333519763594
"d15 d19 g15 g16",1,"d15","d19","g15","g16",11,10,1,1,9.82316797381479e-07,13.8333519763594
"d15 d19 g15 g19",1,"d15","d19","g15","g19",11,10,1,1,9.82316797381479e-07,13.8333519763594
"d15 d19 g16 g19",1,"d15","d19","g16","g19",11,10,1,1,9.82316797381479e-07,13.8333519763594
"d15 g1 g2 g13",1,"d15","g1","g2","g13",11,97,23,1,0.000219154877495808,8.4257318749209
"d15 g1 g2 g15",1,"d15","g1","g2","g15",11,97,23,1,0.000219154877495808,8.4257318749209
"d15 g1 g2 g16",1,"d15","g1","g2","g16",11,97,23,1,0.000219154877495808,8.4257318749209
"d15 g1 g2 g19",1,"d15","g1","g2","g19",11,97,23,1,0.000219154877495808,8.4257318749209
"d15 g1 g13 g15",1,"d15","g1","g13","g15",11,97,1,1,9.52847293460035e-06,11.56122609085
"d15 g1 g13 g16",1,"d15","g1","g13","g16",11,97,1,1,9.52847293460035e-06,11.56122609085
"d15 g1 g13 g19",1,"d15","g1","g13","g19",11,97,1,1,9.52847293460035e-06,11.56122609085
"d15 g1 g15 g16",1,"d15","g1","g15","g16",11,97,1,1,9.52847293460035e-06,11.56122609085
"d15 g1 g15 g19",1,"d15","g1","g15","g19",11,97,1,1,9.52847293460035e-06,11.56122609085
"d15 g1 g16 g19",1,"d15","g1","g16","g19",11,97,1,1,9.52847293460035e-06,11.56122609085
"d15 g2 g13 g15",1,"d15","g2","g13","g15",11,23,1,1,2.2593286339774e-06,13.0004428534243
"d15 g2 g13 g16",1,"d15","g2","g13","g16",11,23,1,1,2.2593286339774e-06,13.0004428534243
"d15 g2 g13 g19",1,"d15","g2","g13","g19",11,23,1,1,2.2593286339774e-06,13.0004428534243
"d15 g2 g15 g16",1,"d15","g2","g15","g16",11,23,1,1,2.2593286339774e-06,13.0004428534243
"d15 g2 g15 g19",1,"d15","g2","g15","g19",11,23,1,1,2.2593286339774e-06,13.0004428534243
"d15 g2 g16 g19",1,"d15","g2","g16","g19",11,23,1,1,2.2593286339774e-06,13.0004428534243
"d15 g13 g15 g16",1,"d15","g13","g15","g16",11,1,1,1,9.82316797381479e-08,16.1359370693534
"d15 g13 g15 g19",1,"d15","g13","g15","g19",11,1,1,1,9.82316797381479e-08,16.1359370693534
"d15 g13 g16 g19",1,"d15","g13","g16","g19",11,1,1,1,9.82316797381479e-08,16.1359370693534
"d15 g15 g16 g19",1,"d15","g15","g16","g19",11,1,1,1,9.82316797381479e-08,16.1359370693534
"d19 g1 g2 g13",1,"d19","g1","g2","g13",10,97,23,1,0.000199231706814371,8.52104205472522
"d19 g1 g2 g15",1,"d19","g1","g2","g15",10,97,23,1,0.000199231706814371,8.52104205472522
"d19 g1 g2 g16",1,"d19","g1","g2","g16",10,97,23,1,0.000199231706814371,8.52104205472522
"d19 g1 g2 g19",1,"d19","g1","g2","g19",10,97,23,1,0.000199231706814371,8.52104205472522
"d19 g1 g13 g15",1,"d19","g1","g13","g15",10,97,1,1,8.66224812236395e-06,11.6565362706544
"d19 g1 g13 g16",1,"d19","g1","g13","g16",10,97,1,1,8.66224812236395e-06,11.6565362706544
"d19 g1 g13 g19",1,"d19","g1","g13","g19",10,97,1,1,8.66224812236395e-06,11.6565362706544
"d19 g1 g15 g16",1,"d19","g1","g15","g16",10,97,1,1,8.66224812236395e-06,11.6565362706544
"d19 g1 g15 g19",1,"d19","g1","g15","g19",10,97,1,1,8.66224812236395e-06,11.6565362706544
"d19 g1 g16 g19",1,"d19","g1","g16","g19",10,97,1,1,8.66224812236395e-06,11.6565362706544
"d19 g2 g13 g15",1,"d19","g2","g13","g15",10,23,1,1,2.05393512179764e-06,13.0957530332286
"d19 g2 g13 g16",1,"d19","g2","g13","g16",10,23,1,1,2.05393512179764e-06,13.0957530332286
"d19 g2 g13 g19",1,"d19","g2","g13","g19",10,23,1,1,2.05393512179764e-06,13.0957530332286
"d19 g2 g15 g16",1,"d19","g2","g15","g16",10,23,1,1,2.05393512179764e-06,13.0957530332286
"d19 g2 g15 g19",1,"d19","g2","g15","g19",10,23,1,1,2.05393512179764e-06,13.0957530332286
"d19 g2 g16 g19",1,"d19","g2","g16","g19",10,23,1,1,2.05393512179764e-06,13.0957530332286
"d19 g13 g15 g16",1,"d19","g13","g15","g16",10,1,1,1,8.93015270346799e-08,16.2312472491578
"d19 g13 g15 g19",1,"d19","g13","g15","g19",10,1,1,1,8.93015270346799e-08,16.2312472491578
"d19 g13 g16 g19",1,"d19","g13","g16","g19",10,1,1,1,8.93015270346799e-08,16.2312472491578
"d19 g15 g16 g19",1,"d19","g15","g16","g19",10,1,1,1,8.93015270346799e-08,16.2312472491578
"g1 g2 g13 g15",1,"g1","g2","g13","g15",97,23,1,1,1.99231706814371e-05,10.8236271477193
"g1 g2 g13 g16",1,"g1","g2","g13","g16",97,23,1,1,1.99231706814371e-05,10.8236271477193
"g1 g2 g13 g19",1,"g1","g2","g13","g19",97,23,1,1,1.99231706814371e-05,10.8236271477193
"g1 g2 g15 g16",1,"g1","g2","g15","g16",97,23,1,1,1.99231706814371e-05,10.8236271477193
"g1 g2 g15 g19",1,"g1","g2","g15","g19",97,23,1,1,1.99231706814371e-05,10.8236271477193
"g1 g2 g16 g19",1,"g1","g2","g16","g19",97,23,1,1,1.99231706814371e-05,10.8236271477193
"g1 g13 g15 g16",1,"g1","g13","g15","g16",97,1,1,1,8.66224812236395e-07,13.9591213636484
"g1 g13 g15 g19",1,"g1","g13","g15","g19",97,1,1,1,8.66224812236395e-07,13.9591213636484
"g1 g13 g16 g19",1,"g1","g13","g16","g19",97,1,1,1,8.66224812236395e-07,13.9591213636484
"g1 g15 g16 g19",1,"g1","g15","g16","g19",97,1,1,1,8.66224812236395e-07,13.9591213636484
"g2 g13 g15 g16",1,"g2","g13","g15","g16",23,1,1,1,2.05393512179764e-07,15.3983381262227
"g2 g13 g15 g19",1,"g2","g13","g15","g19",23,1,1,1,2.05393512179764e-07,15.3983381262227
"g2 g13 g16 g19",1,"g2","g13","g16","g19",23,1,1,1,2.05393512179764e-07,15.3983381262227
"g2 g15 g16 g19",1,"g2","g15","g16","g19",23,1,1,1,2.05393512179764e-07,15.3983381262227
"g13 g15 g16 g19",1,"g13","g15","g16","g19",1,1,1,1,8.93015270346799e-09,18.5338323421518
"b1 c1 g1 g28",1,"b1","c1","g1","g28",13,125,97,1,0.00140761531988414,6.56585826888458
"b1 c1 g1 g29",1,"b1","c1","g1","g29",13,125,97,1,0.00140761531988414,6.56585826888458
"b1 c1 g28 g29",1,"b1","c1","g28","g29",13,125,1,1,1.45114981431355e-05,11.140569247388
"b1 g1 g28 g29",1,"b1","g1","g28","g29",13,97,1,1,1.12609225590731e-05,11.3941720061869
"c1 g1 g28 g29",1,"c1","g1","g28","g29",125,97,1,1,0.000108278101529549,9.13080762634612
"d16 d24 e1 e19",1,"d16","d24","e1","e19",1,1,17,3,4.55437787876868e-07,14.6020067094275
"d16 d24 e1 e21",1,"d16","d24","e1","e21",1,1,17,1,1.51812595958956e-07,15.7006189980956
"d16 d24 e1 f5",1,"d16","d24","e1","f5",1,1,17,36,5.46525345452241e-06,12.1171000596395
"d16 d24 e1 f12",1,"d16","d24","e1","f12",1,1,17,22,3.33987711109703e-06,12.6095765447373
"d16 d24 e1 f39",1,"d16","d24","e1","f39",1,1,17,2,3.03625191917912e-07,15.0074718175356
"d16 d24 e1 g17",1,"d16","d24","e1","g17",1,1,17,1,1.51812595958956e-07,15.7006189980956
"d16 d24 e1 g25",1,"d16","d24","e1","g25",1,1,17,1,1.51812595958956e-07,15.7006189980956
"d16 d24 e1 g26",1,"d16","d24","e1","g26",1,1,17,2,3.03625191917912e-07,15.0074718175356
"d16 d24 e1 g27",1,"d16","d24","e1","g27",1,1,17,1,1.51812595958956e-07,15.7006189980956
"d16 d24 e1 zoo",1,"d16","d24","e1","zoo",1,1,17,21,3.18806451513807e-06,12.6560965603722
"d16 d24 e19 e21",1,"d16","d24","e19","e21",1,1,3,1,2.6790458110404e-08,17.4352200534837
"d16 d24 e19 f5",1,"d16","d24","e19","f5",1,1,3,36,9.64456491974543e-07,13.8517011150276
"d16 d24 e19 f12",1,"d16","d24","e19","f12",1,1,3,22,5.89390078428887e-07,14.3441776001254
"d16 d24 e19 f39",1,"d16","d24","e19","f39",1,1,3,2,5.3580916220808e-08,16.7420728729237
"d16 d24 e19 g17",1,"d16","d24","e19","g17",1,1,3,1,2.6790458110404e-08,17.4352200534837
"d16 d24 e19 g25",1,"d16","d24","e19","g25",1,1,3,1,2.6790458110404e-08,17.4352200534837
"d16 d24 e19 g26",1,"d16","d24","e19","g26",1,1,3,2,5.3580916220808e-08,16.7420728729237
"d16 d24 e19 g27",1,"d16","d24","e19","g27",1,1,3,1,2.6790458110404e-08,17.4352200534837
"d16 d24 e19 zoo",1,"d16","d24","e19","zoo",1,1,3,21,5.62599620318483e-07,14.3906976157603
"d16 d24 e21 f5",1,"d16","d24","e21","f5",1,1,1,36,3.21485497324848e-07,14.9503134036957
"d16 d24 e21 f12",1,"d16","d24","e21","f12",1,1,1,22,1.96463359476296e-07,15.4427898887935
"d16 d24 e21 f39",1,"d16","d24","e21","f39",1,1,1,2,1.7860305406936e-08,17.8406851615919
"d16 d24 e21 g17",1,"d16","d24","e21","g17",1,1,1,1,8.93015270346799e-09,18.5338323421518
"d16 d24 e21 g25",1,"d16","d24","e21","g25",1,1,1,1,8.93015270346799e-09,18.5338323421518
"d16 d24 e21 g26",1,"d16","d24","e21","g26",1,1,1,2,1.7860305406936e-08,17.8406851615919
"d16 d24 e21 g27",1,"d16","d24","e21","g27",1,1,1,1,8.93015270346799e-09,18.5338323421518
"d16 d24 e21 zoo",1,"d16","d24","e21","zoo",1,1,1,21,1.87533206772828e-07,15.4893099044284
"d16 d24 f5 f12",1,"d16","d24","f5","f12",1,1,36,22,7.07268094114665e-06,11.8592709503374
"d16 d24 f5 f39",1,"d16","d24","f5","f39",1,1,36,2,6.42970994649695e-07,14.2571662231357
"d16 d24 f5 g17",1,"d16","d24","f5","g17",1,1,36,1,3.21485497324848e-07,14.9503134036957
"d16 d24 f5 g25",1,"d16","d24","f5","g25",1,1,36,1,3.21485497324848e-07,14.9503134036957
"d16 d24 f5 g26",1,"d16","d24","f5","g26",1,1,36,2,6.42970994649695e-07,14.2571662231357
"d16 d24 f5 g27",1,"d16","d24","f5","g27",1,1,36,1,3.21485497324848e-07,14.9503134036957
"d16 d24 f5 zoo",1,"d16","d24","f5","zoo",1,1,36,21,6.7511954438218e-06,11.9057909659723
"d16 d24 f12 f39",1,"d16","d24","f12","f39",1,1,22,2,3.92926718952592e-07,14.7496427082335
"d16 d24 f12 g17",1,"d16","d24","f12","g17",1,1,22,1,1.96463359476296e-07,15.4427898887935
"d16 d24 f12 g25",1,"d16","d24","f12","g25",1,1,22,1,1.96463359476296e-07,15.4427898887935
"d16 d24 f12 g26",1,"d16","d24","f12","g26",1,1,22,2,3.92926718952592e-07,14.7496427082335
"d16 d24 f12 g27",1,"d16","d24","f12","g27",1,1,22,1,1.96463359476296e-07,15.4427898887935
"d16 d24 f12 zoo",1,"d16","d24","f12","zoo",1,1,22,21,4.12573054900221e-06,12.3982674510701
"d16 d24 f39 g17",1,"d16","d24","f39","g17",1,1,2,1,1.7860305406936e-08,17.8406851615919
"d16 d24 f39 g25",1,"d16","d24","f39","g25",1,1,2,1,1.7860305406936e-08,17.8406851615919
"d16 d24 f39 g26",1,"d16","d24","f39","g26",1,1,2,2,3.5720610813872e-08,17.1475379810319
"d16 d24 f39 g27",1,"d16","d24","f39","g27",1,1,2,1,1.7860305406936e-08,17.8406851615919
"d16 d24 f39 zoo",1,"d16","d24","f39","zoo",1,1,2,21,3.75066413545656e-07,14.7961627238684
"d16 d24 g17 g25",1,"d16","d24","g17","g25",1,1,1,1,8.93015270346799e-09,18.5338323421518
"d16 d24 g17 g26",1,"d16","d24","g17","g26",1,1,1,2,1.7860305406936e-08,17.8406851615919
"d16 d24 g17 g27",1,"d16","d24","g17","g27",1,1,1,1,8.93015270346799e-09,18.5338323421518
"d16 d24 g17 zoo",1,"d16","d24","g17","zoo",1,1,1,21,1.87533206772828e-07,15.4893099044284
"d16 d24 g25 g26",1,"d16","d24","g25","g26",1,1,1,2,1.7860305406936e-08,17.8406851615919
"d16 d24 g25 g27",1,"d16","d24","g25","g27",1,1,1,1,8.93015270346799e-09,18.5338323421518
"d16 d24 g25 zoo",1,"d16","d24","g25","zoo",1,1,1,21,1.87533206772828e-07,15.4893099044284
"d16 d24 g26 g27",1,"d16","d24","g26","g27",1,1,2,1,1.7860305406936e-08,17.8406851615919
"d16 d24 g26 zoo",1,"d16","d24","g26","zoo",1,1,2,21,3.75066413545656e-07,14.7961627238684
"d16 d24 g27 zoo",1,"d16","d24","g27","zoo",1,1,1,21,1.87533206772828e-07,15.4893099044284
"d16 e1 e19 e21",1,"d16","e1","e19","e21",1,17,3,1,4.55437787876868e-07,14.6020067094275
"d16 e1 e19 f5",1,"d16","e1","e19","f5",1,17,3,36,1.63957603635672e-05,11.0184877709714
"d16 e1 e19 f12",1,"d16","e1","e19","f12",1,17,3,22,1.00196313332911e-05,11.5109642560692
"d16 e1 e19 f39",1,"d16","e1","e19","f39",1,17,3,2,9.10875575753735e-07,13.9088595288675
"d16 e1 e19 g17",1,"d16","e1","e19","g17",1,17,3,1,4.55437787876868e-07,14.6020067094275
"d16 e1 e19 g25",1,"d16","e1","e19","g25",1,17,3,1,4.55437787876868e-07,14.6020067094275
"d16 e1 e19 g26",1,"d16","e1","e19","g26",1,17,3,2,9.10875575753735e-07,13.9088595288675
"d16 e1 e19 g27",1,"d16","e1","e19","g27",1,17,3,1,4.55437787876868e-07,14.6020067094275
"d16 e1 e19 zoo",1,"d16","e1","e19","zoo",1,17,3,21,9.56419354541422e-06,11.5574842717041
"d16 e1 e21 f5",1,"d16","e1","e21","f5",1,17,1,36,5.46525345452241e-06,12.1171000596395
"d16 e1 e21 f12",1,"d16","e1","e21","f12",1,17,1,22,3.33987711109703e-06,12.6095765447373
"d16 e1 e21 f39",1,"d16","e1","e21","f39",1,17,1,2,3.03625191917912e-07,15.0074718175356
"d16 e1 e21 g17",1,"d16","e1","e21","g17",1,17,1,1,1.51812595958956e-07,15.7006189980956
"d16 e1 e21 g25",1,"d16","e1","e21","g25",1,17,1,1,1.51812595958956e-07,15.7006189980956
"d16 e1 e21 g26",1,"d16","e1","e21","g26",1,17,1,2,3.03625191917912e-07,15.0074718175356
"d16 e1 e21 g27",1,"d16","e1","e21","g27",1,17,1,1,1.51812595958956e-07,15.7006189980956
"d16 e1 e21 zoo",1,"d16","e1","e21","zoo",1,17,1,21,3.18806451513807e-06,12.6560965603722
"d16 e1 f5 f12",1,"d16","e1","f5","f12",1,17,36,22,0.000120235575999493,9.02605760628116
"d16 e1 f5 f39",1,"d16","e1","f5","f39",1,17,36,2,1.09305069090448e-05,11.4239528790795
"d16 e1 f5 g17",1,"d16","e1","f5","g17",1,17,36,1,5.46525345452241e-06,12.1171000596395
"d16 e1 f5 g25",1,"d16","e1","f5","g25",1,17,36,1,5.46525345452241e-06,12.1171000596395
"d16 e1 f5 g26",1,"d16","e1","f5","g26",1,17,36,2,1.09305069090448e-05,11.4239528790795
"d16 e1 f5 g27",1,"d16","e1","f5","g27",1,17,36,1,5.46525345452241e-06,12.1171000596395
"d16 e1 f5 zoo",1,"d16","e1","f5","zoo",1,17,36,21,0.000114770322544971,9.07257762191605
"d16 e1 f12 f39",1,"d16","e1","f12","f39",1,17,22,2,6.67975422219406e-06,11.9164293641773
"d16 e1 f12 g17",1,"d16","e1","f12","g17",1,17,22,1,3.33987711109703e-06,12.6095765447373
"d16 e1 f12 g25",1,"d16","e1","f12","g25",1,17,22,1,3.33987711109703e-06,12.6095765447373
"d16 e1 f12 g26",1,"d16","e1","f12","g26",1,17,22,2,6.67975422219406e-06,11.9164293641773
"d16 e1 f12 g27",1,"d16","e1","f12","g27",1,17,22,1,3.33987711109703e-06,12.6095765447373
"d16 e1 f12 zoo",1,"d16","e1","f12","zoo",1,17,22,21,7.01374193330376e-05,9.56505410701385
"d16 e1 f39 g17",1,"d16","e1","f39","g17",1,17,2,1,3.03625191917912e-07,15.0074718175356
"d16 e1 f39 g25",1,"d16","e1","f39","g25",1,17,2,1,3.03625191917912e-07,15.0074718175356
"d16 e1 f39 g26",1,"d16","e1","f39","g26",1,17,2,2,6.07250383835824e-07,14.3143246369757
"d16 e1 f39 g27",1,"d16","e1","f39","g27",1,17,2,1,3.03625191917912e-07,15.0074718175356
"d16 e1 f39 zoo",1,"d16","e1","f39","zoo",1,17,2,21,6.37612903027615e-06,11.9629493798122
"d16 e1 g17 g25",1,"d16","e1","g17","g25",1,17,1,1,1.51812595958956e-07,15.7006189980956
"d16 e1 g17 g26",1,"d16","e1","g17","g26",1,17,1,2,3.03625191917912e-07,15.0074718175356
"d16 e1 g17 g27",1,"d16","e1","g17","g27",1,17,1,1,1.51812595958956e-07,15.7006189980956
"d16 e1 g17 zoo",1,"d16","e1","g17","zoo",1,17,1,21,3.18806451513807e-06,12.6560965603722
"d16 e1 g25 g26",1,"d16","e1","g25","g26",1,17,1,2,3.03625191917912e-07,15.0074718175356
"d16 e1 g25 g27",1,"d16","e1","g25","g27",1,17,1,1,1.51812595958956e-07,15.7006189980956
"d16 e1 g25 zoo",1,"d16","e1","g25","zoo",1,17,1,21,3.18806451513807e-06,12.6560965603722
"d16 e1 g26 g27",1,"d16","e1","g26","g27",1,17,2,1,3.03625191917912e-07,15.0074718175356
"d16 e1 g26 zoo",1,"d16","e1","g26","zoo",1,17,2,21,6.37612903027615e-06,11.9629493798122
"d16 e1 g27 zoo",1,"d16","e1","g27","zoo",1,17,1,21,3.18806451513807e-06,12.6560965603722
"d16 e19 e21 f5",1,"d16","e19","e21","f5",1,3,1,36,9.64456491974543e-07,13.8517011150276
"d16 e19 e21 f12",1,"d16","e19","e21","f12",1,3,1,22,5.89390078428887e-07,14.3441776001254
"d16 e19 e21 f39",1,"d16","e19","e21","f39",1,3,1,2,5.3580916220808e-08,16.7420728729237
"d16 e19 e21 g17",1,"d16","e19","e21","g17",1,3,1,1,2.6790458110404e-08,17.4352200534837
"d16 e19 e21 g25",1,"d16","e19","e21","g25",1,3,1,1,2.6790458110404e-08,17.4352200534837
"d16 e19 e21 g26",1,"d16","e19","e21","g26",1,3,1,2,5.3580916220808e-08,16.7420728729237
"d16 e19 e21 g27",1,"d16","e19","e21","g27",1,3,1,1,2.6790458110404e-08,17.4352200534837
"d16 e19 e21 zoo",1,"d16","e19","e21","zoo",1,3,1,21,5.62599620318483e-07,14.3906976157603
"d16 e19 f5 f12",1,"d16","e19","f5","f12",1,3,36,22,2.12180428234399e-05,10.7606586616693
"d16 e19 f5 f39",1,"d16","e19","f5","f39",1,3,36,2,1.92891298394909e-06,13.1585539344676
"d16 e19 f5 g17",1,"d16","e19","f5","g17",1,3,36,1,9.64456491974543e-07,13.8517011150276
"d16 e19 f5 g25",1,"d16","e19","f5","g25",1,3,36,1,9.64456491974543e-07,13.8517011150276
"d16 e19 f5 g26",1,"d16","e19","f5","g26",1,3,36,2,1.92891298394909e-06,13.1585539344676
"d16 e19 f5 g27",1,"d16","e19","f5","g27",1,3,36,1,9.64456491974543e-07,13.8517011150276
"d16 e19 f5 zoo",1,"d16","e19","f5","zoo",1,3,36,21,2.02535863314654e-05,10.8071786773042
"d16 e19 f12 f39",1,"d16","e19","f12","f39",1,3,22,2,1.17878015685777e-06,13.6510304195654
"d16 e19 f12 g17",1,"d16","e19","f12","g17",1,3,22,1,5.89390078428887e-07,14.3441776001254
"d16 e19 f12 g25",1,"d16","e19","f12","g25",1,3,22,1,5.89390078428887e-07,14.3441776001254
"d16 e19 f12 g26",1,"d16","e19","f12","g26",1,3,22,2,1.17878015685777e-06,13.6510304195654
"d16 e19 f12 g27",1,"d16","e19","f12","g27",1,3,22,1,5.89390078428887e-07,14.3441776001254
"d16 e19 f12 zoo",1,"d16","e19","f12","zoo",1,3,22,21,1.23771916470066e-05,11.299655162402
"d16 e19 f39 g17",1,"d16","e19","f39","g17",1,3,2,1,5.3580916220808e-08,16.7420728729237
"d16 e19 f39 g25",1,"d16","e19","f39","g25",1,3,2,1,5.3580916220808e-08,16.7420728729237
"d16 e19 f39 g26",1,"d16","e19","f39","g26",1,3,2,2,1.07161832441616e-07,16.0489256923638
"d16 e19 f39 g27",1,"d16","e19","f39","g27",1,3,2,1,5.3580916220808e-08,16.7420728729237
"d16 e19 f39 zoo",1,"d16","e19","f39","zoo",1,3,2,21,1.12519924063697e-06,13.6975504352003
"d16 e19 g17 g25",1,"d16","e19","g17","g25",1,3,1,1,2.6790458110404e-08,17.4352200534837
"d16 e19 g17 g26",1,"d16","e19","g17","g26",1,3,1,2,5.3580916220808e-08,16.7420728729237
"d16 e19 g17 g27",1,"d16","e19","g17","g27",1,3,1,1,2.6790458110404e-08,17.4352200534837
"d16 e19 g17 zoo",1,"d16","e19","g17","zoo",1,3,1,21,5.62599620318483e-07,14.3906976157603
"d16 e19 g25 g26",1,"d16","e19","g25","g26",1,3,1,2,5.3580916220808e-08,16.7420728729237
"d16 e19 g25 g27",1,"d16","e19","g25","g27",1,3,1,1,2.6790458110404e-08,17.4352200534837
"d16 e19 g25 zoo",1,"d16","e19","g25","zoo",1,3,1,21,5.62599620318483e-07,14.3906976157603
"d16 e19 g26 g27",1,"d16","e19","g26","g27",1,3,2,1,5.3580916220808e-08,16.7420728729237
"d16 e19 g26 zoo",1,"d16","e19","g26","zoo",1,3,2,21,1.12519924063697e-06,13.6975504352003
"d16 e19 g27 zoo",1,"d16","e19","g27","zoo",1,3,1,21,5.62599620318483e-07,14.3906976157603
"d16 e21 f5 f12",1,"d16","e21","f5","f12",1,1,36,22,7.07268094114665e-06,11.8592709503374
"d16 e21 f5 f39",1,"d16","e21","f5","f39",1,1,36,2,6.42970994649695e-07,14.2571662231357
"d16 e21 f5 g17",1,"d16","e21","f5","g17",1,1,36,1,3.21485497324848e-07,14.9503134036957
"d16 e21 f5 g25",1,"d16","e21","f5","g25",1,1,36,1,3.21485497324848e-07,14.9503134036957
"d16 e21 f5 g26",1,"d16","e21","f5","g26",1,1,36,2,6.42970994649695e-07,14.2571662231357
"d16 e21 f5 g27",1,"d16","e21","f5","g27",1,1,36,1,3.21485497324848e-07,14.9503134036957
"d16 e21 f5 zoo",1,"d16","e21","f5","zoo",1,1,36,21,6.7511954438218e-06,11.9057909659723
"d16 e21 f12 f39",1,"d16","e21","f12","f39",1,1,22,2,3.92926718952592e-07,14.7496427082335
"d16 e21 f12 g17",1,"d16","e21","f12","g17",1,1,22,1,1.96463359476296e-07,15.4427898887935
"d16 e21 f12 g25",1,"d16","e21","f12","g25",1,1,22,1,1.96463359476296e-07,15.4427898887935
"d16 e21 f12 g26",1,"d16","e21","f12","g26",1,1,22,2,3.92926718952592e-07,14.7496427082335
"d16 e21 f12 g27",1,"d16","e21","f12","g27",1,1,22,1,1.96463359476296e-07,15.4427898887935
"d16 e21 f12 zoo",1,"d16","e21","f12","zoo",1,1,22,21,4.12573054900221e-06,12.3982674510701
"d16 e21 f39 g17",1,"d16","e21","f39","g17",1,1,2,1,1.7860305406936e-08,17.8406851615919
"d16 e21 f39 g25",1,"d16","e21","f39","g25",1,1,2,1,1.7860305406936e-08,17.8406851615919
"d16 e21 f39 g26",1,"d16","e21","f39","g26",1,1,2,2,3.5720610813872e-08,17.1475379810319
"d16 e21 f39 g27",1,"d16","e21","f39","g27",1,1,2,1,1.7860305406936e-08,17.8406851615919
"d16 e21 f39 zoo",1,"d16","e21","f39","zoo",1,1,2,21,3.75066413545656e-07,14.7961627238684
"d16 e21 g17 g25",1,"d16","e21","g17","g25",1,1,1,1,8.93015270346799e-09,18.5338323421518
"d16 e21 g17 g26",1,"d16","e21","g17","g26",1,1,1,2,1.7860305406936e-08,17.8406851615919
"d16 e21 g17 g27",1,"d16","e21","g17","g27",1,1,1,1,8.93015270346799e-09,18.5338323421518
"d16 e21 g17 zoo",1,"d16","e21","g17","zoo",1,1,1,21,1.87533206772828e-07,15.4893099044284
"d16 e21 g25 g26",1,"d16","e21","g25","g26",1,1,1,2,1.7860305406936e-08,17.8406851615919
"d16 e21 g25 g27",1,"d16","e21","g25","g27",1,1,1,1,8.93015270346799e-09,18.5338323421518
"d16 e21 g25 zoo",1,"d16","e21","g25","zoo",1,1,1,21,1.87533206772828e-07,15.4893099044284
"d16 e21 g26 g27",1,"d16","e21","g26","g27",1,1,2,1,1.7860305406936e-08,17.8406851615919
"d16 e21 g26 zoo",1,"d16","e21","g26","zoo",1,1,2,21,3.75066413545656e-07,14.7961627238684
"d16 e21 g27 zoo",1,"d16","e21","g27","zoo",1,1,1,21,1.87533206772828e-07,15.4893099044284
"d16 f5 f12 f39",1,"d16","f5","f12","f39",1,36,22,2,1.41453618822933e-05,11.1661237697774
"d16 f5 f12 g17",1,"d16","f5","f12","g17",1,36,22,1,7.07268094114665e-06,11.8592709503374
"d16 f5 f12 g25",1,"d16","f5","f12","g25",1,36,22,1,7.07268094114665e-06,11.8592709503374
"d16 f5 f12 g26",1,"d16","f5","f12","g26",1,36,22,2,1.41453618822933e-05,11.1661237697774
"d16 f5 f12 g27",1,"d16","f5","f12","g27",1,36,22,1,7.07268094114665e-06,11.8592709503374
"d16 f5 f12 zoo",1,"d16","f5","f12","zoo",1,36,22,21,0.00014852629976408,8.81474851261395
"d16 f5 f39 g17",1,"d16","f5","f39","g17",1,36,2,1,6.42970994649695e-07,14.2571662231357
"d16 f5 f39 g25",1,"d16","f5","f39","g25",1,36,2,1,6.42970994649695e-07,14.2571662231357
"d16 f5 f39 g26",1,"d16","f5","f39","g26",1,36,2,2,1.28594198929939e-06,13.5640190425758
"d16 f5 f39 g27",1,"d16","f5","f39","g27",1,36,2,1,6.42970994649695e-07,14.2571662231357
"d16 f5 f39 zoo",1,"d16","f5","f39","zoo",1,36,2,21,1.35023908876436e-05,11.2126437854123
"d16 f5 g17 g25",1,"d16","f5","g17","g25",1,36,1,1,3.21485497324848e-07,14.9503134036957
"d16 f5 g17 g26",1,"d16","f5","g17","g26",1,36,1,2,6.42970994649695e-07,14.2571662231357
"d16 f5 g17 g27",1,"d16","f5","g17","g27",1,36,1,1,3.21485497324848e-07,14.9503134036957
"d16 f5 g17 zoo",1,"d16","f5","g17","zoo",1,36,1,21,6.7511954438218e-06,11.9057909659723
"d16 f5 g25 g26",1,"d16","f5","g25","g26",1,36,1,2,6.42970994649695e-07,14.2571662231357
"d16 f5 g25 g27",1,"d16","f5","g25","g27",1,36,1,1,3.21485497324848e-07,14.9503134036957
"d16 f5 g25 zoo",1,"d16","f5","g25","zoo",1,36,1,21,6.7511954438218e-06,11.9057909659723
"d16 f5 g26 g27",1,"d16","f5","g26","g27",1,36,2,1,6.42970994649695e-07,14.2571662231357
"d16 f5 g26 zoo",1,"d16","f5","g26","zoo",1,36,2,21,1.35023908876436e-05,11.2126437854123
"d16 f5 g27 zoo",1,"d16","f5","g27","zoo",1,36,1,21,6.7511954438218e-06,11.9057909659723
"d16 f12 f39 g17",1,"d16","f12","f39","g17",1,22,2,1,3.92926718952592e-07,14.7496427082335
"d16 f12 f39 g25",1,"d16","f12","f39","g25",1,22,2,1,3.92926718952592e-07,14.7496427082335
"d16 f12 f39 g26",1,"d16","f12","f39","g26",1,22,2,2,7.85853437905183e-07,14.0564955276736
"d16 f12 f39 g27",1,"d16","f12","f39","g27",1,22,2,1,3.92926718952592e-07,14.7496427082335
"d16 f12 f39 zoo",1,"d16","f12","f39","zoo",1,22,2,21,8.25146109800443e-06,11.7051202705101
"d16 f12 g17 g25",1,"d16","f12","g17","g25",1,22,1,1,1.96463359476296e-07,15.4427898887935
"d16 f12 g17 g26",1,"d16","f12","g17","g26",1,22,1,2,3.92926718952592e-07,14.7496427082335
"d16 f12 g17 g27",1,"d16","f12","g17","g27",1,22,1,1,1.96463359476296e-07,15.4427898887935
"d16 f12 g17 zoo",1,"d16","f12","g17","zoo",1,22,1,21,4.12573054900221e-06,12.3982674510701
"d16 f12 g25 g26",1,"d16","f12","g25","g26",1,22,1,2,3.92926718952592e-07,14.7496427082335
"d16 f12 g25 g27",1,"d16","f12","g25","g27",1,22,1,1,1.96463359476296e-07,15.4427898887935
"d16 f12 g25 zoo",1,"d16","f12","g25","zoo",1,22,1,21,4.12573054900221e-06,12.3982674510701
"d16 f12 g26 g27",1,"d16","f12","g26","g27",1,22,2,1,3.92926718952592e-07,14.7496427082335
"d16 f12 g26 zoo",1,"d16","f12","g26","zoo",1,22,2,21,8.25146109800443e-06,11.7051202705101
"d16 f12 g27 zoo",1,"d16","f12","g27","zoo",1,22,1,21,4.12573054900221e-06,12.3982674510701
"d16 f39 g17 g25",1,"d16","f39","g17","g25",1,2,1,1,1.7860305406936e-08,17.8406851615919
"d16 f39 g17 g26",1,"d16","f39","g17","g26",1,2,1,2,3.5720610813872e-08,17.1475379810319
"d16 f39 g17 g27",1,"d16","f39","g17","g27",1,2,1,1,1.7860305406936e-08,17.8406851615919
"d16 f39 g17 zoo",1,"d16","f39","g17","zoo",1,2,1,21,3.75066413545656e-07,14.7961627238684
"d16 f39 g25 g26",1,"d16","f39","g25","g26",1,2,1,2,3.5720610813872e-08,17.1475379810319
"d16 f39 g25 g27",1,"d16","f39","g25","g27",1,2,1,1,1.7860305406936e-08,17.8406851615919
"d16 f39 g25 zoo",1,"d16","f39","g25","zoo",1,2,1,21,3.75066413545656e-07,14.7961627238684
"d16 f39 g26 g27",1,"d16","f39","g26","g27",1,2,2,1,3.5720610813872e-08,17.1475379810319
"d16 f39 g26 zoo",1,"d16","f39","g26","zoo",1,2,2,21,7.50132827091311e-07,14.1030155433085
"d16 f39 g27 zoo",1,"d16","f39","g27","zoo",1,2,1,21,3.75066413545656e-07,14.7961627238684
"d16 g17 g25 g26",1,"d16","g17","g25","g26",1,1,1,2,1.7860305406936e-08,17.8406851615919
"d16 g17 g25 g27",1,"d16","g17","g25","g27",1,1,1,1,8.93015270346799e-09,18.5338323421518
"d16 g17 g25 zoo",1,"d16","g17","g25","zoo",1,1,1,21,1.87533206772828e-07,15.4893099044284
"d16 g17 g26 g27",1,"d16","g17","g26","g27",1,1,2,1,1.7860305406936e-08,17.8406851615919
"d16 g17 g26 zoo",1,"d16","g17","g26","zoo",1,1,2,21,3.75066413545656e-07,14.7961627238684
"d16 g17 g27 zoo",1,"d16","g17","g27","zoo",1,1,1,21,1.87533206772828e-07,15.4893099044284
"d16 g25 g26 g27",1,"d16","g25","g26","g27",1,1,2,1,1.7860305406936e-08,17.8406851615919
"d16 g25 g26 zoo",1,"d16","g25","g26","zoo",1,1,2,21,3.75066413545656e-07,14.7961627238684
"d16 g25 g27 zoo",1,"d16","g25","g27","zoo",1,1,1,21,1.87533206772828e-07,15.4893099044284
"d16 g26 g27 zoo",1,"d16","g26","g27","zoo",1,2,1,21,3.75066413545656e-07,14.7961627238684
"d24 e1 e19 e21",1,"d24","e1","e19","e21",1,17,3,1,4.55437787876868e-07,14.6020067094275
"d24 e1 e19 f5",1,"d24","e1","e19","f5",1,17,3,36,1.63957603635672e-05,11.0184877709714
"d24 e1 e19 f12",1,"d24","e1","e19","f12",1,17,3,22,1.00196313332911e-05,11.5109642560692
"d24 e1 e19 f39",1,"d24","e1","e19","f39",1,17,3,2,9.10875575753735e-07,13.9088595288675
"d24 e1 e19 g17",1,"d24","e1","e19","g17",1,17,3,1,4.55437787876868e-07,14.6020067094275
"d24 e1 e19 g25",1,"d24","e1","e19","g25",1,17,3,1,4.55437787876868e-07,14.6020067094275
"d24 e1 e19 g26",1,"d24","e1","e19","g26",1,17,3,2,9.10875575753735e-07,13.9088595288675
"d24 e1 e19 g27",1,"d24","e1","e19","g27",1,17,3,1,4.55437787876868e-07,14.6020067094275
"d24 e1 e19 zoo",1,"d24","e1","e19","zoo",1,17,3,21,9.56419354541422e-06,11.5574842717041
"d24 e1 e21 f5",1,"d24","e1","e21","f5",1,17,1,36,5.46525345452241e-06,12.1171000596395
"d24 e1 e21 f12",1,"d24","e1","e21","f12",1,17,1,22,3.33987711109703e-06,12.6095765447373
"d24 e1 e21 f39",1,"d24","e1","e21","f39",1,17,1,2,3.03625191917912e-07,15.0074718175356
"d24 e1 e21 g17",1,"d24","e1","e21","g17",1,17,1,1,1.51812595958956e-07,15.7006189980956
"d24 e1 e21 g25",1,"d24","e1","e21","g25",1,17,1,1,1.51812595958956e-07,15.7006189980956
"d24 e1 e21 g26",1,"d24","e1","e21","g26",1,17,1,2,3.03625191917912e-07,15.0074718175356
"d24 e1 e21 g27",1,"d24","e1","e21","g27",1,17,1,1,1.51812595958956e-07,15.7006189980956
"d24 e1 e21 zoo",1,"d24","e1","e21","zoo",1,17,1,21,3.18806451513807e-06,12.6560965603722
"d24 e1 f5 f12",1,"d24","e1","f5","f12",1,17,36,22,0.000120235575999493,9.02605760628116
"d24 e1 f5 f39",1,"d24","e1","f5","f39",1,17,36,2,1.09305069090448e-05,11.4239528790795
"d24 e1 f5 g17",1,"d24","e1","f5","g17",1,17,36,1,5.46525345452241e-06,12.1171000596395
"d24 e1 f5 g25",1,"d24","e1","f5","g25",1,17,36,1,5.46525345452241e-06,12.1171000596395
"d24 e1 f5 g26",1,"d24","e1","f5","g26",1,17,36,2,1.09305069090448e-05,11.4239528790795
"d24 e1 f5 g27",1,"d24","e1","f5","g27",1,17,36,1,5.46525345452241e-06,12.1171000596395
"d24 e1 f5 zoo",1,"d24","e1","f5","zoo",1,17,36,21,0.000114770322544971,9.07257762191605
"d24 e1 f12 f39",1,"d24","e1","f12","f39",1,17,22,2,6.67975422219406e-06,11.9164293641773
"d24 e1 f12 g17",1,"d24","e1","f12","g17",1,17,22,1,3.33987711109703e-06,12.6095765447373
"d24 e1 f12 g25",1,"d24","e1","f12","g25",1,17,22,1,3.33987711109703e-06,12.6095765447373
"d24 e1 f12 g26",1,"d24","e1","f12","g26",1,17,22,2,6.67975422219406e-06,11.9164293641773
"d24 e1 f12 g27",1,"d24","e1","f12","g27",1,17,22,1,3.33987711109703e-06,12.6095765447373
"d24 e1 f12 zoo",1,"d24","e1","f12","zoo",1,17,22,21,7.01374193330376e-05,9.56505410701385
"d24 e1 f39 g17",1,"d24","e1","f39","g17",1,17,2,1,3.03625191917912e-07,15.0074718175356
"d24 e1 f39 g25",1,"d24","e1","f39","g25",1,17,2,1,3.03625191917912e-07,15.0074718175356
"d24 e1 f39 g26",1,"d24","e1","f39","g26",1,17,2,2,6.07250383835824e-07,14.3143246369757
"d24 e1 f39 g27",1,"d24","e1","f39","g27",1,17,2,1,3.03625191917912e-07,15.0074718175356
"d24 e1 f39 zoo",1,"d24","e1","f39","zoo",1,17,2,21,6.37612903027615e-06,11.9629493798122
"d24 e1 g17 g25",1,"d24","e1","g17","g25",1,17,1,1,1.51812595958956e-07,15.7006189980956
"d24 e1 g17 g26",1,"d24","e1","g17","g26",1,17,1,2,3.03625191917912e-07,15.0074718175356
"d24 e1 g17 g27",1,"d24","e1","g17","g27",1,17,1,1,1.51812595958956e-07,15.7006189980956
"d24 e1 g17 zoo",1,"d24","e1","g17","zoo",1,17,1,21,3.18806451513807e-06,12.6560965603722
"d24 e1 g25 g26",1,"d24","e1","g25","g26",1,17,1,2,3.03625191917912e-07,15.0074718175356
"d24 e1 g25 g27",1,"d24","e1","g25","g27",1,17,1,1,1.51812595958956e-07,15.7006189980956
"d24 e1 g25 zoo",1,"d24","e1","g25","zoo",1,17,1,21,3.18806451513807e-06,12.6560965603722
"d24 e1 g26 g27",1,"d24","e1","g26","g27",1,17,2,1,3.03625191917912e-07,15.0074718175356
"d24 e1 g26 zoo",1,"d24","e1","g26","zoo",1,17,2,21,6.37612903027615e-06,11.9629493798122
"d24 e1 g27 zoo",1,"d24","e1","g27","zoo",1,17,1,21,3.18806451513807e-06,12.6560965603722
"d24 e19 e21 f5",1,"d24","e19","e21","f5",1,3,1,36,9.64456491974543e-07,13.8517011150276
"d24 e19 e21 f12",1,"d24","e19","e21","f12",1,3,1,22,5.89390078428887e-07,14.3441776001254
"d24 e19 e21 f39",1,"d24","e19","e21","f39",1,3,1,2,5.3580916220808e-08,16.7420728729237
"d24 e19 e21 g17",1,"d24","e19","e21","g17",1,3,1,1,2.6790458110404e-08,17.4352200534837
"d24 e19 e21 g25",1,"d24","e19","e21","g25",1,3,1,1,2.6790458110404e-08,17.4352200534837
"d24 e19 e21 g26",1,"d24","e19","e21","g26",1,3,1,2,5.3580916220808e-08,16.7420728729237
"d24 e19 e21 g27",1,"d24","e19","e21","g27",1,3,1,1,2.6790458110404e-08,17.4352200534837
"d24 e19 e21 zoo",1,"d24","e19","e21","zoo",1,3,1,21,5.62599620318483e-07,14.3906976157603
"d24 e19 f5 f12",1,"d24","e19","f5","f12",1,3,36,22,2.12180428234399e-05,10.7606586616693
"d24 e19 f5 f39",1,"d24","e19","f5","f39",1,3,36,2,1.92891298394909e-06,13.1585539344676
"d24 e19 f5 g17",1,"d24","e19","f5","g17",1,3,36,1,9.64456491974543e-07,13.8517011150276
"d24 e19 f5 g25",1,"d24","e19","f5","g25",1,3,36,1,9.64456491974543e-07,13.8517011150276
"d24 e19 f5 g26",1,"d24","e19","f5","g26",1,3,36,2,1.92891298394909e-06,13.1585539344676
"d24 e19 f5 g27",1,"d24","e19","f5","g27",1,3,36,1,9.64456491974543e-07,13.8517011150276
"d24 e19 f5 zoo",1,"d24","e19","f5","zoo",1,3,36,21,2.02535863314654e-05,10.8071786773042
"d24 e19 f12 f39",1,"d24","e19","f12","f39",1,3,22,2,1.17878015685777e-06,13.6510304195654
"d24 e19 f12 g17",1,"d24","e19","f12","g17",1,3,22,1,5.89390078428887e-07,14.3441776001254
"d24 e19 f12 g25",1,"d24","e19","f12","g25",1,3,22,1,5.89390078428887e-07,14.3441776001254
"d24 e19 f12 g26",1,"d24","e19","f12","g26",1,3,22,2,1.17878015685777e-06,13.6510304195654
"d24 e19 f12 g27",1,"d24","e19","f12","g27",1,3,22,1,5.89390078428887e-07,14.3441776001254
"d24 e19 f12 zoo",1,"d24","e19","f12","zoo",1,3,22,21,1.23771916470066e-05,11.299655162402
"d24 e19 f39 g17",1,"d24","e19","f39","g17",1,3,2,1,5.3580916220808e-08,16.7420728729237
"d24 e19 f39 g25",1,"d24","e19","f39","g25",1,3,2,1,5.3580916220808e-08,16.7420728729237
"d24 e19 f39 g26",1,"d24","e19","f39","g26",1,3,2,2,1.07161832441616e-07,16.0489256923638
"d24 e19 f39 g27",1,"d24","e19","f39","g27",1,3,2,1,5.3580916220808e-08,16.7420728729237
"d24 e19 f39 zoo",1,"d24","e19","f39","zoo",1,3,2,21,1.12519924063697e-06,13.6975504352003
"d24 e19 g17 g25",1,"d24","e19","g17","g25",1,3,1,1,2.6790458110404e-08,17.4352200534837
"d24 e19 g17 g26",1,"d24","e19","g17","g26",1,3,1,2,5.3580916220808e-08,16.7420728729237
"d24 e19 g17 g27",1,"d24","e19","g17","g27",1,3,1,1,2.6790458110404e-08,17.4352200534837
"d24 e19 g17 zoo",1,"d24","e19","g17","zoo",1,3,1,21,5.62599620318483e-07,14.3906976157603
"d24 e19 g25 g26",1,"d24","e19","g25","g26",1,3,1,2,5.3580916220808e-08,16.7420728729237
"d24 e19 g25 g27",1,"d24","e19","g25","g27",1,3,1,1,2.6790458110404e-08,17.4352200534837
"d24 e19 g25 zoo",1,"d24","e19","g25","zoo",1,3,1,21,5.62599620318483e-07,14.3906976157603
"d24 e19 g26 g27",1,"d24","e19","g26","g27",1,3,2,1,5.3580916220808e-08,16.7420728729237
"d24 e19 g26 zoo",1,"d24","e19","g26","zoo",1,3,2,21,1.12519924063697e-06,13.6975504352003
"d24 e19 g27 zoo",1,"d24","e19","g27","zoo",1,3,1,21,5.62599620318483e-07,14.3906976157603
"d24 e21 f5 f12",1,"d24","e21","f5","f12",1,1,36,22,7.07268094114665e-06,11.8592709503374
"d24 e21 f5 f39",1,"d24","e21","f5","f39",1,1,36,2,6.42970994649695e-07,14.2571662231357
"d24 e21 f5 g17",1,"d24","e21","f5","g17",1,1,36,1,3.21485497324848e-07,14.9503134036957
"d24 e21 f5 g25",1,"d24","e21","f5","g25",1,1,36,1,3.21485497324848e-07,14.9503134036957
"d24 e21 f5 g26",1,"d24","e21","f5","g26",1,1,36,2,6.42970994649695e-07,14.2571662231357
"d24 e21 f5 g27",1,"d24","e21","f5","g27",1,1,36,1,3.21485497324848e-07,14.9503134036957
"d24 e21 f5 zoo",1,"d24","e21","f5","zoo",1,1,36,21,6.7511954438218e-06,11.9057909659723
"d24 e21 f12 f39",1,"d24","e21","f12","f39",1,1,22,2,3.92926718952592e-07,14.7496427082335
"d24 e21 f12 g17",1,"d24","e21","f12","g17",1,1,22,1,1.96463359476296e-07,15.4427898887935
"d24 e21 f12 g25",1,"d24","e21","f12","g25",1,1,22,1,1.96463359476296e-07,15.4427898887935
"d24 e21 f12 g26",1,"d24","e21","f12","g26",1,1,22,2,3.92926718952592e-07,14.7496427082335
"d24 e21 f12 g27",1,"d24","e21","f12","g27",1,1,22,1,1.96463359476296e-07,15.4427898887935
"d24 e21 f12 zoo",1,"d24","e21","f12","zoo",1,1,22,21,4.12573054900221e-06,12.3982674510701
"d24 e21 f39 g17",1,"d24","e21","f39","g17",1,1,2,1,1.7860305406936e-08,17.8406851615919
"d24 e21 f39 g25",1,"d24","e21","f39","g25",1,1,2,1,1.7860305406936e-08,17.8406851615919
"d24 e21 f39 g26",1,"d24","e21","f39","g26",1,1,2,2,3.5720610813872e-08,17.1475379810319
"d24 e21 f39 g27",1,"d24","e21","f39","g27",1,1,2,1,1.7860305406936e-08,17.8406851615919
"d24 e21 f39 zoo",1,"d24","e21","f39","zoo",1,1,2,21,3.75066413545656e-07,14.7961627238684
"d24 e21 g17 g25",1,"d24","e21","g17","g25",1,1,1,1,8.93015270346799e-09,18.5338323421518
"d24 e21 g17 g26",1,"d24","e21","g17","g26",1,1,1,2,1.7860305406936e-08,17.8406851615919
"d24 e21 g17 g27",1,"d24","e21","g17","g27",1,1,1,1,8.93015270346799e-09,18.5338323421518
"d24 e21 g17 zoo",1,"d24","e21","g17","zoo",1,1,1,21,1.87533206772828e-07,15.4893099044284
"d24 e21 g25 g26",1,"d24","e21","g25","g26",1,1,1,2,1.7860305406936e-08,17.8406851615919
"d24 e21 g25 g27",1,"d24","e21","g25","g27",1,1,1,1,8.93015270346799e-09,18.5338323421518
"d24 e21 g25 zoo",1,"d24","e21","g25","zoo",1,1,1,21,1.87533206772828e-07,15.4893099044284
"d24 e21 g26 g27",1,"d24","e21","g26","g27",1,1,2,1,1.7860305406936e-08,17.8406851615919
"d24 e21 g26 zoo",1,"d24","e21","g26","zoo",1,1,2,21,3.75066413545656e-07,14.7961627238684
"d24 e21 g27 zoo",1,"d24","e21","g27","zoo",1,1,1,21,1.87533206772828e-07,15.4893099044284
"d24 f5 f12 f39",1,"d24","f5","f12","f39",1,36,22,2,1.41453618822933e-05,11.1661237697774
"d24 f5 f12 g17",1,"d24","f5","f12","g17",1,36,22,1,7.07268094114665e-06,11.8592709503374
"d24 f5 f12 g25",1,"d24","f5","f12","g25",1,36,22,1,7.07268094114665e-06,11.8592709503374
"d24 f5 f12 g26",1,"d24","f5","f12","g26",1,36,22,2,1.41453618822933e-05,11.1661237697774
"d24 f5 f12 g27",1,"d24","f5","f12","g27",1,36,22,1,7.07268094114665e-06,11.8592709503374
"d24 f5 f12 zoo",1,"d24","f5","f12","zoo",1,36,22,21,0.00014852629976408,8.81474851261395
"d24 f5 f39 g17",1,"d24","f5","f39","g17",1,36,2,1,6.42970994649695e-07,14.2571662231357
"d24 f5 f39 g25",1,"d24","f5","f39","g25",1,36,2,1,6.42970994649695e-07,14.2571662231357
"d24 f5 f39 g26",1,"d24","f5","f39","g26",1,36,2,2,1.28594198929939e-06,13.5640190425758
"d24 f5 f39 g27",1,"d24","f5","f39","g27",1,36,2,1,6.42970994649695e-07,14.2571662231357
"d24 f5 f39 zoo",1,"d24","f5","f39","zoo",1,36,2,21,1.35023908876436e-05,11.2126437854123
"d24 f5 g17 g25",1,"d24","f5","g17","g25",1,36,1,1,3.21485497324848e-07,14.9503134036957
"d24 f5 g17 g26",1,"d24","f5","g17","g26",1,36,1,2,6.42970994649695e-07,14.2571662231357
"d24 f5 g17 g27",1,"d24","f5","g17","g27",1,36,1,1,3.21485497324848e-07,14.9503134036957
"d24 f5 g17 zoo",1,"d24","f5","g17","zoo",1,36,1,21,6.7511954438218e-06,11.9057909659723
"d24 f5 g25 g26",1,"d24","f5","g25","g26",1,36,1,2,6.42970994649695e-07,14.2571662231357
"d24 f5 g25 g27",1,"d24","f5","g25","g27",1,36,1,1,3.21485497324848e-07,14.9503134036957
"d24 f5 g25 zoo",1,"d24","f5","g25","zoo",1,36,1,21,6.7511954438218e-06,11.9057909659723
"d24 f5 g26 g27",1,"d24","f5","g26","g27",1,36,2,1,6.42970994649695e-07,14.2571662231357
"d24 f5 g26 zoo",1,"d24","f5","g26","zoo",1,36,2,21,1.35023908876436e-05,11.2126437854123
"d24 f5 g27 zoo",1,"d24","f5","g27","zoo",1,36,1,21,6.7511954438218e-06,11.9057909659723
"d24 f12 f39 g17",1,"d24","f12","f39","g17",1,22,2,1,3.92926718952592e-07,14.7496427082335
"d24 f12 f39 g25",1,"d24","f12","f39","g25",1,22,2,1,3.92926718952592e-07,14.7496427082335
"d24 f12 f39 g26",1,"d24","f12","f39","g26",1,22,2,2,7.85853437905183e-07,14.0564955276736
"d24 f12 f39 g27",1,"d24","f12","f39","g27",1,22,2,1,3.92926718952592e-07,14.7496427082335
"d24 f12 f39 zoo",1,"d24","f12","f39","zoo",1,22,2,21,8.25146109800443e-06,11.7051202705101
"d24 f12 g17 g25",1,"d24","f12","g17","g25",1,22,1,1,1.96463359476296e-07,15.4427898887935
"d24 f12 g17 g26",1,"d24","f12","g17","g26",1,22,1,2,3.92926718952592e-07,14.7496427082335
"d24 f12 g17 g27",1,"d24","f12","g17","g27",1,22,1,1,1.96463359476296e-07,15.4427898887935
"d24 f12 g17 zoo",1,"d24","f12","g17","zoo",1,22,1,21,4.12573054900221e-06,12.3982674510701
"d24 f12 g25 g26",1,"d24","f12","g25","g26",1,22,1,2,3.92926718952592e-07,14.7496427082335
"d24 f12 g25 g27",1,"d24","f12","g25","g27",1,22,1,1,1.96463359476296e-07,15.4427898887935
"d24 f12 g25 zoo",1,"d24","f12","g25","zoo",1,22,1,21,4.12573054900221e-06,12.3982674510701
"d24 f12 g26 g27",1,"d24","f12","g26","g27",1,22,2,1,3.92926718952592e-07,14.7496427082335
"d24 f12 g26 zoo",1,"d24","f12","g26","zoo",1,22,2,21,8.25146109800443e-06,11.7051202705101
"d24 f12 g27 zoo",1,"d24","f12","g27","zoo",1,22,1,21,4.12573054900221e-06,12.3982674510701
"d24 f39 g17 g25",1,"d24","f39","g17","g25",1,2,1,1,1.7860305406936e-08,17.8406851615919
"d24 f39 g17 g26",1,"d24","f39","g17","g26",1,2,1,2,3.5720610813872e-08,17.1475379810319
"d24 f39 g17 g27",1,"d24","f39","g17","g27",1,2,1,1,1.7860305406936e-08,17.8406851615919
"d24 f39 g17 zoo",1,"d24","f39","g17","zoo",1,2,1,21,3.75066413545656e-07,14.7961627238684
"d24 f39 g25 g26",1,"d24","f39","g25","g26",1,2,1,2,3.5720610813872e-08,17.1475379810319
"d24 f39 g25 g27",1,"d24","f39","g25","g27",1,2,1,1,1.7860305406936e-08,17.8406851615919
"d24 f39 g25 zoo",1,"d24","f39","g25","zoo",1,2,1,21,3.75066413545656e-07,14.7961627238684
"d24 f39 g26 g27",1,"d24","f39","g26","g27",1,2,2,1,3.5720610813872e-08,17.1475379810319
"d24 f39 g26 zoo",1,"d24","f39","g26","zoo",1,2,2,21,7.50132827091311e-07,14.1030155433085
"d24 f39 g27 zoo",1,"d24","f39","g27","zoo",1,2,1,21,3.75066413545656e-07,14.7961627238684
"d24 g17 g25 g26",1,"d24","g17","g25","g26",1,1,1,2,1.7860305406936e-08,17.8406851615919
"d24 g17 g25 g27",1,"d24","g17","g25","g27",1,1,1,1,8.93015270346799e-09,18.5338323421518
"d24 g17 g25 zoo",1,"d24","g17","g25","zoo",1,1,1,21,1.87533206772828e-07,15.4893099044284
"d24 g17 g26 g27",1,"d24","g17","g26","g27",1,1,2,1,1.7860305406936e-08,17.8406851615919
"d24 g17 g26 zoo",1,"d24","g17","g26","zoo",1,1,2,21,3.75066413545656e-07,14.7961627238684
"d24 g17 g27 zoo",1,"d24","g17","g27","zoo",1,1,1,21,1.87533206772828e-07,15.4893099044284
"d24 g25 g26 g27",1,"d24","g25","g26","g27",1,1,2,1,1.7860305406936e-08,17.8406851615919
"d24 g25 g26 zoo",1,"d24","g25","g26","zoo",1,1,2,21,3.75066413545656e-07,14.7961627238684
"d24 g25 g27 zoo",1,"d24","g25","g27","zoo",1,1,1,21,1.87533206772828e-07,15.4893099044284
"d24 g26 g27 zoo",1,"d24","g26","g27","zoo",1,2,1,21,3.75066413545656e-07,14.7961627238684
"e1 e19 e21 f5",1,"e1","e19","e21","f5",17,3,1,36,1.63957603635672e-05,11.0184877709714
"e1 e19 e21 f12",1,"e1","e19","e21","f12",17,3,1,22,1.00196313332911e-05,11.5109642560692
"e1 e19 e21 f39",1,"e1","e19","e21","f39",17,3,1,2,9.10875575753735e-07,13.9088595288675
"e1 e19 e21 g17",1,"e1","e19","e21","g17",17,3,1,1,4.55437787876868e-07,14.6020067094275
"e1 e19 e21 g25",1,"e1","e19","e21","g25",17,3,1,1,4.55437787876868e-07,14.6020067094275
"e1 e19 e21 g26",1,"e1","e19","e21","g26",17,3,1,2,9.10875575753735e-07,13.9088595288675
"e1 e19 e21 g27",1,"e1","e19","e21","g27",17,3,1,1,4.55437787876868e-07,14.6020067094275
"e1 e19 e21 zoo",1,"e1","e19","e21","zoo",17,3,1,21,9.56419354541422e-06,11.5574842717041
"e1 e19 f5 f12",1,"e1","e19","f5","f12",17,3,36,22,0.000360706727998479,7.92744531761305
"e1 e19 f5 f39",1,"e1","e19","f5","f39",17,3,36,2,3.27915207271345e-05,10.3253405904114
"e1 e19 f5 g17",1,"e1","e19","f5","g17",17,3,36,1,1.63957603635672e-05,11.0184877709714
"e1 e19 f5 g25",1,"e1","e19","f5","g25",17,3,36,1,1.63957603635672e-05,11.0184877709714
"e1 e19 f5 g26",1,"e1","e19","f5","g26",17,3,36,2,3.27915207271345e-05,10.3253405904114
"e1 e19 f5 g27",1,"e1","e19","f5","g27",17,3,36,1,1.63957603635672e-05,11.0184877709714
"e1 e19 f5 zoo",1,"e1","e19","f5","zoo",17,3,36,21,0.000344310967634912,7.97396533324794
"e1 e19 f12 f39",1,"e1","e19","f12","f39",17,3,22,2,2.00392626665822e-05,10.8178170755092
"e1 e19 f12 g17",1,"e1","e19","f12","g17",17,3,22,1,1.00196313332911e-05,11.5109642560692
"e1 e19 f12 g25",1,"e1","e19","f12","g25",17,3,22,1,1.00196313332911e-05,11.5109642560692
"e1 e19 f12 g26",1,"e1","e19","f12","g26",17,3,22,2,2.00392626665822e-05,10.8178170755092
"e1 e19 f12 g27",1,"e1","e19","f12","g27",17,3,22,1,1.00196313332911e-05,11.5109642560692
"e1 e19 f12 zoo",1,"e1","e19","f12","zoo",17,3,22,21,0.000210412257999113,8.46644181834574
"e1 e19 f39 g17",1,"e1","e19","f39","g17",17,3,2,1,9.10875575753735e-07,13.9088595288675
"e1 e19 f39 g25",1,"e1","e19","f39","g25",17,3,2,1,9.10875575753735e-07,13.9088595288675
"e1 e19 f39 g26",1,"e1","e19","f39","g26",17,3,2,2,1.82175115150747e-06,13.2157123483076
"e1 e19 f39 g27",1,"e1","e19","f39","g27",17,3,2,1,9.10875575753735e-07,13.9088595288675
"e1 e19 f39 zoo",1,"e1","e19","f39","zoo",17,3,2,21,1.91283870908284e-05,10.8643370911441
"e1 e19 g17 g25",1,"e1","e19","g17","g25",17,3,1,1,4.55437787876868e-07,14.6020067094275
"e1 e19 g17 g26",1,"e1","e19","g17","g26",17,3,1,2,9.10875575753735e-07,13.9088595288675
"e1 e19 g17 g27",1,"e1","e19","g17","g27",17,3,1,1,4.55437787876868e-07,14.6020067094275
"e1 e19 g17 zoo",1,"e1","e19","g17","zoo",17,3,1,21,9.56419354541422e-06,11.5574842717041
"e1 e19 g25 g26",1,"e1","e19","g25","g26",17,3,1,2,9.10875575753735e-07,13.9088595288675
"e1 e19 g25 g27",1,"e1","e19","g25","g27",17,3,1,1,4.55437787876868e-07,14.6020067094275
"e1 e19 g25 zoo",1,"e1","e19","g25","zoo",17,3,1,21,9.56419354541422e-06,11.5574842717041
"e1 e19 g26 g27",1,"e1","e19","g26","g27",17,3,2,1,9.10875575753735e-07,13.9088595288675
"e1 e19 g26 zoo",1,"e1","e19","g26","zoo",17,3,2,21,1.91283870908284e-05,10.8643370911441
"e1 e19 g27 zoo",1,"e1","e19","g27","zoo",17,3,1,21,9.56419354541422e-06,11.5574842717041
"e1 e21 f5 f12",1,"e1","e21","f5","f12",17,1,36,22,0.000120235575999493,9.02605760628116
"e1 e21 f5 f39",1,"e1","e21","f5","f39",17,1,36,2,1.09305069090448e-05,11.4239528790795
"e1 e21 f5 g17",1,"e1","e21","f5","g17",17,1,36,1,5.46525345452241e-06,12.1171000596395
"e1 e21 f5 g25",1,"e1","e21","f5","g25",17,1,36,1,5.46525345452241e-06,12.1171000596395
"e1 e21 f5 g26",1,"e1","e21","f5","g26",17,1,36,2,1.09305069090448e-05,11.4239528790795
"e1 e21 f5 g27",1,"e1","e21","f5","g27",17,1,36,1,5.46525345452241e-06,12.1171000596395
"e1 e21 f5 zoo",1,"e1","e21","f5","zoo",17,1,36,21,0.000114770322544971,9.07257762191605
"e1 e21 f12 f39",1,"e1","e21","f12","f39",17,1,22,2,6.67975422219406e-06,11.9164293641773
"e1 e21 f12 g17",1,"e1","e21","f12","g17",17,1,22,1,3.33987711109703e-06,12.6095765447373
"e1 e21 f12 g25",1,"e1","e21","f12","g25",17,1,22,1,3.33987711109703e-06,12.6095765447373
"e1 e21 f12 g26",1,"e1","e21","f12","g26",17,1,22,2,6.67975422219406e-06,11.9164293641773
"e1 e21 f12 g27",1,"e1","e21","f12","g27",17,1,22,1,3.33987711109703e-06,12.6095765447373
"e1 e21 f12 zoo",1,"e1","e21","f12","zoo",17,1,22,21,7.01374193330376e-05,9.56505410701385
"e1 e21 f39 g17",1,"e1","e21","f39","g17",17,1,2,1,3.03625191917912e-07,15.0074718175356
"e1 e21 f39 g25",1,"e1","e21","f39","g25",17,1,2,1,3.03625191917912e-07,15.0074718175356
"e1 e21 f39 g26",1,"e1","e21","f39","g26",17,1,2,2,6.07250383835824e-07,14.3143246369757
"e1 e21 f39 g27",1,"e1","e21","f39","g27",17,1,2,1,3.03625191917912e-07,15.0074718175356
"e1 e21 f39 zoo",1,"e1","e21","f39","zoo",17,1,2,21,6.37612903027615e-06,11.9629493798122
"e1 e21 g17 g25",1,"e1","e21","g17","g25",17,1,1,1,1.51812595958956e-07,15.7006189980956
"e1 e21 g17 g26",1,"e1","e21","g17","g26",17,1,1,2,3.03625191917912e-07,15.0074718175356
"e1 e21 g17 g27",1,"e1","e21","g17","g27",17,1,1,1,1.51812595958956e-07,15.7006189980956
"e1 e21 g17 zoo",1,"e1","e21","g17","zoo",17,1,1,21,3.18806451513807e-06,12.6560965603722
"e1 e21 g25 g26",1,"e1","e21","g25","g26",17,1,1,2,3.03625191917912e-07,15.0074718175356
"e1 e21 g25 g27",1,"e1","e21","g25","g27",17,1,1,1,1.51812595958956e-07,15.7006189980956
"e1 e21 g25 zoo",1,"e1","e21","g25","zoo",17,1,1,21,3.18806451513807e-06,12.6560965603722
"e1 e21 g26 g27",1,"e1","e21","g26","g27",17,1,2,1,3.03625191917912e-07,15.0074718175356
"e1 e21 g26 zoo",1,"e1","e21","g26","zoo",17,1,2,21,6.37612903027615e-06,11.9629493798122
"e1 e21 g27 zoo",1,"e1","e21","g27","zoo",17,1,1,21,3.18806451513807e-06,12.6560965603722
"e1 f5 f12 f39",1,"e1","f5","f12","f39",17,36,22,2,0.000240471151998986,8.33291042572121
"e1 f5 f12 g17",1,"e1","f5","f12","g17",17,36,22,1,0.000120235575999493,9.02605760628116
"e1 f5 f12 g25",1,"e1","f5","f12","g25",17,36,22,1,0.000120235575999493,9.02605760628116
"e1 f5 f12 g26",1,"e1","f5","f12","g26",17,36,22,2,0.000240471151998986,8.33291042572121
"e1 f5 f12 g27",1,"e1","f5","f12","g27",17,36,22,1,0.000120235575999493,9.02605760628116
"e1 f5 f12 zoo",1,"e1","f5","f12","zoo",17,36,22,21,0.00252494709598935,5.98153516855774
"e1 f5 f39 g17",1,"e1","f5","f39","g17",17,36,2,1,1.09305069090448e-05,11.4239528790795
"e1 f5 f39 g25",1,"e1","f5","f39","g25",17,36,2,1,1.09305069090448e-05,11.4239528790795
"e1 f5 f39 g26",1,"e1","f5","f39","g26",17,36,2,2,2.18610138180896e-05,10.7308056985196
"e1 f5 f39 g27",1,"e1","f5","f39","g27",17,36,2,1,1.09305069090448e-05,11.4239528790795
"e1 f5 f39 zoo",1,"e1","f5","f39","zoo",17,36,2,21,0.000229540645089941,8.37943044135611
"e1 f5 g17 g25",1,"e1","f5","g17","g25",17,36,1,1,5.46525345452241e-06,12.1171000596395
"e1 f5 g17 g26",1,"e1","f5","g17","g26",17,36,1,2,1.09305069090448e-05,11.4239528790795
"e1 f5 g17 g27",1,"e1","f5","g17","g27",17,36,1,1,5.46525345452241e-06,12.1171000596395
"e1 f5 g17 zoo",1,"e1","f5","g17","zoo",17,36,1,21,0.000114770322544971,9.07257762191605
"e1 f5 g25 g26",1,"e1","f5","g25","g26",17,36,1,2,1.09305069090448e-05,11.4239528790795
"e1 f5 g25 g27",1,"e1","f5","g25","g27",17,36,1,1,5.46525345452241e-06,12.1171000596395
"e1 f5 g25 zoo",1,"e1","f5","g25","zoo",17,36,1,21,0.000114770322544971,9.07257762191605
"e1 f5 g26 g27",1,"e1","f5","g26","g27",17,36,2,1,1.09305069090448e-05,11.4239528790795
"e1 f5 g26 zoo",1,"e1","f5","g26","zoo",17,36,2,21,0.000229540645089941,8.37943044135611
"e1 f5 g27 zoo",1,"e1","f5","g27","zoo",17,36,1,21,0.000114770322544971,9.07257762191605
"e1 f12 f39 g17",1,"e1","f12","f39","g17",17,22,2,1,6.67975422219406e-06,11.9164293641773
"e1 f12 f39 g25",1,"e1","f12","f39","g25",17,22,2,1,6.67975422219406e-06,11.9164293641773
"e1 f12 f39 g26",1,"e1","f12","f39","g26",17,22,2,2,1.33595084443881e-05,11.2232821836174
"e1 f12 f39 g27",1,"e1","f12","f39","g27",17,22,2,1,6.67975422219406e-06,11.9164293641773
"e1 f12 f39 zoo",1,"e1","f12","f39","zoo",17,22,2,21,0.000140274838666075,8.8719069264539
"e1 f12 g17 g25",1,"e1","f12","g17","g25",17,22,1,1,3.33987711109703e-06,12.6095765447373
"e1 f12 g17 g26",1,"e1","f12","g17","g26",17,22,1,2,6.67975422219406e-06,11.9164293641773
"e1 f12 g17 g27",1,"e1","f12","g17","g27",17,22,1,1,3.33987711109703e-06,12.6095765447373
"e1 f12 g17 zoo",1,"e1","f12","g17","zoo",17,22,1,21,7.01374193330376e-05,9.56505410701385
"e1 f12 g25 g26",1,"e1","f12","g25","g26",17,22,1,2,6.67975422219406e-06,11.9164293641773
"e1 f12 g25 g27",1,"e1","f12","g25","g27",17,22,1,1,3.33987711109703e-06,12.6095765447373
"e1 f12 g25 zoo",1,"e1","f12","g25","zoo",17,22,1,21,7.01374193330376e-05,9.56505410701385
"e1 f12 g26 g27",1,"e1","f12","g26","g27",17,22,2,1,6.67975422219406e-06,11.9164293641773
"e1 f12 g26 zoo",1,"e1","f12","g26","zoo",17,22,2,21,0.000140274838666075,8.8719069264539
"e1 f12 g27 zoo",1,"e1","f12","g27","zoo",17,22,1,21,7.01374193330376e-05,9.56505410701385
"e1 f39 g17 g25",1,"e1","f39","g17","g25",17,2,1,1,3.03625191917912e-07,15.0074718175356
"e1 f39 g17 g26",1,"e1","f39","g17","g26",17,2,1,2,6.07250383835824e-07,14.3143246369757
"e1 f39 g17 g27",1,"e1","f39","g17","g27",17,2,1,1,3.03625191917912e-07,15.0074718175356
"e1 f39 g17 zoo",1,"e1","f39","g17","zoo",17,2,1,21,6.37612903027615e-06,11.9629493798122
"e1 f39 g25 g26",1,"e1","f39","g25","g26",17,2,1,2,6.07250383835824e-07,14.3143246369757
"e1 f39 g25 g27",1,"e1","f39","g25","g27",17,2,1,1,3.03625191917912e-07,15.0074718175356
"e1 f39 g25 zoo",1,"e1","f39","g25","zoo",17,2,1,21,6.37612903027615e-06,11.9629493798122
"e1 f39 g26 g27",1,"e1","f39","g26","g27",17,2,2,1,6.07250383835824e-07,14.3143246369757
"e1 f39 g26 zoo",1,"e1","f39","g26","zoo",17,2,2,21,1.27522580605523e-05,11.2698021992523
"e1 f39 g27 zoo",1,"e1","f39","g27","zoo",17,2,1,21,6.37612903027615e-06,11.9629493798122
"e1 g17 g25 g26",1,"e1","g17","g25","g26",17,1,1,2,3.03625191917912e-07,15.0074718175356
"e1 g17 g25 g27",1,"e1","g17","g25","g27",17,1,1,1,1.51812595958956e-07,15.7006189980956
"e1 g17 g25 zoo",1,"e1","g17","g25","zoo",17,1,1,21,3.18806451513807e-06,12.6560965603722
"e1 g17 g26 g27",1,"e1","g17","g26","g27",17,1,2,1,3.03625191917912e-07,15.0074718175356
"e1 g17 g26 zoo",1,"e1","g17","g26","zoo",17,1,2,21,6.37612903027615e-06,11.9629493798122
"e1 g17 g27 zoo",1,"e1","g17","g27","zoo",17,1,1,21,3.18806451513807e-06,12.6560965603722
"e1 g25 g26 g27",1,"e1","g25","g26","g27",17,1,2,1,3.03625191917912e-07,15.0074718175356
"e1 g25 g26 zoo",1,"e1","g25","g26","zoo",17,1,2,21,6.37612903027615e-06,11.9629493798122
"e1 g25 g27 zoo",1,"e1","g25","g27","zoo",17,1,1,21,3.18806451513807e-06,12.6560965603722
"e1 g26 g27 zoo",1,"e1","g26","g27","zoo",17,2,1,21,6.37612903027615e-06,11.9629493798122
"e19 e21 f5 f12",1,"e19","e21","f5","f12",3,1,36,22,2.12180428234399e-05,10.7606586616693
"e19 e21 f5 f39",1,"e19","e21","f5","f39",3,1,36,2,1.92891298394909e-06,13.1585539344676
"e19 e21 f5 g17",1,"e19","e21","f5","g17",3,1,36,1,9.64456491974543e-07,13.8517011150276
"e19 e21 f5 g25",1,"e19","e21","f5","g25",3,1,36,1,9.64456491974543e-07,13.8517011150276
"e19 e21 f5 g26",1,"e19","e21","f5","g26",3,1,36,2,1.92891298394909e-06,13.1585539344676
"e19 e21 f5 g27",1,"e19","e21","f5","g27",3,1,36,1,9.64456491974543e-07,13.8517011150276
"e19 e21 f5 zoo",1,"e19","e21","f5","zoo",3,1,36,21,2.02535863314654e-05,10.8071786773042
"e19 e21 f12 f39",1,"e19","e21","f12","f39",3,1,22,2,1.17878015685777e-06,13.6510304195654
"e19 e21 f12 g17",1,"e19","e21","f12","g17",3,1,22,1,5.89390078428887e-07,14.3441776001254
"e19 e21 f12 g25",1,"e19","e21","f12","g25",3,1,22,1,5.89390078428887e-07,14.3441776001254
"e19 e21 f12 g26",1,"e19","e21","f12","g26",3,1,22,2,1.17878015685777e-06,13.6510304195654
"e19 e21 f12 g27",1,"e19","e21","f12","g27",3,1,22,1,5.89390078428887e-07,14.3441776001254
"e19 e21 f12 zoo",1,"e19","e21","f12","zoo",3,1,22,21,1.23771916470066e-05,11.299655162402
"e19 e21 f39 g17",1,"e19","e21","f39","g17",3,1,2,1,5.3580916220808e-08,16.7420728729237
"e19 e21 f39 g25",1,"e19","e21","f39","g25",3,1,2,1,5.3580916220808e-08,16.7420728729237
"e19 e21 f39 g26",1,"e19","e21","f39","g26",3,1,2,2,1.07161832441616e-07,16.0489256923638
"e19 e21 f39 g27",1,"e19","e21","f39","g27",3,1,2,1,5.3580916220808e-08,16.7420728729237
"e19 e21 f39 zoo",1,"e19","e21","f39","zoo",3,1,2,21,1.12519924063697e-06,13.6975504352003
"e19 e21 g17 g25",1,"e19","e21","g17","g25",3,1,1,1,2.6790458110404e-08,17.4352200534837
"e19 e21 g17 g26",1,"e19","e21","g17","g26",3,1,1,2,5.3580916220808e-08,16.7420728729237
"e19 e21 g17 g27",1,"e19","e21","g17","g27",3,1,1,1,2.6790458110404e-08,17.4352200534837
"e19 e21 g17 zoo",1,"e19","e21","g17","zoo",3,1,1,21,5.62599620318483e-07,14.3906976157603
"e19 e21 g25 g26",1,"e19","e21","g25","g26",3,1,1,2,5.3580916220808e-08,16.7420728729237
"e19 e21 g25 g27",1,"e19","e21","g25","g27",3,1,1,1,2.6790458110404e-08,17.4352200534837
"e19 e21 g25 zoo",1,"e19","e21","g25","zoo",3,1,1,21,5.62599620318483e-07,14.3906976157603
"e19 e21 g26 g27",1,"e19","e21","g26","g27",3,1,2,1,5.3580916220808e-08,16.7420728729237
"e19 e21 g26 zoo",1,"e19","e21","g26","zoo",3,1,2,21,1.12519924063697e-06,13.6975504352003
"e19 e21 g27 zoo",1,"e19","e21","g27","zoo",3,1,1,21,5.62599620318483e-07,14.3906976157603
"e19 f5 f12 f39",1,"e19","f5","f12","f39",3,36,22,2,4.24360856468799e-05,10.0675114811093
"e19 f5 f12 g17",1,"e19","f5","f12","g17",3,36,22,1,2.12180428234399e-05,10.7606586616693
"e19 f5 f12 g25",1,"e19","f5","f12","g25",3,36,22,1,2.12180428234399e-05,10.7606586616693
"e19 f5 f12 g26",1,"e19","f5","f12","g26",3,36,22,2,4.24360856468799e-05,10.0675114811093
"e19 f5 f12 g27",1,"e19","f5","f12","g27",3,36,22,1,2.12180428234399e-05,10.7606586616693
"e19 f5 f12 zoo",1,"e19","f5","f12","zoo",3,36,22,21,0.000445578899292239,7.71613622394584
"e19 f5 f39 g17",1,"e19","f5","f39","g17",3,36,2,1,1.92891298394909e-06,13.1585539344676
"e19 f5 f39 g25",1,"e19","f5","f39","g25",3,36,2,1,1.92891298394909e-06,13.1585539344676
"e19 f5 f39 g26",1,"e19","f5","f39","g26",3,36,2,2,3.85782596789817e-06,12.4654067539077
"e19 f5 f39 g27",1,"e19","f5","f39","g27",3,36,2,1,1.92891298394909e-06,13.1585539344676
"e19 f5 f39 zoo",1,"e19","f5","f39","zoo",3,36,2,21,4.05071726629308e-05,10.1140314967442
"e19 f5 g17 g25",1,"e19","f5","g17","g25",3,36,1,1,9.64456491974543e-07,13.8517011150276
"e19 f5 g17 g26",1,"e19","f5","g17","g26",3,36,1,2,1.92891298394909e-06,13.1585539344676
"e19 f5 g17 g27",1,"e19","f5","g17","g27",3,36,1,1,9.64456491974543e-07,13.8517011150276
"e19 f5 g17 zoo",1,"e19","f5","g17","zoo",3,36,1,21,2.02535863314654e-05,10.8071786773042
"e19 f5 g25 g26",1,"e19","f5","g25","g26",3,36,1,2,1.92891298394909e-06,13.1585539344676
"e19 f5 g25 g27",1,"e19","f5","g25","g27",3,36,1,1,9.64456491974543e-07,13.8517011150276
"e19 f5 g25 zoo",1,"e19","f5","g25","zoo",3,36,1,21,2.02535863314654e-05,10.8071786773042
"e19 f5 g26 g27",1,"e19","f5","g26","g27",3,36,2,1,1.92891298394909e-06,13.1585539344676
"e19 f5 g26 zoo",1,"e19","f5","g26","zoo",3,36,2,21,4.05071726629308e-05,10.1140314967442
"e19 f5 g27 zoo",1,"e19","f5","g27","zoo",3,36,1,21,2.02535863314654e-05,10.8071786773042
"e19 f12 f39 g17",1,"e19","f12","f39","g17",3,22,2,1,1.17878015685777e-06,13.6510304195654
"e19 f12 f39 g25",1,"e19","f12","f39","g25",3,22,2,1,1.17878015685777e-06,13.6510304195654
"e19 f12 f39 g26",1,"e19","f12","f39","g26",3,22,2,2,2.35756031371555e-06,12.9578832390055
"e19 f12 f39 g27",1,"e19","f12","f39","g27",3,22,2,1,1.17878015685777e-06,13.6510304195654
"e19 f12 f39 zoo",1,"e19","f12","f39","zoo",3,22,2,21,2.47543832940133e-05,10.606507981842
"e19 f12 g17 g25",1,"e19","f12","g17","g25",3,22,1,1,5.89390078428887e-07,14.3441776001254
"e19 f12 g17 g26",1,"e19","f12","g17","g26",3,22,1,2,1.17878015685777e-06,13.6510304195654
"e19 f12 g17 g27",1,"e19","f12","g17","g27",3,22,1,1,5.89390078428887e-07,14.3441776001254
"e19 f12 g17 zoo",1,"e19","f12","g17","zoo",3,22,1,21,1.23771916470066e-05,11.299655162402
"e19 f12 g25 g26",1,"e19","f12","g25","g26",3,22,1,2,1.17878015685777e-06,13.6510304195654
"e19 f12 g25 g27",1,"e19","f12","g25","g27",3,22,1,1,5.89390078428887e-07,14.3441776001254
"e19 f12 g25 zoo",1,"e19","f12","g25","zoo",3,22,1,21,1.23771916470066e-05,11.299655162402
"e19 f12 g26 g27",1,"e19","f12","g26","g27",3,22,2,1,1.17878015685777e-06,13.6510304195654
"e19 f12 g26 zoo",1,"e19","f12","g26","zoo",3,22,2,21,2.47543832940133e-05,10.606507981842
"e19 f12 g27 zoo",1,"e19","f12","g27","zoo",3,22,1,21,1.23771916470066e-05,11.299655162402
"e19 f39 g17 g25",1,"e19","f39","g17","g25",3,2,1,1,5.3580916220808e-08,16.7420728729237
"e19 f39 g17 g26",1,"e19","f39","g17","g26",3,2,1,2,1.07161832441616e-07,16.0489256923638
"e19 f39 g17 g27",1,"e19","f39","g17","g27",3,2,1,1,5.3580916220808e-08,16.7420728729237
"e19 f39 g17 zoo",1,"e19","f39","g17","zoo",3,2,1,21,1.12519924063697e-06,13.6975504352003
"e19 f39 g25 g26",1,"e19","f39","g25","g26",3,2,1,2,1.07161832441616e-07,16.0489256923638
"e19 f39 g25 g27",1,"e19","f39","g25","g27",3,2,1,1,5.3580916220808e-08,16.7420728729237
"e19 f39 g25 zoo",1,"e19","f39","g25","zoo",3,2,1,21,1.12519924063697e-06,13.6975504352003
"e19 f39 g26 g27",1,"e19","f39","g26","g27",3,2,2,1,1.07161832441616e-07,16.0489256923638
"e19 f39 g26 zoo",1,"e19","f39","g26","zoo",3,2,2,21,2.25039848127393e-06,13.0044032546404
"e19 f39 g27 zoo",1,"e19","f39","g27","zoo",3,2,1,21,1.12519924063697e-06,13.6975504352003
"e19 g17 g25 g26",1,"e19","g17","g25","g26",3,1,1,2,5.3580916220808e-08,16.7420728729237
"e19 g17 g25 g27",1,"e19","g17","g25","g27",3,1,1,1,2.6790458110404e-08,17.4352200534837
"e19 g17 g25 zoo",1,"e19","g17","g25","zoo",3,1,1,21,5.62599620318483e-07,14.3906976157603
"e19 g17 g26 g27",1,"e19","g17","g26","g27",3,1,2,1,5.3580916220808e-08,16.7420728729237
"e19 g17 g26 zoo",1,"e19","g17","g26","zoo",3,1,2,21,1.12519924063697e-06,13.6975504352003
"e19 g17 g27 zoo",1,"e19","g17","g27","zoo",3,1,1,21,5.62599620318483e-07,14.3906976157603
"e19 g25 g26 g27",1,"e19","g25","g26","g27",3,1,2,1,5.3580916220808e-08,16.7420728729237
"e19 g25 g26 zoo",1,"e19","g25","g26","zoo",3,1,2,21,1.12519924063697e-06,13.6975504352003
"e19 g25 g27 zoo",1,"e19","g25","g27","zoo",3,1,1,21,5.62599620318483e-07,14.3906976157603
"e19 g26 g27 zoo",1,"e19","g26","g27","zoo",3,2,1,21,1.12519924063697e-06,13.6975504352003
"e21 f5 f12 f39",1,"e21","f5","f12","f39",1,36,22,2,1.41453618822933e-05,11.1661237697774
"e21 f5 f12 g17",1,"e21","f5","f12","g17",1,36,22,1,7.07268094114665e-06,11.8592709503374
"e21 f5 f12 g25",1,"e21","f5","f12","g25",1,36,22,1,7.07268094114665e-06,11.8592709503374
"e21 f5 f12 g26",1,"e21","f5","f12","g26",1,36,22,2,1.41453618822933e-05,11.1661237697774
"e21 f5 f12 g27",1,"e21","f5","f12","g27",1,36,22,1,7.07268094114665e-06,11.8592709503374
"e21 f5 f12 zoo",1,"e21","f5","f12","zoo",1,36,22,21,0.00014852629976408,8.81474851261395
"e21 f5 f39 g17",1,"e21","f5","f39","g17",1,36,2,1,6.42970994649695e-07,14.2571662231357
"e21 f5 f39 g25",1,"e21","f5","f39","g25",1,36,2,1,6.42970994649695e-07,14.2571662231357
"e21 f5 f39 g26",1,"e21","f5","f39","g26",1,36,2,2,1.28594198929939e-06,13.5640190425758
"e21 f5 f39 g27",1,"e21","f5","f39","g27",1,36,2,1,6.42970994649695e-07,14.2571662231357
"e21 f5 f39 zoo",1,"e21","f5","f39","zoo",1,36,2,21,1.35023908876436e-05,11.2126437854123
"e21 f5 g17 g25",1,"e21","f5","g17","g25",1,36,1,1,3.21485497324848e-07,14.9503134036957
"e21 f5 g17 g26",1,"e21","f5","g17","g26",1,36,1,2,6.42970994649695e-07,14.2571662231357
"e21 f5 g17 g27",1,"e21","f5","g17","g27",1,36,1,1,3.21485497324848e-07,14.9503134036957
"e21 f5 g17 zoo",1,"e21","f5","g17","zoo",1,36,1,21,6.7511954438218e-06,11.9057909659723
"e21 f5 g25 g26",1,"e21","f5","g25","g26",1,36,1,2,6.42970994649695e-07,14.2571662231357
"e21 f5 g25 g27",1,"e21","f5","g25","g27",1,36,1,1,3.21485497324848e-07,14.9503134036957
"e21 f5 g25 zoo",1,"e21","f5","g25","zoo",1,36,1,21,6.7511954438218e-06,11.9057909659723
"e21 f5 g26 g27",1,"e21","f5","g26","g27",1,36,2,1,6.42970994649695e-07,14.2571662231357
"e21 f5 g26 zoo",1,"e21","f5","g26","zoo",1,36,2,21,1.35023908876436e-05,11.2126437854123
"e21 f5 g27 zoo",1,"e21","f5","g27","zoo",1,36,1,21,6.7511954438218e-06,11.9057909659723
"e21 f12 f39 g17",1,"e21","f12","f39","g17",1,22,2,1,3.92926718952592e-07,14.7496427082335
"e21 f12 f39 g25",1,"e21","f12","f39","g25",1,22,2,1,3.92926718952592e-07,14.7496427082335
"e21 f12 f39 g26",1,"e21","f12","f39","g26",1,22,2,2,7.85853437905183e-07,14.0564955276736
"e21 f12 f39 g27",1,"e21","f12","f39","g27",1,22,2,1,3.92926718952592e-07,14.7496427082335
"e21 f12 f39 zoo",1,"e21","f12","f39","zoo",1,22,2,21,8.25146109800443e-06,11.7051202705101
"e21 f12 g17 g25",1,"e21","f12","g17","g25",1,22,1,1,1.96463359476296e-07,15.4427898887935
"e21 f12 g17 g26",1,"e21","f12","g17","g26",1,22,1,2,3.92926718952592e-07,14.7496427082335
"e21 f12 g17 g27",1,"e21","f12","g17","g27",1,22,1,1,1.96463359476296e-07,15.4427898887935
"e21 f12 g17 zoo",1,"e21","f12","g17","zoo",1,22,1,21,4.12573054900221e-06,12.3982674510701
"e21 f12 g25 g26",1,"e21","f12","g25","g26",1,22,1,2,3.92926718952592e-07,14.7496427082335
"e21 f12 g25 g27",1,"e21","f12","g25","g27",1,22,1,1,1.96463359476296e-07,15.4427898887935
"e21 f12 g25 zoo",1,"e21","f12","g25","zoo",1,22,1,21,4.12573054900221e-06,12.3982674510701
"e21 f12 g26 g27",1,"e21","f12","g26","g27",1,22,2,1,3.92926718952592e-07,14.7496427082335
"e21 f12 g26 zoo",1,"e21","f12","g26","zoo",1,22,2,21,8.25146109800443e-06,11.7051202705101
"e21 f12 g27 zoo",1,"e21","f12","g27","zoo",1,22,1,21,4.12573054900221e-06,12.3982674510701
"e21 f39 g17 g25",1,"e21","f39","g17","g25",1,2,1,1,1.7860305406936e-08,17.8406851615919
"e21 f39 g17 g26",1,"e21","f39","g17","g26",1,2,1,2,3.5720610813872e-08,17.1475379810319
"e21 f39 g17 g27",1,"e21","f39","g17","g27",1,2,1,1,1.7860305406936e-08,17.8406851615919
"e21 f39 g17 zoo",1,"e21","f39","g17","zoo",1,2,1,21,3.75066413545656e-07,14.7961627238684
"e21 f39 g25 g26",1,"e21","f39","g25","g26",1,2,1,2,3.5720610813872e-08,17.1475379810319
"e21 f39 g25 g27",1,"e21","f39","g25","g27",1,2,1,1,1.7860305406936e-08,17.8406851615919
"e21 f39 g25 zoo",1,"e21","f39","g25","zoo",1,2,1,21,3.75066413545656e-07,14.7961627238684
"e21 f39 g26 g27",1,"e21","f39","g26","g27",1,2,2,1,3.5720610813872e-08,17.1475379810319
"e21 f39 g26 zoo",1,"e21","f39","g26","zoo",1,2,2,21,7.50132827091311e-07,14.1030155433085
"e21 f39 g27 zoo",1,"e21","f39","g27","zoo",1,2,1,21,3.75066413545656e-07,14.7961627238684
"e21 g17 g25 g26",1,"e21","g17","g25","g26",1,1,1,2,1.7860305406936e-08,17.8406851615919
"e21 g17 g25 g27",1,"e21","g17","g25","g27",1,1,1,1,8.93015270346799e-09,18.5338323421518
"e21 g17 g25 zoo",1,"e21","g17","g25","zoo",1,1,1,21,1.87533206772828e-07,15.4893099044284
"e21 g17 g26 g27",1,"e21","g17","g26","g27",1,1,2,1,1.7860305406936e-08,17.8406851615919
"e21 g17 g26 zoo",1,"e21","g17","g26","zoo",1,1,2,21,3.75066413545656e-07,14.7961627238684
"e21 g17 g27 zoo",1,"e21","g17","g27","zoo",1,1,1,21,1.87533206772828e-07,15.4893099044284
"e21 g25 g26 g27",1,"e21","g25","g26","g27",1,1,2,1,1.7860305406936e-08,17.8406851615919
"e21 g25 g26 zoo",1,"e21","g25","g26","zoo",1,1,2,21,3.75066413545656e-07,14.7961627238684
"e21 g25 g27 zoo",1,"e21","g25","g27","zoo",1,1,1,21,1.87533206772828e-07,15.4893099044284
"e21 g26 g27 zoo",1,"e21","g26","g27","zoo",1,2,1,21,3.75066413545656e-07,14.7961627238684
"f5 f12 f39 g17",1,"f5","f12","f39","g17",36,22,2,1,1.41453618822933e-05,11.1661237697774
"f5 f12 f39 g25",1,"f5","f12","f39","g25",36,22,2,1,1.41453618822933e-05,11.1661237697774
"f5 f12 f39 g26",1,"f5","f12","f39","g26",36,22,2,2,2.82907237645866e-05,10.4729765892175
"f5 f12 f39 g27",1,"f5","f12","f39","g27",36,22,2,1,1.41453618822933e-05,11.1661237697774
"f5 f12 f39 zoo",1,"f5","f12","f39","zoo",36,22,2,21,0.000297052599528159,8.12160133205401
"f5 f12 g17 g25",1,"f5","f12","g17","g25",36,22,1,1,7.07268094114665e-06,11.8592709503374
"f5 f12 g17 g26",1,"f5","f12","g17","g26",36,22,1,2,1.41453618822933e-05,11.1661237697774
"f5 f12 g17 g27",1,"f5","f12","g17","g27",36,22,1,1,7.07268094114665e-06,11.8592709503374
"f5 f12 g17 zoo",1,"f5","f12","g17","zoo",36,22,1,21,0.00014852629976408,8.81474851261395
"f5 f12 g25 g26",1,"f5","f12","g25","g26",36,22,1,2,1.41453618822933e-05,11.1661237697774
"f5 f12 g25 g27",1,"f5","f12","g25","g27",36,22,1,1,7.07268094114665e-06,11.8592709503374
"f5 f12 g25 zoo",1,"f5","f12","g25","zoo",36,22,1,21,0.00014852629976408,8.81474851261395
"f5 f12 g26 g27",1,"f5","f12","g26","g27",36,22,2,1,1.41453618822933e-05,11.1661237697774
"f5 f12 g26 zoo",1,"f5","f12","g26","zoo",36,22,2,21,0.000297052599528159,8.12160133205401
"f5 f12 g27 zoo",1,"f5","f12","g27","zoo",36,22,1,21,0.00014852629976408,8.81474851261395
"f5 f39 g17 g25",1,"f5","f39","g17","g25",36,2,1,1,6.42970994649695e-07,14.2571662231357
"f5 f39 g17 g26",1,"f5","f39","g17","g26",36,2,1,2,1.28594198929939e-06,13.5640190425758
"f5 f39 g17 g27",1,"f5","f39","g17","g27",36,2,1,1,6.42970994649695e-07,14.2571662231357
"f5 f39 g17 zoo",1,"f5","f39","g17","zoo",36,2,1,21,1.35023908876436e-05,11.2126437854123
"f5 f39 g25 g26",1,"f5","f39","g25","g26",36,2,1,2,1.28594198929939e-06,13.5640190425758
"f5 f39 g25 g27",1,"f5","f39","g25","g27",36,2,1,1,6.42970994649695e-07,14.2571662231357
"f5 f39 g25 zoo",1,"f5","f39","g25","zoo",36,2,1,21,1.35023908876436e-05,11.2126437854123
"f5 f39 g26 g27",1,"f5","f39","g26","g27",36,2,2,1,1.28594198929939e-06,13.5640190425758
"f5 f39 g26 zoo",1,"f5","f39","g26","zoo",36,2,2,21,2.70047817752872e-05,10.5194966048524
"f5 f39 g27 zoo",1,"f5","f39","g27","zoo",36,2,1,21,1.35023908876436e-05,11.2126437854123
"f5 g17 g25 g26",1,"f5","g17","g25","g26",36,1,1,2,6.42970994649695e-07,14.2571662231357
"f5 g17 g25 g27",1,"f5","g17","g25","g27",36,1,1,1,3.21485497324848e-07,14.9503134036957
"f5 g17 g25 zoo",1,"f5","g17","g25","zoo",36,1,1,21,6.7511954438218e-06,11.9057909659723
"f5 g17 g26 g27",1,"f5","g17","g26","g27",36,1,2,1,6.42970994649695e-07,14.2571662231357
"f5 g17 g26 zoo",1,"f5","g17","g26","zoo",36,1,2,21,1.35023908876436e-05,11.2126437854123
"f5 g17 g27 zoo",1,"f5","g17","g27","zoo",36,1,1,21,6.7511954438218e-06,11.9057909659723
"f5 g25 g26 g27",1,"f5","g25","g26","g27",36,1,2,1,6.42970994649695e-07,14.2571662231357
"f5 g25 g26 zoo",1,"f5","g25","g26","zoo",36,1,2,21,1.35023908876436e-05,11.2126437854123
"f5 g25 g27 zoo",1,"f5","g25","g27","zoo",36,1,1,21,6.7511954438218e-06,11.9057909659723
"f5 g26 g27 zoo",1,"f5","g26","g27","zoo",36,2,1,21,1.35023908876436e-05,11.2126437854123
"f12 f39 g17 g25",1,"f12","f39","g17","g25",22,2,1,1,3.92926718952592e-07,14.7496427082335
"f12 f39 g17 g26",1,"f12","f39","g17","g26",22,2,1,2,7.85853437905183e-07,14.0564955276736
"f12 f39 g17 g27",1,"f12","f39","g17","g27",22,2,1,1,3.92926718952592e-07,14.7496427082335
"f12 f39 g17 zoo",1,"f12","f39","g17","zoo",22,2,1,21,8.25146109800443e-06,11.7051202705101
"f12 f39 g25 g26",1,"f12","f39","g25","g26",22,2,1,2,7.85853437905183e-07,14.0564955276736
"f12 f39 g25 g27",1,"f12","f39","g25","g27",22,2,1,1,3.92926718952592e-07,14.7496427082335
"f12 f39 g25 zoo",1,"f12","f39","g25","zoo",22,2,1,21,8.25146109800443e-06,11.7051202705101
"f12 f39 g26 g27",1,"f12","f39","g26","g27",22,2,2,1,7.85853437905183e-07,14.0564955276736
"f12 f39 g26 zoo",1,"f12","f39","g26","zoo",22,2,2,21,1.65029221960089e-05,11.0119730899502
"f12 f39 g27 zoo",1,"f12","f39","g27","zoo",22,2,1,21,8.25146109800443e-06,11.7051202705101
"f12 g17 g25 g26",1,"f12","g17","g25","g26",22,1,1,2,3.92926718952592e-07,14.7496427082335
"f12 g17 g25 g27",1,"f12","g17","g25","g27",22,1,1,1,1.96463359476296e-07,15.4427898887935
"f12 g17 g25 zoo",1,"f12","g17","g25","zoo",22,1,1,21,4.12573054900221e-06,12.3982674510701
"f12 g17 g26 g27",1,"f12","g17","g26","g27",22,1,2,1,3.92926718952592e-07,14.7496427082335
"f12 g17 g26 zoo",1,"f12","g17","g26","zoo",22,1,2,21,8.25146109800443e-06,11.7051202705101
"f12 g17 g27 zoo",1,"f12","g17","g27","zoo",22,1,1,21,4.12573054900221e-06,12.3982674510701
"f12 g25 g26 g27",1,"f12","g25","g26","g27",22,1,2,1,3.92926718952592e-07,14.7496427082335
"f12 g25 g26 zoo",1,"f12","g25","g26","zoo",22,1,2,21,8.25146109800443e-06,11.7051202705101
"f12 g25 g27 zoo",1,"f12","g25","g27","zoo",22,1,1,21,4.12573054900221e-06,12.3982674510701
"f12 g26 g27 zoo",1,"f12","g26","g27","zoo",22,2,1,21,8.25146109800443e-06,11.7051202705101
"f39 g17 g25 g26",1,"f39","g17","g25","g26",2,1,1,2,3.5720610813872e-08,17.1475379810319
"f39 g17 g25 g27",1,"f39","g17","g25","g27",2,1,1,1,1.7860305406936e-08,17.8406851615919
"f39 g17 g25 zoo",1,"f39","g17","g25","zoo",2,1,1,21,3.75066413545656e-07,14.7961627238684
"f39 g17 g26 g27",1,"f39","g17","g26","g27",2,1,2,1,3.5720610813872e-08,17.1475379810319
"f39 g17 g26 zoo",1,"f39","g17","g26","zoo",2,1,2,21,7.50132827091311e-07,14.1030155433085
"f39 g17 g27 zoo",1,"f39","g17","g27","zoo",2,1,1,21,3.75066413545656e-07,14.7961627238684
"f39 g25 g26 g27",1,"f39","g25","g26","g27",2,1,2,1,3.5720610813872e-08,17.1475379810319
"f39 g25 g26 zoo",1,"f39","g25","g26","zoo",2,1,2,21,7.50132827091311e-07,14.1030155433085
"f39 g25 g27 zoo",1,"f39","g25","g27","zoo",2,1,1,21,3.75066413545656e-07,14.7961627238684
"f39 g26 g27 zoo",1,"f39","g26","g27","zoo",2,2,1,21,7.50132827091311e-07,14.1030155433085
"g17 g25 g26 g27",1,"g17","g25","g26","g27",1,1,2,1,1.7860305406936e-08,17.8406851615919
"g17 g25 g26 zoo",1,"g17","g25","g26","zoo",1,1,2,21,3.75066413545656e-07,14.7961627238684
"g17 g25 g27 zoo",1,"g17","g25","g27","zoo",1,1,1,21,1.87533206772828e-07,15.4893099044284
"g17 g26 g27 zoo",1,"g17","g26","g27","zoo",1,2,1,21,3.75066413545656e-07,14.7961627238684
"g25 g26 g27 zoo",1,"g25","g26","g27","zoo",1,2,1,21,3.75066413545656e-07,14.7961627238684
"a1 c1 d15 d32",1,"a1","c1","d15","d32",136,125,11,1,0.00166993855554851,6.39496844631508
"a1 c1 d15 f13",1,"a1","c1","d15","f13",136,125,11,9,0.0150294469999366,4.19774386897886
"a1 c1 d15 f48",1,"a1","c1","d15","f48",136,125,11,2,0.00333987711109703,5.70182126575513
"a1 c1 d15 g3",1,"a1","c1","d15","g3",136,125,11,1,0.00166993855554851,6.39496844631508
"a1 c1 d15 g7",1,"a1","c1","d15","g7",136,125,11,3,0.00500981566664554,5.29635615764697
"a1 c1 d15 g8",1,"a1","c1","d15","g8",136,125,11,1,0.00166993855554851,6.39496844631508
"a1 c1 d32 f13",1,"a1","c1","d32","f13",136,125,1,9,0.0013663133636306,6.59563914177723
"a1 c1 d32 f48",1,"a1","c1","d32","f48",136,125,1,2,0.000303625191917912,8.0997165385535
"a1 c1 d32 g1",1,"a1","c1","d32","g1",136,125,1,97,0.0147258218080187,4.21815274061006
"a1 c1 d32 g3",1,"a1","c1","d32","g3",136,125,1,1,0.000151812595958956,8.79286371911345
"a1 c1 d32 g7",1,"a1","c1","d32","g7",136,125,1,3,0.000455437787876868,7.69425143044534
"a1 c1 d32 g8",1,"a1","c1","d32","g8",136,125,1,1,0.000151812595958956,8.79286371911345
"a1 c1 f13 f48",1,"a1","c1","f13","f48",136,125,9,2,0.00273262672726121,5.90249196121728
"a1 c1 f13 g3",1,"a1","c1","f13","g3",136,125,9,1,0.0013663133636306,6.59563914177723
"a1 c1 f13 g7",1,"a1","c1","f13","g7",136,125,9,3,0.00409894009089181,5.49702685310912
"a1 c1 f13 g8",1,"a1","c1","f13","g8",136,125,9,1,0.0013663133636306,6.59563914177723
"a1 c1 f48 g1",1,"a1","c1","f48","g1",136,125,2,97,0.0294516436160374,3.52500556005012
"a1 c1 f48 g3",1,"a1","c1","f48","g3",136,125,2,1,0.000303625191917912,8.0997165385535
"a1 c1 f48 g7",1,"a1","c1","f48","g7",136,125,2,3,0.000910875575753735,7.00110424988539
"a1 c1 f48 g8",1,"a1","c1","f48","g8",136,125,2,1,0.000303625191917912,8.0997165385535
"a1 c1 g1 g3",1,"a1","c1","g1","g3",136,125,97,1,0.0147258218080187,4.21815274061006
"a1 c1 g1 g8",1,"a1","c1","g1","g8",136,125,97,1,0.0147258218080187,4.21815274061006
"a1 c1 g3 g7",1,"a1","c1","g3","g7",136,125,1,3,0.000455437787876868,7.69425143044534
"a1 c1 g3 g8",1,"a1","c1","g3","g8",136,125,1,1,0.000151812595958956,8.79286371911345
"a1 c1 g7 g8",1,"a1","c1","g7","g8",136,125,3,1,0.000455437787876868,7.69425143044534
"a1 d15 d32 f13",1,"a1","d15","d32","f13",136,11,1,9,0.000120235575999493,9.02605760628116
"a1 d15 d32 f48",1,"a1","d15","d32","f48",136,11,1,2,2.67190168887762e-05,10.5301350030574
"a1 d15 d32 g1",1,"a1","d15","d32","g1",136,11,1,97,0.00129587231910565,6.648571205114
"a1 d15 d32 g3",1,"a1","d15","d32","g3",136,11,1,1,1.33595084443881e-05,11.2232821836174
"a1 d15 d32 g7",1,"a1","d15","d32","g7",136,11,1,3,4.00785253331643e-05,10.1246698949493
"a1 d15 d32 g8",1,"a1","d15","d32","g8",136,11,1,1,1.33595084443881e-05,11.2232821836174
"a1 d15 f13 f48",1,"a1","d15","f13","f48",136,11,9,2,0.000240471151998986,8.33291042572121
"a1 d15 f13 g1",1,"a1","d15","f13","g1",136,11,9,97,0.0116628508719508,4.45134662777778
"a1 d15 f13 g3",1,"a1","d15","f13","g3",136,11,9,1,0.000120235575999493,9.02605760628116
"a1 d15 f13 g7",1,"a1","d15","f13","g7",136,11,9,3,0.000360706727998479,7.92744531761305
"a1 d15 f13 g8",1,"a1","d15","f13","g8",136,11,9,1,0.000120235575999493,9.02605760628116
"a1 d15 f48 g1",1,"a1","d15","f48","g1",136,11,2,97,0.00259174463821129,5.95542402455405
"a1 d15 f48 g3",1,"a1","d15","f48","g3",136,11,2,1,2.67190168887762e-05,10.5301350030574
"a1 d15 f48 g7",1,"a1","d15","f48","g7",136,11,2,3,8.01570506663287e-05,9.43152271438932
"a1 d15 f48 g8",1,"a1","d15","f48","g8",136,11,2,1,2.67190168887762e-05,10.5301350030574
"a1 d15 g1 g3",1,"a1","d15","g1","g3",136,11,97,1,0.00129587231910565,6.648571205114
"a1 d15 g1 g8",1,"a1","d15","g1","g8",136,11,97,1,0.00129587231910565,6.648571205114
"a1 d15 g3 g7",1,"a1","d15","g3","g7",136,11,1,3,4.00785253331643e-05,10.1246698949493
"a1 d15 g3 g8",1,"a1","d15","g3","g8",136,11,1,1,1.33595084443881e-05,11.2232821836174
"a1 d15 g7 g8",1,"a1","d15","g7","g8",136,11,3,1,4.00785253331643e-05,10.1246698949493
"a1 d32 f13 f48",1,"a1","d32","f13","f48",136,1,9,2,2.18610138180896e-05,10.7308056985196
"a1 d32 f13 g1",1,"a1","d32","f13","g1",136,1,9,97,0.00106025917017735,6.84924190057615
"a1 d32 f13 g3",1,"a1","d32","f13","g3",136,1,9,1,1.09305069090448e-05,11.4239528790795
"a1 d32 f13 g7",1,"a1","d32","f13","g7",136,1,9,3,3.27915207271345e-05,10.3253405904114
"a1 d32 f13 g8",1,"a1","d32","f13","g8",136,1,9,1,1.09305069090448e-05,11.4239528790795
"a1 d32 f48 g1",1,"a1","d32","f48","g1",136,1,2,97,0.0002356131489283,8.35331929735242
"a1 d32 f48 g3",1,"a1","d32","f48","g3",136,1,2,1,2.42900153534329e-06,12.9280302758558
"a1 d32 f48 g7",1,"a1","d32","f48","g7",136,1,2,3,7.28700460602988e-06,11.8294179871877
"a1 d32 f48 g8",1,"a1","d32","f48","g8",136,1,2,1,2.42900153534329e-06,12.9280302758558
"a1 d32 g1 g3",1,"a1","d32","g1","g3",136,1,97,1,0.00011780657446415,9.04646647791237
"a1 d32 g1 g7",1,"a1","d32","g1","g7",136,1,97,3,0.000353419723392449,7.94785418924426
"a1 d32 g1 g8",1,"a1","d32","g1","g8",136,1,97,1,0.00011780657446415,9.04646647791237
"a1 d32 g3 g7",1,"a1","d32","g3","g7",136,1,1,3,3.64350230301494e-06,12.5225651677476
"a1 d32 g3 g8",1,"a1","d32","g3","g8",136,1,1,1,1.21450076767165e-06,13.6211774564157
"a1 d32 g7 g8",1,"a1","d32","g7","g8",136,1,3,1,3.64350230301494e-06,12.5225651677476
"a1 f13 f48 g1",1,"a1","f13","f48","g1",136,9,2,97,0.0021205183403547,6.1560947200162
"a1 f13 f48 g3",1,"a1","f13","f48","g3",136,9,2,1,2.18610138180896e-05,10.7308056985196
"a1 f13 f48 g7",1,"a1","f13","f48","g7",136,9,2,3,6.55830414542689e-05,9.63219340985147
"a1 f13 f48 g8",1,"a1","f13","f48","g8",136,9,2,1,2.18610138180896e-05,10.7308056985196
"a1 f13 g1 g3",1,"a1","f13","g1","g3",136,9,97,1,0.00106025917017735,6.84924190057615
"a1 f13 g1 g7",1,"a1","f13","g1","g7",136,9,97,3,0.00318077751053204,5.75062961190804
"a1 f13 g1 g8",1,"a1","f13","g1","g8",136,9,97,1,0.00106025917017735,6.84924190057615
"a1 f13 g3 g7",1,"a1","f13","g3","g7",136,9,1,3,3.27915207271345e-05,10.3253405904114
"a1 f13 g3 g8",1,"a1","f13","g3","g8",136,9,1,1,1.09305069090448e-05,11.4239528790795
"a1 f13 g7 g8",1,"a1","f13","g7","g8",136,9,3,1,3.27915207271345e-05,10.3253405904114
"a1 f48 g1 g3",1,"a1","f48","g1","g3",136,2,97,1,0.0002356131489283,8.35331929735242
"a1 f48 g1 g7",1,"a1","f48","g1","g7",136,2,97,3,0.000706839446784899,7.25470700868431
"a1 f48 g1 g8",1,"a1","f48","g1","g8",136,2,97,1,0.0002356131489283,8.35331929735242
"a1 f48 g3 g7",1,"a1","f48","g3","g7",136,2,1,3,7.28700460602988e-06,11.8294179871877
"a1 f48 g3 g8",1,"a1","f48","g3","g8",136,2,1,1,2.42900153534329e-06,12.9280302758558
"a1 f48 g7 g8",1,"a1","f48","g7","g8",136,2,3,1,7.28700460602988e-06,11.8294179871877
"a1 g1 g3 g7",1,"a1","g1","g3","g7",136,97,1,3,0.000353419723392449,7.94785418924426
"a1 g1 g3 g8",1,"a1","g1","g3","g8",136,97,1,1,0.00011780657446415,9.04646647791237
"a1 g1 g7 g8",1,"a1","g1","g7","g8",136,97,3,1,0.000353419723392449,7.94785418924426
"a1 g3 g7 g8",1,"a1","g3","g7","g8",136,1,3,1,3.64350230301494e-06,12.5225651677476
"c1 d15 d32 f13",1,"c1","d15","d32","f13",125,11,1,9,0.000110510639705416,9.11039875471491
"c1 d15 d32 f48",1,"c1","d15","d32","f48",125,11,1,2,2.4557919934537e-05,10.6144761514912
"c1 d15 d32 g1",1,"c1","d15","d32","g1",125,11,1,97,0.00119105911682504,6.73291235354775
"c1 d15 d32 g3",1,"c1","d15","d32","g3",125,11,1,1,1.22789599672685e-05,11.3076233320511
"c1 d15 d32 g7",1,"c1","d15","d32","g7",125,11,1,3,3.68368799018055e-05,10.209011043383
"c1 d15 d32 g8",1,"c1","d15","d32","g8",125,11,1,1,1.22789599672685e-05,11.3076233320511
"c1 d15 f13 f48",1,"c1","d15","f13","f48",125,11,9,2,0.000221021279410833,8.41725157415496
"c1 d15 f13 g1",1,"c1","d15","f13","g1",125,11,9,97,0.0107195320514254,4.53568777621153
"c1 d15 f13 g3",1,"c1","d15","f13","g3",125,11,9,1,0.000110510639705416,9.11039875471491
"c1 d15 f13 g7",1,"c1","d15","f13","g7",125,11,9,3,0.000331531919116249,8.0117864660468
"c1 d15 f13 g8",1,"c1","d15","f13","g8",125,11,9,1,0.000110510639705416,9.11039875471491
"c1 d15 f48 g1",1,"c1","d15","f48","g1",125,11,2,97,0.00238211823365009,6.0397651729878
"c1 d15 f48 g3",1,"c1","d15","f48","g3",125,11,2,1,2.4557919934537e-05,10.6144761514912
"c1 d15 f48 g7",1,"c1","d15","f48","g7",125,11,2,3,7.36737598036109e-05,9.51586386282307
"c1 d15 f48 g8",1,"c1","d15","f48","g8",125,11,2,1,2.4557919934537e-05,10.6144761514912
"c1 d15 g1 g3",1,"c1","d15","g1","g3",125,11,97,1,0.00119105911682504,6.73291235354775
"c1 d15 g1 g7",1,"c1","d15","g1","g7",125,11,97,3,0.00357317735047513,5.63430006487964
"c1 d15 g1 g8",1,"c1","d15","g1","g8",125,11,97,1,0.00119105911682504,6.73291235354775
"c1 d15 g3 g7",1,"c1","d15","g3","g7",125,11,1,3,3.68368799018055e-05,10.209011043383
"c1 d15 g3 g8",1,"c1","d15","g3","g8",125,11,1,1,1.22789599672685e-05,11.3076233320511
"c1 d15 g7 g8",1,"c1","d15","g7","g8",125,11,3,1,3.68368799018055e-05,10.209011043383
"c1 d32 f13 f48",1,"c1","d32","f13","f48",125,1,9,2,2.0092843582803e-05,10.8151468469533
"c1 d32 f13 g1",1,"c1","d32","f13","g1",125,1,9,97,0.000974502913765945,6.9335830490099
"c1 d32 f13 g3",1,"c1","d32","f13","g3",125,1,9,1,1.00464217914015e-05,11.5082940275133
"c1 d32 f13 g7",1,"c1","d32","f13","g7",125,1,9,3,3.01392653742045e-05,10.4096817388452
"c1 d32 f13 g8",1,"c1","d32","f13","g8",125,1,9,1,1.00464217914015e-05,11.5082940275133
"c1 d32 f48 g1",1,"c1","d32","f48","g1",125,1,2,97,0.000216556203059099,8.43766044578617
"c1 d32 f48 g3",1,"c1","d32","f48","g3",125,1,2,1,2.232538175867e-06,13.0123714242896
"c1 d32 f48 g7",1,"c1","d32","f48","g7",125,1,2,3,6.697614527601e-06,11.9137591356214
"c1 d32 f48 g8",1,"c1","d32","f48","g8",125,1,2,1,2.232538175867e-06,13.0123714242896
"c1 d32 g1 g3",1,"c1","d32","g1","g3",125,1,97,1,0.000108278101529549,9.13080762634612
"c1 d32 g1 g7",1,"c1","d32","g1","g7",125,1,97,3,0.000324834304588648,8.03219533767801
"c1 d32 g1 g8",1,"c1","d32","g1","g8",125,1,97,1,0.000108278101529549,9.13080762634612
"c1 d32 g3 g7",1,"c1","d32","g3","g7",125,1,1,3,3.3488072638005e-06,12.6069063161814
"c1 d32 g3 g8",1,"c1","d32","g3","g8",125,1,1,1,1.1162690879335e-06,13.7055186048495
"c1 d32 g7 g8",1,"c1","d32","g7","g8",125,1,3,1,3.3488072638005e-06,12.6069063161814
"c1 f13 f48 g1",1,"c1","f13","f48","g1",125,9,2,97,0.00194900582753189,6.24043586844995
"c1 f13 f48 g3",1,"c1","f13","f48","g3",125,9,2,1,2.0092843582803e-05,10.8151468469533
"c1 f13 f48 g7",1,"c1","f13","f48","g7",125,9,2,3,6.0278530748409e-05,9.71653455828523
"c1 f13 f48 g8",1,"c1","f13","f48","g8",125,9,2,1,2.0092843582803e-05,10.8151468469533
"c1 f13 g1 g3",1,"c1","f13","g1","g3",125,9,97,1,0.000974502913765945,6.9335830490099
"c1 f13 g1 g7",1,"c1","f13","g1","g7",125,9,97,3,0.00292350874129783,5.83497076034179
"c1 f13 g1 g8",1,"c1","f13","g1","g8",125,9,97,1,0.000974502913765945,6.9335830490099
"c1 f13 g3 g7",1,"c1","f13","g3","g7",125,9,1,3,3.01392653742045e-05,10.4096817388452
"c1 f13 g3 g8",1,"c1","f13","g3","g8",125,9,1,1,1.00464217914015e-05,11.5082940275133
"c1 f13 g7 g8",1,"c1","f13","g7","g8",125,9,3,1,3.01392653742045e-05,10.4096817388452
"c1 f48 g1 g3",1,"c1","f48","g1","g3",125,2,97,1,0.000216556203059099,8.43766044578617
"c1 f48 g1 g7",1,"c1","f48","g1","g7",125,2,97,3,0.000649668609177297,7.33904815711806
"c1 f48 g1 g8",1,"c1","f48","g1","g8",125,2,97,1,0.000216556203059099,8.43766044578617
"c1 f48 g3 g7",1,"c1","f48","g3","g7",125,2,1,3,6.697614527601e-06,11.9137591356214
"c1 f48 g3 g8",1,"c1","f48","g3","g8",125,2,1,1,2.232538175867e-06,13.0123714242896
"c1 f48 g7 g8",1,"c1","f48","g7","g8",125,2,3,1,6.697614527601e-06,11.9137591356214
"c1 g1 g3 g7",1,"c1","g1","g3","g7",125,97,1,3,0.000324834304588648,8.03219533767801
"c1 g1 g3 g8",1,"c1","g1","g3","g8",125,97,1,1,0.000108278101529549,9.13080762634612
"c1 g1 g7 g8",1,"c1","g1","g7","g8",125,97,3,1,0.000324834304588648,8.03219533767801
"c1 g3 g7 g8",1,"c1","g3","g7","g8",125,1,3,1,3.3488072638005e-06,12.6069063161814
"d15 d32 f13 f48",1,"d15","d32","f13","f48",11,1,9,2,1.76817023528666e-06,13.2455653114573
"d15 d32 f13 g1",1,"d15","d32","f13","g1",11,1,9,97,8.57562564114031e-05,9.36400151351383
"d15 d32 f13 g3",1,"d15","d32","f13","g3",11,1,9,1,8.84085117643331e-07,13.9387124920172
"d15 d32 f13 g7",1,"d15","d32","f13","g7",11,1,9,3,2.65225535292999e-06,12.8401002033491
"d15 d32 f13 g8",1,"d15","d32","f13","g8",11,1,9,1,8.84085117643331e-07,13.9387124920172
"d15 d32 f48 g1",1,"d15","d32","f48","g1",11,1,2,97,1.90569458692007e-05,10.8680789102901
"d15 d32 f48 g3",1,"d15","d32","f48","g3",11,1,2,1,1.96463359476296e-07,15.4427898887935
"d15 d32 f48 g7",1,"d15","d32","f48","g7",11,1,2,3,5.89390078428888e-07,14.3441776001254
"d15 d32 f48 g8",1,"d15","d32","f48","g8",11,1,2,1,1.96463359476296e-07,15.4427898887935
"d15 d32 g1 g3",1,"d15","d32","g1","g3",11,1,97,1,9.52847293460035e-06,11.56122609085
"d15 d32 g1 g7",1,"d15","d32","g1","g7",11,1,97,3,2.8585418803801e-05,10.4626138021819
"d15 d32 g1 g8",1,"d15","d32","g1","g8",11,1,97,1,9.52847293460035e-06,11.56122609085
"d15 d32 g3 g7",1,"d15","d32","g3","g7",11,1,1,3,2.94695039214444e-07,15.0373247806853
"d15 d32 g3 g8",1,"d15","d32","g3","g8",11,1,1,1,9.82316797381479e-08,16.1359370693534
"d15 d32 g7 g8",1,"d15","d32","g7","g8",11,1,3,1,2.94695039214444e-07,15.0373247806853
"d15 f13 f48 g1",1,"d15","f13","f48","g1",11,9,2,97,0.000171512512822806,8.67085433295388
"d15 f13 f48 g3",1,"d15","f13","f48","g3",11,9,2,1,1.76817023528666e-06,13.2455653114573
"d15 f13 f48 g7",1,"d15","f13","f48","g7",11,9,2,3,5.30451070585999e-06,12.1469530227892
"d15 f13 f48 g8",1,"d15","f13","f48","g8",11,9,2,1,1.76817023528666e-06,13.2455653114573
"d15 f13 g1 g3",1,"d15","f13","g1","g3",11,9,97,1,8.57562564114031e-05,9.36400151351383
"d15 f13 g1 g7",1,"d15","f13","g1","g7",11,9,97,3,0.000257268769234209,8.26538922484572
"d15 f13 g1 g8",1,"d15","f13","g1","g8",11,9,97,1,8.57562564114031e-05,9.36400151351383
"d15 f13 g3 g7",1,"d15","f13","g3","g7",11,9,1,3,2.65225535292999e-06,12.8401002033491
"d15 f13 g3 g8",1,"d15","f13","g3","g8",11,9,1,1,8.84085117643331e-07,13.9387124920172
"d15 f13 g7 g8",1,"d15","f13","g7","g8",11,9,3,1,2.65225535292999e-06,12.8401002033491
"d15 f48 g1 g3",1,"d15","f48","g1","g3",11,2,97,1,1.90569458692007e-05,10.8680789102901
"d15 f48 g1 g7",1,"d15","f48","g1","g7",11,2,97,3,5.71708376076021e-05,9.76946662162199
"d15 f48 g1 g8",1,"d15","f48","g1","g8",11,2,97,1,1.90569458692007e-05,10.8680789102901
"d15 f48 g3 g7",1,"d15","f48","g3","g7",11,2,1,3,5.89390078428888e-07,14.3441776001254
"d15 f48 g3 g8",1,"d15","f48","g3","g8",11,2,1,1,1.96463359476296e-07,15.4427898887935
"d15 f48 g7 g8",1,"d15","f48","g7","g8",11,2,3,1,5.89390078428887e-07,14.3441776001254
"d15 g1 g3 g7",1,"d15","g1","g3","g7",11,97,1,3,2.8585418803801e-05,10.4626138021819
"d15 g1 g3 g8",1,"d15","g1","g3","g8",11,97,1,1,9.52847293460035e-06,11.56122609085
"d15 g1 g7 g8",1,"d15","g1","g7","g8",11,97,3,1,2.8585418803801e-05,10.4626138021819
"d15 g3 g7 g8",1,"d15","g3","g7","g8",11,1,3,1,2.94695039214444e-07,15.0373247806853
"d32 f13 f48 g1",1,"d32","f13","f48","g1",1,9,2,97,1.55920466202551e-05,11.0687496057523
"d32 f13 f48 g3",1,"d32","f13","f48","g3",1,9,2,1,1.60742748662424e-07,15.6434605842556
"d32 f13 f48 g7",1,"d32","f13","f48","g7",1,9,2,3,4.82228245987272e-07,14.5448482955875
"d32 f13 f48 g8",1,"d32","f13","f48","g8",1,9,2,1,1.60742748662424e-07,15.6434605842556
"d32 f13 g1 g3",1,"d32","f13","g1","g3",1,9,97,1,7.79602331012756e-06,11.7618967863122
"d32 f13 g1 g7",1,"d32","f13","g1","g7",1,9,97,3,2.33880699303827e-05,10.6632844976441
"d32 f13 g1 g8",1,"d32","f13","g1","g8",1,9,97,1,7.79602331012756e-06,11.7618967863122
"d32 f13 g3 g7",1,"d32","f13","g3","g7",1,9,1,3,2.41114122993636e-07,15.2379954761475
"d32 f13 g3 g8",1,"d32","f13","g3","g8",1,9,1,1,8.03713743312119e-08,16.3366077648156
"d32 f13 g7 g8",1,"d32","f13","g7","g8",1,9,3,1,2.41114122993636e-07,15.2379954761475
"d32 f48 g1 g3",1,"d32","f48","g1","g3",1,2,97,1,1.73244962447279e-06,13.2659741830885
"d32 f48 g1 g7",1,"d32","f48","g1","g7",1,2,97,3,5.19734887341837e-06,12.1673618944204
"d32 f48 g1 g8",1,"d32","f48","g1","g8",1,2,97,1,1.73244962447279e-06,13.2659741830885
"d32 f48 g3 g7",1,"d32","f48","g3","g7",1,2,1,3,5.35809162208079e-08,16.7420728729237
"d32 f48 g3 g8",1,"d32","f48","g3","g8",1,2,1,1,1.7860305406936e-08,17.8406851615919
"d32 f48 g7 g8",1,"d32","f48","g7","g8",1,2,3,1,5.3580916220808e-08,16.7420728729237
"d32 g1 g3 g7",1,"d32","g1","g3","g7",1,97,1,3,2.59867443670919e-06,12.8605090749803
"d32 g1 g3 g8",1,"d32","g1","g3","g8",1,97,1,1,8.66224812236395e-07,13.9591213636484
"d32 g1 g7 g8",1,"d32","g1","g7","g8",1,97,3,1,2.59867443670919e-06,12.8605090749803
"d32 g3 g7 g8",1,"d32","g3","g7","g8",1,1,3,1,2.6790458110404e-08,17.4352200534837
"f13 f48 g1 g3",1,"f13","f48","g1","g3",9,2,97,1,1.55920466202551e-05,11.0687496057523
"f13 f48 g1 g7",1,"f13","f48","g1","g7",9,2,97,3,4.67761398607653e-05,9.97013731708414
"f13 f48 g1 g8",1,"f13","f48","g1","g8",9,2,97,1,1.55920466202551e-05,11.0687496057523
"f13 f48 g3 g7",1,"f13","f48","g3","g7",9,2,1,3,4.82228245987272e-07,14.5448482955875
"f13 f48 g3 g8",1,"f13","f48","g3","g8",9,2,1,1,1.60742748662424e-07,15.6434605842556
"f13 f48 g7 g8",1,"f13","f48","g7","g8",9,2,3,1,4.82228245987272e-07,14.5448482955875
"f13 g1 g3 g7",1,"f13","g1","g3","g7",9,97,1,3,2.33880699303827e-05,10.6632844976441
"f13 g1 g3 g8",1,"f13","g1","g3","g8",9,97,1,1,7.79602331012756e-06,11.7618967863122
"f13 g1 g7 g8",1,"f13","g1","g7","g8",9,97,3,1,2.33880699303827e-05,10.6632844976441
"f13 g3 g7 g8",1,"f13","g3","g7","g8",9,1,3,1,2.41114122993636e-07,15.2379954761475
"f48 g1 g3 g7",1,"f48","g1","g3","g7",2,97,1,3,5.19734887341837e-06,12.1673618944204
"f48 g1 g3 g8",1,"f48","g1","g3","g8",2,97,1,1,1.73244962447279e-06,13.2659741830885
"f48 g1 g7 g8",1,"f48","g1","g7","g8",2,97,3,1,5.19734887341837e-06,12.1673618944204
"f48 g3 g7 g8",1,"f48","g3","g7","g8",2,1,3,1,5.3580916220808e-08,16.7420728729237
"g1 g3 g7 g8",1,"g1","g3","g7","g8",97,1,3,1,2.59867443670919e-06,12.8605090749803
"b11 c1 d3 f5",1,"b11","c1","d3","f5",3,125,8,36,0.000964456491974543,6.94394583604544
"b11 c1 d3 f51",1,"b11","c1","d3","f51",3,125,8,3,8.03713743312119e-05,9.42885248583345
"b11 c1 d3 f52",1,"b11","c1","d3","f52",3,125,8,2,5.3580916220808e-05,9.83431759394161
"b11 c1 d3 g1",1,"b11","c1","d3","g1",3,125,8,97,0.00259867443670919,5.95275379599817
"b11 c1 d3 zoo",1,"b11","c1","d3","zoo",3,125,8,21,0.000562599620318483,7.48294233677813
"b11 c1 f5 f51",1,"b11","c1","f5","f51",3,125,36,3,0.000361671184490454,7.92477508905717
"b11 c1 f5 f52",1,"b11","c1","f5","f52",3,125,36,2,0.000241114122993636,8.33024019716533
"b11 c1 f5 g1",1,"b11","c1","f5","g1",3,125,36,97,0.0116940349651913,4.4486763992219
"b11 c1 f5 zoo",1,"b11","c1","f5","zoo",3,125,36,21,0.00253169829143318,5.97886494000186
"b11 c1 f51 f52",1,"b11","c1","f51","f52",3,125,3,2,2.0092843582803e-05,10.8151468469533
"b11 c1 f51 g1",1,"b11","c1","f51","g1",3,125,3,97,0.000974502913765945,6.9335830490099
"b11 c1 f51 zoo",1,"b11","c1","f51","zoo",3,125,3,21,0.000210974857619431,8.46377158978986
"b11 c1 f52 g1",1,"b11","c1","f52","g1",3,125,2,97,0.000649668609177296,7.33904815711806
"b11 c1 f52 zoo",1,"b11","c1","f52","zoo",3,125,2,21,0.000140649905079621,8.86923669789802
"b11 c1 g1 zoo",1,"b11","c1","g1","zoo",3,125,97,21,0.00682152039636161,4.98767289995458
"b11 d3 f5 f51",1,"b11","d3","f5","f51",3,8,36,3,2.3146955807389e-05,10.6736472846796
"b11 d3 f5 f52",1,"b11","d3","f5","f52",3,8,36,2,1.54313038715927e-05,11.0791123927878
"b11 d3 f5 g1",1,"b11","d3","f5","g1",3,8,36,97,0.000748418237772245,7.19754859484436
"b11 d3 f5 zoo",1,"b11","d3","f5","zoo",3,8,36,21,0.000162028690651723,8.72773713562432
"b11 d3 f51 f52",1,"b11","d3","f51","f52",3,8,3,2,1.28594198929939e-06,13.5640190425758
"b11 d3 f51 g1",1,"b11","d3","f51","g1",3,8,3,97,6.23681864810205e-05,9.68245524463236
"b11 d3 f51 zoo",1,"b11","d3","f51","zoo",3,8,3,21,1.35023908876436e-05,11.2126437854123
"b11 d3 f52 g1",1,"b11","d3","f52","g1",3,8,2,97,4.1578790987347e-05,10.0879203527405
"b11 d3 f52 zoo",1,"b11","d3","f52","zoo",3,8,2,21,9.00159392509574e-06,11.6181088935205
"b11 d3 g1 zoo",1,"b11","d3","g1","zoo",3,8,97,21,0.000436577305367143,7.73654509557705
"b11 f5 f51 f52",1,"b11","f5","f51","f52",3,36,3,2,5.78673895184726e-06,12.0599416457995
"b11 f5 f51 g1",1,"b11","f5","f51","g1",3,36,3,97,0.000280656839164592,8.17837784785609
"b11 f5 f51 zoo",1,"b11","f5","f51","zoo",3,36,3,21,6.07607589943962e-05,9.70856638863605
"b11 f5 f52 g1",1,"b11","f5","f52","g1",3,36,2,97,0.000187104559443061,8.58384295596425
"b11 f5 f52 zoo",1,"b11","f5","f52","zoo",3,36,2,21,4.05071726629308e-05,10.1140314967442
"b11 f5 g1 zoo",1,"b11","f5","g1","zoo",3,36,97,21,0.00196459787415214,6.23246769880078
"b11 f51 f52 g1",1,"b11","f51","f52","g1",3,3,2,97,1.55920466202551e-05,11.0687496057523
"b11 f51 f52 zoo",1,"b11","f51","f52","zoo",3,3,2,21,3.3755977219109e-06,12.5989381465322
"b11 f51 g1 zoo",1,"b11","f51","g1","zoo",3,3,97,21,0.000163716489512679,8.71737434858878
"b11 f52 g1 zoo",1,"b11","f52","g1","zoo",3,2,97,21,0.000109144326341786,9.12283945669694
"c1 d3 f5 f51",1,"c1","d3","f5","f51",125,8,36,3,0.000964456491974543,6.94394583604544
"c1 d3 f5 f52",1,"c1","d3","f5","f52",125,8,36,2,0.000642970994649696,7.34941094415361
"c1 d3 f5 g1",1,"c1","d3","f5","g1",125,8,36,97,0.0311840932405102,3.46784714621017
"c1 d3 f5 zoo",1,"c1","d3","f5","zoo",125,8,36,21,0.0067511954438218,4.99803568699013
"c1 d3 f51 f52",1,"c1","d3","f51","f52",125,8,3,2,5.3580916220808e-05,9.83431759394161
"c1 d3 f51 g1",1,"c1","d3","f51","g1",125,8,3,97,0.00259867443670919,5.95275379599817
"c1 d3 f51 zoo",1,"c1","d3","f51","zoo",125,8,3,21,0.000562599620318484,7.48294233677813
"c1 d3 f52 g1",1,"c1","d3","f52","g1",125,8,2,97,0.00173244962447279,6.35821890410634
"c1 d3 f52 zoo",1,"c1","d3","f52","zoo",125,8,2,21,0.000375066413545656,7.8884074448863
"c1 d3 g1 zoo",1,"c1","d3","g1","zoo",125,8,97,21,0.0181907210569643,4.00684364694286
"c1 f5 f51 f52",1,"c1","f5","f51","f52",125,36,3,2,0.000241114122993636,8.33024019716533
"c1 f5 f51 g1",1,"c1","f5","f51","g1",125,36,3,97,0.0116940349651913,4.4486763992219
"c1 f5 f51 zoo",1,"c1","f5","f51","zoo",125,36,3,21,0.00253169829143318,5.97886494000186
"c1 f5 f52 g1",1,"c1","f5","f52","g1",125,36,2,97,0.00779602331012756,4.85414150733006
"c1 f5 f52 zoo",1,"c1","f5","f52","zoo",125,36,2,21,0.00168779886095545,6.38433004811002
"c1 f5 g1 zoo",1,"c1","f5","g1","zoo",125,36,97,21,0.0818582447563394,2.50276625016658
"c1 f51 f52 g1",1,"c1","f51","f52","g1",125,3,2,97,0.000649668609177296,7.33904815711806
"c1 f51 f52 zoo",1,"c1","f51","f52","zoo",125,3,2,21,0.000140649905079621,8.86923669789802
"c1 f51 g1 zoo",1,"c1","f51","g1","zoo",125,3,97,21,0.00682152039636161,4.98767289995458
"c1 f52 g1 zoo",1,"c1","f52","g1","zoo",125,2,97,21,0.00454768026424108,5.39313800806275
"d3 f5 f51 f52",1,"d3","f5","f51","f52",8,36,3,2,1.54313038715927e-05,11.0791123927878
"d3 f5 f51 g1",1,"d3","f5","f51","g1",8,36,3,97,0.000748418237772245,7.19754859484436
"d3 f5 f51 zoo",1,"d3","f5","f51","zoo",8,36,3,21,0.000162028690651723,8.72773713562432
"d3 f5 f52 g1",1,"d3","f5","f52","g1",8,36,2,97,0.000498945491848164,7.60301370295253
"d3 f5 f52 zoo",1,"d3","f5","f52","zoo",8,36,2,21,0.000108019127101149,9.13320224373249
"d3 f5 g1 zoo",1,"d3","f5","g1","zoo",8,36,97,21,0.00523892766440572,5.25163844578905
"d3 f51 f52 g1",1,"d3","f51","f52","g1",8,3,2,97,4.1578790987347e-05,10.0879203527405
"d3 f51 f52 zoo",1,"d3","f51","f52","zoo",8,3,2,21,9.00159392509574e-06,11.6181088935205
"d3 f51 g1 zoo",1,"d3","f51","g1","zoo",8,3,97,21,0.000436577305367143,7.73654509557705
"d3 f52 g1 zoo",1,"d3","f52","g1","zoo",8,2,97,21,0.000291051536911429,8.14201020368521
"f5 f51 f52 g1",1,"f5","f51","f52","g1",36,3,2,97,0.000187104559443061,8.58384295596425
"f5 f51 f52 zoo",1,"f5","f51","f52","zoo",36,3,2,21,4.05071726629308e-05,10.1140314967442
"f5 f51 g1 zoo",1,"f5","f51","g1","zoo",36,3,97,21,0.00196459787415214,6.23246769880078
"f5 f52 g1 zoo",1,"f5","f52","g1","zoo",36,2,97,21,0.00130973191610143,6.63793280690894
"f51 f52 g1 zoo",1,"f51","f52","g1","zoo",3,2,97,21,0.000109144326341786,9.12283945669694
"c1 c4 c5 d7",1,"c1","c4","c5","d7",125,6,18,3,0.000361671184490454,7.92477508905717
"c1 c4 c5 e4",1,"c1","c4","c5","e4",125,6,18,12,0.00144668473796181,6.53848072793728
"c1 c4 c5 e15",1,"c1","c4","c5","e15",125,6,18,1,0.000120557061496818,9.02338737772528
"c1 c4 c5 f34",1,"c1","c4","c5","f34",125,6,18,1,0.000120557061496818,9.02338737772528
"c1 c4 c12 d7",1,"c1","c4","c12","d7",125,6,9,3,0.000180835592245227,8.61792226961712
"c1 c4 c12 e4",1,"c1","c4","c12","e4",125,6,9,12,0.000723342368980907,7.23162790849723
"c1 c4 c12 e15",1,"c1","c4","c12","e15",125,6,9,1,6.02785307484089e-05,9.71653455828523
"c1 c4 c12 f34",1,"c1","c4","c12","f34",125,6,9,1,6.02785307484089e-05,9.71653455828523
"c1 c4 c13 d7",1,"c1","c4","c13","d7",125,6,8,3,0.000160742748662424,8.7357053052735
"c1 c4 c13 e4",1,"c1","c4","c13","e4",125,6,8,12,0.000642970994649695,7.34941094415361
"c1 c4 c13 e15",1,"c1","c4","c13","e15",125,6,8,1,5.3580916220808e-05,9.83431759394161
"c1 c4 c13 f34",1,"c1","c4","c13","f34",125,6,8,1,5.3580916220808e-05,9.83431759394161
"c1 c4 d7 e4",1,"c1","c4","d7","e4",125,6,3,12,0.000241114122993636,8.33024019716533
"c1 c4 d7 e15",1,"c1","c4","d7","e15",125,6,3,1,2.0092843582803e-05,10.8151468469533
"c1 c4 d7 f34",1,"c1","c4","d7","f34",125,6,3,1,2.0092843582803e-05,10.8151468469533
"c1 c4 e4 e15",1,"c1","c4","e4","e15",125,6,12,1,8.03713743312119e-05,9.42885248583345
"c1 c4 e4 f34",1,"c1","c4","e4","f34",125,6,12,1,8.03713743312119e-05,9.42885248583345
"c1 c4 e15 f34",1,"c1","c4","e15","f34",125,6,1,1,6.69761452760099e-06,11.9137591356214
"c1 c5 c12 d7",1,"c1","c5","c12","d7",125,18,9,3,0.000542506776735681,7.51930998094901
"c1 c5 c12 e4",1,"c1","c5","c12","e4",125,18,9,12,0.00217002710694272,6.13301561982912
"c1 c5 c12 e15",1,"c1","c5","c12","e15",125,18,9,1,0.000180835592245227,8.61792226961712
"c1 c5 c12 f34",1,"c1","c5","c12","f34",125,18,9,1,0.000180835592245227,8.61792226961712
"c1 c5 c13 d7",1,"c1","c5","c13","d7",125,18,8,3,0.000482228245987272,7.63709301660539
"c1 c5 c13 e4",1,"c1","c5","c13","e4",125,18,8,12,0.00192891298394909,6.2507986554855
"c1 c5 c13 e15",1,"c1","c5","c13","e15",125,18,8,1,0.000160742748662424,8.7357053052735
"c1 c5 c13 f34",1,"c1","c5","c13","f34",125,18,8,1,0.000160742748662424,8.7357053052735
"c1 c5 d7 e4",1,"c1","c5","d7","e4",125,18,3,12,0.000723342368980907,7.23162790849722
"c1 c5 d7 e15",1,"c1","c5","d7","e15",125,18,3,1,6.0278530748409e-05,9.71653455828523
"c1 c5 d7 f34",1,"c1","c5","d7","f34",125,18,3,1,6.0278530748409e-05,9.71653455828523
"c1 c5 e4 e15",1,"c1","c5","e4","e15",125,18,12,1,0.000241114122993636,8.33024019716533
"c1 c5 e4 f34",1,"c1","c5","e4","f34",125,18,12,1,0.000241114122993636,8.33024019716533
"c1 c5 e15 f34",1,"c1","c5","e15","f34",125,18,1,1,2.0092843582803e-05,10.8151468469533
"c1 c12 c13 d7",1,"c1","c12","c13","d7",125,9,8,3,0.000241114122993636,8.33024019716533
"c1 c12 c13 e4",1,"c1","c12","c13","e4",125,9,8,12,0.000964456491974543,6.94394583604544
"c1 c12 c13 e15",1,"c1","c12","c13","e15",125,9,8,1,8.03713743312119e-05,9.42885248583344
"c1 c12 c13 f34",1,"c1","c12","c13","f34",125,9,8,1,8.03713743312119e-05,9.42885248583344
"c1 c12 d7 e4",1,"c1","c12","d7","e4",125,9,3,12,0.000361671184490454,7.92477508905717
"c1 c12 d7 e15",1,"c1","c12","d7","e15",125,9,3,1,3.01392653742045e-05,10.4096817388452
"c1 c12 d7 f34",1,"c1","c12","d7","f34",125,9,3,1,3.01392653742045e-05,10.4096817388452
"c1 c12 e4 e15",1,"c1","c12","e4","e15",125,9,12,1,0.000120557061496818,9.02338737772528
"c1 c12 e4 f34",1,"c1","c12","e4","f34",125,9,12,1,0.000120557061496818,9.02338737772528
"c1 c12 e15 f34",1,"c1","c12","e15","f34",125,9,1,1,1.00464217914015e-05,11.5082940275133
"c1 c13 d7 e4",1,"c1","c13","d7","e4",125,8,3,12,0.000321485497324848,8.04255812471355
"c1 c13 d7 e15",1,"c1","c13","d7","e15",125,8,3,1,2.6790458110404e-05,10.5274647745016
"c1 c13 d7 f34",1,"c1","c13","d7","f34",125,8,3,1,2.6790458110404e-05,10.5274647745016
"c1 c13 e4 e15",1,"c1","c13","e4","e15",125,8,12,1,0.000107161832441616,9.14117041338166
"c1 c13 e4 f34",1,"c1","c13","e4","f34",125,8,12,1,0.000107161832441616,9.14117041338166
"c1 c13 e15 f34",1,"c1","c13","e15","f34",125,8,1,1,8.93015270346799e-06,11.6260770631697
"c1 d7 e4 e15",1,"c1","d7","e4","e15",125,3,12,1,4.0185687165606e-05,10.1219996663934
"c1 d7 e4 f34",1,"c1","d7","e4","f34",125,3,12,1,4.0185687165606e-05,10.1219996663934
"c1 d7 e15 f34",1,"c1","d7","e15","f34",125,3,1,1,3.3488072638005e-06,12.6069063161814
"c1 e4 e15 f34",1,"c1","e4","e15","f34",125,12,1,1,1.3395229055202e-05,11.2206119550615
"c4 c5 c12 d7",1,"c4","c5","c12","d7",6,18,9,3,2.60403252833127e-05,10.5558642490233
"c4 c5 c12 e4",1,"c4","c5","c12","e4",6,18,9,12,0.000104161301133251,9.16956988790336
"c4 c5 c12 e15",1,"c4","c5","c12","e15",6,18,9,1,8.68010842777089e-06,11.6544765376914
"c4 c5 c12 f34",1,"c4","c5","c12","f34",6,18,9,1,8.68010842777089e-06,11.6544765376914
"c4 c5 c13 d7",1,"c4","c5","c13","d7",6,18,8,3,2.3146955807389e-05,10.6736472846796
"c4 c5 c13 e4",1,"c4","c5","c13","e4",6,18,8,12,9.25878232295561e-05,9.28735292355974
"c4 c5 c13 e15",1,"c4","c5","c13","e15",6,18,8,1,7.71565193579635e-06,11.7722595733477
"c4 c5 c13 f34",1,"c4","c5","c13","f34",6,18,8,1,7.71565193579635e-06,11.7722595733477
"c4 c5 d7 e4",1,"c4","c5","d7","e4",6,18,3,12,3.47204337110835e-05,10.2681821765715
"c4 c5 d7 e15",1,"c4","c5","d7","e15",6,18,3,1,2.89336947592363e-06,12.7530888263595
"c4 c5 d7 f34",1,"c4","c5","d7","f34",6,18,3,1,2.89336947592363e-06,12.7530888263595
"c4 c5 e4 e15",1,"c4","c5","e4","e15",6,18,12,1,1.15734779036945e-05,11.3667944652396
"c4 c5 e4 f34",1,"c4","c5","e4","f34",6,18,12,1,1.15734779036945e-05,11.3667944652396
"c4 c5 e15 f34",1,"c4","c5","e15","f34",6,18,1,1,9.64456491974543e-07,13.8517011150276
"c4 c12 c13 d7",1,"c4","c12","c13","d7",6,9,8,3,1.15734779036945e-05,11.3667944652396
"c4 c12 c13 e4",1,"c4","c12","c13","e4",6,9,8,12,4.62939116147781e-05,9.98050010411969
"c4 c12 c13 e15",1,"c4","c12","c13","e15",6,9,8,1,3.85782596789817e-06,12.4654067539077
"c4 c12 c13 f34",1,"c4","c12","c13","f34",6,9,8,1,3.85782596789817e-06,12.4654067539077
"c4 c12 d7 e4",1,"c4","c12","d7","e4",6,9,3,12,1.73602168555418e-05,10.9613293571314
"c4 c12 d7 e15",1,"c4","c12","d7","e15",6,9,3,1,1.44668473796181e-06,13.4462360069194
"c4 c12 d7 f34",1,"c4","c12","d7","f34",6,9,3,1,1.44668473796181e-06,13.4462360069194
"c4 c12 e4 e15",1,"c4","c12","e4","e15",6,9,12,1,5.78673895184726e-06,12.0599416457995
"c4 c12 e4 f34",1,"c4","c12","e4","f34",6,9,12,1,5.78673895184726e-06,12.0599416457995
"c4 c12 e15 f34",1,"c4","c12","e15","f34",6,9,1,1,4.82228245987272e-07,14.5448482955875
"c4 c13 d7 e4",1,"c4","c13","d7","e4",6,8,3,12,1.54313038715927e-05,11.0791123927878
"c4 c13 d7 e15",1,"c4","c13","d7","e15",6,8,3,1,1.28594198929939e-06,13.5640190425758
"c4 c13 d7 f34",1,"c4","c13","d7","f34",6,8,3,1,1.28594198929939e-06,13.5640190425758
"c4 c13 e4 e15",1,"c4","c13","e4","e15",6,8,12,1,5.14376795719756e-06,12.1777246814559
"c4 c13 e4 f34",1,"c4","c13","e4","f34",6,8,12,1,5.14376795719756e-06,12.1777246814559
"c4 c13 e15 f34",1,"c4","c13","e15","f34",6,8,1,1,4.28647329766464e-07,14.6626313312439
"c4 d7 e4 e15",1,"c4","d7","e4","e15",6,3,12,1,1.92891298394909e-06,13.1585539344676
"c4 d7 e4 f34",1,"c4","d7","e4","f34",6,3,12,1,1.92891298394909e-06,13.1585539344676
"c4 d7 e15 f34",1,"c4","d7","e15","f34",6,3,1,1,1.60742748662424e-07,15.6434605842556
"c4 e4 e15 f34",1,"c4","e4","e15","f34",6,12,1,1,6.42970994649695e-07,14.2571662231357
"c5 c12 c13 d7",1,"c5","c12","c13","d7",18,9,8,3,3.47204337110835e-05,10.2681821765715
"c5 c12 c13 e4",1,"c5","c12","c13","e4",18,9,8,12,0.000138881734844334,8.88188781545158
"c5 c12 c13 e15",1,"c5","c12","c13","e15",18,9,8,1,1.15734779036945e-05,11.3667944652396
"c5 c12 c13 f34",1,"c5","c12","c13","f34",18,9,8,1,1.15734779036945e-05,11.3667944652396
"c5 c12 d7 e4",1,"c5","c12","d7","e4",18,9,3,12,5.20806505666253e-05,9.86271706846331
"c5 c12 d7 e15",1,"c5","c12","d7","e15",18,9,3,1,4.34005421388544e-06,12.3476237182513
"c5 c12 d7 f34",1,"c5","c12","d7","f34",18,9,3,1,4.34005421388544e-06,12.3476237182513
"c5 c12 e4 e15",1,"c5","c12","e4","e15",18,9,12,1,1.73602168555418e-05,10.9613293571314
"c5 c12 e4 f34",1,"c5","c12","e4","f34",18,9,12,1,1.73602168555418e-05,10.9613293571314
"c5 c12 e15 f34",1,"c5","c12","e15","f34",18,9,1,1,1.44668473796181e-06,13.4462360069194
"c5 c13 d7 e4",1,"c5","c13","d7","e4",18,8,3,12,4.62939116147781e-05,9.98050010411969
"c5 c13 d7 e15",1,"c5","c13","d7","e15",18,8,3,1,3.85782596789817e-06,12.4654067539077
"c5 c13 d7 f34",1,"c5","c13","d7","f34",18,8,3,1,3.85782596789817e-06,12.4654067539077
"c5 c13 e4 e15",1,"c5","c13","e4","e15",18,8,12,1,1.54313038715927e-05,11.0791123927878
"c5 c13 e4 f34",1,"c5","c13","e4","f34",18,8,12,1,1.54313038715927e-05,11.0791123927878
"c5 c13 e15 f34",1,"c5","c13","e15","f34",18,8,1,1,1.28594198929939e-06,13.5640190425758
"c5 d7 e4 e15",1,"c5","d7","e4","e15",18,3,12,1,5.78673895184726e-06,12.0599416457995
"c5 d7 e4 f34",1,"c5","d7","e4","f34",18,3,12,1,5.78673895184726e-06,12.0599416457995
"c5 d7 e15 f34",1,"c5","d7","e15","f34",18,3,1,1,4.82228245987272e-07,14.5448482955875
"c5 e4 e15 f34",1,"c5","e4","e15","f34",18,12,1,1,1.92891298394909e-06,13.1585539344676
"c12 c13 d7 e4",1,"c12","c13","d7","e4",9,8,3,12,2.3146955807389e-05,10.6736472846796
"c12 c13 d7 e15",1,"c12","c13","d7","e15",9,8,3,1,1.92891298394909e-06,13.1585539344676
"c12 c13 d7 f34",1,"c12","c13","d7","f34",9,8,3,1,1.92891298394909e-06,13.1585539344676
"c12 c13 e4 e15",1,"c12","c13","e4","e15",9,8,12,1,7.71565193579634e-06,11.7722595733477
"c12 c13 e4 f34",1,"c12","c13","e4","f34",9,8,12,1,7.71565193579634e-06,11.7722595733477
"c12 c13 e15 f34",1,"c12","c13","e15","f34",9,8,1,1,6.42970994649695e-07,14.2571662231357
"c12 d7 e4 e15",1,"c12","d7","e4","e15",9,3,12,1,2.89336947592363e-06,12.7530888263595
"c12 d7 e4 f34",1,"c12","d7","e4","f34",9,3,12,1,2.89336947592363e-06,12.7530888263595
"c12 d7 e15 f34",1,"c12","d7","e15","f34",9,3,1,1,2.41114122993636e-07,15.2379954761475
"c12 e4 e15 f34",1,"c12","e4","e15","f34",9,12,1,1,9.64456491974543e-07,13.8517011150276
"c13 d7 e4 e15",1,"c13","d7","e4","e15",8,3,12,1,2.57188397859878e-06,12.8708718620159
"c13 d7 e4 f34",1,"c13","d7","e4","f34",8,3,12,1,2.57188397859878e-06,12.8708718620159
"c13 d7 e15 f34",1,"c13","d7","e15","f34",8,3,1,1,2.14323664883232e-07,15.3557785118039
"c13 e4 e15 f34",1,"c13","e4","e15","f34",8,12,1,1,8.57294659532927e-07,13.969484150684
"d7 e4 e15 f34",1,"d7","e4","e15","f34",3,12,1,1,3.21485497324848e-07,14.9503134036957
"a1 c1 f5 g1",2,"a1","c1","f5","g1",136,125,36,97,0.530129585088674,1.3277809827139
"b6 f5 f6 f16",1,"b6","f5","f6","f16",14,36,1,3,1.35023908876436e-05,11.2126437854123
"b6 f5 f6 f48",1,"b6","f5","f6","f48",14,36,1,2,9.00159392509574e-06,11.6181088935205
"b6 f5 f16 f48",1,"b6","f5","f16","f48",14,36,3,2,2.70047817752872e-05,10.5194966048524
"b6 f6 f16 f48",1,"b6","f6","f16","f48",14,1,3,2,7.50132827091311e-07,14.1030155433085
"f5 f6 f16 f48",1,"f5","f6","f16","f48",36,1,3,2,1.92891298394909e-06,13.1585539344676
"c1 c13 d15 g1",1,"c1","c13","d15","g1",125,8,11,97,0.00952847293460035,4.65347081186791
"c1 c13 d15 g2",1,"c1","c13","d15","g2",125,8,11,23,0.0022593286339774,6.09268757444214
"c1 c13 g1 g2",1,"c1","c13","g1","g2",125,8,97,23,0.0199231706814371,3.91587186873713
"c1 d15 g1 g2",1,"c1","d15","g1","g2",125,11,97,23,0.027394359686976,3.5974181376186
"c13 d15 g1 g2",1,"c13","d15","g1","g2",8,11,97,23,0.00175323901996646,6.34629033324106
"a5 c1 c7 c12",1,"a5","c1","c7","c12",19,125,3,9,0.000572646042109885,7.46524275967873
"a5 c1 c7 c14",1,"a5","c1","c7","c14",19,125,3,6,0.000381764028073257,7.87070786778689
"a5 c1 c7 d13",1,"a5","c1","c7","d13",19,125,3,1,6.36273380122095e-05,9.66246733701495
"a5 c1 c7 f54",1,"a5","c1","c7","f54",19,125,3,2,0.000127254676024419,8.969320156455
"a5 c1 c12 c14",1,"a5","c1","c12","c14",19,125,9,6,0.00114529208421977,6.77209557911879
"a5 c1 c12 d13",1,"a5","c1","c12","d13",19,125,9,1,0.000190882014036628,8.56385504834684
"a5 c1 c12 f54",1,"a5","c1","c12","f54",19,125,9,2,0.000381764028073257,7.87070786778689
"a5 c1 c14 d13",1,"a5","c1","c14","d13",19,125,6,1,0.000127254676024419,8.969320156455
"a5 c1 c14 f54",1,"a5","c1","c14","f54",19,125,6,2,0.000254509352048838,8.27617297589506
"a5 c1 d13 f54",1,"a5","c1","d13","f54",19,125,1,2,4.2418225341473e-05,10.0679324451231
"a5 c7 c12 c14",1,"a5","c7","c12","c14",19,3,9,6,2.74870100212745e-05,10.501797027753
"a5 c7 c12 d13",1,"a5","c7","c12","d13",19,3,9,1,4.58116833687908e-06,12.293556496981
"a5 c7 c12 f54",1,"a5","c7","c12","f54",19,3,9,2,9.16233667375816e-06,11.6004093164211
"a5 c7 c14 d13",1,"a5","c7","c14","d13",19,3,6,1,3.05411222458605e-06,12.6990216050892
"a5 c7 c14 f54",1,"a5","c7","c14","f54",19,3,6,2,6.10822444917211e-06,12.0058744245293
"a5 c7 d13 f54",1,"a5","c7","d13","f54",19,3,1,2,1.01803740819535e-06,13.7976338937573
"a5 c12 c14 d13",1,"a5","c12","c14","d13",19,9,6,1,9.16233667375816e-06,11.6004093164211
"a5 c12 c14 f54",1,"a5","c12","c14","f54",19,9,6,2,1.83246733475163e-05,10.9072621358611
"a5 c12 d13 f54",1,"a5","c12","d13","f54",19,9,1,2,3.05411222458605e-06,12.6990216050892
"a5 c14 d13 f54",1,"a5","c14","d13","f54",19,6,1,2,2.0360748163907e-06,13.1044867131974
"c1 c7 c12 d13",1,"c1","c7","c12","d13",125,3,9,1,3.01392653742045e-05,10.4096817388452
"c1 c7 c12 f54",1,"c1","c7","c12","f54",125,3,9,2,6.02785307484089e-05,9.71653455828523
"c1 c7 c14 d13",1,"c1","c7","c14","d13",125,3,6,1,2.0092843582803e-05,10.8151468469533
"c1 c7 c14 f54",1,"c1","c7","c14","f54",125,3,6,2,4.0185687165606e-05,10.1219996663934
"c1 c7 d13 f54",1,"c1","c7","d13","f54",125,3,1,2,6.69761452760099e-06,11.9137591356214
"c1 c12 c14 d13",1,"c1","c12","c14","d13",125,9,6,1,6.0278530748409e-05,9.71653455828523
"c1 c12 c14 f54",1,"c1","c12","c14","f54",125,9,6,2,0.000120557061496818,9.02338737772528
"c1 c12 d13 f54",1,"c1","c12","d13","f54",125,9,1,2,2.0092843582803e-05,10.8151468469533
"c1 c14 d13 f54",1,"c1","c14","d13","f54",125,6,1,2,1.3395229055202e-05,11.2206119550615
"c7 c12 c14 d13",1,"c7","c12","c14","d13",3,9,6,1,1.44668473796181e-06,13.4462360069194
"c7 c12 c14 f54",1,"c7","c12","c14","f54",3,9,6,2,2.89336947592363e-06,12.7530888263595
"c7 c12 d13 f54",1,"c7","c12","d13","f54",3,9,1,2,4.82228245987272e-07,14.5448482955875
"c7 c14 d13 f54",1,"c7","c14","d13","f54",3,6,1,2,3.21485497324848e-07,14.9503134036957
"c12 c14 d13 f54",1,"c12","c14","d13","f54",9,6,1,2,9.64456491974543e-07,13.8517011150276
"c1 c2 c3 c4",1,"c1","c2","c3","c4",125,3,2,6,4.0185687165606e-05,10.1219996663934
"c1 c2 c3 c5",1,"c1","c2","c3","c5",125,3,2,18,0.000120557061496818,9.02338737772528
"c1 c2 c3 c6",1,"c1","c2","c3","c6",125,3,2,3,2.0092843582803e-05,10.8151468469533
"c1 c2 c3 c12",1,"c1","c2","c3","c12",125,3,2,9,6.02785307484089e-05,9.71653455828523
"c1 c2 c3 g1",1,"c1","c2","c3","g1",125,3,2,97,0.000649668609177296,7.33904815711806
"c1 c2 c4 c5",1,"c1","c2","c4","c5",125,3,6,18,0.000361671184490454,7.92477508905717
"c1 c2 c4 c6",1,"c1","c2","c4","c6",125,3,6,3,6.02785307484089e-05,9.71653455828523
"c1 c2 c4 c12",1,"c1","c2","c4","c12",125,3,6,9,0.000180835592245227,8.61792226961712
"c1 c2 c4 g1",1,"c1","c2","c4","g1",125,3,6,97,0.00194900582753189,6.24043586844995
"c1 c2 c5 c6",1,"c1","c2","c5","c6",125,3,18,3,0.000180835592245227,8.61792226961712
"c1 c2 c5 c12",1,"c1","c2","c5","c12",125,3,18,9,0.000542506776735681,7.51930998094901
"c1 c2 c5 g1",1,"c1","c2","c5","g1",125,3,18,97,0.00584701748259567,5.14182357978184
"c1 c2 c6 c12",1,"c1","c2","c6","c12",125,3,3,9,9.04177961226134e-05,9.31106945017706
"c1 c2 c6 g1",1,"c1","c2","c6","g1",125,3,3,97,0.000974502913765945,6.9335830490099
"c1 c2 c12 g1",1,"c1","c2","c12","g1",125,3,9,97,0.00292350874129783,5.83497076034179
"c1 c3 c4 c5",1,"c1","c3","c4","c5",125,2,6,18,0.000241114122993636,8.33024019716533
"c1 c3 c4 c6",1,"c1","c3","c4","c6",125,2,6,3,4.0185687165606e-05,10.1219996663934
"c1 c3 c4 c12",1,"c1","c3","c4","c12",125,2,6,9,0.000120557061496818,9.02338737772528
"c1 c3 c4 g1",1,"c1","c3","c4","g1",125,2,6,97,0.00129933721835459,6.64590097655812
"c1 c3 c5 c6",1,"c1","c3","c5","c6",125,2,18,3,0.000120557061496818,9.02338737772528
"c1 c3 c5 c12",1,"c1","c3","c5","c12",125,2,18,9,0.000361671184490454,7.92477508905717
"c1 c3 c5 g1",1,"c1","c3","c5","g1",125,2,18,97,0.00389801165506378,5.54728868789001
"c1 c3 c6 c12",1,"c1","c3","c6","c12",125,2,3,9,6.0278530748409e-05,9.71653455828523
"c1 c3 c6 g1",1,"c1","c3","c6","g1",125,2,3,97,0.000649668609177297,7.33904815711806
"c1 c3 c12 g1",1,"c1","c3","c12","g1",125,2,9,97,0.00194900582753189,6.24043586844995
"c1 c4 c5 c6",1,"c1","c4","c5","c6",125,6,18,3,0.000361671184490454,7.92477508905717
"c1 c4 c6 c12",1,"c1","c4","c6","c12",125,6,3,9,0.000180835592245227,8.61792226961712
"c1 c4 c6 g1",1,"c1","c4","c6","g1",125,6,3,97,0.00194900582753189,6.24043586844995
"c1 c5 c6 c12",1,"c1","c5","c6","c12",125,18,3,9,0.000542506776735681,7.51930998094901
"c1 c6 c12 g1",1,"c1","c6","c12","g1",125,3,9,97,0.00292350874129783,5.83497076034179
"c2 c3 c4 c5",1,"c2","c3","c4","c5",3,2,6,18,5.78673895184726e-06,12.0599416457995
"c2 c3 c4 c6",1,"c2","c3","c4","c6",3,2,6,3,9.64456491974543e-07,13.8517011150276
"c2 c3 c4 c12",1,"c2","c3","c4","c12",3,2,6,9,2.89336947592363e-06,12.7530888263595
"c2 c3 c4 g1",1,"c2","c3","c4","g1",3,2,6,97,3.11840932405102e-05,10.3756024251923
"c2 c3 c5 c6",1,"c2","c3","c5","c6",3,2,18,3,2.89336947592363e-06,12.7530888263595
"c2 c3 c5 c12",1,"c2","c3","c5","c12",3,2,18,9,8.68010842777089e-06,11.6544765376914
"c2 c3 c5 g1",1,"c2","c3","c5","g1",3,2,18,97,9.35522797215307e-05,9.2769901365242
"c2 c3 c6 c12",1,"c2","c3","c6","c12",3,2,3,9,1.44668473796181e-06,13.4462360069194
"c2 c3 c6 g1",1,"c2","c3","c6","g1",3,2,3,97,1.55920466202551e-05,11.0687496057523
"c2 c3 c12 g1",1,"c2","c3","c12","g1",3,2,9,97,4.67761398607653e-05,9.97013731708414
"c2 c4 c5 c6",1,"c2","c4","c5","c6",3,6,18,3,8.68010842777089e-06,11.6544765376914
"c2 c4 c5 c12",1,"c2","c4","c5","c12",3,6,18,9,2.60403252833127e-05,10.5558642490233
"c2 c4 c5 g1",1,"c2","c4","c5","g1",3,6,18,97,0.000280656839164592,8.17837784785609
"c2 c4 c6 c12",1,"c2","c4","c6","c12",3,6,3,9,4.34005421388544e-06,12.3476237182513
"c2 c4 c6 g1",1,"c2","c4","c6","g1",3,6,3,97,4.67761398607653e-05,9.97013731708414
"c2 c4 c12 g1",1,"c2","c4","c12","g1",3,6,9,97,0.000140328419582296,8.87152502841603
"c2 c5 c6 c12",1,"c2","c5","c6","c12",3,18,3,9,1.30201626416563e-05,11.2490114295832
"c2 c5 c6 g1",1,"c2","c5","c6","g1",3,18,3,97,0.000140328419582296,8.87152502841603
"c2 c5 c12 g1",1,"c2","c5","c12","g1",3,18,9,97,0.000420985258746888,7.77291273974792
"c2 c6 c12 g1",1,"c2","c6","c12","g1",3,3,9,97,7.0164209791148e-05,9.56467220897598
"c3 c4 c5 c6",1,"c3","c4","c5","c6",2,6,18,3,5.78673895184726e-06,12.0599416457995
"c3 c4 c5 c12",1,"c3","c4","c5","c12",2,6,18,9,1.73602168555418e-05,10.9613293571314
"c3 c4 c5 g1",1,"c3","c4","c5","g1",2,6,18,97,0.000187104559443061,8.58384295596425
"c3 c4 c6 c12",1,"c3","c4","c6","c12",2,6,3,9,2.89336947592363e-06,12.7530888263595
"c3 c4 c6 g1",1,"c3","c4","c6","g1",2,6,3,97,3.11840932405102e-05,10.3756024251923
"c3 c4 c12 g1",1,"c3","c4","c12","g1",2,6,9,97,9.35522797215307e-05,9.2769901365242
"c3 c5 c6 c12",1,"c3","c5","c6","c12",2,18,3,9,8.68010842777089e-06,11.6544765376914
"c3 c5 c6 g1",1,"c3","c5","c6","g1",2,18,3,97,9.35522797215307e-05,9.2769901365242
"c3 c5 c12 g1",1,"c3","c5","c12","g1",2,18,9,97,0.000280656839164592,8.17837784785609
"c3 c6 c12 g1",1,"c3","c6","c12","g1",2,3,9,97,4.67761398607653e-05,9.97013731708414
"c4 c5 c6 c12",1,"c4","c5","c6","c12",6,18,3,9,2.60403252833127e-05,10.5558642490233
"c4 c5 c6 g1",1,"c4","c5","c6","g1",6,18,3,97,0.000280656839164592,8.17837784785609
"c4 c6 c12 g1",1,"c4","c6","c12","g1",6,3,9,97,0.000140328419582296,8.87152502841603
"c5 c6 c12 g1",1,"c5","c6","c12","g1",18,3,9,97,0.000420985258746888,7.77291273974792
"a5 e1 e4 f5",1,"a5","e1","e4","f5",19,17,12,36,0.00124607778763111,6.68775443068503
"a5 e1 e4 f14",1,"a5","e1","e4","f14",19,17,12,16,0.000553812350058271,7.49868464690136
"a5 e1 e4 g9",1,"a5","e1","e4","g9",19,17,12,3,0.000103839815635926,9.17266108047303
"a5 e1 f5 f14",1,"a5","e1","f5","f14",19,17,36,16,0.00166143705017481,6.40007235823325
"a5 e1 f5 g9",1,"a5","e1","f5","g9",19,17,36,3,0.000311519446907777,8.07404879180493
"a5 e1 f14 g9",1,"a5","e1","f14","g9",19,17,16,3,0.000138453087514568,8.88497900802125
"a5 e4 f5 f14",1,"a5","e4","f5","f14",19,12,36,16,0.00117277909424104,6.74837905250147
"a5 e4 f5 g9",1,"a5","e4","f5","g9",19,12,36,3,0.000219896080170196,8.42235548607314
"a5 e4 f14 g9",1,"a5","e4","f14","g9",19,12,16,3,9.77315911867537e-05,9.23328570228947
"a5 f5 f14 g9",1,"a5","f5","f14","g9",19,36,16,3,0.000293194773560261,8.13467341362136
"e1 e4 f5 f14",1,"e1","e4","f5","f14",17,12,36,16,0.0010493286632683,6.85960468761169
"e1 e4 f5 g9",1,"e1","e4","f5","g9",17,12,36,3,0.000196749124362807,8.53358112118337
"e1 e4 f14 g9",1,"e1","e4","f14","g9",17,12,16,3,8.74440552723586e-05,9.34451133739969
"e1 f5 f14 g9",1,"e1","f5","f14","g9",17,36,16,3,0.000262332165817076,8.24589904873158
"e4 f5 f14 g9",1,"e4","f5","f14","g9",12,36,16,3,0.000185175646459112,8.5942057429998
"c8 c14 d3 zoo",1,"c8","c14","d3","zoo",3,6,8,21,2.70047817752872e-05,10.5194966048524
"i1 i5 i12 i13",1,"i1","i5","i12","i13",34,6,1,4,7.28700460602988e-06,11.8294179871877
"i1 i5 i12 ant",1,"i1","i5","i12","ant",34,6,1,26,4.73655299391942e-05,9.9576158102861
"i1 i5 i13 ant",1,"i1","i5","i13","ant",34,6,4,26,0.000189462119756777,8.57132144916621
"i1 i12 i13 ant",1,"i1","i12","i13","ant",34,1,4,26,3.15770199594628e-05,10.3630809183943
"i5 i12 i13 ant",1,"i5","i12","i13","ant",6,1,4,26,5.57241528696403e-06,12.0976819737824
"b2 b10 d15 d29",1,"b2","b10","d15","d29",28,50,11,7,0.00096267046143385,6.94579940469477
"b2 b10 d15 f5",1,"b2","b10","d15","f5",28,50,11,36,0.00495087665880265,5.30819061529397
"b2 b10 d15 g10",1,"b2","b10","d15","g10",28,50,11,2,0.000275048703266814,8.19856237319014
"b2 b10 d29 f5",1,"b2","b10","d29","f5",28,50,7,36,0.00315055787378351,5.76017573903703
"b2 b10 d29 g1",1,"b2","b10","d29","g1",28,50,7,97,0.00848900315991668,4.76898369898975
"b2 b10 d29 g10",1,"b2","b10","d29","g10",28,50,7,2,0.000175030992987973,8.65054749693319
"b2 b10 f5 g1",1,"b2","b10","f5","g1",28,50,36,97,0.0436577305367143,3.13137490958896
"b2 b10 f5 g10",1,"b2","b10","f5","g10",28,50,36,2,0.000900159392509574,7.0129387075324
"b2 b10 g1 g10",1,"b2","b10","g1","g10",28,50,97,2,0.00242542947426191,6.02174666748512
"b2 d15 d29 f5",1,"b2","d15","d29","f5",28,11,7,36,0.000693122732232372,7.2743034716668
"b2 d15 d29 g1",1,"b2","d15","d29","g1",28,11,7,97,0.00186758069518167,6.28311143161953
"b2 d15 d29 g10",1,"b2","d15","d29","g10",28,11,7,2,3.8506818457354e-05,10.164675229563
"b2 d15 f5 g1",1,"b2","d15","f5","g1",28,11,36,97,0.00960470071807715,4.64550264221873
"b2 d15 f5 g10",1,"b2","d15","f5","g10",28,11,36,2,0.000198035066352106,8.52706644016217
"b2 d15 g1 g10",1,"b2","d15","g1","g10",28,11,97,2,0.000533594484337619,7.5358744001149
"b2 d29 f5 g1",1,"b2","d29","f5","g1",28,7,36,97,0.00611208227514,5.09748776596179
"b2 d29 f5 g10",1,"b2","d29","f5","g10",28,7,36,2,0.00012602231495134,8.97905156390523
"b2 d29 g1 g10",1,"b2","d29","g1","g10",28,7,97,2,0.000339560126396667,7.98785952385796
"b2 f5 g1 g10",1,"b2","f5","g1","g10",28,36,97,2,0.00174630922146857,6.35025073445716
"b10 d15 d29 f5",1,"b10","d15","d29","f5",50,11,7,36,0.00123771916470066,6.69448497641386
"b10 d15 d29 g1",1,"b10","d15","d29","g1",50,11,7,97,0.00333496552711012,5.70329293636659
"b10 d15 d29 g10",1,"b10","d15","d29","g10",50,11,7,2,6.87621758167036e-05,9.58485673431003
"b10 d15 f5 g1",1,"b10","d15","f5","g1",50,11,36,97,0.0171512512822806,4.06568414696579
"b10 d15 f5 g10",1,"b10","d15","f5","g10",50,11,36,2,0.000353634047057333,7.94724794490923
"b10 d15 g1 g10",1,"b10","d15","g1","g10",50,11,97,2,0.000952847293460035,6.95605590486196
"b10 d29 f5 g1",1,"b10","d29","f5","g1",50,7,36,97,0.0109144326341786,4.51766927070885
"b10 d29 f5 g10",1,"b10","d29","f5","g10",50,7,36,2,0.000225039848127393,8.39923306865229
"b10 d29 g1 g10",1,"b10","d29","g1","g10",50,7,97,2,0.000606357368565477,7.40804102860501
"b10 f5 g1 g10",1,"b10","f5","g1","g10",50,36,97,2,0.00311840932405102,5.77043223920422
"d15 d29 f5 g1",1,"d15","d29","f5","g1",11,7,36,97,0.00240117517951929,6.03179700333862
"d15 d29 f5 g10",1,"d15","d29","f5","g10",11,7,36,2,4.95087665880265e-05,9.91336080128206
"d15 d29 g1 g10",1,"d15","d29","g1","g10",11,7,97,2,0.000133398621084405,8.92216876123479
"d15 f5 g1 g10",1,"d15","f5","g1","g10",11,36,97,2,0.000686050051291225,7.28455997183399
"d29 f5 g1 g10",1,"d29","f5","g1","g10",7,36,97,2,0.000436577305367143,7.73654509557705
"b2 c1 e5 e9",1,"b2","c1","e5","e9",28,125,7,1,0.000218788741234966,8.42740394561898
"b2 c1 e5 e16",1,"b2","c1","e5","e16",28,125,7,1,0.000218788741234966,8.42740394561898
"b2 c1 e5 e22",1,"b2","c1","e5","e22",28,125,7,1,0.000218788741234966,8.42740394561898
"b2 c1 e5 e23",1,"b2","c1","e5","e23",28,125,7,1,0.000218788741234966,8.42740394561898
"b2 c1 e5 e24",1,"b2","c1","e5","e24",28,125,7,2,0.000437577482469932,7.73425676505904
"b2 c1 e5 f30",1,"b2","c1","e5","f30",28,125,7,1,0.000218788741234966,8.42740394561898
"b2 c1 e9 e16",1,"b2","c1","e9","e16",28,125,1,1,3.1255534462138e-05,10.3733140946743
"b2 c1 e9 e22",1,"b2","c1","e9","e22",28,125,1,1,3.1255534462138e-05,10.3733140946743
"b2 c1 e9 e23",1,"b2","c1","e9","e23",28,125,1,1,3.1255534462138e-05,10.3733140946743
"b2 c1 e9 e24",1,"b2","c1","e9","e24",28,125,1,2,6.2511068924276e-05,9.68016691411435
"b2 c1 e9 f30",1,"b2","c1","e9","f30",28,125,1,1,3.1255534462138e-05,10.3733140946743
"b2 c1 e16 e22",1,"b2","c1","e16","e22",28,125,1,1,3.1255534462138e-05,10.3733140946743
"b2 c1 e16 e23",1,"b2","c1","e16","e23",28,125,1,1,3.1255534462138e-05,10.3733140946743
"b2 c1 e16 e24",1,"b2","c1","e16","e24",28,125,1,2,6.2511068924276e-05,9.68016691411435
"b2 c1 e16 f30",1,"b2","c1","e16","f30",28,125,1,1,3.1255534462138e-05,10.3733140946743
"b2 c1 e22 e23",1,"b2","c1","e22","e23",28,125,1,1,3.1255534462138e-05,10.3733140946743
"b2 c1 e22 e24",1,"b2","c1","e22","e24",28,125,1,2,6.2511068924276e-05,9.68016691411435
"b2 c1 e22 f30",1,"b2","c1","e22","f30",28,125,1,1,3.1255534462138e-05,10.3733140946743
"b2 c1 e23 e24",1,"b2","c1","e23","e24",28,125,1,2,6.2511068924276e-05,9.68016691411435
"b2 c1 e23 f30",1,"b2","c1","e23","f30",28,125,1,1,3.1255534462138e-05,10.3733140946743
"b2 c1 e24 f30",1,"b2","c1","e24","f30",28,125,2,1,6.2511068924276e-05,9.68016691411435
"b2 e5 e9 e16",1,"b2","e5","e9","e16",28,7,1,1,1.75030992987973e-06,13.2557176829213
"b2 e5 e9 e22",1,"b2","e5","e9","e22",28,7,1,1,1.75030992987973e-06,13.2557176829213
"b2 e5 e9 e23",1,"b2","e5","e9","e23",28,7,1,1,1.75030992987973e-06,13.2557176829213
"b2 e5 e9 e24",1,"b2","e5","e9","e24",28,7,1,2,3.50061985975945e-06,12.5625705023613
"b2 e5 e9 f30",1,"b2","e5","e9","f30",28,7,1,1,1.75030992987973e-06,13.2557176829213
"b2 e5 e16 e22",1,"b2","e5","e16","e22",28,7,1,1,1.75030992987973e-06,13.2557176829213
"b2 e5 e16 e23",1,"b2","e5","e16","e23",28,7,1,1,1.75030992987973e-06,13.2557176829213
"b2 e5 e16 e24",1,"b2","e5","e16","e24",28,7,1,2,3.50061985975945e-06,12.5625705023613
"b2 e5 e16 f30",1,"b2","e5","e16","f30",28,7,1,1,1.75030992987973e-06,13.2557176829213
"b2 e5 e22 e23",1,"b2","e5","e22","e23",28,7,1,1,1.75030992987973e-06,13.2557176829213
"b2 e5 e22 e24",1,"b2","e5","e22","e24",28,7,1,2,3.50061985975945e-06,12.5625705023613
"b2 e5 e22 f30",1,"b2","e5","e22","f30",28,7,1,1,1.75030992987973e-06,13.2557176829213
"b2 e5 e23 e24",1,"b2","e5","e23","e24",28,7,1,2,3.50061985975945e-06,12.5625705023613
"b2 e5 e23 f30",1,"b2","e5","e23","f30",28,7,1,1,1.75030992987973e-06,13.2557176829213
"b2 e5 e24 f30",1,"b2","e5","e24","f30",28,7,2,1,3.50061985975945e-06,12.5625705023613
"b2 e9 e16 e22",1,"b2","e9","e16","e22",28,1,1,1,2.50044275697104e-07,15.2016278319766
"b2 e9 e16 e23",1,"b2","e9","e16","e23",28,1,1,1,2.50044275697104e-07,15.2016278319766
"b2 e9 e16 e24",1,"b2","e9","e16","e24",28,1,1,2,5.00088551394208e-07,14.5084806514167
"b2 e9 e16 f30",1,"b2","e9","e16","f30",28,1,1,1,2.50044275697104e-07,15.2016278319766
"b2 e9 e22 e23",1,"b2","e9","e22","e23",28,1,1,1,2.50044275697104e-07,15.2016278319766
"b2 e9 e22 e24",1,"b2","e9","e22","e24",28,1,1,2,5.00088551394208e-07,14.5084806514167
"b2 e9 e22 f30",1,"b2","e9","e22","f30",28,1,1,1,2.50044275697104e-07,15.2016278319766
"b2 e9 e23 e24",1,"b2","e9","e23","e24",28,1,1,2,5.00088551394208e-07,14.5084806514167
"b2 e9 e23 f30",1,"b2","e9","e23","f30",28,1,1,1,2.50044275697104e-07,15.2016278319766
"b2 e9 e24 f30",1,"b2","e9","e24","f30",28,1,2,1,5.00088551394208e-07,14.5084806514167
"b2 e16 e22 e23",1,"b2","e16","e22","e23",28,1,1,1,2.50044275697104e-07,15.2016278319766
"b2 e16 e22 e24",1,"b2","e16","e22","e24",28,1,1,2,5.00088551394208e-07,14.5084806514167
"b2 e16 e22 f30",1,"b2","e16","e22","f30",28,1,1,1,2.50044275697104e-07,15.2016278319766
"b2 e16 e23 e24",1,"b2","e16","e23","e24",28,1,1,2,5.00088551394208e-07,14.5084806514167
"b2 e16 e23 f30",1,"b2","e16","e23","f30",28,1,1,1,2.50044275697104e-07,15.2016278319766
"b2 e16 e24 f30",1,"b2","e16","e24","f30",28,1,2,1,5.00088551394208e-07,14.5084806514167
"b2 e22 e23 e24",1,"b2","e22","e23","e24",28,1,1,2,5.00088551394208e-07,14.5084806514167
"b2 e22 e23 f30",1,"b2","e22","e23","f30",28,1,1,1,2.50044275697104e-07,15.2016278319766
"b2 e22 e24 f30",1,"b2","e22","e24","f30",28,1,2,1,5.00088551394208e-07,14.5084806514167
"b2 e23 e24 f30",1,"b2","e23","e24","f30",28,1,2,1,5.00088551394208e-07,14.5084806514167
"c1 e5 e9 e16",1,"c1","e5","e9","e16",125,7,1,1,7.81388361553449e-06,11.7596084557942
"c1 e5 e9 e22",1,"c1","e5","e9","e22",125,7,1,1,7.81388361553449e-06,11.7596084557942
"c1 e5 e9 e23",1,"c1","e5","e9","e23",125,7,1,1,7.81388361553449e-06,11.7596084557942
"c1 e5 e9 e24",1,"c1","e5","e9","e24",125,7,1,2,1.5627767231069e-05,11.0664612752342
"c1 e5 e9 f30",1,"c1","e5","e9","f30",125,7,1,1,7.81388361553449e-06,11.7596084557942
"c1 e5 e16 e22",1,"c1","e5","e16","e22",125,7,1,1,7.81388361553449e-06,11.7596084557942
"c1 e5 e16 e23",1,"c1","e5","e16","e23",125,7,1,1,7.81388361553449e-06,11.7596084557942
"c1 e5 e16 e24",1,"c1","e5","e16","e24",125,7,1,2,1.5627767231069e-05,11.0664612752342
"c1 e5 e16 f30",1,"c1","e5","e16","f30",125,7,1,1,7.81388361553449e-06,11.7596084557942
"c1 e5 e22 e23",1,"c1","e5","e22","e23",125,7,1,1,7.81388361553449e-06,11.7596084557942
"c1 e5 e22 e24",1,"c1","e5","e22","e24",125,7,1,2,1.5627767231069e-05,11.0664612752342
"c1 e5 e22 f30",1,"c1","e5","e22","f30",125,7,1,1,7.81388361553449e-06,11.7596084557942
"c1 e5 e23 e24",1,"c1","e5","e23","e24",125,7,1,2,1.5627767231069e-05,11.0664612752342
"c1 e5 e23 f30",1,"c1","e5","e23","f30",125,7,1,1,7.81388361553449e-06,11.7596084557942
"c1 e5 e24 f30",1,"c1","e5","e24","f30",125,7,2,1,1.5627767231069e-05,11.0664612752342
"c1 e9 e16 e22",1,"c1","e9","e16","e22",125,1,1,1,1.1162690879335e-06,13.7055186048495
"c1 e9 e16 e23",1,"c1","e9","e16","e23",125,1,1,1,1.1162690879335e-06,13.7055186048495
"c1 e9 e16 e24",1,"c1","e9","e16","e24",125,1,1,2,2.232538175867e-06,13.0123714242896
"c1 e9 e16 f30",1,"c1","e9","e16","f30",125,1,1,1,1.1162690879335e-06,13.7055186048495
"c1 e9 e22 e23",1,"c1","e9","e22","e23",125,1,1,1,1.1162690879335e-06,13.7055186048495
"c1 e9 e22 e24",1,"c1","e9","e22","e24",125,1,1,2,2.232538175867e-06,13.0123714242896
"c1 e9 e22 f30",1,"c1","e9","e22","f30",125,1,1,1,1.1162690879335e-06,13.7055186048495
"c1 e9 e23 e24",1,"c1","e9","e23","e24",125,1,1,2,2.232538175867e-06,13.0123714242896
"c1 e9 e23 f30",1,"c1","e9","e23","f30",125,1,1,1,1.1162690879335e-06,13.7055186048495
"c1 e9 e24 f30",1,"c1","e9","e24","f30",125,1,2,1,2.232538175867e-06,13.0123714242896
"c1 e16 e22 e23",1,"c1","e16","e22","e23",125,1,1,1,1.1162690879335e-06,13.7055186048495
"c1 e16 e22 e24",1,"c1","e16","e22","e24",125,1,1,2,2.232538175867e-06,13.0123714242896
"c1 e16 e22 f30",1,"c1","e16","e22","f30",125,1,1,1,1.1162690879335e-06,13.7055186048495
"c1 e16 e23 e24",1,"c1","e16","e23","e24",125,1,1,2,2.232538175867e-06,13.0123714242896
"c1 e16 e23 f30",1,"c1","e16","e23","f30",125,1,1,1,1.1162690879335e-06,13.7055186048495
"c1 e16 e24 f30",1,"c1","e16","e24","f30",125,1,2,1,2.232538175867e-06,13.0123714242896
"c1 e22 e23 e24",1,"c1","e22","e23","e24",125,1,1,2,2.232538175867e-06,13.0123714242896
"c1 e22 e23 f30",1,"c1","e22","e23","f30",125,1,1,1,1.1162690879335e-06,13.7055186048495
"c1 e22 e24 f30",1,"c1","e22","e24","f30",125,1,2,1,2.232538175867e-06,13.0123714242896
"c1 e23 e24 f30",1,"c1","e23","e24","f30",125,1,2,1,2.232538175867e-06,13.0123714242896
"e5 e9 e16 e22",1,"e5","e9","e16","e22",7,1,1,1,6.2511068924276e-08,16.5879221930965
"e5 e9 e16 e23",1,"e5","e9","e16","e23",7,1,1,1,6.2511068924276e-08,16.5879221930965
"e5 e9 e16 e24",1,"e5","e9","e16","e24",7,1,1,2,1.25022137848552e-07,15.8947750125365
"e5 e9 e16 f30",1,"e5","e9","e16","f30",7,1,1,1,6.2511068924276e-08,16.5879221930965
"e5 e9 e22 e23",1,"e5","e9","e22","e23",7,1,1,1,6.2511068924276e-08,16.5879221930965
"e5 e9 e22 e24",1,"e5","e9","e22","e24",7,1,1,2,1.25022137848552e-07,15.8947750125365
"e5 e9 e22 f30",1,"e5","e9","e22","f30",7,1,1,1,6.2511068924276e-08,16.5879221930965
"e5 e9 e23 e24",1,"e5","e9","e23","e24",7,1,1,2,1.25022137848552e-07,15.8947750125365
"e5 e9 e23 f30",1,"e5","e9","e23","f30",7,1,1,1,6.2511068924276e-08,16.5879221930965
"e5 e9 e24 f30",1,"e5","e9","e24","f30",7,1,2,1,1.25022137848552e-07,15.8947750125365
"e5 e16 e22 e23",1,"e5","e16","e22","e23",7,1,1,1,6.2511068924276e-08,16.5879221930965
"e5 e16 e22 e24",1,"e5","e16","e22","e24",7,1,1,2,1.25022137848552e-07,15.8947750125365
"e5 e16 e22 f30",1,"e5","e16","e22","f30",7,1,1,1,6.2511068924276e-08,16.5879221930965
"e5 e16 e23 e24",1,"e5","e16","e23","e24",7,1,1,2,1.25022137848552e-07,15.8947750125365
"e5 e16 e23 f30",1,"e5","e16","e23","f30",7,1,1,1,6.2511068924276e-08,16.5879221930965
"e5 e16 e24 f30",1,"e5","e16","e24","f30",7,1,2,1,1.25022137848552e-07,15.8947750125365
"e5 e22 e23 e24",1,"e5","e22","e23","e24",7,1,1,2,1.25022137848552e-07,15.8947750125365
"e5 e22 e23 f30",1,"e5","e22","e23","f30",7,1,1,1,6.2511068924276e-08,16.5879221930965
"e5 e22 e24 f30",1,"e5","e22","e24","f30",7,1,2,1,1.25022137848552e-07,15.8947750125365
"e5 e23 e24 f30",1,"e5","e23","e24","f30",7,1,2,1,1.25022137848552e-07,15.8947750125365
"e9 e16 e22 e23",1,"e9","e16","e22","e23",1,1,1,1,8.93015270346799e-09,18.5338323421518
"e9 e16 e22 e24",1,"e9","e16","e22","e24",1,1,1,2,1.7860305406936e-08,17.8406851615919
"e9 e16 e22 f30",1,"e9","e16","e22","f30",1,1,1,1,8.93015270346799e-09,18.5338323421518
"e9 e16 e23 e24",1,"e9","e16","e23","e24",1,1,1,2,1.7860305406936e-08,17.8406851615919
"e9 e16 e23 f30",1,"e9","e16","e23","f30",1,1,1,1,8.93015270346799e-09,18.5338323421518
"e9 e16 e24 f30",1,"e9","e16","e24","f30",1,1,2,1,1.7860305406936e-08,17.8406851615919
"e9 e22 e23 e24",1,"e9","e22","e23","e24",1,1,1,2,1.7860305406936e-08,17.8406851615919
"e9 e22 e23 f30",1,"e9","e22","e23","f30",1,1,1,1,8.93015270346799e-09,18.5338323421518
"e9 e22 e24 f30",1,"e9","e22","e24","f30",1,1,2,1,1.7860305406936e-08,17.8406851615919
"e9 e23 e24 f30",1,"e9","e23","e24","f30",1,1,2,1,1.7860305406936e-08,17.8406851615919
"e16 e22 e23 e24",1,"e16","e22","e23","e24",1,1,1,2,1.7860305406936e-08,17.8406851615919
"e16 e22 e23 f30",1,"e16","e22","e23","f30",1,1,1,1,8.93015270346799e-09,18.5338323421518
"e16 e22 e24 f30",1,"e16","e22","e24","f30",1,1,2,1,1.7860305406936e-08,17.8406851615919
"e16 e23 e24 f30",1,"e16","e23","e24","f30",1,1,2,1,1.7860305406936e-08,17.8406851615919
"e22 e23 e24 f30",1,"e22","e23","e24","f30",1,1,2,1,1.7860305406936e-08,17.8406851615919
"a1 b10 d9 f5",1,"a1","b10","d9","f5",136,50,1,36,0.00218610138180896,6.12563551253149
"a1 b10 d9 f14",1,"a1","b10","d9","f14",136,50,1,16,0.000971600614137318,6.93656572874782
"a1 b10 d9 f21",1,"a1","b10","d9","f21",136,50,1,1,6.07250383835823e-05,9.7091544509876
"a1 b10 f5 f21",1,"a1","b10","f5","f21",136,50,36,1,0.00218610138180896,6.12563551253149
"a1 b10 f14 f21",1,"a1","b10","f14","f21",136,50,16,1,0.000971600614137318,6.93656572874782
"a1 d9 f5 f14",1,"a1","d9","f5","f14",136,1,36,16,0.000699552442178869,7.26506979571986
"a1 d9 f5 f21",1,"a1","d9","f5","f21",136,1,36,1,4.37220276361793e-05,10.0376585179596
"a1 d9 f14 f21",1,"a1","d9","f14","f21",136,1,16,1,1.94320122827464e-05,10.848588734176
"a1 f5 f14 f21",1,"a1","f5","f14","f21",136,36,16,1,0.000699552442178869,7.26506979571986
"b10 d9 f5 f14",1,"b10","d9","f5","f14",50,1,36,16,0.000257188397859878,8.26570167602776
"b10 d9 f5 f21",1,"b10","d9","f5","f21",50,1,36,1,1.60742748662424e-05,11.0382903982675
"b10 d9 f14 f21",1,"b10","d9","f14","f21",50,1,16,1,7.1441221627744e-06,11.8492206144839
"b10 f5 f14 f21",1,"b10","f5","f14","f21",50,36,16,1,0.000257188397859878,8.26570167602776
"d9 f5 f14 f21",1,"d9","f5","f14","f21",1,36,16,1,5.14376795719756e-06,12.1777246814559
"a1 a3 a24 b2",1,"a1","a3","a24","b2",136,22,69,28,0.0516211406291157,2.96382398828497
"a1 a3 a24 b4",1,"a1","a3","a24","b4",136,22,69,8,0.0147488973226045,4.21658695678034
"a1 a3 a24 c1",1,"a1","a3","a24","c1",136,22,69,125,0.230451520665695,1.46771476115787
"a1 a3 a24 c14",1,"a1","a3","a24","c14",136,22,69,6,0.0110616729919534,4.50426902923212
"a1 a3 a24 f12",1,"a1","a3","a24","f12",136,22,69,22,0.0405594676371623,3.20498604510186
"a1 a3 a24 g1",1,"a1","a3","a24","g1",136,22,69,97,0.178830380036579,1.72131751995679
"a1 a3 a24 g11",1,"a1","a3","a24","g11",136,22,69,2,0.00368722433065112,5.60288131790023
"a1 a3 a24 g14",1,"a1","a3","a24","g14",136,22,69,1,0.00184361216532556,6.29602849846017
"a1 a3 b2 b4",1,"a1","a3","b2","b4",136,22,28,8,0.00598505978308588,5.11848895120239
"a1 a3 b2 c1",2,"a1","a3","b2","c1",136,22,28,125,0.0935165591107168,3.06276393613987
"a1 a3 b2 c14",1,"a1","a3","b2","c14",136,22,28,6,0.00448879483731441,5.40617102365417
"a1 a3 b2 f5",1,"a1","a3","b2","f5",136,22,28,36,0.0269327690238864,3.61441155442612
"a1 a3 b2 f12",1,"a1","a3","b2","f12",136,22,28,22,0.0164589144034862,4.10688803952391
"a1 a3 b2 g1",2,"a1","a3","b2","g1",136,22,28,97,0.0725688498699163,3.31636669493879
"a1 a3 b2 g11",1,"a1","a3","b2","g11",136,22,28,2,0.00149626494577147,6.50478331232228
"a1 a3 b2 g14",1,"a1","a3","b2","g14",136,22,28,1,0.000748132472885734,7.19793049288223
"a1 a3 b2 h1",1,"a1","a3","b2","h1",136,22,28,49,0.036658491171401,3.3061101947716
"a1 a3 b4 c1",1,"a1","a3","b4","c1",136,22,8,125,0.0267190168887762,3.6223797240753
"a1 a3 b4 c14",1,"a1","a3","b4","c14",136,22,8,6,0.00128251281066126,6.65893399214954
"a1 a3 b4 f5",1,"a1","a3","b4","f5",136,22,8,36,0.00769507686396755,4.86717452292149
"a1 a3 b4 f12",1,"a1","a3","b4","f12",136,22,8,22,0.00470254697242462,5.35965100801928
"a1 a3 b4 g1",1,"a1","a3","b4","g1",136,22,8,97,0.0207339571056904,3.87598248287421
"a1 a3 b4 g11",1,"a1","a3","b4","g11",136,22,8,2,0.00042750427022042,7.75754628081765
"a1 a3 b4 g14",1,"a1","a3","b4","g14",136,22,8,1,0.00021375213511021,8.4506934613776
"a1 a3 b4 h1",1,"a1","a3","b4","h1",136,22,8,49,0.0104738546204003,4.55887316326697
"a1 a3 c1 c14",1,"a1","a3","c1","c14",136,22,125,6,0.0200392626665822,3.91006179652708
"a1 a3 c1 f5",1,"a1","a3","c1","f5",136,22,125,36,0.120235575999493,2.11830232729902
"a1 a3 c1 f12",1,"a1","a3","c1","f12",136,22,125,22,0.0734772964441346,2.61077881239682
"a1 a3 c1 g11",1,"a1","a3","c1","g11",136,22,125,2,0.00667975422219406,5.00867408519519
"a1 a3 c1 g14",1,"a1","a3","c1","g14",136,22,125,1,0.00333987711109703,5.70182126575513
"a1 a3 c14 f5",1,"a1","a3","c14","f5",136,22,6,36,0.00577130764797567,5.15485659537327
"a1 a3 c14 f12",1,"a1","a3","c14","f12",136,22,6,22,0.00352691022931846,5.64733308047106
"a1 a3 c14 g1",1,"a1","a3","c14","g1",136,22,6,97,0.0155504678292678,4.163664555326
"a1 a3 c14 g11",1,"a1","a3","c14","g11",136,22,6,2,0.000320628202665315,8.04522835326943
"a1 a3 c14 g14",1,"a1","a3","c14","g14",136,22,6,1,0.000160314101332657,8.73837553382938
"a1 a3 c14 h1",1,"a1","a3","c14","h1",136,22,6,49,0.00785539096530021,4.84655523571875
"a1 a3 f5 f12",1,"a1","a3","f5","f12",136,22,36,22,0.0211614613759108,3.85557361124301
"a1 a3 f5 g1",1,"a1","a3","f5","g1",136,22,36,97,0.0933028069756066,2.37190508609794
"a1 a3 f5 g11",1,"a1","a3","f5","g11",136,22,36,2,0.00192376921599189,6.25346888404138
"a1 a3 f5 g14",1,"a1","a3","f5","g14",136,22,36,1,0.000961884607995944,6.94661606460132
"a1 a3 f12 g1",1,"a1","a3","f12","g1",136,22,22,97,0.0570183820406485,2.86438157119573
"a1 a3 f12 g11",1,"a1","a3","f12","g11",136,22,22,2,0.00117563674310615,6.74594536913917
"a1 a3 f12 g14",1,"a1","a3","f12","g14",136,22,22,1,0.000587818371553077,7.43909254969912
"a1 a3 f12 h1",1,"a1","a3","f12","h1",136,22,22,49,0.0288031002061008,3.54727225158849
"a1 a3 g1 g11",1,"a1","a3","g1","g11",136,22,97,2,0.00518348927642259,5.2622768439941
"a1 a3 g1 g14",1,"a1","a3","g1","g14",136,22,97,1,0.00259174463821129,5.95542402455405
"a1 a3 g11 g14",1,"a1","a3","g11","g14",136,22,2,1,5.34380337775525e-05,9.83698782249749
"a1 a3 g11 h1",1,"a1","a3","g11","h1",136,22,2,49,0.00261846365510007,5.94516752438686
"a1 a3 g14 h1",1,"a1","a3","g14","h1",136,22,1,49,0.00130923182755004,6.63831470494681
"a1 a24 b2 b4",1,"a1","a24","b2","b4",136,69,28,8,0.018771323865133,3.97542489996345
"a1 a24 b2 c14",1,"a1","a24","b2","c14",136,69,28,6,0.0140784928988497,4.26310697241523
"a1 a24 b2 f5",1,"a1","a24","b2","f5",136,69,28,36,0.0844709573930984,2.47134750318718
"a1 a24 b2 f12",1,"a1","a24","b2","f12",136,69,28,22,0.0516211406291157,2.96382398828497
"a1 a24 b2 g1",1,"a1","a24","b2","g1",136,69,28,97,0.227602301864737,1.4801554631399
"a1 a24 b2 g11",1,"a1","a24","b2","g11",136,69,28,2,0.00469283096628324,5.36171926108334
"a1 a24 b2 g14",1,"a1","a24","b2","g14",136,69,28,1,0.00234641548314162,6.05486644164329
"a1 a24 b4 c1",1,"a1","a24","b4","c1",136,69,8,125,0.0838005529693436,2.47931567283635
"a1 a24 b4 c14",1,"a1","a24","b4","c14",136,69,8,6,0.00402242654252849,5.5158699409106
"a1 a24 b4 f5",1,"a1","a24","b4","f5",136,69,8,36,0.024134559255171,3.72411047168254
"a1 a24 b4 f12",1,"a1","a24","b4","f12",136,69,8,22,0.0147488973226045,4.21658695678034
"a1 a24 b4 g1",1,"a1","a24","b4","g1",136,69,8,97,0.0650292291042107,2.73291843163527
"a1 a24 b4 g11",1,"a1","a24","b4","g11",136,69,8,2,0.0013408088475095,6.61448222957871
"a1 a24 b4 g14",1,"a1","a24","b4","g14",136,69,8,1,0.000670404423754749,7.30762941013865
"a1 a24 b4 h1",1,"a1","a24","b4","h1",136,69,8,49,0.0328498167639827,3.41580911202803
"a1 a24 c1 c14",1,"a1","a24","c1","c14",136,69,125,6,0.0628504147270077,2.76699774528813
"a1 a24 c1 f5",1,"a1","a24","c1","f5",136,69,125,36,0.377102488362046,0.975238276060078
"a1 a24 c1 f12",1,"a1","a24","c1","f12",136,69,125,22,0.230451520665695,1.46771476115787
"a1 a24 c1 g11",1,"a1","a24","c1","g11",136,69,125,2,0.0209501382423359,3.86561003395624
"a1 a24 c1 g14",1,"a1","a24","c1","g14",136,69,125,1,0.010475069121168,4.55875721451619
"a1 a24 c14 f5",1,"a1","a24","c14","f5",136,69,6,36,0.0181009194413782,4.01179254413432
"a1 a24 c14 f12",1,"a1","a24","c14","f12",136,69,6,22,0.0110616729919534,4.50426902923212
"a1 a24 c14 g1",1,"a1","a24","c14","g1",136,69,6,97,0.048771921828158,3.02060050408705
"a1 a24 c14 g11",1,"a1","a24","c14","g11",136,69,6,2,0.00100560663563212,6.90216430203049
"a1 a24 c14 g14",1,"a1","a24","c14","g14",136,69,6,1,0.000502803317816062,7.59531148259043
"a1 a24 c14 h1",1,"a1","a24","c14","h1",136,69,6,49,0.024637362572987,3.70349118447981
"a1 a24 f5 f12",1,"a1","a24","f5","f12",136,69,36,22,0.0663700379517202,2.71250956000406
"a1 a24 f5 g1",1,"a1","a24","f5","g1",136,69,36,97,0.292631530968948,1.228841034859
"a1 a24 f5 g11",1,"a1","a24","f5","g11",136,69,36,2,0.00603363981379274,5.11040483280243
"a1 a24 f5 g14",1,"a1","a24","f5","g14",136,69,36,1,0.00301681990689637,5.80355201336238
"a1 a24 f12 g1",1,"a1","a24","f12","g1",136,69,22,97,0.178830380036579,1.72131751995679
"a1 a24 f12 g11",1,"a1","a24","f12","g11",136,69,22,2,0.00368722433065112,5.60288131790023
"a1 a24 f12 g14",1,"a1","a24","f12","g14",136,69,22,1,0.00184361216532556,6.29602849846017
"a1 a24 f12 h1",1,"a1","a24","f12","h1",136,69,22,49,0.0903369961009524,2.40420820034955
"a1 a24 g1 g11",1,"a1","a24","g1","g11",136,69,97,2,0.0162573072760527,4.11921279275516
"a1 a24 g1 g14",1,"a1","a24","g1","g14",136,69,97,1,0.00812865363802633,4.81235997331511
"a1 a24 g1 h1",1,"a1","a24","g1","h1",136,69,97,49,0.39830402826329,0.92053967520448
"a1 a24 g11 g14",1,"a1","a24","g11","g14",136,69,2,1,0.000167601105938687,8.69392377125854
"a1 a24 g11 h1",1,"a1","a24","g11","h1",136,69,2,49,0.00821245419099568,4.80210347314792
"a1 a24 g14 h1",1,"a1","a24","g14","h1",136,69,1,49,0.00410622709549784,5.49525065370786
"a1 b2 b4 c1",1,"a1","b2","b4","c1",136,28,8,125,0.0340060214948061,3.38121766725841
"a1 b2 b4 c14",1,"a1","b2","b4","c14",136,28,8,6,0.00163228903175069,6.41777193533265
"a1 b2 b4 f5",1,"a1","b2","b4","f5",136,28,8,36,0.00979373419050416,4.6260124661046
"a1 b2 b4 f12",1,"a1","b2","b4","f12",136,28,8,22,0.00598505978308588,5.11848895120239
"a1 b2 b4 g1",1,"a1","b2","b4","g1",136,28,8,97,0.0263886726799695,3.63482042605733
"a1 b2 b4 g11",1,"a1","b2","b4","g11",136,28,8,2,0.000544096343916898,7.51638422400076
"a1 b2 b4 g14",1,"a1","b2","b4","g14",136,28,8,1,0.000272048171958449,8.20953140456071
"a1 b2 b4 h1",1,"a1","b2","b4","h1",136,28,8,49,0.013330360425964,4.31771110645008
"a1 b2 c1 c14",1,"a1","b2","c1","c14",136,28,125,6,0.0255045161211046,3.66889973971019
"a1 b2 c1 f5",2,"a1","b2","c1","f5",136,28,125,36,0.153027096726628,2.57028745104208
"a1 b2 c1 f12",1,"a1","b2","c1","f12",136,28,125,22,0.0935165591107168,2.36961675557993
"a1 b2 c1 g11",1,"a1","b2","c1","g11",136,28,125,2,0.00850150537370153,4.7675120283783
"a1 b2 c1 g14",1,"a1","b2","c1","g14",136,28,125,1,0.00425075268685076,5.46065920893824
"a1 b2 c14 f5",1,"a1","b2","c14","f5",136,28,6,36,0.00734530064287812,4.91369453855638
"a1 b2 c14 f12",1,"a1","b2","c14","f12",136,28,6,22,0.00448879483731441,5.40617102365417
"a1 b2 c14 g1",1,"a1","b2","c14","g1",136,28,6,97,0.0197915045099772,3.92250249850911
"a1 b2 c14 g11",1,"a1","b2","c14","g11",136,28,6,2,0.000408072257937673,7.80406629645254
"a1 b2 c14 g14",1,"a1","b2","c14","g14",136,28,6,1,0.000204036128968837,8.49721347701249
"a1 b2 c14 h1",1,"a1","b2","c14","h1",136,28,6,49,0.009997770319473,4.60539317890186
"a1 b2 f5 f12",1,"a1","b2","f5","f12",136,28,36,22,0.0269327690238864,3.61441155442612
"a1 b2 f5 g1",1,"a1","b2","f5","g1",136,28,36,97,0.118749027059863,2.13074302928105
"a1 b2 f5 g11",1,"a1","b2","f5","g11",136,28,36,2,0.00244843354762604,6.01230682722449
"a1 b2 f5 g14",1,"a1","b2","f5","g14",136,28,36,1,0.00122421677381302,6.70545400778443
"a1 b2 f5 h1",1,"a1","b2","f5","h1",136,28,36,49,0.059986621916838,2.81363370967381
"a1 b2 f12 g1",1,"a1","b2","f12","g1",136,28,22,97,0.0725688498699163,2.62321951437885
"a1 b2 f12 g11",1,"a1","b2","f12","g11",136,28,22,2,0.00149626494577147,6.50478331232228
"a1 b2 f12 g14",1,"a1","b2","f12","g14",136,28,22,1,0.000748132472885735,7.19793049288223
"a1 b2 f12 h1",1,"a1","b2","f12","h1",136,28,22,49,0.036658491171401,3.3061101947716
"a1 b2 g1 g11",1,"a1","b2","g1","g11",136,28,97,2,0.00659716816999239,5.02111478717722
"a1 b2 g1 g14",1,"a1","b2","g1","g14",136,28,97,1,0.00329858408499619,5.71426196773716
"a1 b2 g1 h1",1,"a1","b2","g1","h1",136,28,97,49,0.161630620164813,1.82244166962654
"a1 b2 g11 g14",1,"a1","b2","g11","g14",136,28,2,1,6.80120429896122e-05,9.5958257656806
"a1 b2 g11 h1",1,"a1","b2","g11","h1",136,28,2,49,0.003332590106491,5.70400546756997
"a1 b2 g14 h1",1,"a1","b2","g14","h1",136,28,1,49,0.0016662950532455,6.39715264812992
"a1 b4 c1 c14",1,"a1","b4","c1","c14",136,8,125,6,0.00728700460602988,4.92166270820556
"a1 b4 c1 f5",1,"a1","b4","c1","f5",136,8,125,36,0.0437220276361793,3.1299032389775
"a1 b4 c1 f12",1,"a1","b4","c1","f12",136,8,125,22,0.0267190168887762,3.6223797240753
"a1 b4 c1 g1",1,"a1","b4","c1","g1",136,8,125,97,0.11780657446415,2.13871119893023
"a1 b4 c1 g11",1,"a1","b4","c1","g11",136,8,125,2,0.00242900153534329,6.02027499687367
"a1 b4 c1 g14",1,"a1","b4","c1","g14",136,8,125,1,0.00121450076767165,6.71342217743361
"a1 b4 c1 h1",1,"a1","b4","c1","h1",136,8,125,49,0.0595105376159107,2.82160187932299
"a1 b4 c14 f5",1,"a1","b4","c14","f5",136,8,6,36,0.00209865732653661,6.16645750705175
"a1 b4 c14 f12",1,"a1","b4","c14","f12",136,8,6,22,0.00128251281066126,6.65893399214954
"a1 b4 c14 g1",1,"a1","b4","c14","g1",136,8,6,97,0.00565471557427919,5.17526546700447
"a1 b4 c14 g11",1,"a1","b4","c14","g11",136,8,6,2,0.000116592073696478,9.05682926494791
"a1 b4 c14 g14",1,"a1","b4","c14","g14",136,8,6,1,5.82960368482391e-05,9.74997644550786
"a1 b4 c14 h1",1,"a1","b4","c14","h1",136,8,6,49,0.00285650580556371,5.85815614739723
"a1 b4 f5 f12",1,"a1","b4","f5","f12",136,8,36,22,0.00769507686396756,4.86717452292149
"a1 b4 f5 g1",1,"a1","b4","f5","g1",136,8,36,97,0.0339282934456751,3.38350599777642
"a1 b4 f5 g11",1,"a1","b4","f5","g11",136,8,36,2,0.000699552442178869,7.26506979571986
"a1 b4 f5 g14",1,"a1","b4","f5","g14",136,8,36,1,0.000349776221089434,7.9582169762798
"a1 b4 f5 h1",1,"a1","b4","f5","h1",136,8,36,49,0.0171390348333823,4.06639667816918
"a1 b4 f12 g1",1,"a1","b4","f12","g1",136,8,22,97,0.0207339571056904,3.87598248287421
"a1 b4 f12 g11",1,"a1","b4","f12","g11",136,8,22,2,0.00042750427022042,7.75754628081765
"a1 b4 f12 g14",1,"a1","b4","f12","g14",136,8,22,1,0.00021375213511021,8.4506934613776
"a1 b4 f12 h1",1,"a1","b4","f12","h1",136,8,22,49,0.0104738546204003,4.55887316326697
"a1 b4 g1 g11",1,"a1","b4","g1","g11",136,8,97,2,0.0018849051914264,6.27387775567258
"a1 b4 g1 g14",1,"a1","b4","g1","g14",136,8,97,1,0.000942452595713198,6.96702493623253
"a1 b4 g11 g14",1,"a1","b4","g11","g14",136,8,2,1,1.94320122827464e-05,10.848588734176
"a1 b4 g11 h1",1,"a1","b4","g11","h1",136,8,2,49,0.000952168601854571,6.95676843606534
"a1 b4 g14 h1",1,"a1","b4","g14","h1",136,8,1,49,0.000476084300927286,7.64991561662529
"a1 c1 c14 f5",1,"a1","c1","c14","f5",136,125,6,36,0.0327915207271345,3.41758531142928
"a1 c1 c14 f12",1,"a1","c1","c14","f12",136,125,6,22,0.0200392626665822,3.91006179652708
"a1 c1 c14 g1",1,"a1","c1","c14","g1",136,125,6,97,0.0883549308481123,2.42639327138201
"a1 c1 c14 g11",1,"a1","c1","c14","g11",136,125,6,2,0.00182175115150747,6.30795706932545
"a1 c1 c14 g14",1,"a1","c1","c14","g14",136,125,6,1,0.000910875575753735,7.00110424988539
"a1 c1 c14 h1",1,"a1","c1","c14","h1",136,125,6,49,0.044632903211933,3.10928395177477
"a1 c1 f5 g11",1,"a1","c1","f5","g11",136,125,36,2,0.0109305069090448,4.51619760009739
"a1 c1 f5 g14",1,"a1","c1","f5","g14",136,125,36,1,0.00546525345452241,5.20934478065734
"a1 c1 f5 h1",1,"a1","c1","f5","h1",136,125,36,49,0.267797419271598,1.31752448254671
"a1 c1 f12 g11",1,"a1","c1","f12","g11",136,125,22,2,0.00667975422219406,5.00867408519519
"a1 c1 f12 g14",1,"a1","c1","f12","g14",136,125,22,1,0.00333987711109703,5.70182126575513
"a1 c1 f12 h1",1,"a1","c1","f12","h1",136,125,22,49,0.163653978443754,1.81000096764451
"a1 c1 g1 g11",1,"a1","c1","g1","g11",136,125,97,2,0.0294516436160374,3.52500556005012
"a1 c1 g1 g14",1,"a1","c1","g1","g14",136,125,97,1,0.0147258218080187,4.21815274061006
"a1 c1 g11 g14",1,"a1","c1","g11","g14",136,125,2,1,0.000303625191917912,8.0997165385535
"a1 c1 g11 h1",1,"a1","c1","g11","h1",136,125,2,49,0.0148776344039777,4.20789624044288
"a1 c1 g14 h1",1,"a1","c1","g14","h1",136,125,1,49,0.00743881720198884,4.90104342100282
"a1 c14 f5 f12",1,"a1","c14","f5","f12",136,6,36,22,0.00577130764797567,5.15485659537327
"a1 c14 f5 g1",1,"a1","c14","f5","g1",136,6,36,97,0.0254462200842563,3.6711880702282
"a1 c14 f5 g11",1,"a1","c14","f5","g11",136,6,36,2,0.000524664331634151,7.55275186817164
"a1 c14 f5 g14",1,"a1","c14","f5","g14",136,6,36,1,0.000262332165817076,8.24589904873158
"a1 c14 f5 h1",1,"a1","c14","f5","h1",136,6,36,49,0.0128542761250367,4.35407875062096
"a1 c14 f12 g1",1,"a1","c14","f12","g1",136,6,22,97,0.0155504678292678,4.163664555326
"a1 c14 f12 g11",1,"a1","c14","f12","g11",136,6,22,2,0.000320628202665315,8.04522835326943
"a1 c14 f12 g14",1,"a1","c14","f12","g14",136,6,22,1,0.000160314101332657,8.73837553382938
"a1 c14 f12 h1",1,"a1","c14","f12","h1",136,6,22,49,0.00785539096530021,4.84655523571875
"a1 c14 g1 g11",1,"a1","c14","g1","g11",136,6,97,2,0.0014136788935698,6.56155982812437
"a1 c14 g1 g14",1,"a1","c14","g1","g14",136,6,97,1,0.000706839446784898,7.25470700868431
"a1 c14 g1 h1",1,"a1","c14","g1","h1",136,6,97,49,0.03463513289246,3.36288671057368
"a1 c14 g11 g14",1,"a1","c14","g11","g14",136,6,2,1,1.45740092120598e-05,11.1362708066277
"a1 c14 g11 h1",1,"a1","c14","g11","h1",136,6,2,49,0.000714126451390928,7.24445050851712
"a1 c14 g14 h1",1,"a1","c14","g14","h1",136,6,1,49,0.000357063225695464,7.93759768907707
"a1 f5 f12 g1",1,"a1","f5","f12","g1",136,36,22,97,0.0933028069756066,2.37190508609794
"a1 f5 f12 g11",1,"a1","f5","f12","g11",136,36,22,2,0.00192376921599189,6.25346888404138
"a1 f5 f12 g14",1,"a1","f5","f12","g14",136,36,22,1,0.000961884607995944,6.94661606460132
"a1 f5 f12 h1",1,"a1","f5","f12","h1",136,36,22,49,0.0471323457918013,3.0547957664907
"a1 f5 g1 g11",1,"a1","f5","g1","g11",136,36,97,2,0.00848207336141878,4.76980035889631
"a1 f5 g1 g14",1,"a1","f5","g1","g14",136,36,97,1,0.00424103668070939,5.46294753945626
"a1 f5 g1 h1",1,"a1","f5","g1","h1",136,36,97,49,0.20781079735476,1.57112724134563
"a1 f5 g11 g14",1,"a1","f5","g11","g14",136,36,2,1,8.74440552723586e-05,9.34451133739969
"a1 f5 g11 h1",1,"a1","f5","g11","h1",136,36,2,49,0.00428475870834557,5.45269103928907
"a1 f5 g14 h1",1,"a1","f5","g14","h1",136,36,1,49,0.00214237935417279,6.14583821984901
"a1 f12 g1 g11",1,"a1","f12","g1","g11",136,22,97,2,0.00518348927642259,5.2622768439941
"a1 f12 g1 g14",1,"a1","f12","g1","g14",136,22,97,1,0.00259174463821129,5.95542402455405
"a1 f12 g1 h1",1,"a1","f12","g1","h1",136,22,97,49,0.126995487272353,2.06360372644342
"a1 f12 g11 g14",1,"a1","f12","g11","g14",136,22,2,1,5.34380337775525e-05,9.83698782249749
"a1 f12 g11 h1",1,"a1","f12","g11","h1",136,22,2,49,0.00261846365510007,5.94516752438686
"a1 f12 g14 h1",1,"a1","f12","g14","h1",136,22,1,49,0.00130923182755004,6.63831470494681
"a1 g1 g11 g14",1,"a1","g1","g11","g14",136,97,2,1,0.0002356131489283,8.35331929735242
"a1 g1 g11 h1",1,"a1","g1","g11","h1",136,97,2,49,0.0115450442974867,4.46149899924179
"a1 g1 g14 h1",1,"a1","g1","g14","h1",136,97,1,49,0.00577252214874334,5.15464617980174
"a1 g11 g14 h1",1,"a1","g11","g14","h1",136,2,1,49,0.000119021075231821,9.03620997774518
"a3 a24 b2 b4",1,"a3","a24","b2","b4",22,69,28,8,0.00303653768406563,5.79703733234119
"a3 a24 b2 c1",1,"a3","a24","b2","c1",22,69,28,125,0.0474459013135254,3.04816513671872
"a3 a24 b2 c14",1,"a3","a24","b2","c14",22,69,28,6,0.00227740326304922,6.08471940479297
"a3 a24 b2 f5",1,"a3","a24","b2","f5",22,69,28,36,0.0136644195782953,4.29295993556491
"a3 a24 b2 f12",1,"a3","a24","b2","f12",22,69,28,22,0.00835047863118048,4.78543642066271
"a3 a24 b2 g1",1,"a3","a24","b2","g1",22,69,28,97,0.0368180194192957,3.30176789551764
"a3 a24 b2 g11",1,"a3","a24","b2","g11",22,69,28,2,0.000759134421016407,7.18333169346108
"a3 a24 b2 g14",1,"a3","a24","b2","g14",22,69,28,1,0.000379567210508204,7.87647887402102
"a3 a24 b2 h1",1,"a3","a24","b2","h1",22,69,28,49,0.018598793314902,3.9846585759104
"a3 a24 b4 c1",1,"a3","a24","b4","c1",22,69,8,125,0.0135559718038644,4.30092810521409
"a3 a24 b4 c14",1,"a3","a24","b4","c14",22,69,8,6,0.000650686646585492,7.33748237328833
"a3 a24 b4 f5",1,"a3","a24","b4","f5",22,69,8,36,0.00390411987951295,5.54572290406028
"a3 a24 b4 f12",1,"a3","a24","b4","f12",22,69,8,22,0.00238585103748014,6.03819938915807
"a3 a24 b4 g1",1,"a3","a24","b4","g1",22,69,8,97,0.0105194341197988,4.55453086401301
"a3 a24 b4 g11",1,"a3","a24","b4","g11",22,69,8,2,0.000216895548861831,8.43609466195644
"a3 a24 b4 g14",1,"a3","a24","b4","g14",22,69,8,1,0.000108447774430915,9.12924184251639
"a3 a24 b4 h1",1,"a3","a24","b4","h1",22,69,8,49,0.00531394094711485,5.23742154440576
"a3 a24 c1 c14",1,"a3","a24","c1","c14",22,69,125,6,0.0101669788528983,4.58861017766587
"a3 a24 c1 f5",1,"a3","a24","c1","f5",22,69,125,36,0.0610018731173899,2.79685070843781
"a3 a24 c1 f12",1,"a3","a24","c1","f12",22,69,125,22,0.0372789224606271,3.28932719353561
"a3 a24 c1 g11",1,"a3","a24","c1","g11",22,69,125,2,0.0033889929509661,5.68722246633398
"a3 a24 c1 g14",1,"a3","a24","c1","g14",22,69,125,1,0.00169449647548305,6.38036964689393
"a3 a24 c14 f5",1,"a3","a24","c14","f5",22,69,6,36,0.00292808990963471,5.83340497651206
"a3 a24 c14 f12",1,"a3","a24","c14","f12",22,69,6,22,0.0017893882781101,6.32588146160986
"a3 a24 c14 g1",1,"a3","a24","c14","g1",22,69,6,97,0.00788957558984909,4.84221293646479
"a3 a24 c14 g11",1,"a3","a24","c14","g11",22,69,6,2,0.000162671661646373,8.72377673440823
"a3 a24 c14 g14",1,"a3","a24","c14","g14",22,69,6,1,8.13358308231865e-05,9.41692391496817
"a3 a24 c14 h1",1,"a3","a24","c14","h1",22,69,6,49,0.00398545571033614,5.52510361685754
"a3 a24 f5 f12",1,"a3","a24","f5","f12",22,69,36,22,0.0107363296686606,4.5341219923818
"a3 a24 f5 g1",1,"a3","a24","f5","g1",22,69,36,97,0.0473374535390945,3.05045346723673
"a3 a24 f5 g11",1,"a3","a24","f5","g11",22,69,36,2,0.000976029969878238,6.93201726518017
"a3 a24 f5 g14",1,"a3","a24","f5","g14",22,69,36,1,0.000488014984939119,7.62516444574012
"a3 a24 f12 g1",1,"a3","a24","f12","g1",22,69,22,97,0.0289284438294467,3.54292995233453
"a3 a24 f12 g11",1,"a3","a24","f12","g11",22,69,22,2,0.000596462759370034,7.42449375027797
"a3 a24 f12 g14",1,"a3","a24","f12","g14",22,69,22,1,0.000298231379685017,8.11764093083791
"a3 a24 f12 h1",1,"a3","a24","f12","h1",22,69,22,49,0.0146133376045658,4.22582063272728
"a3 a24 g1 g11",1,"a3","a24","g1","g11",22,69,97,2,0.0026298585299497,5.9408252251329
"a3 a24 g1 g14",1,"a3","a24","g1","g14",22,69,97,1,0.00131492926497485,6.63397240569284
"a3 a24 g11 g14",1,"a3","a24","g11","g14",22,69,2,1,2.71119436077288e-05,10.5155362036363
"a3 a24 g11 h1",1,"a3","a24","g11","h1",22,69,2,49,0.00132848523677871,6.62371590552565
"a3 a24 g14 h1",1,"a3","a24","g14","h1",22,69,1,49,0.000664242618389356,7.3168630860856
"a3 b2 b4 c1",1,"a3","b2","b4","c1",22,28,8,125,0.00550097406533628,5.20283009963614
"a3 b2 b4 c14",1,"a3","b2","b4","c14",22,28,8,6,0.000264046755136142,8.23938436771039
"a3 b2 b4 f5",1,"a3","b2","b4","f5",22,28,8,36,0.00158428053081685,6.44762489848233
"a3 b2 b4 f12",1,"a3","b2","b4","f12",22,28,8,22,0.000968171435499186,6.94010138358013
"a3 b2 b4 g1",1,"a3","b2","b4","g1",22,28,8,97,0.00426875587470096,5.45643285843506
"a3 b2 b4 g11",1,"a3","b2","b4","g11",22,28,8,2,8.80155850453805e-05,9.3379966563785
"a3 b2 b4 g14",1,"a3","b2","b4","g14",22,28,8,1,4.40077925226903e-05,10.0311438369384
"a3 b2 b4 h1",1,"a3","b2","b4","h1",22,28,8,49,0.00215638183361182,6.13932353882782
"a3 b2 c1 c14",1,"a3","b2","c1","c14",22,28,125,6,0.00412573054900221,5.49051217208793
"a3 b2 c1 f5",1,"a3","b2","c1","f5",22,28,125,36,0.0247543832940133,3.69875270285987
"a3 b2 c1 f12",1,"a3","b2","c1","f12",22,28,125,22,0.0151276786796748,4.19122918795766
"a3 b2 c1 g1",2,"a3","b2","c1","g1",22,28,125,97,0.0666993105422024,3.40070784337254
"a3 b2 c1 g11",1,"a3","b2","c1","g11",22,28,125,2,0.00137524351633407,6.58912446075603
"a3 b2 c1 g14",1,"a3","b2","c1","g14",22,28,125,1,0.000687621758167035,7.28227164131598
"a3 b2 c1 h1",1,"a3","b2","c1","h1",22,28,125,49,0.0336934661501847,3.39045134320535
"a3 b2 c14 f5",1,"a3","b2","c14","f5",22,28,6,36,0.00118821039811264,6.73530697093412
"a3 b2 c14 f12",1,"a3","b2","c14","f12",22,28,6,22,0.000726128576624389,7.22778345603191
"a3 b2 c14 g1",1,"a3","b2","c14","g1",22,28,6,97,0.00320156690602572,5.74411493088684
"a3 b2 c14 g11",1,"a3","b2","c14","g11",22,28,6,2,6.60116887840354e-05,9.62567872883028
"a3 b2 c14 g14",1,"a3","b2","c14","g14",22,28,6,1,3.30058443920177e-05,10.3188259093902
"a3 b2 c14 h1",1,"a3","b2","c14","h1",22,28,6,49,0.00161728637520887,6.4270056112796
"a3 b2 f5 f12",1,"a3","b2","f5","f12",22,28,36,22,0.00435677145974634,5.43602398680386
"a3 b2 f5 g1",1,"a3","b2","f5","g1",22,28,36,97,0.0192094014361543,3.95235546165879
"a3 b2 f5 g11",1,"a3","b2","f5","g11",22,28,36,2,0.000396070132704212,7.83391925960223
"a3 b2 f5 g14",1,"a3","b2","f5","g14",22,28,36,1,0.000198035066352106,8.52706644016217
"a3 b2 f5 h1",1,"a3","b2","f5","h1",22,28,36,49,0.0097037182512532,4.63524614205154
"a3 b2 f12 g1",1,"a3","b2","f12","g1",22,28,22,97,0.0117390786554276,4.44483194675658
"a3 b2 f12 g11",1,"a3","b2","f12","g11",22,28,22,2,0.000242042858874796,8.32639574470002
"a3 b2 f12 g14",1,"a3","b2","f12","g14",22,28,22,1,0.000121021429437398,9.01954292525997
"a3 b2 f12 h1",1,"a3","b2","f12","h1",22,28,22,49,0.00593005004243251,5.12772262714934
"a3 b2 g1 g11",1,"a3","b2","g1","g11",22,28,97,2,0.00106718896867524,6.84272721955495
"a3 b2 g1 g14",1,"a3","b2","g1","g14",22,28,97,1,0.000533594484337619,7.5358744001149
"a3 b2 g1 h1",1,"a3","b2","g1","h1",22,28,97,49,0.0261461297325434,3.64405410200427
"a3 b2 g11 g14",1,"a3","b2","g11","g14",22,28,2,1,1.10019481306726e-05,11.4174381980583
"a3 b2 g11 h1",1,"a3","b2","g11","h1",22,28,2,49,0.000539095458402956,7.52561789994771
"a3 b2 g14 h1",1,"a3","b2","g14","h1",22,28,1,49,0.000269547729201478,8.21876508050766
"a3 b4 c1 c14",1,"a3","b4","c1","c14",22,8,125,6,0.00117878015685778,6.74327514058329
"a3 b4 c1 f5",1,"a3","b4","c1","f5",22,8,125,36,0.00707268094114665,4.95151567135524
"a3 b4 c1 f12",1,"a3","b4","c1","f12",22,8,125,22,0.00432219390847851,5.44399215645303
"a3 b4 c1 g1",1,"a3","b4","c1","g1",22,8,125,97,0.0190569458692007,3.96032363130797
"a3 b4 c1 g11",1,"a3","b4","c1","g11",22,8,125,2,0.000392926718952592,7.8418874292514
"a3 b4 c1 g14",1,"a3","b4","c1","g14",22,8,125,1,0.000196463359476296,8.53503460981135
"a3 b4 c1 h1",1,"a3","b4","c1","h1",22,8,125,49,0.0096267046143385,4.64321431170072
"a3 b4 c14 f5",1,"a3","b4","c14","f5",22,8,6,36,0.000339488685175039,7.98806993942948
"a3 b4 c14 f12",1,"a3","b4","c14","f12",22,8,6,22,0.000207465307606968,8.48054642452728
"a3 b4 c14 g1",1,"a3","b4","c14","g1",22,8,6,97,0.000914733401721633,6.99687789938221
"a3 b4 c14 g11",1,"a3","b4","c14","g11",22,8,6,2,1.88604825097244e-05,10.8784416973256
"a3 b4 c14 g14",1,"a3","b4","c14","g14",22,8,6,1,9.4302412548622e-06,11.5715888778856
"a3 b4 c14 h1",1,"a3","b4","c14","h1",22,8,6,49,0.000462081821488248,7.67976857977497
"a3 b4 f5 f12",1,"a3","b4","f5","f12",22,8,36,22,0.00124479184564181,6.68878695529922
"a3 b4 f5 g1",1,"a3","b4","f5","g1",22,8,36,97,0.0054884004103298,5.20511843015416
"a3 b4 f5 g11",1,"a3","b4","f5","g11",22,8,36,2,0.000113162895058346,9.08668222809759
"a3 b4 f5 g14",1,"a3","b4","f5","g14",22,8,36,1,5.65814475291732e-05,9.77982940865754
"a3 b4 f5 h1",1,"a3","b4","f5","h1",22,8,36,49,0.00277249092892949,5.88800911054691
"a3 b4 f12 g1",1,"a3","b4","f12","g1",22,8,22,97,0.00335402247297932,5.69759491525195
"a3 b4 f12 g11",1,"a3","b4","f12","g11",22,8,22,2,6.91551025356561e-05,9.57915871319539
"a3 b4 f12 g14",1,"a3","b4","f12","g14",22,8,22,1,3.45775512678281e-05,10.2723058937553
"a3 b4 f12 h1",1,"a3","b4","f12","h1",22,8,22,49,0.00169430001212358,6.38048559564471
"a3 b4 g1 g11",1,"a3","b4","g1","g11",22,8,97,2,0.000304911133907211,8.09549018805032
"a3 b4 g1 g14",1,"a3","b4","g1","g14",22,8,97,1,0.000152455566953606,8.78863736861027
"a3 b4 g1 h1",1,"a3","b4","g1","h1",22,8,97,49,0.00747032278072667,4.89681707049964
"a3 b4 g11 g14",1,"a3","b4","g11","g14",22,8,2,1,3.14341375162073e-06,12.6702011665537
"a3 b4 g11 h1",1,"a3","b4","g11","h1",22,8,2,49,0.000154027273829416,8.77838086844308
"a3 b4 g14 h1",1,"a3","b4","g14","h1",22,8,1,49,7.7013636914708e-05,9.47152804900302
"a3 c1 c14 f5",1,"a3","c1","c14","f5",22,125,6,36,0.00530451070585999,5.23919774380702
"a3 c1 c14 f12",1,"a3","c1","c14","f12",22,125,6,22,0.00324164543135888,5.73167422890481
"a3 c1 c14 g1",1,"a3","c1","c14","g1",22,125,6,97,0.0142927094019005,4.24800570375975
"a3 c1 c14 g11",1,"a3","c1","c14","g11",22,125,6,2,0.000294695039214444,8.12956950170318
"a3 c1 c14 g14",1,"a3","c1","c14","g14",22,125,6,1,0.000147347519607222,8.82271668226313
"a3 c1 c14 h1",1,"a3","c1","c14","h1",22,125,6,49,0.00722002846075387,4.9308963841525
"a3 c1 f5 f12",1,"a3","c1","f5","f12",22,125,36,22,0.0194498725881533,3.93991475967676
"a3 c1 f5 g1",1,"a3","c1","f5","g1",22,125,36,97,0.0857562564114031,2.45624623453169
"a3 c1 f5 g11",1,"a3","c1","f5","g11",22,125,36,2,0.00176817023528666,6.33781003247513
"a3 c1 f5 g14",1,"a3","c1","f5","g14",22,125,36,1,0.000884085117643331,7.03095721303507
"a3 c1 f5 h1",1,"a3","c1","f5","h1",22,125,36,49,0.0433201707645232,3.13913691492445
"a3 c1 f12 g1",1,"a3","c1","f12","g1",22,125,22,97,0.0524066011403019,2.94872271962949
"a3 c1 f12 g11",1,"a3","c1","f12","g11",22,125,22,2,0.00108054847711963,6.83028651757292
"a3 c1 f12 g14",1,"a3","c1","f12","g14",22,125,22,1,0.000540274238559813,7.52343369813287
"a3 c1 f12 h1",1,"a3","c1","f12","h1",22,125,22,49,0.0264734376894309,3.63161340002224
"a3 c1 g1 g11",1,"a3","c1","g1","g11",22,125,97,2,0.00476423646730017,5.34661799242786
"a3 c1 g1 g14",1,"a3","c1","g1","g14",22,125,97,1,0.00238211823365009,6.0397651729878
"a3 c1 g11 g14",1,"a3","c1","g11","g14",22,125,2,1,4.9115839869074e-05,9.92132897093124
"a3 c1 g11 h1",1,"a3","c1","g11","h1",22,125,2,49,0.00240667615358462,6.02950867282061
"a3 c1 g14 h1",1,"a3","c1","g14","h1",22,125,1,49,0.00120333807679231,6.72265585338056
"a3 c14 f5 f12",1,"a3","c14","f5","f12",22,6,36,22,0.000933593884231358,6.976469027751
"a3 c14 f5 g1",1,"a3","c14","f5","g1",22,6,36,97,0.00411630030774735,5.49280050260594
"a3 c14 f5 g11",1,"a3","c14","f5","g11",22,6,36,2,8.48721712937598e-05,9.37436430054938
"a3 c14 f5 g14",1,"a3","c14","f5","g14",22,6,36,1,4.24360856468799e-05,10.0675114811093
"a3 c14 f5 h1",1,"a3","c14","f5","h1",22,6,36,49,0.00207936819669712,6.17569118299869
"a3 c14 f12 g1",1,"a3","c14","f12","g1",22,6,22,97,0.00251551685473449,5.98527698770373
"a3 c14 f12 g11",1,"a3","c14","f12","g11",22,6,22,2,5.18663269017421e-05,9.86684078564717
"a3 c14 f12 g14",1,"a3","c14","f12","g14",22,6,22,1,2.5933163450871e-05,10.5599879662071
"a3 c14 f12 h1",1,"a3","c14","f12","h1",22,6,22,49,0.00127072500909268,6.66816766809649
"a3 c14 g1 g11",1,"a3","c14","g1","g11",22,6,97,2,0.000228683350430408,8.3831722605021
"a3 c14 g1 g14",1,"a3","c14","g1","g14",22,6,97,1,0.000114341675215204,9.07631944106205
"a3 c14 g1 h1",1,"a3","c14","g1","h1",22,6,97,49,0.005602742085545,5.18449914295142
"a3 c14 g11 g14",1,"a3","c14","g11","g14",22,6,2,1,2.35756031371555e-06,12.9578832390055
"a3 c14 g11 h1",1,"a3","c14","g11","h1",22,6,2,49,0.000115520455372062,9.06606294089486
"a3 c14 g14 h1",1,"a3","c14","g14","h1",22,6,1,49,5.7760227686031e-05,9.7592101214548
"a3 f5 f12 g1",1,"a3","f5","f12","g1",22,36,22,97,0.015093101128407,4.19351751847568
"a3 f5 f12 g11",1,"a3","f5","f12","g11",22,36,22,2,0.000311197961410453,8.07508131641911
"a3 f5 f12 g14",1,"a3","f5","f12","g14",22,36,22,1,0.000155598980705226,8.76822849697906
"a3 f5 f12 h1",1,"a3","f5","f12","h1",22,36,22,49,0.00762435005455609,4.87640819886843
"a3 f5 g1 g11",1,"a3","f5","g1","g11",22,36,97,2,0.00137210010258245,6.59141279127405
"a3 f5 g1 g14",1,"a3","f5","g1","g14",22,36,97,1,0.000686050051291225,7.28455997183399
"a3 f5 g1 h1",1,"a3","f5","g1","h1",22,36,97,49,0.03361645251327,3.39273967372337
"a3 f5 g11 g14",1,"a3","f5","g11","g14",22,36,2,1,1.41453618822933e-05,11.1661237697774
"a3 f5 g11 h1",1,"a3","f5","g11","h1",22,36,2,49,0.000693122732232372,7.2743034716668
"a3 f5 g14 h1",1,"a3","f5","g14","h1",22,36,1,49,0.000346561366116186,7.96745065222675
"a3 f12 g1 g11",1,"a3","f12","g1","g11",22,22,97,2,0.000838505618244831,7.08388927637184
"a3 f12 g1 g14",1,"a3","f12","g1","g14",22,22,97,1,0.000419252809122415,7.77703645693179
"a3 f12 g1 h1",1,"a3","f12","g1","h1",22,22,97,49,0.0205433876469984,3.88521615882116
"a3 f12 g11 g14",1,"a3","f12","g11","g14",22,22,2,1,8.64438781695702e-06,11.6586002548752
"a3 f12 g11 h1",1,"a3","f12","g11","h1",22,22,2,49,0.000423575003030894,7.7667799567646
"a3 f12 g14 h1",1,"a3","f12","g14","h1",22,22,1,49,0.000211787501515447,8.45992713732454
"a3 g1 g11 g14",1,"a3","g1","g11","g14",22,97,2,1,3.81138917384014e-05,10.1749317297302
"a3 g1 g11 h1",1,"a3","g1","g11","h1",22,97,2,49,0.00186758069518167,6.28311143161953
"a3 g1 g14 h1",1,"a3","g1","g14","h1",22,97,1,49,0.000933790347590834,6.97625861217948
"a3 g11 g14 h1",1,"a3","g11","g14","h1",22,2,1,49,1.9253409228677e-05,10.8578224101229
"a24 b2 b4 c1",1,"a24","b2","b4","c1",69,28,8,125,0.0172530550231002,4.0597660483972
"a24 b2 b4 c14",1,"a24","b2","b4","c14",69,28,8,6,0.000828146641108808,7.09632031647145
"a24 b2 b4 f5",1,"a24","b2","b4","f5",69,28,8,36,0.00496887984665285,5.30456084724339
"a24 b2 b4 f12",1,"a24","b2","b4","f12",69,28,8,22,0.00303653768406563,5.79703733234119
"a24 b2 b4 g1",1,"a24","b2","b4","g1",69,28,8,97,0.0133883706979257,4.31336880719612
"a24 b2 b4 g11",1,"a24","b2","b4","g11",69,28,8,2,0.000276048880369603,8.19493260513956
"a24 b2 b4 g14",1,"a24","b2","b4","g14",69,28,8,1,0.000138024440184801,8.8880797856995
"a24 b2 b4 h1",1,"a24","b2","b4","h1",69,28,8,49,0.00676319756905526,4.99625948758888
"a24 b2 c1 c14",1,"a24","b2","c1","c14",69,28,125,6,0.0129397912673251,4.34744812084898
"a24 b2 c1 f5",1,"a24","b2","c1","f5",69,28,125,36,0.0776387476039507,2.55568865162093
"a24 b2 c1 f12",1,"a24","b2","c1","f12",69,28,125,22,0.0474459013135254,3.04816513671872
"a24 b2 c1 g1",1,"a24","b2","c1","g1",69,28,125,97,0.209193292155089,1.56449661157365
"a24 b2 c1 g11",1,"a24","b2","c1","g11",69,28,125,2,0.00431326375577504,5.44606040951709
"a24 b2 c1 g14",1,"a24","b2","c1","g14",69,28,125,1,0.00215663187788752,6.13920759007704
"a24 b2 c14 f5",1,"a24","b2","c14","f5",69,28,6,36,0.00372665988498963,5.59224291969517
"a24 b2 c14 f12",1,"a24","b2","c14","f12",69,28,6,22,0.00227740326304922,6.08471940479297
"a24 b2 c14 g1",1,"a24","b2","c14","g1",69,28,6,97,0.0100412780234443,4.6010508796479
"a24 b2 c14 g11",1,"a24","b2","c14","g11",69,28,6,2,0.000207036660277202,8.48261467759134
"a24 b2 c14 g14",1,"a24","b2","c14","g14",69,28,6,1,0.000103518330138601,9.17576185815128
"a24 b2 c14 h1",1,"a24","b2","c14","h1",69,28,6,49,0.00507239817679145,5.28394156004066
"a24 b2 f5 f12",1,"a24","b2","f5","f12",69,28,36,22,0.0136644195782953,4.29295993556491
"a24 b2 f5 g1",1,"a24","b2","f5","g1",69,28,36,97,0.0602476681406658,2.80929141041984
"a24 b2 f5 g11",1,"a24","b2","f5","g11",69,28,36,2,0.00124221996166321,6.69085520836328
"a24 b2 f5 g14",1,"a24","b2","f5","g14",69,28,36,1,0.000621109980831606,7.38400238892323
"a24 b2 f5 h1",1,"a24","b2","f5","h1",69,28,36,49,0.0304343890607487,3.4921820908126
"a24 b2 f12 g1",1,"a24","b2","f12","g1",69,28,22,97,0.0368180194192957,3.30176789551764
"a24 b2 f12 g11",1,"a24","b2","f12","g11",69,28,22,2,0.000759134421016407,7.18333169346108
"a24 b2 f12 g14",1,"a24","b2","f12","g14",69,28,22,1,0.000379567210508204,7.87647887402102
"a24 b2 f12 h1",1,"a24","b2","f12","h1",69,28,22,49,0.018598793314902,3.9846585759104
"a24 b2 g1 g11",1,"a24","b2","g1","g11",69,28,97,2,0.00334709267448143,5.69966316831601
"a24 b2 g1 g14",1,"a24","b2","g1","g14",69,28,97,1,0.00167354633724072,6.39281034887595
"a24 b2 g1 h1",1,"a24","b2","g1","h1",69,28,97,49,0.0820037705247951,2.50099005076533
"a24 b2 g11 g14",1,"a24","b2","g11","g14",69,28,2,1,3.45061100462003e-05,10.2743741468194
"a24 b2 g11 h1",1,"a24","b2","g11","h1",69,28,2,49,0.00169079939226382,6.38255384870877
"a24 b2 g14 h1",1,"a24","b2","g14","h1",69,28,1,49,0.000845399696131908,7.07570102926871
"a24 b4 c1 c14",1,"a24","b4","c1","c14",69,8,125,6,0.00369708321923575,5.60021108934435
"a24 b4 c1 f5",1,"a24","b4","c1","f5",69,8,125,36,0.0221824993154145,3.80845162011629
"a24 b4 c1 f12",1,"a24","b4","c1","f12",69,8,125,22,0.0135559718038644,4.30092810521409
"a24 b4 c1 g1",1,"a24","b4","c1","g1",69,8,125,97,0.0597695120443113,2.81725958006902
"a24 b4 c1 g11",1,"a24","b4","c1","g11",69,8,125,2,0.00123236107307858,6.69882337801246
"a24 b4 c1 g14",1,"a24","b4","c1","g14",69,8,125,1,0.000616180536539292,7.3919705585724
"a24 b4 c1 h1",1,"a24","b4","c1","h1",69,8,125,49,0.0301928462904253,3.50015026046178
"a24 b4 c14 f5",1,"a24","b4","c14","f5",69,8,6,36,0.0010647599671399,6.84500588819054
"a24 b4 c14 f12",1,"a24","b4","c14","f12",69,8,6,22,0.000650686646585492,7.33748237328833
"a24 b4 c14 g1",1,"a24","b4","c14","g1",69,8,6,97,0.00286893657812694,5.85381384814327
"a24 b4 c14 g11",1,"a24","b4","c14","g11",69,8,6,2,5.9153331507772e-05,9.73537764608671
"a24 b4 c14 g14",1,"a24","b4","c14","g14",69,8,6,1,2.9576665753886e-05,10.4285248266467
"a24 b4 c14 h1",1,"a24","b4","c14","h1",69,8,6,49,0.00144925662194041,6.53670452853602
"a24 b4 f5 f12",1,"a24","b4","f5","f12",69,8,36,22,0.00390411987951295,5.54572290406028
"a24 b4 f5 g1",1,"a24","b4","f5","g1",69,8,36,97,0.0172136194687616,4.06205437891521
"a24 b4 f5 g11",1,"a24","b4","f5","g11",69,8,36,2,0.000354919989046632,7.94361817685865
"a24 b4 f5 g14",1,"a24","b4","f5","g14",69,8,36,1,0.000177459994523316,8.6367653574186
"a24 b4 f5 h1",1,"a24","b4","f5","h1",69,8,36,49,0.00869553973164248,4.74494505930797
"a24 b4 f12 g1",1,"a24","b4","f12","g1",69,8,22,97,0.0105194341197988,4.55453086401301
"a24 b4 f12 g11",1,"a24","b4","f12","g11",69,8,22,2,0.000216895548861831,8.43609466195644
"a24 b4 f12 g14",1,"a24","b4","f12","g14",69,8,22,1,0.000108447774430915,9.12924184251639
"a24 b4 f12 h1",1,"a24","b4","f12","h1",69,8,22,49,0.00531394094711485,5.23742154440576
"a24 b4 g1 g11",1,"a24","b4","g1","g11",69,8,97,2,0.00095631219270898,6.95242613681138
"a24 b4 g1 g14",1,"a24","b4","g1","g14",69,8,97,1,0.00047815609635449,7.64557331737132
"a24 b4 g1 h1",1,"a24","b4","g1","h1",69,8,97,49,0.02342964872137,3.7537530192607
"a24 b4 g11 g14",1,"a24","b4","g11","g14",69,8,2,1,9.85888858462866e-06,11.5271371153148
"a24 b4 g11 h1",1,"a24","b4","g11","h1",69,8,2,49,0.000483085540646805,7.63531681720413
"a24 b4 g14 h1",1,"a24","b4","g14","h1",69,8,1,49,0.000241542770323402,8.32846399776408
"a24 c1 c14 f5",1,"a24","c1","c14","f5",69,125,6,36,0.0166368744865609,4.09613369256808
"a24 c1 c14 f12",1,"a24","c1","c14","f12",69,125,6,22,0.0101669788528983,4.58861017766587
"a24 c1 c14 g1",1,"a24","c1","c14","g1",69,125,6,97,0.0448271340332335,3.1049416525208
"a24 c1 c14 g11",1,"a24","c1","c14","g11",69,125,6,2,0.000924270804808937,6.98650545046424
"a24 c1 c14 g14",1,"a24","c1","c14","g14",69,125,6,1,0.000462135402404469,7.67965263102419
"a24 c1 c14 h1",1,"a24","c1","c14","h1",69,125,6,49,0.022644634717819,3.78783233291356
"a24 c1 f5 f12",1,"a24","c1","f5","f12",69,125,36,22,0.0610018731173899,2.79685070843781
"a24 c1 f5 g1",1,"a24","c1","f5","g1",69,125,36,97,0.268962804199401,1.31318218329275
"a24 c1 f5 g11",1,"a24","c1","f5","g11",69,125,36,2,0.00554562482885362,5.19474598123618
"a24 c1 f5 g14",1,"a24","c1","f5","g14",69,125,36,1,0.00277281241442681,5.88789316179613
"a24 c1 f5 h1",1,"a24","c1","f5","h1",69,125,36,49,0.135867808306914,1.9960728636855
"a24 c1 f12 g1",1,"a24","c1","f12","g1",69,125,22,97,0.164366158121856,1.80565866839054
"a24 c1 f12 g11",1,"a24","c1","f12","g11",69,125,22,2,0.0033889929509661,5.68722246633398
"a24 c1 f12 g14",1,"a24","c1","f12","g14",69,125,22,1,0.00169449647548305,6.38036964689393
"a24 c1 f12 h1",1,"a24","c1","f12","h1",69,125,22,49,0.0830303272986695,2.4885493487833
"a24 c1 g1 g11",1,"a24","c1","g1","g11",69,125,97,2,0.0149423780110778,4.20355394118891
"a24 c1 g1 g14",1,"a24","c1","g1","g14",69,125,97,1,0.00747118900553891,4.89670112174886
"a24 c1 g11 g14",1,"a24","c1","g11","g14",69,125,2,1,0.000154045134134823,8.7782649196923
"a24 c1 g11 h1",1,"a24","c1","g11","h1",69,125,2,49,0.00754821157260632,4.88644462158167
"a24 c1 g14 h1",1,"a24","c1","g14","h1",69,125,1,49,0.00377410578630316,5.57959180214161
"a24 c14 f5 f12",1,"a24","c14","f5","f12",69,6,36,22,0.00292808990963471,5.83340497651206
"a24 c14 f5 g1",1,"a24","c14","f5","g1",69,6,36,97,0.0129102146015712,4.34973645136699
"a24 c14 f5 g11",1,"a24","c14","f5","g11",69,6,36,2,0.000266189991784974,8.23130024931043
"a24 c14 f5 g14",1,"a24","c14","f5","g14",69,6,36,1,0.000133094995892487,8.92444742987038
"a24 c14 f5 h1",1,"a24","c14","f5","h1",69,6,36,49,0.00652165479873186,5.03262713175975
"a24 c14 f12 g1",1,"a24","c14","f12","g1",69,6,22,97,0.00788957558984909,4.84221293646479
"a24 c14 f12 g11",1,"a24","c14","f12","g11",69,6,22,2,0.000162671661646373,8.72377673440823
"a24 c14 f12 g14",1,"a24","c14","f12","g14",69,6,22,1,8.13358308231865e-05,9.41692391496817
"a24 c14 f12 h1",1,"a24","c14","f12","h1",69,6,22,49,0.00398545571033614,5.52510361685754
"a24 c14 g1 g11",1,"a24","c14","g1","g11",69,6,97,2,0.000717234144531735,7.24010820926316
"a24 c14 g1 g14",1,"a24","c14","g1","g14",69,6,97,1,0.000358617072265868,7.9332553898231
"a24 c14 g1 h1",1,"a24","c14","g1","h1",69,6,97,49,0.0175722365410275,4.04143509171248
"a24 c14 g11 g14",1,"a24","c14","g11","g14",69,6,2,1,7.3941664384715e-06,11.8148191877665
"a24 c14 g11 h1",1,"a24","c14","g11","h1",69,6,2,49,0.000362314155485103,7.92299888965591
"a24 c14 g14 h1",1,"a24","c14","g14","h1",69,6,1,49,0.000181157077742552,8.61614607021586
"a24 f5 f12 g1",1,"a24","f5","f12","g1",69,36,22,97,0.0473374535390945,3.05045346723673
"a24 f5 f12 g11",1,"a24","f5","f12","g11",69,36,22,2,0.000976029969878238,6.93201726518017
"a24 f5 f12 g14",1,"a24","f5","f12","g14",69,36,22,1,0.000488014984939119,7.62516444574012
"a24 f5 f12 h1",1,"a24","f5","f12","h1",69,36,22,49,0.0239127342620168,3.73334414762949
"a24 f5 g1 g11",1,"a24","f5","g1","g11",69,36,97,2,0.00430340486719041,5.4483487400351
"a24 f5 g1 g14",1,"a24","f5","g1","g14",69,36,97,1,0.00215170243359521,6.14149592059505
"a24 f5 g1 h1",1,"a24","f5","g1","h1",69,36,97,49,0.105433419246165,2.24967562248442
"a24 f5 g11 g14",1,"a24","f5","g11","g14",69,36,2,1,4.4364998630829e-05,10.0230597185385
"a24 f5 g11 h1",1,"a24","f5","g11","h1",69,36,2,49,0.00217388493291062,6.13123942042786
"a24 f5 g14 h1",1,"a24","f5","g14","h1",69,36,1,49,0.00108694246645531,6.8243866009878
"a24 f12 g1 g11",1,"a24","f12","g1","g11",69,22,97,2,0.0026298585299497,5.9408252251329
"a24 f12 g1 g14",1,"a24","f12","g1","g14",69,22,97,1,0.00131492926497485,6.63397240569284
"a24 f12 g1 h1",1,"a24","f12","g1","h1",69,22,97,49,0.0644315339837675,2.74215210758222
"a24 f12 g11 g14",1,"a24","f12","g11","g14",69,22,2,1,2.71119436077288e-05,10.5155362036363
"a24 f12 g11 h1",1,"a24","f12","g11","h1",69,22,2,49,0.00132848523677871,6.62371590552565
"a24 f12 g14 h1",1,"a24","f12","g14","h1",69,22,1,49,0.000664242618389356,7.3168630860856
"a24 g1 g11 g14",1,"a24","g1","g11","g14",69,97,2,1,0.000119539024088623,9.03186767849121
"a24 g1 g11 h1",1,"a24","g1","g11","h1",69,97,2,49,0.0058574121803425,5.14004738038059
"a24 g1 g14 h1",1,"a24","g1","g14","h1",69,97,1,49,0.00292870609017125,5.83319456094053
"a24 g11 g14 h1",1,"a24","g11","g14","h1",69,2,1,49,6.03856925808506e-05,9.71475835888397
"b2 b4 c1 c14",1,"b2","b4","c1","c14",28,8,125,6,0.00150026565418262,6.5021130837664
"b2 b4 c1 f5",1,"b2","b4","c1","f5",28,8,125,36,0.00900159392509574,4.71035361453835
"b2 b4 c1 f12",1,"b2","b4","c1","f12",28,8,125,22,0.00550097406533628,5.20283009963614
"b2 b4 c1 g1",1,"b2","b4","c1","g1",28,8,125,97,0.0242542947426191,3.71916157449108
"b2 b4 c1 g11",1,"b2","b4","c1","g11",28,8,125,2,0.000500088551394208,7.60072537243451
"b2 b4 c1 g14",1,"b2","b4","c1","g14",28,8,125,1,0.000250044275697104,8.29387255299446
"b2 b4 c1 h1",1,"b2","b4","c1","h1",28,8,125,49,0.0122521695091581,4.40205225488383
"b2 b4 c14 f5",1,"b2","b4","c14","f5",28,8,6,36,0.000432076508404595,7.7469078826126
"b2 b4 c14 f12",1,"b2","b4","c14","f12",28,8,6,22,0.000264046755136142,8.23938436771039
"b2 b4 c14 g1",1,"b2","b4","c14","g1",28,8,6,97,0.00116420614764572,6.75571584256532
"b2 b4 c14 g11",1,"b2","b4","c14","g11",28,8,6,2,2.4004250466922e-05,10.6372796405088
"b2 b4 c14 g14",1,"b2","b4","c14","g14",28,8,6,1,1.2002125233461e-05,11.3304268210687
"b2 b4 c14 h1",1,"b2","b4","c14","h1",28,8,6,49,0.000588104136439588,7.43860652295808
"b2 b4 f5 f12",1,"b2","b4","f5","f12",28,8,36,22,0.00158428053081685,6.44762489848233
"b2 b4 f5 g1",1,"b2","b4","f5","g1",28,8,36,97,0.00698523688587429,4.96395637333727
"b2 b4 f5 g11",1,"b2","b4","f5","g11",28,8,36,2,0.000144025502801532,8.84552017128071
"b2 b4 f5 g14",1,"b2","b4","f5","g14",28,8,36,1,7.20127514007659e-05,9.53866735184065
"b2 b4 f5 h1",1,"b2","b4","f5","h1",28,8,36,49,0.00352862481863753,5.64684705373002
"b2 b4 f12 g1",1,"b2","b4","f12","g1",28,8,22,97,0.00426875587470096,5.45643285843506
"b2 b4 f12 g11",1,"b2","b4","f12","g11",28,8,22,2,8.80155850453805e-05,9.3379966563785
"b2 b4 f12 g14",1,"b2","b4","f12","g14",28,8,22,1,4.40077925226903e-05,10.0311438369384
"b2 b4 f12 h1",1,"b2","b4","f12","h1",28,8,22,49,0.00215638183361182,6.13932353882782
"b2 b4 g1 g11",1,"b2","b4","g1","g11",28,8,97,2,0.000388068715881905,7.85432813123343
"b2 b4 g1 g14",1,"b2","b4","g1","g14",28,8,97,1,0.000194034357940953,8.54747531179338
"b2 b4 g1 h1",1,"b2","b4","g1","h1",28,8,97,49,0.00950768353910668,4.65565501368275
"b2 b4 g11 g14",1,"b2","b4","g11","g14",28,8,2,1,4.00070841115366e-06,12.4290391097368
"b2 b4 g11 h1",1,"b2","b4","g11","h1",28,8,2,49,0.000196034712146529,8.53721881162619
"b2 b4 g14 h1",1,"b2","b4","g14","h1",28,8,1,49,9.80173560732647e-05,9.23036599218613
"b2 c1 c14 f5",1,"b2","c1","c14","f5",28,125,6,36,0.0067511954438218,4.99803568699013
"b2 c1 c14 f12",1,"b2","c1","c14","f12",28,125,6,22,0.00412573054900221,5.49051217208793
"b2 c1 c14 g1",1,"b2","c1","c14","g1",28,125,6,97,0.0181907210569643,4.00684364694286
"b2 c1 c14 g11",1,"b2","c1","c14","g11",28,125,6,2,0.000375066413545656,7.8884074448863
"b2 c1 c14 g14",1,"b2","c1","c14","g14",28,125,6,1,0.000187533206772828,8.58155462544624
"b2 c1 c14 h1",1,"b2","c1","c14","h1",28,125,6,49,0.00918912713186856,4.68973432733561
"b2 c1 f5 f12",1,"b2","c1","f5","f12",28,125,36,22,0.0247543832940133,3.69875270285987
"b2 c1 f5 g1",1,"b2","c1","f5","g1",28,125,36,97,0.109144326341786,2.2150841777148
"b2 c1 f5 g11",1,"b2","c1","f5","g11",28,125,36,2,0.00225039848127393,6.09664797565824
"b2 c1 f5 g14",1,"b2","c1","f5","g14",28,125,36,1,0.00112519924063697,6.78979515621819
"b2 c1 f5 h1",1,"b2","c1","f5","h1",28,125,36,49,0.0551347627912114,2.89797485810756
"b2 c1 f12 g1",1,"b2","c1","f12","g1",28,125,22,97,0.0666993105422024,2.7075606628126
"b2 c1 f12 g11",1,"b2","c1","f12","g11",28,125,22,2,0.00137524351633407,6.58912446075603
"b2 c1 f12 g14",1,"b2","c1","f12","g14",28,125,22,1,0.000687621758167035,7.28227164131598
"b2 c1 f12 h1",1,"b2","c1","f12","h1",28,125,22,49,0.0336934661501847,3.39045134320535
"b2 c1 g1 g11",1,"b2","c1","g1","g11",28,125,97,2,0.00606357368565477,5.10545593561097
"b2 c1 g1 g14",1,"b2","c1","g1","g14",28,125,97,1,0.00303178684282738,5.79860311617091
"b2 c1 g1 h1",1,"b2","c1","g1","h1",28,125,97,49,0.148557555298542,1.90678281806029
"b2 c1 g11 g14",1,"b2","c1","g11","g14",28,125,2,1,6.2511068924276e-05,9.68016691411435
"b2 c1 g11 h1",1,"b2","c1","g11","h1",28,125,2,49,0.00306304237728952,5.78834661600372
"b2 c1 g14 h1",1,"b2","c1","g14","h1",28,125,1,49,0.00153152118864476,6.48149379656367
"b2 c14 f5 f12",1,"b2","c14","f5","f12",28,6,36,22,0.00118821039811264,6.73530697093412
"b2 c14 f5 g1",1,"b2","c14","f5","g1",28,6,36,97,0.00523892766440572,5.25163844578905
"b2 c14 f5 g11",1,"b2","c14","f5","g11",28,6,36,2,0.000108019127101149,9.13320224373249
"b2 c14 f5 g14",1,"b2","c14","f5","g14",28,6,36,1,5.40095635505744e-05,9.82634942429243
"b2 c14 f5 h1",1,"b2","c14","f5","h1",28,6,36,49,0.00264646861397815,5.9345291261818
"b2 c14 f12 g1",1,"b2","c14","f12","g1",28,6,22,97,0.00320156690602572,5.74411493088684
"b2 c14 f12 g11",1,"b2","c14","f12","g11",28,6,22,2,6.60116887840354e-05,9.62567872883028
"b2 c14 f12 g14",1,"b2","c14","f12","g14",28,6,22,1,3.30058443920177e-05,10.3188259093902
"b2 c14 f12 h1",1,"b2","c14","f12","h1",28,6,22,49,0.00161728637520887,6.4270056112796
"b2 c14 g1 g11",1,"b2","c14","g1","g11",28,6,97,2,0.000291051536911429,8.14201020368521
"b2 c14 g1 g14",1,"b2","c14","g1","g14",28,6,97,1,0.000145525768455714,8.83515738424516
"b2 c14 g1 h1",1,"b2","c14","g1","h1",28,6,97,49,0.00713076265433001,4.94333708613453
"b2 c14 g11 g14",1,"b2","c14","g11","g14",28,6,2,1,3.00053130836525e-06,12.7167211821886
"b2 c14 g11 h1",1,"b2","c14","g11","h1",28,6,2,49,0.000147026034109897,8.82490088407797
"b2 c14 g14 h1",1,"b2","c14","g14","h1",28,6,1,49,7.35130170549485e-05,9.51804806463791
"b2 f5 f12 g1",1,"b2","f5","f12","g1",28,36,22,97,0.0192094014361543,3.95235546165879
"b2 f5 f12 g11",1,"b2","f5","f12","g11",28,36,22,2,0.000396070132704212,7.83391925960223
"b2 f5 f12 g14",1,"b2","f5","f12","g14",28,36,22,1,0.000198035066352106,8.52706644016217
"b2 f5 f12 h1",1,"b2","f5","f12","h1",28,36,22,49,0.0097037182512532,4.63524614205154
"b2 f5 g1 g11",1,"b2","f5","g1","g11",28,36,97,2,0.00174630922146857,6.35025073445716
"b2 f5 g1 g14",1,"b2","f5","g1","g14",28,36,97,1,0.000873154610734287,7.0433979150171
"b2 f5 g1 h1",1,"b2","f5","g1","h1",28,36,97,49,0.04278457592598,3.15157761690648
"b2 f5 g11 g14",1,"b2","f5","g11","g14",28,36,2,1,1.80031878501915e-05,10.9249617129605
"b2 f5 g11 h1",1,"b2","f5","g11","h1",28,36,2,49,0.000882156204659382,7.03314141484991
"b2 f5 g14 h1",1,"b2","f5","g14","h1",28,36,1,49,0.000441078102329691,7.72628859540986
"b2 f12 g1 g11",1,"b2","f12","g1","g11",28,22,97,2,0.00106718896867524,6.84272721955495
"b2 f12 g1 g14",1,"b2","f12","g1","g14",28,22,97,1,0.000533594484337619,7.5358744001149
"b2 f12 g1 h1",1,"b2","f12","g1","h1",28,22,97,49,0.0261461297325434,3.64405410200427
"b2 f12 g11 g14",1,"b2","f12","g11","g14",28,22,2,1,1.10019481306726e-05,11.4174381980583
"b2 f12 g11 h1",1,"b2","f12","g11","h1",28,22,2,49,0.000539095458402956,7.52561789994771
"b2 f12 g14 h1",1,"b2","f12","g14","h1",28,22,1,49,0.000269547729201478,8.21876508050766
"b2 g1 g11 g14",1,"b2","g1","g11","g14",28,97,2,1,4.85085894852381e-05,9.93376967291327
"b2 g1 g11 h1",1,"b2","g1","g11","h1",28,97,2,49,0.00237692088477667,6.04194937480264
"b2 g1 g14 h1",1,"b2","g1","g14","h1",28,97,1,49,0.00118846044238833,6.73509655536259
"b2 g11 g14 h1",1,"b2","g11","g14","h1",28,2,1,49,2.45043390183162e-05,10.616660353306
"b4 c1 c14 f5",1,"b4","c1","c14","f5",8,125,6,36,0.00192891298394909,6.2507986554855
"b4 c1 c14 f12",1,"b4","c1","c14","f12",8,125,6,22,0.00117878015685778,6.74327514058329
"b4 c1 c14 g1",1,"b4","c1","c14","g1",8,125,6,97,0.00519734887341837,5.25960661543823
"b4 c1 c14 g11",1,"b4","c1","c14","g11",8,125,6,2,0.000107161832441616,9.14117041338166
"b4 c1 c14 g14",1,"b4","c1","c14","g14",8,125,6,1,5.3580916220808e-05,9.83431759394161
"b4 c1 c14 h1",1,"b4","c1","c14","h1",8,125,6,49,0.00262546489481959,5.94249729583098
"b4 c1 f5 g11",1,"b4","c1","f5","g11",8,125,36,2,0.000642970994649696,7.34941094415361
"b4 c1 f5 g14",1,"b4","c1","f5","g14",8,125,36,1,0.000321485497324848,8.04255812471355
"b4 c1 f5 h1",1,"b4","c1","f5","h1",8,125,36,49,0.0157527893689175,4.15073782660293
"b4 c1 f12 g11",1,"b4","c1","f12","g11",8,125,22,2,0.000392926718952592,7.8418874292514
"b4 c1 f12 g14",1,"b4","c1","f12","g14",8,125,22,1,0.000196463359476296,8.53503460981135
"b4 c1 f12 h1",1,"b4","c1","f12","h1",8,125,22,49,0.0096267046143385,4.64321431170072
"b4 c1 g1 g11",1,"b4","c1","g1","g11",8,125,97,2,0.00173244962447279,6.35821890410634
"b4 c1 g1 g14",1,"b4","c1","g1","g14",8,125,97,1,0.000866224812236396,7.05136608466628
"b4 c1 g1 h1",1,"b4","c1","g1","h1",8,125,97,49,0.0424450157995834,3.15954578655565
"b4 c1 g11 g14",1,"b4","c1","g11","g14",8,125,2,1,1.7860305406936e-05,10.9329298826097
"b4 c1 g11 h1",1,"b4","c1","g11","h1",8,125,2,49,0.000875154964939863,7.04110958449909
"b4 c1 g14 h1",1,"b4","c1","g14","h1",8,125,1,49,0.000437577482469932,7.73425676505904
"b4 c14 f5 f12",1,"b4","c14","f5","f12",8,6,36,22,0.000339488685175039,7.98806993942948
"b4 c14 f5 g1",1,"b4","c14","f5","g1",8,6,36,97,0.00149683647554449,6.50440141428442
"b4 c14 f5 g11",1,"b4","c14","f5","g11",8,6,36,2,3.08626077431854e-05,10.3859652122279
"b4 c14 f5 g14",1,"b4","c14","f5","g14",8,6,36,1,1.54313038715927e-05,11.0791123927878
"b4 c14 f5 h1",1,"b4","c14","f5","h1",8,6,36,49,0.000756133889708042,7.18729209467717
"b4 c14 f12 g1",1,"b4","c14","f12","g1",8,6,22,97,0.000914733401721633,6.99687789938221
"b4 c14 f12 g11",1,"b4","c14","f12","g11",8,6,22,2,1.88604825097244e-05,10.8784416973256
"b4 c14 f12 g14",1,"b4","c14","f12","g14",8,6,22,1,9.4302412548622e-06,11.5715888778856
"b4 c14 f12 h1",1,"b4","c14","f12","h1",8,6,22,49,0.000462081821488248,7.67976857977497
"b4 c14 g1 g11",1,"b4","c14","g1","g11",8,6,97,2,8.31575819746939e-05,9.39477317218058
"b4 c14 g1 g14",1,"b4","c14","g1","g14",8,6,97,1,4.1578790987347e-05,10.0879203527405
"b4 c14 g1 h1",1,"b4","c14","g1","h1",8,6,97,49,0.00203736075838,6.1961000546299
"b4 c14 g11 g14",1,"b4","c14","g11","g14",8,6,2,1,8.57294659532927e-07,13.969484150684
"b4 c14 g11 h1",1,"b4","c14","g11","h1",8,6,2,49,4.20074383171134e-05,10.0776638525733
"b4 c14 g14 h1",1,"b4","c14","g14","h1",8,6,1,49,2.10037191585567e-05,10.7708110331333
"b4 f5 f12 g11",1,"b4","f5","f12","g11",8,36,22,2,0.000113162895058346,9.08668222809759
"b4 f5 f12 g14",1,"b4","f5","f12","g14",8,36,22,1,5.65814475291732e-05,9.77982940865754
"b4 f5 f12 h1",1,"b4","f5","f12","h1",8,36,22,49,0.00277249092892949,5.88800911054691
"b4 f5 g1 g11",1,"b4","f5","g1","g11",8,36,97,2,0.000498945491848164,7.60301370295253
"b4 f5 g1 g14",1,"b4","f5","g1","g14",8,36,97,1,0.000249472745924082,8.29616088351247
"b4 f5 g1 h1",1,"b4","f5","g1","h1",8,36,97,49,0.01222416455028,4.40434058540185
"b4 f5 g11 g14",1,"b4","f5","g11","g14",8,36,2,1,5.14376795719756e-06,12.1777246814559
"b4 f5 g11 h1",1,"b4","f5","g11","h1",8,36,2,49,0.000252044629902681,8.28590438334528
"b4 f5 g14 h1",1,"b4","f5","g14","h1",8,36,1,49,0.00012602231495134,8.97905156390523
"b4 f12 g1 g11",1,"b4","f12","g1","g11",8,22,97,2,0.000304911133907211,8.09549018805032
"b4 f12 g1 g14",1,"b4","f12","g1","g14",8,22,97,1,0.000152455566953606,8.78863736861027
"b4 f12 g1 h1",1,"b4","f12","g1","h1",8,22,97,49,0.00747032278072667,4.89681707049964
"b4 f12 g11 g14",1,"b4","f12","g11","g14",8,22,2,1,3.14341375162073e-06,12.6702011665537
"b4 f12 g11 h1",1,"b4","f12","g11","h1",8,22,2,49,0.000154027273829416,8.77838086844308
"b4 f12 g14 h1",1,"b4","f12","g14","h1",8,22,1,49,7.7013636914708e-05,9.47152804900302
"b4 g1 g11 g14",1,"b4","g1","g11","g14",8,97,2,1,1.38595969957823e-05,11.1865326414086
"b4 g1 g11 h1",1,"b4","g1","g11","h1",8,97,2,49,0.000679120252793334,7.29471234329801
"b4 g1 g14 h1",1,"b4","g1","g14","h1",8,97,1,49,0.000339560126396667,7.98785952385796
"b4 g11 g14 h1",1,"b4","g11","g14","h1",8,2,1,49,7.0012397195189e-06,11.8694233218014
"c1 c14 f5 f12",1,"c1","c14","f5","f12",125,6,36,22,0.00530451070585999,5.23919774380702
"c1 c14 f5 g1",1,"c1","c14","f5","g1",125,6,36,97,0.0233880699303827,3.75552921866195
"c1 c14 f5 g11",1,"c1","c14","f5","g11",125,6,36,2,0.000482228245987272,7.63709301660539
"c1 c14 f5 g14",1,"c1","c14","f5","g14",125,6,36,1,0.000241114122993636,8.33024019716533
"c1 c14 f5 h1",1,"c1","c14","f5","h1",125,6,36,49,0.0118145920266882,4.43841989905471
"c1 c14 f12 g1",1,"c1","c14","f12","g1",125,6,22,97,0.0142927094019005,4.24800570375975
"c1 c14 f12 g11",1,"c1","c14","f12","g11",125,6,22,2,0.000294695039214444,8.12956950170318
"c1 c14 f12 g14",1,"c1","c14","f12","g14",125,6,22,1,0.000147347519607222,8.82271668226313
"c1 c14 f12 h1",1,"c1","c14","f12","h1",125,6,22,49,0.00722002846075387,4.9308963841525
"c1 c14 g1 g11",1,"c1","c14","g1","g11",125,6,97,2,0.00129933721835459,6.64590097655812
"c1 c14 g1 g14",1,"c1","c14","g1","g14",125,6,97,1,0.000649668609177296,7.33904815711806
"c1 c14 g1 h1",1,"c1","c14","g1","h1",125,6,97,49,0.0318337618496875,3.44722785900744
"c1 c14 g11 g14",1,"c1","c14","g11","g14",125,6,2,1,1.3395229055202e-05,11.2206119550615
"c1 c14 g11 h1",1,"c1","c14","g11","h1",125,6,2,49,0.000656366223704897,7.32879165695087
"c1 c14 g14 h1",1,"c1","c14","g14","h1",125,6,1,49,0.000328183111852449,8.02193883751082
"c1 f5 f12 g11",1,"c1","f5","f12","g11",125,36,22,2,0.00176817023528666,6.33781003247513
"c1 f5 f12 g14",1,"c1","f5","f12","g14",125,36,22,1,0.000884085117643331,7.03095721303507
"c1 f5 f12 h1",1,"c1","f5","f12","h1",125,36,22,49,0.0433201707645232,3.13913691492445
"c1 f5 g1 g11",1,"c1","f5","g1","g11",125,36,97,2,0.00779602331012756,4.85414150733006
"c1 f5 g1 g14",1,"c1","f5","g1","g14",125,36,97,1,0.00389801165506378,5.54728868789001
"c1 f5 g1 h1",1,"c1","f5","g1","h1",125,36,97,49,0.191002571098125,1.65546838977938
"c1 f5 g11 g14",1,"c1","f5","g11","g14",125,36,2,1,8.03713743312119e-05,9.42885248583344
"c1 f5 g11 h1",1,"c1","f5","g11","h1",125,36,2,49,0.00393819734222939,5.53703218772282
"c1 f5 g14 h1",1,"c1","f5","g14","h1",125,36,1,49,0.00196909867111469,6.23017936828276
"c1 f12 g1 g11",1,"c1","f12","g1","g11",125,22,97,2,0.00476423646730017,5.34661799242786
"c1 f12 g1 g14",1,"c1","f12","g1","g14",125,22,97,1,0.00238211823365009,6.0397651729878
"c1 f12 g1 h1",1,"c1","f12","g1","h1",125,22,97,49,0.116723793448854,2.14794487487717
"c1 f12 g11 g14",1,"c1","f12","g11","g14",125,22,2,1,4.9115839869074e-05,9.92132897093124
"c1 f12 g11 h1",1,"c1","f12","g11","h1",125,22,2,49,0.00240667615358462,6.02950867282061
"c1 f12 g14 h1",1,"c1","f12","g14","h1",125,22,1,49,0.00120333807679231,6.72265585338056
"c1 g1 g11 g14",1,"c1","g1","g11","g14",125,97,2,1,0.000216556203059099,8.43766044578617
"c1 g1 g11 h1",1,"c1","g1","g11","h1",125,97,2,49,0.0106112539498958,4.54584014767554
"c1 g1 g14 h1",1,"c1","g1","g14","h1",125,97,1,49,0.00530562697494792,5.23898732823549
"c1 g11 g14 h1",1,"c1","g11","g14","h1",125,2,1,49,0.000109394370617483,9.12055112617893
"c14 f5 f12 g1",1,"c14","f5","f12","g1",6,36,22,97,0.00411630030774735,5.49280050260594
"c14 f5 f12 g11",1,"c14","f5","f12","g11",6,36,22,2,8.48721712937598e-05,9.37436430054938
"c14 f5 f12 g14",1,"c14","f5","f12","g14",6,36,22,1,4.24360856468799e-05,10.0675114811093
"c14 f5 f12 h1",1,"c14","f5","f12","h1",6,36,22,49,0.00207936819669712,6.17569118299869
"c14 f5 g1 g11",1,"c14","f5","g1","g11",6,36,97,2,0.000374209118886123,7.89069577540431
"c14 f5 g1 g14",1,"c14","f5","g1","g14",6,36,97,1,0.000187104559443061,8.58384295596425
"c14 f5 g1 h1",1,"c14","f5","g1","h1",6,36,97,49,0.00916812341271001,4.69202265785363
"c14 f5 g11 g14",1,"c14","f5","g11","g14",6,36,2,1,3.85782596789817e-06,12.4654067539077
"c14 f5 g11 h1",1,"c14","f5","g11","h1",6,36,2,49,0.00018903347242701,8.57358645579706
"c14 f5 g14 h1",1,"c14","f5","g14","h1",6,36,1,49,9.45167362135052e-05,9.26673363635701
"c14 f12 g1 g11",1,"c14","f12","g1","g11",6,22,97,2,0.000228683350430408,8.3831722605021
"c14 f12 g1 g14",1,"c14","f12","g1","g14",6,22,97,1,0.000114341675215204,9.07631944106205
"c14 f12 g1 h1",1,"c14","f12","g1","h1",6,22,97,49,0.005602742085545,5.18449914295142
"c14 f12 g11 g14",1,"c14","f12","g11","g14",6,22,2,1,2.35756031371555e-06,12.9578832390055
"c14 f12 g11 h1",1,"c14","f12","g11","h1",6,22,2,49,0.000115520455372062,9.06606294089486
"c14 f12 g14 h1",1,"c14","f12","g14","h1",6,22,1,49,5.7760227686031e-05,9.7592101214548
"c14 g1 g11 g14",1,"c14","g1","g11","g14",6,97,2,1,1.03946977468367e-05,11.4742147138604
"c14 g1 g11 h1",1,"c14","g1","g11","h1",6,97,2,49,0.000509340189595,7.58239441574979
"c14 g1 g14 h1",1,"c14","g1","g14","h1",6,97,1,49,0.0002546700947975,8.27554159630974
"c14 g11 g14 h1",1,"c14","g11","g14","h1",6,2,1,49,5.25092978963918e-06,12.1571053942532
"f5 f12 g1 g11",1,"f5","f12","g1","g11",36,22,97,2,0.00137210010258245,6.59141279127405
"f5 f12 g1 g14",1,"f5","f12","g1","g14",36,22,97,1,0.000686050051291225,7.28455997183399
"f5 f12 g1 h1",1,"f5","f12","g1","h1",36,22,97,49,0.03361645251327,3.39273967372337
"f5 f12 g11 g14",1,"f5","f12","g11","g14",36,22,2,1,1.41453618822933e-05,11.1661237697774
"f5 f12 g11 h1",1,"f5","f12","g11","h1",36,22,2,49,0.000693122732232372,7.2743034716668
"f5 f12 g14 h1",1,"f5","f12","g14","h1",36,22,1,49,0.000346561366116186,7.96745065222675
"f5 g1 g11 g14",1,"f5","g1","g11","g14",36,97,2,1,6.23681864810205e-05,9.68245524463236
"f5 g1 g11 h1",1,"f5","g1","g11","h1",36,97,2,49,0.00305604113757,5.79063494652174
"f5 g1 g14 h1",1,"f5","g1","g14","h1",36,97,1,49,0.001528020568785,6.48378212708168
"f5 g11 g14 h1",1,"f5","g11","g14","h1",36,2,1,49,3.15055787378351e-05,10.3653459250251
"f12 g1 g11 g14",1,"f12","g1","g11","g14",22,97,2,1,3.81138917384014e-05,10.1749317297302
"f12 g1 g11 h1",1,"f12","g1","g11","h1",22,97,2,49,0.00186758069518167,6.28311143161953
"f12 g1 g14 h1",1,"f12","g1","g14","h1",22,97,1,49,0.000933790347590834,6.97625861217948
"f12 g11 g14 h1",1,"f12","g11","g14","h1",22,2,1,49,1.9253409228677e-05,10.8578224101229
"g1 g11 g14 h1",1,"g1","g11","g14","h1",97,2,1,49,8.48900315991667e-05,9.37415388497785
"a5 b10 c6 c9",1,"a5","b10","c6","c9",19,50,3,3,7.63528056146513e-05,9.480145780221
"a5 b10 c6 d3",1,"a5","b10","c6","d3",19,50,3,8,0.00020360748163907,8.49931652720927
"a5 b10 c6 d22",1,"a5","b10","c6","d22",19,50,3,5,0.000127254676024419,8.96932015645501
"a5 b10 c6 e8",1,"a5","b10","c6","e8",19,50,3,2,5.09018704097676e-05,9.88561088832916
"a5 b10 c6 e10",1,"a5","b10","c6","e10",19,50,3,1,2.54509352048838e-05,10.5787580688891
"a5 b10 c6 e26",1,"a5","b10","c6","e26",19,50,3,1,2.54509352048838e-05,10.5787580688891
"a5 b10 c6 f31",1,"a5","b10","c6","f31",19,50,3,1,2.54509352048838e-05,10.5787580688891
"a5 b10 c6 f32",1,"a5","b10","c6","f32",19,50,3,1,2.54509352048838e-05,10.5787580688891
"a5 b10 c6 f53",1,"a5","b10","c6","f53",19,50,3,2,5.09018704097676e-05,9.88561088832916
"a5 b10 c6 f54",1,"a5","b10","c6","f54",19,50,3,2,5.09018704097676e-05,9.88561088832916
"a5 b10 c6 g1",1,"a5","b10","c6","g1",19,50,3,97,0.00246874071487373,6.00404709038572
"a5 b10 c6 g9",1,"a5","b10","c6","g9",19,50,3,3,7.63528056146513e-05,9.480145780221
"a5 b10 c9 d3",1,"a5","b10","c9","d3",19,50,3,8,0.00020360748163907,8.49931652720927
"a5 b10 c9 d22",1,"a5","b10","c9","d22",19,50,3,5,0.000127254676024419,8.96932015645501
"a5 b10 c9 e8",1,"a5","b10","c9","e8",19,50,3,2,5.09018704097676e-05,9.88561088832916
"a5 b10 c9 e10",1,"a5","b10","c9","e10",19,50,3,1,2.54509352048838e-05,10.5787580688891
"a5 b10 c9 e26",1,"a5","b10","c9","e26",19,50,3,1,2.54509352048838e-05,10.5787580688891
"a5 b10 c9 f31",1,"a5","b10","c9","f31",19,50,3,1,2.54509352048838e-05,10.5787580688891
"a5 b10 c9 f32",1,"a5","b10","c9","f32",19,50,3,1,2.54509352048838e-05,10.5787580688891
"a5 b10 c9 f53",1,"a5","b10","c9","f53",19,50,3,2,5.09018704097676e-05,9.88561088832916
"a5 b10 c9 f54",1,"a5","b10","c9","f54",19,50,3,2,5.09018704097676e-05,9.88561088832916
"a5 b10 c9 g1",1,"a5","b10","c9","g1",19,50,3,97,0.00246874071487373,6.00404709038572
"a5 b10 c9 g9",1,"a5","b10","c9","g9",19,50,3,3,7.63528056146513e-05,9.480145780221
"a5 b10 d3 d22",1,"a5","b10","d3","d22",19,50,8,5,0.000339345802731784,7.98849090344328
"a5 b10 d3 e8",1,"a5","b10","d3","e8",19,50,8,2,0.000135738321092714,8.90478163531743
"a5 b10 d3 e10",1,"a5","b10","d3","e10",19,50,8,1,6.78691605463568e-05,9.59792881587738
"a5 b10 d3 e26",1,"a5","b10","d3","e26",19,50,8,1,6.78691605463568e-05,9.59792881587738
"a5 b10 d3 f31",1,"a5","b10","d3","f31",19,50,8,1,6.78691605463568e-05,9.59792881587738
"a5 b10 d3 f32",1,"a5","b10","d3","f32",19,50,8,1,6.78691605463568e-05,9.59792881587738
"a5 b10 d3 f53",1,"a5","b10","d3","f53",19,50,8,2,0.000135738321092714,8.90478163531743
"a5 b10 d3 f54",1,"a5","b10","d3","f54",19,50,8,2,0.000135738321092714,8.90478163531743
"a5 b10 d3 g1",1,"a5","b10","d3","g1",19,50,8,97,0.00658330857299661,5.023217837374
"a5 b10 d3 g9",1,"a5","b10","d3","g9",19,50,8,3,0.00020360748163907,8.49931652720927
"a5 b10 d22 e8",1,"a5","b10","d22","e8",19,50,5,2,8.48364506829459e-05,9.37478526456317
"a5 b10 d22 e10",1,"a5","b10","d22","e10",19,50,5,1,4.2418225341473e-05,10.0679324451231
"a5 b10 d22 e26",1,"a5","b10","d22","e26",19,50,5,1,4.2418225341473e-05,10.0679324451231
"a5 b10 d22 f31",1,"a5","b10","d22","f31",19,50,5,1,4.2418225341473e-05,10.0679324451231
"a5 b10 d22 f32",1,"a5","b10","d22","f32",19,50,5,1,4.2418225341473e-05,10.0679324451231
"a5 b10 d22 f53",1,"a5","b10","d22","f53",19,50,5,2,8.48364506829459e-05,9.37478526456317
"a5 b10 d22 f54",1,"a5","b10","d22","f54",19,50,5,2,8.48364506829459e-05,9.37478526456317
"a5 b10 d22 g1",1,"a5","b10","d22","g1",19,50,5,97,0.00411456785812288,5.49322146661973
"a5 b10 d22 g9",1,"a5","b10","d22","g9",19,50,5,3,0.000127254676024419,8.96932015645501
"a5 b10 e8 e10",1,"a5","b10","e8","e10",19,50,2,1,1.69672901365892e-05,10.9842231769973
"a5 b10 e8 e26",1,"a5","b10","e8","e26",19,50,2,1,1.69672901365892e-05,10.9842231769973
"a5 b10 e8 f31",1,"a5","b10","e8","f31",19,50,2,1,1.69672901365892e-05,10.9842231769973
"a5 b10 e8 f32",1,"a5","b10","e8","f32",19,50,2,1,1.69672901365892e-05,10.9842231769973
"a5 b10 e8 f53",1,"a5","b10","e8","f53",19,50,2,2,3.39345802731784e-05,10.2910759964373
"a5 b10 e8 f54",1,"a5","b10","e8","f54",19,50,2,2,3.39345802731784e-05,10.2910759964373
"a5 b10 e8 g1",1,"a5","b10","e8","g1",19,50,2,97,0.00164582714324915,6.40951219849389
"a5 b10 e8 g9",1,"a5","b10","e8","g9",19,50,2,3,5.09018704097676e-05,9.88561088832916
"a5 b10 e10 e26",1,"a5","b10","e10","e26",19,50,1,1,8.48364506829459e-06,11.6773703575572
"a5 b10 e10 f31",1,"a5","b10","e10","f31",19,50,1,1,8.48364506829459e-06,11.6773703575572
"a5 b10 e10 f32",1,"a5","b10","e10","f32",19,50,1,1,8.48364506829459e-06,11.6773703575572
"a5 b10 e10 f53",1,"a5","b10","e10","f53",19,50,1,2,1.69672901365892e-05,10.9842231769973
"a5 b10 e10 f54",1,"a5","b10","e10","f54",19,50,1,2,1.69672901365892e-05,10.9842231769973
"a5 b10 e10 g1",1,"a5","b10","e10","g1",19,50,1,97,0.000822913571624576,7.10265937905383
"a5 b10 e10 g9",1,"a5","b10","e10","g9",19,50,1,3,2.54509352048838e-05,10.5787580688891
"a5 b10 e26 f31",1,"a5","b10","e26","f31",19,50,1,1,8.48364506829459e-06,11.6773703575572
"a5 b10 e26 f32",1,"a5","b10","e26","f32",19,50,1,1,8.48364506829459e-06,11.6773703575572
"a5 b10 e26 f53",1,"a5","b10","e26","f53",19,50,1,2,1.69672901365892e-05,10.9842231769973
"a5 b10 e26 f54",1,"a5","b10","e26","f54",19,50,1,2,1.69672901365892e-05,10.9842231769973
"a5 b10 e26 g1",1,"a5","b10","e26","g1",19,50,1,97,0.000822913571624576,7.10265937905383
"a5 b10 e26 g9",1,"a5","b10","e26","g9",19,50,1,3,2.54509352048838e-05,10.5787580688891
"a5 b10 f31 f32",1,"a5","b10","f31","f32",19,50,1,1,8.48364506829459e-06,11.6773703575572
"a5 b10 f31 f53",1,"a5","b10","f31","f53",19,50,1,2,1.69672901365892e-05,10.9842231769973
"a5 b10 f31 f54",1,"a5","b10","f31","f54",19,50,1,2,1.69672901365892e-05,10.9842231769973
"a5 b10 f31 g1",1,"a5","b10","f31","g1",19,50,1,97,0.000822913571624576,7.10265937905383
"a5 b10 f31 g9",1,"a5","b10","f31","g9",19,50,1,3,2.54509352048838e-05,10.5787580688891
"a5 b10 f32 f53",1,"a5","b10","f32","f53",19,50,1,2,1.69672901365892e-05,10.9842231769973
"a5 b10 f32 f54",1,"a5","b10","f32","f54",19,50,1,2,1.69672901365892e-05,10.9842231769973
"a5 b10 f32 g1",1,"a5","b10","f32","g1",19,50,1,97,0.000822913571624576,7.10265937905383
"a5 b10 f32 g9",1,"a5","b10","f32","g9",19,50,1,3,2.54509352048838e-05,10.5787580688891
"a5 b10 f53 f54",1,"a5","b10","f53","f54",19,50,2,2,3.39345802731784e-05,10.2910759964373
"a5 b10 f53 g1",1,"a5","b10","f53","g1",19,50,2,97,0.00164582714324915,6.40951219849389
"a5 b10 f53 g9",1,"a5","b10","f53","g9",19,50,2,3,5.09018704097676e-05,9.88561088832916
"a5 b10 f54 g1",1,"a5","b10","f54","g1",19,50,2,97,0.00164582714324915,6.40951219849389
"a5 b10 f54 g9",1,"a5","b10","f54","g9",19,50,2,3,5.09018704097676e-05,9.88561088832916
"a5 b10 g1 g9",1,"a5","b10","g1","g9",19,50,97,3,0.00246874071487373,6.00404709038572
"a5 c6 c9 d3",1,"a5","c6","c9","d3",19,3,3,8,1.22164488983442e-05,11.3127272439693
"a5 c6 c9 d22",1,"a5","c6","c9","d22",19,3,3,5,7.63528056146513e-06,11.782730873215
"a5 c6 c9 e8",1,"a5","c6","c9","e8",19,3,3,2,3.05411222458605e-06,12.6990216050892
"a5 c6 c9 e10",1,"a5","c6","c9","e10",19,3,3,1,1.52705611229303e-06,13.3921687856491
"a5 c6 c9 e26",1,"a5","c6","c9","e26",19,3,3,1,1.52705611229303e-06,13.3921687856491
"a5 c6 c9 f31",1,"a5","c6","c9","f31",19,3,3,1,1.52705611229303e-06,13.3921687856491
"a5 c6 c9 f32",1,"a5","c6","c9","f32",19,3,3,1,1.52705611229303e-06,13.3921687856491
"a5 c6 c9 f53",1,"a5","c6","c9","f53",19,3,3,2,3.05411222458605e-06,12.6990216050892
"a5 c6 c9 f54",1,"a5","c6","c9","f54",19,3,3,2,3.05411222458605e-06,12.6990216050892
"a5 c6 c9 g1",1,"a5","c6","c9","g1",19,3,3,97,0.000148124442892424,8.81745780714576
"a5 c6 c9 g9",1,"a5","c6","c9","g9",19,3,3,3,4.58116833687908e-06,12.293556496981
"a5 c6 d3 d22",1,"a5","c6","d3","d22",19,3,8,5,2.0360748163907e-05,10.8019016202033
"a5 c6 d3 e8",1,"a5","c6","d3","e8",19,3,8,2,8.14429926556281e-06,11.7181923520775
"a5 c6 d3 e10",1,"a5","c6","d3","e10",19,3,8,1,4.0721496327814e-06,12.4113395326374
"a5 c6 d3 e26",1,"a5","c6","d3","e26",19,3,8,1,4.0721496327814e-06,12.4113395326374
"a5 c6 d3 f31",1,"a5","c6","d3","f31",19,3,8,1,4.0721496327814e-06,12.4113395326374
"a5 c6 d3 f32",1,"a5","c6","d3","f32",19,3,8,1,4.0721496327814e-06,12.4113395326374
"a5 c6 d3 f53",1,"a5","c6","d3","f53",19,3,8,2,8.14429926556281e-06,11.7181923520775
"a5 c6 d3 f54",1,"a5","c6","d3","f54",19,3,8,2,8.14429926556281e-06,11.7181923520775
"a5 c6 d3 g1",1,"a5","c6","d3","g1",19,3,8,97,0.000394998514379796,7.83662855413403
"a5 c6 d3 g9",1,"a5","c6","d3","g9",19,3,8,3,1.22164488983442e-05,11.3127272439693
"a5 c6 d22 e8",1,"a5","c6","d22","e8",19,3,5,2,5.09018704097675e-06,12.1881959813232
"a5 c6 d22 e10",1,"a5","c6","d22","e10",19,3,5,1,2.54509352048838e-06,12.8813431618832
"a5 c6 d22 e26",1,"a5","c6","d22","e26",19,3,5,1,2.54509352048838e-06,12.8813431618832
"a5 c6 d22 f31",1,"a5","c6","d22","f31",19,3,5,1,2.54509352048838e-06,12.8813431618832
"a5 c6 d22 f32",1,"a5","c6","d22","f32",19,3,5,1,2.54509352048838e-06,12.8813431618832
"a5 c6 d22 f53",1,"a5","c6","d22","f53",19,3,5,2,5.09018704097675e-06,12.1881959813232
"a5 c6 d22 f54",1,"a5","c6","d22","f54",19,3,5,2,5.09018704097675e-06,12.1881959813232
"a5 c6 d22 g1",1,"a5","c6","d22","g1",19,3,5,97,0.000246874071487373,8.30663218337977
"a5 c6 d22 g9",1,"a5","c6","d22","g9",19,3,5,3,7.63528056146513e-06,11.782730873215
"a5 c6 e8 e10",1,"a5","c6","e8","e10",19,3,2,1,1.01803740819535e-06,13.7976338937573
"a5 c6 e8 e26",1,"a5","c6","e8","e26",19,3,2,1,1.01803740819535e-06,13.7976338937573
"a5 c6 e8 f31",1,"a5","c6","e8","f31",19,3,2,1,1.01803740819535e-06,13.7976338937573
"a5 c6 e8 f32",1,"a5","c6","e8","f32",19,3,2,1,1.01803740819535e-06,13.7976338937573
"a5 c6 e8 f53",1,"a5","c6","e8","f53",19,3,2,2,2.0360748163907e-06,13.1044867131974
"a5 c6 e8 f54",1,"a5","c6","e8","f54",19,3,2,2,2.0360748163907e-06,13.1044867131974
"a5 c6 e8 g1",1,"a5","c6","e8","g1",19,3,2,97,9.87496285949491e-05,9.22292291525392
"a5 c6 e8 g9",1,"a5","c6","e8","g9",19,3,2,3,3.05411222458605e-06,12.6990216050892
"a5 c6 e10 e26",1,"a5","c6","e10","e26",19,3,1,1,5.09018704097675e-07,14.4907810743173
"a5 c6 e10 f31",1,"a5","c6","e10","f31",19,3,1,1,5.09018704097675e-07,14.4907810743173
"a5 c6 e10 f32",1,"a5","c6","e10","f32",19,3,1,1,5.09018704097675e-07,14.4907810743173
"a5 c6 e10 f53",1,"a5","c6","e10","f53",19,3,1,2,1.01803740819535e-06,13.7976338937573
"a5 c6 e10 f54",1,"a5","c6","e10","f54",19,3,1,2,1.01803740819535e-06,13.7976338937573
"a5 c6 e10 g1",1,"a5","c6","e10","g1",19,3,1,97,4.93748142974745e-05,9.91607009581387
"a5 c6 e10 g9",1,"a5","c6","e10","g9",19,3,1,3,1.52705611229303e-06,13.3921687856491
"a5 c6 e26 f31",1,"a5","c6","e26","f31",19,3,1,1,5.09018704097675e-07,14.4907810743173
"a5 c6 e26 f32",1,"a5","c6","e26","f32",19,3,1,1,5.09018704097675e-07,14.4907810743173
"a5 c6 e26 f53",1,"a5","c6","e26","f53",19,3,1,2,1.01803740819535e-06,13.7976338937573
"a5 c6 e26 f54",1,"a5","c6","e26","f54",19,3,1,2,1.01803740819535e-06,13.7976338937573
"a5 c6 e26 g1",1,"a5","c6","e26","g1",19,3,1,97,4.93748142974745e-05,9.91607009581387
"a5 c6 e26 g9",1,"a5","c6","e26","g9",19,3,1,3,1.52705611229303e-06,13.3921687856491
"a5 c6 f31 f32",1,"a5","c6","f31","f32",19,3,1,1,5.09018704097675e-07,14.4907810743173
"a5 c6 f31 f53",1,"a5","c6","f31","f53",19,3,1,2,1.01803740819535e-06,13.7976338937573
"a5 c6 f31 f54",1,"a5","c6","f31","f54",19,3,1,2,1.01803740819535e-06,13.7976338937573
"a5 c6 f31 g1",1,"a5","c6","f31","g1",19,3,1,97,4.93748142974745e-05,9.91607009581387
"a5 c6 f31 g9",1,"a5","c6","f31","g9",19,3,1,3,1.52705611229303e-06,13.3921687856491
"a5 c6 f32 f53",1,"a5","c6","f32","f53",19,3,1,2,1.01803740819535e-06,13.7976338937573
"a5 c6 f32 f54",1,"a5","c6","f32","f54",19,3,1,2,1.01803740819535e-06,13.7976338937573
"a5 c6 f32 g1",1,"a5","c6","f32","g1",19,3,1,97,4.93748142974745e-05,9.91607009581387
"a5 c6 f32 g9",1,"a5","c6","f32","g9",19,3,1,3,1.52705611229303e-06,13.3921687856491
"a5 c6 f53 f54",1,"a5","c6","f53","f54",19,3,2,2,2.0360748163907e-06,13.1044867131974
"a5 c6 f53 g1",1,"a5","c6","f53","g1",19,3,2,97,9.87496285949491e-05,9.22292291525392
"a5 c6 f53 g9",1,"a5","c6","f53","g9",19,3,2,3,3.05411222458605e-06,12.6990216050892
"a5 c6 f54 g1",1,"a5","c6","f54","g1",19,3,2,97,9.87496285949491e-05,9.22292291525392
"a5 c6 f54 g9",1,"a5","c6","f54","g9",19,3,2,3,3.05411222458605e-06,12.6990216050892
"a5 c6 g1 g9",1,"a5","c6","g1","g9",19,3,97,3,0.000148124442892424,8.81745780714576
"a5 c9 d3 d22",1,"a5","c9","d3","d22",19,3,8,5,2.0360748163907e-05,10.8019016202033
"a5 c9 d3 e8",1,"a5","c9","d3","e8",19,3,8,2,8.14429926556281e-06,11.7181923520775
"a5 c9 d3 e10",1,"a5","c9","d3","e10",19,3,8,1,4.0721496327814e-06,12.4113395326374
"a5 c9 d3 e26",1,"a5","c9","d3","e26",19,3,8,1,4.0721496327814e-06,12.4113395326374
"a5 c9 d3 f31",1,"a5","c9","d3","f31",19,3,8,1,4.0721496327814e-06,12.4113395326374
"a5 c9 d3 f32",1,"a5","c9","d3","f32",19,3,8,1,4.0721496327814e-06,12.4113395326374
"a5 c9 d3 f53",1,"a5","c9","d3","f53",19,3,8,2,8.14429926556281e-06,11.7181923520775
"a5 c9 d3 f54",1,"a5","c9","d3","f54",19,3,8,2,8.14429926556281e-06,11.7181923520775
"a5 c9 d3 g1",1,"a5","c9","d3","g1",19,3,8,97,0.000394998514379796,7.83662855413403
"a5 c9 d3 g9",1,"a5","c9","d3","g9",19,3,8,3,1.22164488983442e-05,11.3127272439693
"a5 c9 d22 e8",1,"a5","c9","d22","e8",19,3,5,2,5.09018704097675e-06,12.1881959813232
"a5 c9 d22 e10",1,"a5","c9","d22","e10",19,3,5,1,2.54509352048838e-06,12.8813431618832
"a5 c9 d22 e26",1,"a5","c9","d22","e26",19,3,5,1,2.54509352048838e-06,12.8813431618832
"a5 c9 d22 f31",1,"a5","c9","d22","f31",19,3,5,1,2.54509352048838e-06,12.8813431618832
"a5 c9 d22 f32",1,"a5","c9","d22","f32",19,3,5,1,2.54509352048838e-06,12.8813431618832
"a5 c9 d22 f53",1,"a5","c9","d22","f53",19,3,5,2,5.09018704097675e-06,12.1881959813232
"a5 c9 d22 f54",1,"a5","c9","d22","f54",19,3,5,2,5.09018704097675e-06,12.1881959813232
"a5 c9 d22 g1",1,"a5","c9","d22","g1",19,3,5,97,0.000246874071487373,8.30663218337977
"a5 c9 d22 g9",1,"a5","c9","d22","g9",19,3,5,3,7.63528056146513e-06,11.782730873215
"a5 c9 e8 e10",1,"a5","c9","e8","e10",19,3,2,1,1.01803740819535e-06,13.7976338937573
"a5 c9 e8 e26",1,"a5","c9","e8","e26",19,3,2,1,1.01803740819535e-06,13.7976338937573
"a5 c9 e8 f31",1,"a5","c9","e8","f31",19,3,2,1,1.01803740819535e-06,13.7976338937573
"a5 c9 e8 f32",1,"a5","c9","e8","f32",19,3,2,1,1.01803740819535e-06,13.7976338937573
"a5 c9 e8 f53",1,"a5","c9","e8","f53",19,3,2,2,2.0360748163907e-06,13.1044867131974
"a5 c9 e8 f54",1,"a5","c9","e8","f54",19,3,2,2,2.0360748163907e-06,13.1044867131974
"a5 c9 e8 g1",1,"a5","c9","e8","g1",19,3,2,97,9.87496285949491e-05,9.22292291525392
"a5 c9 e8 g9",1,"a5","c9","e8","g9",19,3,2,3,3.05411222458605e-06,12.6990216050892
"a5 c9 e10 e26",1,"a5","c9","e10","e26",19,3,1,1,5.09018704097675e-07,14.4907810743173
"a5 c9 e10 f31",1,"a5","c9","e10","f31",19,3,1,1,5.09018704097675e-07,14.4907810743173
"a5 c9 e10 f32",1,"a5","c9","e10","f32",19,3,1,1,5.09018704097675e-07,14.4907810743173
"a5 c9 e10 f53",1,"a5","c9","e10","f53",19,3,1,2,1.01803740819535e-06,13.7976338937573
"a5 c9 e10 f54",1,"a5","c9","e10","f54",19,3,1,2,1.01803740819535e-06,13.7976338937573
"a5 c9 e10 g1",1,"a5","c9","e10","g1",19,3,1,97,4.93748142974745e-05,9.91607009581387
"a5 c9 e10 g9",1,"a5","c9","e10","g9",19,3,1,3,1.52705611229303e-06,13.3921687856491
"a5 c9 e26 f31",1,"a5","c9","e26","f31",19,3,1,1,5.09018704097675e-07,14.4907810743173
"a5 c9 e26 f32",1,"a5","c9","e26","f32",19,3,1,1,5.09018704097675e-07,14.4907810743173
"a5 c9 e26 f53",1,"a5","c9","e26","f53",19,3,1,2,1.01803740819535e-06,13.7976338937573
"a5 c9 e26 f54",1,"a5","c9","e26","f54",19,3,1,2,1.01803740819535e-06,13.7976338937573
"a5 c9 e26 g1",1,"a5","c9","e26","g1",19,3,1,97,4.93748142974745e-05,9.91607009581387
"a5 c9 e26 g9",1,"a5","c9","e26","g9",19,3,1,3,1.52705611229303e-06,13.3921687856491
"a5 c9 f31 f32",1,"a5","c9","f31","f32",19,3,1,1,5.09018704097675e-07,14.4907810743173
"a5 c9 f31 f53",1,"a5","c9","f31","f53",19,3,1,2,1.01803740819535e-06,13.7976338937573
"a5 c9 f31 f54",1,"a5","c9","f31","f54",19,3,1,2,1.01803740819535e-06,13.7976338937573
"a5 c9 f31 g1",1,"a5","c9","f31","g1",19,3,1,97,4.93748142974745e-05,9.91607009581387
"a5 c9 f31 g9",1,"a5","c9","f31","g9",19,3,1,3,1.52705611229303e-06,13.3921687856491
"a5 c9 f32 f53",1,"a5","c9","f32","f53",19,3,1,2,1.01803740819535e-06,13.7976338937573
"a5 c9 f32 f54",1,"a5","c9","f32","f54",19,3,1,2,1.01803740819535e-06,13.7976338937573
"a5 c9 f32 g1",1,"a5","c9","f32","g1",19,3,1,97,4.93748142974745e-05,9.91607009581387
"a5 c9 f32 g9",1,"a5","c9","f32","g9",19,3,1,3,1.52705611229303e-06,13.3921687856491
"a5 c9 f53 f54",1,"a5","c9","f53","f54",19,3,2,2,2.0360748163907e-06,13.1044867131974
"a5 c9 f53 g1",1,"a5","c9","f53","g1",19,3,2,97,9.87496285949491e-05,9.22292291525392
"a5 c9 f53 g9",1,"a5","c9","f53","g9",19,3,2,3,3.05411222458605e-06,12.6990216050892
"a5 c9 f54 g1",1,"a5","c9","f54","g1",19,3,2,97,9.87496285949491e-05,9.22292291525392
"a5 c9 f54 g9",1,"a5","c9","f54","g9",19,3,2,3,3.05411222458605e-06,12.6990216050892
"a5 c9 g1 g9",1,"a5","c9","g1","g9",19,3,97,3,0.000148124442892424,8.81745780714576
"a5 d3 d22 e8",1,"a5","d3","d22","e8",19,8,5,2,1.35738321092713e-05,11.2073667283115
"a5 d3 d22 e10",1,"a5","d3","d22","e10",19,8,5,1,6.78691605463567e-06,11.9005139088714
"a5 d3 d22 e26",1,"a5","d3","d22","e26",19,8,5,1,6.78691605463567e-06,11.9005139088714
"a5 d3 d22 f31",1,"a5","d3","d22","f31",19,8,5,1,6.78691605463567e-06,11.9005139088714
"a5 d3 d22 f32",1,"a5","d3","d22","f32",19,8,5,1,6.78691605463567e-06,11.9005139088714
"a5 d3 d22 f53",1,"a5","d3","d22","f53",19,8,5,2,1.35738321092713e-05,11.2073667283115
"a5 d3 d22 f54",1,"a5","d3","d22","f54",19,8,5,2,1.35738321092713e-05,11.2073667283115
"a5 d3 d22 g1",1,"a5","d3","d22","g1",19,8,5,97,0.00065833085729966,7.32580293036804
"a5 d3 d22 g9",1,"a5","d3","d22","g9",19,8,5,3,2.0360748163907e-05,10.8019016202033
"a5 d3 e8 e10",1,"a5","d3","e8","e10",19,8,2,1,2.71476642185427e-06,12.8168046407456
"a5 d3 e8 e26",1,"a5","d3","e8","e26",19,8,2,1,2.71476642185427e-06,12.8168046407456
"a5 d3 e8 f31",1,"a5","d3","e8","f31",19,8,2,1,2.71476642185427e-06,12.8168046407456
"a5 d3 e8 f32",1,"a5","d3","e8","f32",19,8,2,1,2.71476642185427e-06,12.8168046407456
"a5 d3 e8 f53",1,"a5","d3","e8","f53",19,8,2,2,5.42953284370854e-06,12.1236574601856
"a5 d3 e8 f54",1,"a5","d3","e8","f54",19,8,2,2,5.42953284370854e-06,12.1236574601856
"a5 d3 e8 g1",1,"a5","d3","e8","g1",19,8,2,97,0.000263332342919864,8.2420936622422
"a5 d3 e8 g9",1,"a5","d3","e8","g9",19,8,2,3,8.14429926556281e-06,11.7181923520775
"a5 d3 e10 e26",1,"a5","d3","e10","e26",19,8,1,1,1.35738321092713e-06,13.5099518213055
"a5 d3 e10 f31",1,"a5","d3","e10","f31",19,8,1,1,1.35738321092713e-06,13.5099518213055
"a5 d3 e10 f32",1,"a5","d3","e10","f32",19,8,1,1,1.35738321092713e-06,13.5099518213055
"a5 d3 e10 f53",1,"a5","d3","e10","f53",19,8,1,2,2.71476642185427e-06,12.8168046407456
"a5 d3 e10 f54",1,"a5","d3","e10","f54",19,8,1,2,2.71476642185427e-06,12.8168046407456
"a5 d3 e10 g1",1,"a5","d3","e10","g1",19,8,1,97,0.000131666171459932,8.93524084280214
"a5 d3 e10 g9",1,"a5","d3","e10","g9",19,8,1,3,4.0721496327814e-06,12.4113395326374
"a5 d3 e26 f31",1,"a5","d3","e26","f31",19,8,1,1,1.35738321092713e-06,13.5099518213055
"a5 d3 e26 f32",1,"a5","d3","e26","f32",19,8,1,1,1.35738321092713e-06,13.5099518213055
"a5 d3 e26 f53",1,"a5","d3","e26","f53",19,8,1,2,2.71476642185427e-06,12.8168046407456
"a5 d3 e26 f54",1,"a5","d3","e26","f54",19,8,1,2,2.71476642185427e-06,12.8168046407456
"a5 d3 e26 g1",1,"a5","d3","e26","g1",19,8,1,97,0.000131666171459932,8.93524084280214
"a5 d3 e26 g9",1,"a5","d3","e26","g9",19,8,1,3,4.0721496327814e-06,12.4113395326374
"a5 d3 f31 f32",1,"a5","d3","f31","f32",19,8,1,1,1.35738321092713e-06,13.5099518213055
"a5 d3 f31 f53",1,"a5","d3","f31","f53",19,8,1,2,2.71476642185427e-06,12.8168046407456
"a5 d3 f31 f54",1,"a5","d3","f31","f54",19,8,1,2,2.71476642185427e-06,12.8168046407456
"a5 d3 f31 g1",1,"a5","d3","f31","g1",19,8,1,97,0.000131666171459932,8.93524084280214
"a5 d3 f31 g9",1,"a5","d3","f31","g9",19,8,1,3,4.0721496327814e-06,12.4113395326374
"a5 d3 f32 f53",1,"a5","d3","f32","f53",19,8,1,2,2.71476642185427e-06,12.8168046407456
"a5 d3 f32 f54",1,"a5","d3","f32","f54",19,8,1,2,2.71476642185427e-06,12.8168046407456
"a5 d3 f32 g1",1,"a5","d3","f32","g1",19,8,1,97,0.000131666171459932,8.93524084280214
"a5 d3 f32 g9",1,"a5","d3","f32","g9",19,8,1,3,4.0721496327814e-06,12.4113395326374
"a5 d3 f53 f54",1,"a5","d3","f53","f54",19,8,2,2,5.42953284370854e-06,12.1236574601856
"a5 d3 f53 g1",1,"a5","d3","f53","g1",19,8,2,97,0.000263332342919864,8.2420936622422
"a5 d3 f53 g9",1,"a5","d3","f53","g9",19,8,2,3,8.14429926556281e-06,11.7181923520775
"a5 d3 f54 g1",1,"a5","d3","f54","g1",19,8,2,97,0.000263332342919864,8.2420936622422
"a5 d3 f54 g9",1,"a5","d3","f54","g9",19,8,2,3,8.14429926556281e-06,11.7181923520775
"a5 d3 g1 g9",1,"a5","d3","g1","g9",19,8,97,3,0.000394998514379796,7.83662855413403
"a5 d22 e8 e10",1,"a5","d22","e8","e10",19,5,2,1,1.69672901365892e-06,13.2868082699913
"a5 d22 e8 e26",1,"a5","d22","e8","e26",19,5,2,1,1.69672901365892e-06,13.2868082699913
"a5 d22 e8 f31",1,"a5","d22","e8","f31",19,5,2,1,1.69672901365892e-06,13.2868082699913
"a5 d22 e8 f32",1,"a5","d22","e8","f32",19,5,2,1,1.69672901365892e-06,13.2868082699913
"a5 d22 e8 f53",1,"a5","d22","e8","f53",19,5,2,2,3.39345802731784e-06,12.5936610894314
"a5 d22 e8 f54",1,"a5","d22","e8","f54",19,5,2,2,3.39345802731784e-06,12.5936610894314
"a5 d22 e8 g1",1,"a5","d22","e8","g1",19,5,2,97,0.000164582714324915,8.71209729148793
"a5 d22 e8 g9",1,"a5","d22","e8","g9",19,5,2,3,5.09018704097675e-06,12.1881959813232
"a5 d22 e10 e26",1,"a5","d22","e10","e26",19,5,1,1,8.48364506829459e-07,13.9799554505513
"a5 d22 e10 f31",1,"a5","d22","e10","f31",19,5,1,1,8.48364506829459e-07,13.9799554505513
"a5 d22 e10 f32",1,"a5","d22","e10","f32",19,5,1,1,8.48364506829459e-07,13.9799554505513
"a5 d22 e10 f53",1,"a5","d22","e10","f53",19,5,1,2,1.69672901365892e-06,13.2868082699913
"a5 d22 e10 f54",1,"a5","d22","e10","f54",19,5,1,2,1.69672901365892e-06,13.2868082699913
"a5 d22 e10 g1",1,"a5","d22","e10","g1",19,5,1,97,8.22913571624576e-05,9.40524447204788
"a5 d22 e10 g9",1,"a5","d22","e10","g9",19,5,1,3,2.54509352048838e-06,12.8813431618832
"a5 d22 e26 f31",1,"a5","d22","e26","f31",19,5,1,1,8.48364506829459e-07,13.9799554505513
"a5 d22 e26 f32",1,"a5","d22","e26","f32",19,5,1,1,8.48364506829459e-07,13.9799554505513
"a5 d22 e26 f53",1,"a5","d22","e26","f53",19,5,1,2,1.69672901365892e-06,13.2868082699913
"a5 d22 e26 f54",1,"a5","d22","e26","f54",19,5,1,2,1.69672901365892e-06,13.2868082699913
"a5 d22 e26 g1",1,"a5","d22","e26","g1",19,5,1,97,8.22913571624576e-05,9.40524447204788
"a5 d22 e26 g9",1,"a5","d22","e26","g9",19,5,1,3,2.54509352048838e-06,12.8813431618832
"a5 d22 f31 f32",1,"a5","d22","f31","f32",19,5,1,1,8.48364506829459e-07,13.9799554505513
"a5 d22 f31 f53",1,"a5","d22","f31","f53",19,5,1,2,1.69672901365892e-06,13.2868082699913
"a5 d22 f31 f54",1,"a5","d22","f31","f54",19,5,1,2,1.69672901365892e-06,13.2868082699913
"a5 d22 f31 g1",1,"a5","d22","f31","g1",19,5,1,97,8.22913571624576e-05,9.40524447204788
"a5 d22 f31 g9",1,"a5","d22","f31","g9",19,5,1,3,2.54509352048838e-06,12.8813431618832
"a5 d22 f32 f53",1,"a5","d22","f32","f53",19,5,1,2,1.69672901365892e-06,13.2868082699913
"a5 d22 f32 f54",1,"a5","d22","f32","f54",19,5,1,2,1.69672901365892e-06,13.2868082699913
"a5 d22 f32 g1",1,"a5","d22","f32","g1",19,5,1,97,8.22913571624576e-05,9.40524447204788
"a5 d22 f32 g9",1,"a5","d22","f32","g9",19,5,1,3,2.54509352048838e-06,12.8813431618832
"a5 d22 f53 f54",1,"a5","d22","f53","f54",19,5,2,2,3.39345802731784e-06,12.5936610894314
"a5 d22 f53 g1",1,"a5","d22","f53","g1",19,5,2,97,0.000164582714324915,8.71209729148793
"a5 d22 f53 g9",1,"a5","d22","f53","g9",19,5,2,3,5.09018704097675e-06,12.1881959813232
"a5 d22 f54 g1",1,"a5","d22","f54","g1",19,5,2,97,0.000164582714324915,8.71209729148793
"a5 d22 f54 g9",1,"a5","d22","f54","g9",19,5,2,3,5.09018704097675e-06,12.1881959813232
"a5 d22 g1 g9",1,"a5","d22","g1","g9",19,5,97,3,0.000246874071487373,8.30663218337977
"a5 e8 e10 e26",1,"a5","e8","e10","e26",19,2,1,1,3.39345802731784e-07,14.8962461824254
"a5 e8 e10 f31",1,"a5","e8","e10","f31",19,2,1,1,3.39345802731784e-07,14.8962461824254
"a5 e8 e10 f32",1,"a5","e8","e10","f32",19,2,1,1,3.39345802731784e-07,14.8962461824254
"a5 e8 e10 f53",1,"a5","e8","e10","f53",19,2,1,2,6.78691605463567e-07,14.2030990018655
"a5 e8 e10 f54",1,"a5","e8","e10","f54",19,2,1,2,6.78691605463567e-07,14.2030990018655
"a5 e8 e10 g1",1,"a5","e8","e10","g1",19,2,1,97,3.2916542864983e-05,10.321535203922
"a5 e8 e10 g9",1,"a5","e8","e10","g9",19,2,1,3,1.01803740819535e-06,13.7976338937573
"a5 e8 e26 f31",1,"a5","e8","e26","f31",19,2,1,1,3.39345802731784e-07,14.8962461824254
"a5 e8 e26 f32",1,"a5","e8","e26","f32",19,2,1,1,3.39345802731784e-07,14.8962461824254
"a5 e8 e26 f53",1,"a5","e8","e26","f53",19,2,1,2,6.78691605463567e-07,14.2030990018655
"a5 e8 e26 f54",1,"a5","e8","e26","f54",19,2,1,2,6.78691605463567e-07,14.2030990018655
"a5 e8 e26 g1",1,"a5","e8","e26","g1",19,2,1,97,3.2916542864983e-05,10.321535203922
"a5 e8 e26 g9",1,"a5","e8","e26","g9",19,2,1,3,1.01803740819535e-06,13.7976338937573
"a5 e8 f31 f32",1,"a5","e8","f31","f32",19,2,1,1,3.39345802731784e-07,14.8962461824254
"a5 e8 f31 f53",1,"a5","e8","f31","f53",19,2,1,2,6.78691605463567e-07,14.2030990018655
"a5 e8 f31 f54",1,"a5","e8","f31","f54",19,2,1,2,6.78691605463567e-07,14.2030990018655
"a5 e8 f31 g1",1,"a5","e8","f31","g1",19,2,1,97,3.2916542864983e-05,10.321535203922
"a5 e8 f31 g9",1,"a5","e8","f31","g9",19,2,1,3,1.01803740819535e-06,13.7976338937573
"a5 e8 f32 f53",1,"a5","e8","f32","f53",19,2,1,2,6.78691605463567e-07,14.2030990018655
"a5 e8 f32 f54",1,"a5","e8","f32","f54",19,2,1,2,6.78691605463567e-07,14.2030990018655
"a5 e8 f32 g1",1,"a5","e8","f32","g1",19,2,1,97,3.2916542864983e-05,10.321535203922
"a5 e8 f32 g9",1,"a5","e8","f32","g9",19,2,1,3,1.01803740819535e-06,13.7976338937573
"a5 e8 f53 f54",1,"a5","e8","f53","f54",19,2,2,2,1.35738321092713e-06,13.5099518213055
"a5 e8 f53 g1",1,"a5","e8","f53","g1",19,2,2,97,6.58330857299661e-05,9.62838802336209
"a5 e8 f53 g9",1,"a5","e8","f53","g9",19,2,2,3,2.0360748163907e-06,13.1044867131974
"a5 e8 f54 g1",1,"a5","e8","f54","g1",19,2,2,97,6.58330857299661e-05,9.62838802336209
"a5 e8 f54 g9",1,"a5","e8","f54","g9",19,2,2,3,2.0360748163907e-06,13.1044867131974
"a5 e8 g1 g9",1,"a5","e8","g1","g9",19,2,97,3,9.87496285949491e-05,9.22292291525392
"a5 e10 e26 f31",1,"a5","e10","e26","f31",19,1,1,1,1.69672901365892e-07,15.5893933629854
"a5 e10 e26 f32",1,"a5","e10","e26","f32",19,1,1,1,1.69672901365892e-07,15.5893933629854
"a5 e10 e26 f53",1,"a5","e10","e26","f53",19,1,1,2,3.39345802731784e-07,14.8962461824254
"a5 e10 e26 f54",1,"a5","e10","e26","f54",19,1,1,2,3.39345802731784e-07,14.8962461824254
"a5 e10 e26 g1",1,"a5","e10","e26","g1",19,1,1,97,1.64582714324915e-05,11.014682384482
"a5 e10 e26 g9",1,"a5","e10","e26","g9",19,1,1,3,5.09018704097675e-07,14.4907810743173
"a5 e10 f31 f32",1,"a5","e10","f31","f32",19,1,1,1,1.69672901365892e-07,15.5893933629854
"a5 e10 f31 f53",1,"a5","e10","f31","f53",19,1,1,2,3.39345802731784e-07,14.8962461824254
"a5 e10 f31 f54",1,"a5","e10","f31","f54",19,1,1,2,3.39345802731784e-07,14.8962461824254
"a5 e10 f31 g1",1,"a5","e10","f31","g1",19,1,1,97,1.64582714324915e-05,11.014682384482
"a5 e10 f31 g9",1,"a5","e10","f31","g9",19,1,1,3,5.09018704097675e-07,14.4907810743173
"a5 e10 f32 f53",1,"a5","e10","f32","f53",19,1,1,2,3.39345802731784e-07,14.8962461824254
"a5 e10 f32 f54",1,"a5","e10","f32","f54",19,1,1,2,3.39345802731784e-07,14.8962461824254
"a5 e10 f32 g1",1,"a5","e10","f32","g1",19,1,1,97,1.64582714324915e-05,11.014682384482
"a5 e10 f32 g9",1,"a5","e10","f32","g9",19,1,1,3,5.09018704097675e-07,14.4907810743173
"a5 e10 f53 f54",1,"a5","e10","f53","f54",19,1,2,2,6.78691605463567e-07,14.2030990018655
"a5 e10 f53 g1",1,"a5","e10","f53","g1",19,1,2,97,3.2916542864983e-05,10.321535203922
"a5 e10 f53 g9",1,"a5","e10","f53","g9",19,1,2,3,1.01803740819535e-06,13.7976338937573
"a5 e10 f54 g1",1,"a5","e10","f54","g1",19,1,2,97,3.2916542864983e-05,10.321535203922
"a5 e10 f54 g9",1,"a5","e10","f54","g9",19,1,2,3,1.01803740819535e-06,13.7976338937573
"a5 e10 g1 g9",1,"a5","e10","g1","g9",19,1,97,3,4.93748142974745e-05,9.91607009581387
"a5 e26 f31 f32",1,"a5","e26","f31","f32",19,1,1,1,1.69672901365892e-07,15.5893933629854
"a5 e26 f31 f53",1,"a5","e26","f31","f53",19,1,1,2,3.39345802731784e-07,14.8962461824254
"a5 e26 f31 f54",1,"a5","e26","f31","f54",19,1,1,2,3.39345802731784e-07,14.8962461824254
"a5 e26 f31 g1",1,"a5","e26","f31","g1",19,1,1,97,1.64582714324915e-05,11.014682384482
"a5 e26 f31 g9",1,"a5","e26","f31","g9",19,1,1,3,5.09018704097675e-07,14.4907810743173
"a5 e26 f32 f53",1,"a5","e26","f32","f53",19,1,1,2,3.39345802731784e-07,14.8962461824254
"a5 e26 f32 f54",1,"a5","e26","f32","f54",19,1,1,2,3.39345802731784e-07,14.8962461824254
"a5 e26 f32 g1",1,"a5","e26","f32","g1",19,1,1,97,1.64582714324915e-05,11.014682384482
"a5 e26 f32 g9",1,"a5","e26","f32","g9",19,1,1,3,5.09018704097675e-07,14.4907810743173
"a5 e26 f53 f54",1,"a5","e26","f53","f54",19,1,2,2,6.78691605463567e-07,14.2030990018655
"a5 e26 f53 g1",1,"a5","e26","f53","g1",19,1,2,97,3.2916542864983e-05,10.321535203922
"a5 e26 f53 g9",1,"a5","e26","f53","g9",19,1,2,3,1.01803740819535e-06,13.7976338937573
"a5 e26 f54 g1",1,"a5","e26","f54","g1",19,1,2,97,3.2916542864983e-05,10.321535203922
"a5 e26 f54 g9",1,"a5","e26","f54","g9",19,1,2,3,1.01803740819535e-06,13.7976338937573
"a5 e26 g1 g9",1,"a5","e26","g1","g9",19,1,97,3,4.93748142974745e-05,9.91607009581387
"a5 f31 f32 f53",1,"a5","f31","f32","f53",19,1,1,2,3.39345802731784e-07,14.8962461824254
"a5 f31 f32 f54",1,"a5","f31","f32","f54",19,1,1,2,3.39345802731784e-07,14.8962461824254
"a5 f31 f32 g1",1,"a5","f31","f32","g1",19,1,1,97,1.64582714324915e-05,11.014682384482
"a5 f31 f32 g9",1,"a5","f31","f32","g9",19,1,1,3,5.09018704097675e-07,14.4907810743173
"a5 f31 f53 f54",1,"a5","f31","f53","f54",19,1,2,2,6.78691605463567e-07,14.2030990018655
"a5 f31 f53 g1",1,"a5","f31","f53","g1",19,1,2,97,3.2916542864983e-05,10.321535203922
"a5 f31 f53 g9",1,"a5","f31","f53","g9",19,1,2,3,1.01803740819535e-06,13.7976338937573
"a5 f31 f54 g1",1,"a5","f31","f54","g1",19,1,2,97,3.2916542864983e-05,10.321535203922
"a5 f31 f54 g9",1,"a5","f31","f54","g9",19,1,2,3,1.01803740819535e-06,13.7976338937573
"a5 f31 g1 g9",1,"a5","f31","g1","g9",19,1,97,3,4.93748142974745e-05,9.91607009581387
"a5 f32 f53 f54",1,"a5","f32","f53","f54",19,1,2,2,6.78691605463567e-07,14.2030990018655
"a5 f32 f53 g1",1,"a5","f32","f53","g1",19,1,2,97,3.2916542864983e-05,10.321535203922
"a5 f32 f53 g9",1,"a5","f32","f53","g9",19,1,2,3,1.01803740819535e-06,13.7976338937573
"a5 f32 f54 g1",1,"a5","f32","f54","g1",19,1,2,97,3.2916542864983e-05,10.321535203922
"a5 f32 f54 g9",1,"a5","f32","f54","g9",19,1,2,3,1.01803740819535e-06,13.7976338937573
"a5 f32 g1 g9",1,"a5","f32","g1","g9",19,1,97,3,4.93748142974745e-05,9.91607009581387
"a5 f53 f54 g1",1,"a5","f53","f54","g1",19,2,2,97,6.58330857299661e-05,9.62838802336209
"a5 f53 f54 g9",1,"a5","f53","f54","g9",19,2,2,3,2.0360748163907e-06,13.1044867131974
"a5 f53 g1 g9",1,"a5","f53","g1","g9",19,2,97,3,9.87496285949491e-05,9.22292291525392
"a5 f54 g1 g9",1,"a5","f54","g1","g9",19,2,97,3,9.87496285949491e-05,9.22292291525392
"b10 c6 c9 d3",1,"b10","c6","c9","d3",50,3,3,8,3.21485497324848e-05,10.3451432177076
"b10 c6 c9 d22",1,"b10","c6","c9","d22",50,3,3,5,2.0092843582803e-05,10.8151468469533
"b10 c6 c9 e8",1,"b10","c6","c9","e8",50,3,3,2,8.03713743312119e-06,11.7314375788275
"b10 c6 c9 e10",1,"b10","c6","c9","e10",50,3,3,1,4.0185687165606e-06,12.4245847593874
"b10 c6 c9 e26",1,"b10","c6","c9","e26",50,3,3,1,4.0185687165606e-06,12.4245847593874
"b10 c6 c9 f31",1,"b10","c6","c9","f31",50,3,3,1,4.0185687165606e-06,12.4245847593874
"b10 c6 c9 f32",1,"b10","c6","c9","f32",50,3,3,1,4.0185687165606e-06,12.4245847593874
"b10 c6 c9 f53",1,"b10","c6","c9","f53",50,3,3,2,8.03713743312119e-06,11.7314375788275
"b10 c6 c9 f54",1,"b10","c6","c9","f54",50,3,3,2,8.03713743312119e-06,11.7314375788275
"b10 c6 c9 g1",1,"b10","c6","c9","g1",50,3,3,97,0.000389801165506378,7.84987378088405
"b10 c6 c9 g9",1,"b10","c6","c9","g9",50,3,3,3,1.20557061496818e-05,11.3259724707193
"b10 c6 d3 d22",1,"b10","c6","d3","d22",50,3,8,5,5.3580916220808e-05,9.83431759394161
"b10 c6 d3 e8",1,"b10","c6","d3","e8",50,3,8,2,2.14323664883232e-05,10.7506083258158
"b10 c6 d3 e10",1,"b10","c6","d3","e10",50,3,8,1,1.07161832441616e-05,11.4437555063757
"b10 c6 d3 e26",1,"b10","c6","d3","e26",50,3,8,1,1.07161832441616e-05,11.4437555063757
"b10 c6 d3 f31",1,"b10","c6","d3","f31",50,3,8,1,1.07161832441616e-05,11.4437555063757
"b10 c6 d3 f32",1,"b10","c6","d3","f32",50,3,8,1,1.07161832441616e-05,11.4437555063757
"b10 c6 d3 f53",1,"b10","c6","d3","f53",50,3,8,2,2.14323664883232e-05,10.7506083258158
"b10 c6 d3 f54",1,"b10","c6","d3","f54",50,3,8,2,2.14323664883232e-05,10.7506083258158
"b10 c6 d3 g1",1,"b10","c6","d3","g1",50,3,8,97,0.00103946977468367,6.86904452787233
"b10 c6 d3 g9",1,"b10","c6","d3","g9",50,3,8,3,3.21485497324848e-05,10.3451432177076
"b10 c6 d22 e8",1,"b10","c6","d22","e8",50,3,5,2,1.3395229055202e-05,11.2206119550615
"b10 c6 d22 e10",1,"b10","c6","d22","e10",50,3,5,1,6.69761452760099e-06,11.9137591356214
"b10 c6 d22 e26",1,"b10","c6","d22","e26",50,3,5,1,6.69761452760099e-06,11.9137591356214
"b10 c6 d22 f31",1,"b10","c6","d22","f31",50,3,5,1,6.69761452760099e-06,11.9137591356214
"b10 c6 d22 f32",1,"b10","c6","d22","f32",50,3,5,1,6.69761452760099e-06,11.9137591356214
"b10 c6 d22 f53",1,"b10","c6","d22","f53",50,3,5,2,1.3395229055202e-05,11.2206119550615
"b10 c6 d22 f54",1,"b10","c6","d22","f54",50,3,5,2,1.3395229055202e-05,11.2206119550615
"b10 c6 d22 g1",1,"b10","c6","d22","g1",50,3,5,97,0.000649668609177296,7.33904815711806
"b10 c6 d22 g9",1,"b10","c6","d22","g9",50,3,5,3,2.0092843582803e-05,10.8151468469533
"b10 c6 e8 e10",1,"b10","c6","e8","e10",50,3,2,1,2.6790458110404e-06,12.8300498674956
"b10 c6 e8 e26",1,"b10","c6","e8","e26",50,3,2,1,2.6790458110404e-06,12.8300498674956
"b10 c6 e8 f31",1,"b10","c6","e8","f31",50,3,2,1,2.6790458110404e-06,12.8300498674956
"b10 c6 e8 f32",1,"b10","c6","e8","f32",50,3,2,1,2.6790458110404e-06,12.8300498674956
"b10 c6 e8 f53",1,"b10","c6","e8","f53",50,3,2,2,5.3580916220808e-06,12.1369026869357
"b10 c6 e8 f54",1,"b10","c6","e8","f54",50,3,2,2,5.3580916220808e-06,12.1369026869357
"b10 c6 e8 g1",1,"b10","c6","e8","g1",50,3,2,97,0.000259867443670919,8.25533888899222
"b10 c6 e8 g9",1,"b10","c6","e8","g9",50,3,2,3,8.03713743312119e-06,11.7314375788275
"b10 c6 e10 e26",1,"b10","c6","e10","e26",50,3,1,1,1.3395229055202e-06,13.5231970480555
"b10 c6 e10 f31",1,"b10","c6","e10","f31",50,3,1,1,1.3395229055202e-06,13.5231970480555
"b10 c6 e10 f32",1,"b10","c6","e10","f32",50,3,1,1,1.3395229055202e-06,13.5231970480555
"b10 c6 e10 f53",1,"b10","c6","e10","f53",50,3,1,2,2.6790458110404e-06,12.8300498674956
"b10 c6 e10 f54",1,"b10","c6","e10","f54",50,3,1,2,2.6790458110404e-06,12.8300498674956
"b10 c6 e10 g1",1,"b10","c6","e10","g1",50,3,1,97,0.000129933721835459,8.94848606955216
"b10 c6 e10 g9",1,"b10","c6","e10","g9",50,3,1,3,4.0185687165606e-06,12.4245847593874
"b10 c6 e26 f31",1,"b10","c6","e26","f31",50,3,1,1,1.3395229055202e-06,13.5231970480555
"b10 c6 e26 f32",1,"b10","c6","e26","f32",50,3,1,1,1.3395229055202e-06,13.5231970480555
"b10 c6 e26 f53",1,"b10","c6","e26","f53",50,3,1,2,2.6790458110404e-06,12.8300498674956
"b10 c6 e26 f54",1,"b10","c6","e26","f54",50,3,1,2,2.6790458110404e-06,12.8300498674956
"b10 c6 e26 g1",1,"b10","c6","e26","g1",50,3,1,97,0.000129933721835459,8.94848606955216
"b10 c6 e26 g9",1,"b10","c6","e26","g9",50,3,1,3,4.0185687165606e-06,12.4245847593874
"b10 c6 f31 f32",1,"b10","c6","f31","f32",50,3,1,1,1.3395229055202e-06,13.5231970480555
"b10 c6 f31 f53",1,"b10","c6","f31","f53",50,3,1,2,2.6790458110404e-06,12.8300498674956
"b10 c6 f31 f54",1,"b10","c6","f31","f54",50,3,1,2,2.6790458110404e-06,12.8300498674956
"b10 c6 f31 g1",1,"b10","c6","f31","g1",50,3,1,97,0.000129933721835459,8.94848606955216
"b10 c6 f31 g9",1,"b10","c6","f31","g9",50,3,1,3,4.0185687165606e-06,12.4245847593874
"b10 c6 f32 f53",1,"b10","c6","f32","f53",50,3,1,2,2.6790458110404e-06,12.8300498674956
"b10 c6 f32 f54",1,"b10","c6","f32","f54",50,3,1,2,2.6790458110404e-06,12.8300498674956
"b10 c6 f32 g1",1,"b10","c6","f32","g1",50,3,1,97,0.000129933721835459,8.94848606955216
"b10 c6 f32 g9",1,"b10","c6","f32","g9",50,3,1,3,4.0185687165606e-06,12.4245847593874
"b10 c6 f53 f54",1,"b10","c6","f53","f54",50,3,2,2,5.3580916220808e-06,12.1369026869357
"b10 c6 f53 g1",1,"b10","c6","f53","g1",50,3,2,97,0.000259867443670919,8.25533888899222
"b10 c6 f53 g9",1,"b10","c6","f53","g9",50,3,2,3,8.03713743312119e-06,11.7314375788275
"b10 c6 f54 g1",1,"b10","c6","f54","g1",50,3,2,97,0.000259867443670919,8.25533888899222
"b10 c6 f54 g9",1,"b10","c6","f54","g9",50,3,2,3,8.03713743312119e-06,11.7314375788275
"b10 c6 g1 g9",1,"b10","c6","g1","g9",50,3,97,3,0.000389801165506378,7.84987378088405
"b10 c9 d3 d22",1,"b10","c9","d3","d22",50,3,8,5,5.3580916220808e-05,9.83431759394161
"b10 c9 d3 e8",1,"b10","c9","d3","e8",50,3,8,2,2.14323664883232e-05,10.7506083258158
"b10 c9 d3 e10",1,"b10","c9","d3","e10",50,3,8,1,1.07161832441616e-05,11.4437555063757
"b10 c9 d3 e26",1,"b10","c9","d3","e26",50,3,8,1,1.07161832441616e-05,11.4437555063757
"b10 c9 d3 f31",1,"b10","c9","d3","f31",50,3,8,1,1.07161832441616e-05,11.4437555063757
"b10 c9 d3 f32",1,"b10","c9","d3","f32",50,3,8,1,1.07161832441616e-05,11.4437555063757
"b10 c9 d3 f53",1,"b10","c9","d3","f53",50,3,8,2,2.14323664883232e-05,10.7506083258158
"b10 c9 d3 f54",1,"b10","c9","d3","f54",50,3,8,2,2.14323664883232e-05,10.7506083258158
"b10 c9 d3 g1",1,"b10","c9","d3","g1",50,3,8,97,0.00103946977468367,6.86904452787233
"b10 c9 d3 g9",1,"b10","c9","d3","g9",50,3,8,3,3.21485497324848e-05,10.3451432177076
"b10 c9 d22 e8",1,"b10","c9","d22","e8",50,3,5,2,1.3395229055202e-05,11.2206119550615
"b10 c9 d22 e10",1,"b10","c9","d22","e10",50,3,5,1,6.69761452760099e-06,11.9137591356214
"b10 c9 d22 e26",1,"b10","c9","d22","e26",50,3,5,1,6.69761452760099e-06,11.9137591356214
"b10 c9 d22 f31",1,"b10","c9","d22","f31",50,3,5,1,6.69761452760099e-06,11.9137591356214
"b10 c9 d22 f32",1,"b10","c9","d22","f32",50,3,5,1,6.69761452760099e-06,11.9137591356214
"b10 c9 d22 f53",1,"b10","c9","d22","f53",50,3,5,2,1.3395229055202e-05,11.2206119550615
"b10 c9 d22 f54",1,"b10","c9","d22","f54",50,3,5,2,1.3395229055202e-05,11.2206119550615
"b10 c9 d22 g1",1,"b10","c9","d22","g1",50,3,5,97,0.000649668609177296,7.33904815711806
"b10 c9 d22 g9",1,"b10","c9","d22","g9",50,3,5,3,2.0092843582803e-05,10.8151468469533
"b10 c9 e8 e10",1,"b10","c9","e8","e10",50,3,2,1,2.6790458110404e-06,12.8300498674956
"b10 c9 e8 e26",1,"b10","c9","e8","e26",50,3,2,1,2.6790458110404e-06,12.8300498674956
"b10 c9 e8 f31",1,"b10","c9","e8","f31",50,3,2,1,2.6790458110404e-06,12.8300498674956
"b10 c9 e8 f32",1,"b10","c9","e8","f32",50,3,2,1,2.6790458110404e-06,12.8300498674956
"b10 c9 e8 f53",1,"b10","c9","e8","f53",50,3,2,2,5.3580916220808e-06,12.1369026869357
"b10 c9 e8 f54",1,"b10","c9","e8","f54",50,3,2,2,5.3580916220808e-06,12.1369026869357
"b10 c9 e8 g1",1,"b10","c9","e8","g1",50,3,2,97,0.000259867443670919,8.25533888899222
"b10 c9 e8 g9",1,"b10","c9","e8","g9",50,3,2,3,8.03713743312119e-06,11.7314375788275
"b10 c9 e10 e26",1,"b10","c9","e10","e26",50,3,1,1,1.3395229055202e-06,13.5231970480555
"b10 c9 e10 f31",1,"b10","c9","e10","f31",50,3,1,1,1.3395229055202e-06,13.5231970480555
"b10 c9 e10 f32",1,"b10","c9","e10","f32",50,3,1,1,1.3395229055202e-06,13.5231970480555
"b10 c9 e10 f53",1,"b10","c9","e10","f53",50,3,1,2,2.6790458110404e-06,12.8300498674956
"b10 c9 e10 f54",1,"b10","c9","e10","f54",50,3,1,2,2.6790458110404e-06,12.8300498674956
"b10 c9 e10 g1",1,"b10","c9","e10","g1",50,3,1,97,0.000129933721835459,8.94848606955216
"b10 c9 e10 g9",1,"b10","c9","e10","g9",50,3,1,3,4.0185687165606e-06,12.4245847593874
"b10 c9 e26 f31",1,"b10","c9","e26","f31",50,3,1,1,1.3395229055202e-06,13.5231970480555
"b10 c9 e26 f32",1,"b10","c9","e26","f32",50,3,1,1,1.3395229055202e-06,13.5231970480555
"b10 c9 e26 f53",1,"b10","c9","e26","f53",50,3,1,2,2.6790458110404e-06,12.8300498674956
"b10 c9 e26 f54",1,"b10","c9","e26","f54",50,3,1,2,2.6790458110404e-06,12.8300498674956
"b10 c9 e26 g1",1,"b10","c9","e26","g1",50,3,1,97,0.000129933721835459,8.94848606955216
"b10 c9 e26 g9",1,"b10","c9","e26","g9",50,3,1,3,4.0185687165606e-06,12.4245847593874
"b10 c9 f31 f32",1,"b10","c9","f31","f32",50,3,1,1,1.3395229055202e-06,13.5231970480555
"b10 c9 f31 f53",1,"b10","c9","f31","f53",50,3,1,2,2.6790458110404e-06,12.8300498674956
"b10 c9 f31 f54",1,"b10","c9","f31","f54",50,3,1,2,2.6790458110404e-06,12.8300498674956
"b10 c9 f31 g1",1,"b10","c9","f31","g1",50,3,1,97,0.000129933721835459,8.94848606955216
"b10 c9 f31 g9",1,"b10","c9","f31","g9",50,3,1,3,4.0185687165606e-06,12.4245847593874
"b10 c9 f32 f53",1,"b10","c9","f32","f53",50,3,1,2,2.6790458110404e-06,12.8300498674956
"b10 c9 f32 f54",1,"b10","c9","f32","f54",50,3,1,2,2.6790458110404e-06,12.8300498674956
"b10 c9 f32 g1",1,"b10","c9","f32","g1",50,3,1,97,0.000129933721835459,8.94848606955216
"b10 c9 f32 g9",1,"b10","c9","f32","g9",50,3,1,3,4.0185687165606e-06,12.4245847593874
"b10 c9 f53 f54",1,"b10","c9","f53","f54",50,3,2,2,5.3580916220808e-06,12.1369026869357
"b10 c9 f53 g1",1,"b10","c9","f53","g1",50,3,2,97,0.000259867443670919,8.25533888899222
"b10 c9 f53 g9",1,"b10","c9","f53","g9",50,3,2,3,8.03713743312119e-06,11.7314375788275
"b10 c9 f54 g1",1,"b10","c9","f54","g1",50,3,2,97,0.000259867443670919,8.25533888899222
"b10 c9 f54 g9",1,"b10","c9","f54","g9",50,3,2,3,8.03713743312119e-06,11.7314375788275
"b10 c9 g1 g9",1,"b10","c9","g1","g9",50,3,97,3,0.000389801165506378,7.84987378088405
"b10 d3 d22 e8",1,"b10","d3","d22","e8",50,8,5,2,3.5720610813872e-05,10.2397827020498
"b10 d3 d22 e10",1,"b10","d3","d22","e10",50,8,5,1,1.7860305406936e-05,10.9329298826097
"b10 d3 d22 e26",1,"b10","d3","d22","e26",50,8,5,1,1.7860305406936e-05,10.9329298826097
"b10 d3 d22 f31",1,"b10","d3","d22","f31",50,8,5,1,1.7860305406936e-05,10.9329298826097
"b10 d3 d22 f32",1,"b10","d3","d22","f32",50,8,5,1,1.7860305406936e-05,10.9329298826097
"b10 d3 d22 f53",1,"b10","d3","d22","f53",50,8,5,2,3.5720610813872e-05,10.2397827020498
"b10 d3 d22 f54",1,"b10","d3","d22","f54",50,8,5,2,3.5720610813872e-05,10.2397827020498
"b10 d3 d22 g1",1,"b10","d3","d22","g1",50,8,5,97,0.00173244962447279,6.35821890410634
"b10 d3 d22 g9",1,"b10","d3","d22","g9",50,8,5,3,5.3580916220808e-05,9.83431759394161
"b10 d3 e8 e10",1,"b10","d3","e8","e10",50,8,2,1,7.1441221627744e-06,11.8492206144839
"b10 d3 e8 e26",1,"b10","d3","e8","e26",50,8,2,1,7.1441221627744e-06,11.8492206144839
"b10 d3 e8 f31",1,"b10","d3","e8","f31",50,8,2,1,7.1441221627744e-06,11.8492206144839
"b10 d3 e8 f32",1,"b10","d3","e8","f32",50,8,2,1,7.1441221627744e-06,11.8492206144839
"b10 d3 e8 f53",1,"b10","d3","e8","f53",50,8,2,2,1.42882443255488e-05,11.1560734339239
"b10 d3 e8 f54",1,"b10","d3","e8","f54",50,8,2,2,1.42882443255488e-05,11.1560734339239
"b10 d3 e8 g1",1,"b10","d3","e8","g1",50,8,2,97,0.000692979849789116,7.27450963598049
"b10 d3 e8 g9",1,"b10","d3","e8","g9",50,8,2,3,2.14323664883232e-05,10.7506083258158
"b10 d3 e10 e26",1,"b10","d3","e10","e26",50,8,1,1,3.5720610813872e-06,12.5423677950438
"b10 d3 e10 f31",1,"b10","d3","e10","f31",50,8,1,1,3.5720610813872e-06,12.5423677950438
"b10 d3 e10 f32",1,"b10","d3","e10","f32",50,8,1,1,3.5720610813872e-06,12.5423677950438
"b10 d3 e10 f53",1,"b10","d3","e10","f53",50,8,1,2,7.1441221627744e-06,11.8492206144839
"b10 d3 e10 f54",1,"b10","d3","e10","f54",50,8,1,2,7.1441221627744e-06,11.8492206144839
"b10 d3 e10 g1",1,"b10","d3","e10","g1",50,8,1,97,0.000346489924894558,7.96765681654044
"b10 d3 e10 g9",1,"b10","d3","e10","g9",50,8,1,3,1.07161832441616e-05,11.4437555063757
"b10 d3 e26 f31",1,"b10","d3","e26","f31",50,8,1,1,3.5720610813872e-06,12.5423677950438
"b10 d3 e26 f32",1,"b10","d3","e26","f32",50,8,1,1,3.5720610813872e-06,12.5423677950438
"b10 d3 e26 f53",1,"b10","d3","e26","f53",50,8,1,2,7.1441221627744e-06,11.8492206144839
"b10 d3 e26 f54",1,"b10","d3","e26","f54",50,8,1,2,7.1441221627744e-06,11.8492206144839
"b10 d3 e26 g1",1,"b10","d3","e26","g1",50,8,1,97,0.000346489924894558,7.96765681654044
"b10 d3 e26 g9",1,"b10","d3","e26","g9",50,8,1,3,1.07161832441616e-05,11.4437555063757
"b10 d3 f31 f32",1,"b10","d3","f31","f32",50,8,1,1,3.5720610813872e-06,12.5423677950438
"b10 d3 f31 f53",1,"b10","d3","f31","f53",50,8,1,2,7.1441221627744e-06,11.8492206144839
"b10 d3 f31 f54",1,"b10","d3","f31","f54",50,8,1,2,7.1441221627744e-06,11.8492206144839
"b10 d3 f31 g1",1,"b10","d3","f31","g1",50,8,1,97,0.000346489924894558,7.96765681654044
"b10 d3 f31 g9",1,"b10","d3","f31","g9",50,8,1,3,1.07161832441616e-05,11.4437555063757
"b10 d3 f32 f53",1,"b10","d3","f32","f53",50,8,1,2,7.1441221627744e-06,11.8492206144839
"b10 d3 f32 f54",1,"b10","d3","f32","f54",50,8,1,2,7.1441221627744e-06,11.8492206144839
"b10 d3 f32 g1",1,"b10","d3","f32","g1",50,8,1,97,0.000346489924894558,7.96765681654044
"b10 d3 f32 g9",1,"b10","d3","f32","g9",50,8,1,3,1.07161832441616e-05,11.4437555063757
"b10 d3 f53 f54",1,"b10","d3","f53","f54",50,8,2,2,1.42882443255488e-05,11.1560734339239
"b10 d3 f53 g1",1,"b10","d3","f53","g1",50,8,2,97,0.000692979849789116,7.27450963598049
"b10 d3 f53 g9",1,"b10","d3","f53","g9",50,8,2,3,2.14323664883232e-05,10.7506083258158
"b10 d3 f54 g1",1,"b10","d3","f54","g1",50,8,2,97,0.000692979849789116,7.27450963598049
"b10 d3 f54 g9",1,"b10","d3","f54","g9",50,8,2,3,2.14323664883232e-05,10.7506083258158
"b10 d3 g1 g9",1,"b10","d3","g1","g9",50,8,97,3,0.00103946977468367,6.86904452787233
"b10 d22 e8 e10",1,"b10","d22","e8","e10",50,5,2,1,4.465076351734e-06,12.3192242437296
"b10 d22 e8 e26",1,"b10","d22","e8","e26",50,5,2,1,4.465076351734e-06,12.3192242437296
"b10 d22 e8 f31",1,"b10","d22","e8","f31",50,5,2,1,4.465076351734e-06,12.3192242437296
"b10 d22 e8 f32",1,"b10","d22","e8","f32",50,5,2,1,4.465076351734e-06,12.3192242437296
"b10 d22 e8 f53",1,"b10","d22","e8","f53",50,5,2,2,8.93015270346799e-06,11.6260770631697
"b10 d22 e8 f54",1,"b10","d22","e8","f54",50,5,2,2,8.93015270346799e-06,11.6260770631697
"b10 d22 e8 g1",1,"b10","d22","e8","g1",50,5,2,97,0.000433112406118198,7.74451326522623
"b10 d22 e8 g9",1,"b10","d22","e8","g9",50,5,2,3,1.3395229055202e-05,11.2206119550615
"b10 d22 e10 e26",1,"b10","d22","e10","e26",50,5,1,1,2.232538175867e-06,13.0123714242896
"b10 d22 e10 f31",1,"b10","d22","e10","f31",50,5,1,1,2.232538175867e-06,13.0123714242896
"b10 d22 e10 f32",1,"b10","d22","e10","f32",50,5,1,1,2.232538175867e-06,13.0123714242896
"b10 d22 e10 f53",1,"b10","d22","e10","f53",50,5,1,2,4.465076351734e-06,12.3192242437296
"b10 d22 e10 f54",1,"b10","d22","e10","f54",50,5,1,2,4.465076351734e-06,12.3192242437296
"b10 d22 e10 g1",1,"b10","d22","e10","g1",50,5,1,97,0.000216556203059099,8.43766044578617
"b10 d22 e10 g9",1,"b10","d22","e10","g9",50,5,1,3,6.69761452760099e-06,11.9137591356214
"b10 d22 e26 f31",1,"b10","d22","e26","f31",50,5,1,1,2.232538175867e-06,13.0123714242896
"b10 d22 e26 f32",1,"b10","d22","e26","f32",50,5,1,1,2.232538175867e-06,13.0123714242896
"b10 d22 e26 f53",1,"b10","d22","e26","f53",50,5,1,2,4.465076351734e-06,12.3192242437296
"b10 d22 e26 f54",1,"b10","d22","e26","f54",50,5,1,2,4.465076351734e-06,12.3192242437296
"b10 d22 e26 g1",1,"b10","d22","e26","g1",50,5,1,97,0.000216556203059099,8.43766044578617
"b10 d22 e26 g9",1,"b10","d22","e26","g9",50,5,1,3,6.69761452760099e-06,11.9137591356214
"b10 d22 f31 f32",1,"b10","d22","f31","f32",50,5,1,1,2.232538175867e-06,13.0123714242896
"b10 d22 f31 f53",1,"b10","d22","f31","f53",50,5,1,2,4.465076351734e-06,12.3192242437296
"b10 d22 f31 f54",1,"b10","d22","f31","f54",50,5,1,2,4.465076351734e-06,12.3192242437296
"b10 d22 f31 g1",1,"b10","d22","f31","g1",50,5,1,97,0.000216556203059099,8.43766044578617
"b10 d22 f31 g9",1,"b10","d22","f31","g9",50,5,1,3,6.69761452760099e-06,11.9137591356214
"b10 d22 f32 f53",1,"b10","d22","f32","f53",50,5,1,2,4.465076351734e-06,12.3192242437296
"b10 d22 f32 f54",1,"b10","d22","f32","f54",50,5,1,2,4.465076351734e-06,12.3192242437296
"b10 d22 f32 g1",1,"b10","d22","f32","g1",50,5,1,97,0.000216556203059099,8.43766044578617
"b10 d22 f32 g9",1,"b10","d22","f32","g9",50,5,1,3,6.69761452760099e-06,11.9137591356214
"b10 d22 f53 f54",1,"b10","d22","f53","f54",50,5,2,2,8.93015270346799e-06,11.6260770631697
"b10 d22 f53 g1",1,"b10","d22","f53","g1",50,5,2,97,0.000433112406118198,7.74451326522623
"b10 d22 f53 g9",1,"b10","d22","f53","g9",50,5,2,3,1.3395229055202e-05,11.2206119550615
"b10 d22 f54 g1",1,"b10","d22","f54","g1",50,5,2,97,0.000433112406118198,7.74451326522623
"b10 d22 f54 g9",1,"b10","d22","f54","g9",50,5,2,3,1.3395229055202e-05,11.2206119550615
"b10 d22 g1 g9",1,"b10","d22","g1","g9",50,5,97,3,0.000649668609177296,7.33904815711806
"b10 e8 e10 e26",1,"b10","e8","e10","e26",50,2,1,1,8.93015270346799e-07,13.9286621561637
"b10 e8 e10 f31",1,"b10","e8","e10","f31",50,2,1,1,8.93015270346799e-07,13.9286621561637
"b10 e8 e10 f32",1,"b10","e8","e10","f32",50,2,1,1,8.93015270346799e-07,13.9286621561637
"b10 e8 e10 f53",1,"b10","e8","e10","f53",50,2,1,2,1.7860305406936e-06,13.2355149756038
"b10 e8 e10 f54",1,"b10","e8","e10","f54",50,2,1,2,1.7860305406936e-06,13.2355149756038
"b10 e8 e10 g1",1,"b10","e8","e10","g1",50,2,1,97,8.66224812236395e-05,9.35395117766033
"b10 e8 e10 g9",1,"b10","e8","e10","g9",50,2,1,3,2.6790458110404e-06,12.8300498674956
"b10 e8 e26 f31",1,"b10","e8","e26","f31",50,2,1,1,8.93015270346799e-07,13.9286621561637
"b10 e8 e26 f32",1,"b10","e8","e26","f32",50,2,1,1,8.93015270346799e-07,13.9286621561637
"b10 e8 e26 f53",1,"b10","e8","e26","f53",50,2,1,2,1.7860305406936e-06,13.2355149756038
"b10 e8 e26 f54",1,"b10","e8","e26","f54",50,2,1,2,1.7860305406936e-06,13.2355149756038
"b10 e8 e26 g1",1,"b10","e8","e26","g1",50,2,1,97,8.66224812236395e-05,9.35395117766033
"b10 e8 e26 g9",1,"b10","e8","e26","g9",50,2,1,3,2.6790458110404e-06,12.8300498674956
"b10 e8 f31 f32",1,"b10","e8","f31","f32",50,2,1,1,8.93015270346799e-07,13.9286621561637
"b10 e8 f31 f53",1,"b10","e8","f31","f53",50,2,1,2,1.7860305406936e-06,13.2355149756038
"b10 e8 f31 f54",1,"b10","e8","f31","f54",50,2,1,2,1.7860305406936e-06,13.2355149756038
"b10 e8 f31 g1",1,"b10","e8","f31","g1",50,2,1,97,8.66224812236395e-05,9.35395117766033
"b10 e8 f31 g9",1,"b10","e8","f31","g9",50,2,1,3,2.6790458110404e-06,12.8300498674956
"b10 e8 f32 f53",1,"b10","e8","f32","f53",50,2,1,2,1.7860305406936e-06,13.2355149756038
"b10 e8 f32 f54",1,"b10","e8","f32","f54",50,2,1,2,1.7860305406936e-06,13.2355149756038
"b10 e8 f32 g1",1,"b10","e8","f32","g1",50,2,1,97,8.66224812236395e-05,9.35395117766033
"b10 e8 f32 g9",1,"b10","e8","f32","g9",50,2,1,3,2.6790458110404e-06,12.8300498674956
"b10 e8 f53 f54",1,"b10","e8","f53","f54",50,2,2,2,3.5720610813872e-06,12.5423677950438
"b10 e8 f53 g1",1,"b10","e8","f53","g1",50,2,2,97,0.000173244962447279,8.66080399710038
"b10 e8 f53 g9",1,"b10","e8","f53","g9",50,2,2,3,5.3580916220808e-06,12.1369026869357
"b10 e8 f54 g1",1,"b10","e8","f54","g1",50,2,2,97,0.000173244962447279,8.66080399710038
"b10 e8 f54 g9",1,"b10","e8","f54","g9",50,2,2,3,5.3580916220808e-06,12.1369026869357
"b10 e8 g1 g9",1,"b10","e8","g1","g9",50,2,97,3,0.000259867443670919,8.25533888899222
"b10 e10 e26 f31",1,"b10","e10","e26","f31",50,1,1,1,4.465076351734e-07,14.6218093367237
"b10 e10 e26 f32",1,"b10","e10","e26","f32",50,1,1,1,4.465076351734e-07,14.6218093367237
"b10 e10 e26 f53",1,"b10","e10","e26","f53",50,1,1,2,8.93015270346799e-07,13.9286621561637
"b10 e10 e26 f54",1,"b10","e10","e26","f54",50,1,1,2,8.93015270346799e-07,13.9286621561637
"b10 e10 e26 g1",1,"b10","e10","e26","g1",50,1,1,97,4.33112406118198e-05,10.0470983582203
"b10 e10 e26 g9",1,"b10","e10","e26","g9",50,1,1,3,1.3395229055202e-06,13.5231970480555
"b10 e10 f31 f32",1,"b10","e10","f31","f32",50,1,1,1,4.465076351734e-07,14.6218093367237
"b10 e10 f31 f53",1,"b10","e10","f31","f53",50,1,1,2,8.93015270346799e-07,13.9286621561637
"b10 e10 f31 f54",1,"b10","e10","f31","f54",50,1,1,2,8.93015270346799e-07,13.9286621561637
"b10 e10 f31 g1",1,"b10","e10","f31","g1",50,1,1,97,4.33112406118198e-05,10.0470983582203
"b10 e10 f31 g9",1,"b10","e10","f31","g9",50,1,1,3,1.3395229055202e-06,13.5231970480555
"b10 e10 f32 f53",1,"b10","e10","f32","f53",50,1,1,2,8.93015270346799e-07,13.9286621561637
"b10 e10 f32 f54",1,"b10","e10","f32","f54",50,1,1,2,8.93015270346799e-07,13.9286621561637
"b10 e10 f32 g1",1,"b10","e10","f32","g1",50,1,1,97,4.33112406118198e-05,10.0470983582203
"b10 e10 f32 g9",1,"b10","e10","f32","g9",50,1,1,3,1.3395229055202e-06,13.5231970480555
"b10 e10 f53 f54",1,"b10","e10","f53","f54",50,1,2,2,1.7860305406936e-06,13.2355149756038
"b10 e10 f53 g1",1,"b10","e10","f53","g1",50,1,2,97,8.66224812236395e-05,9.35395117766033
"b10 e10 f53 g9",1,"b10","e10","f53","g9",50,1,2,3,2.6790458110404e-06,12.8300498674956
"b10 e10 f54 g1",1,"b10","e10","f54","g1",50,1,2,97,8.66224812236395e-05,9.35395117766033
"b10 e10 f54 g9",1,"b10","e10","f54","g9",50,1,2,3,2.6790458110404e-06,12.8300498674956
"b10 e10 g1 g9",1,"b10","e10","g1","g9",50,1,97,3,0.000129933721835459,8.94848606955216
"b10 e26 f31 f32",1,"b10","e26","f31","f32",50,1,1,1,4.465076351734e-07,14.6218093367237
"b10 e26 f31 f53",1,"b10","e26","f31","f53",50,1,1,2,8.93015270346799e-07,13.9286621561637
"b10 e26 f31 f54",1,"b10","e26","f31","f54",50,1,1,2,8.93015270346799e-07,13.9286621561637
"b10 e26 f31 g1",1,"b10","e26","f31","g1",50,1,1,97,4.33112406118198e-05,10.0470983582203
"b10 e26 f31 g9",1,"b10","e26","f31","g9",50,1,1,3,1.3395229055202e-06,13.5231970480555
"b10 e26 f32 f53",1,"b10","e26","f32","f53",50,1,1,2,8.93015270346799e-07,13.9286621561637
"b10 e26 f32 f54",1,"b10","e26","f32","f54",50,1,1,2,8.93015270346799e-07,13.9286621561637
"b10 e26 f32 g1",1,"b10","e26","f32","g1",50,1,1,97,4.33112406118198e-05,10.0470983582203
"b10 e26 f32 g9",1,"b10","e26","f32","g9",50,1,1,3,1.3395229055202e-06,13.5231970480555
"b10 e26 f53 f54",1,"b10","e26","f53","f54",50,1,2,2,1.7860305406936e-06,13.2355149756038
"b10 e26 f53 g1",1,"b10","e26","f53","g1",50,1,2,97,8.66224812236395e-05,9.35395117766033
"b10 e26 f53 g9",1,"b10","e26","f53","g9",50,1,2,3,2.6790458110404e-06,12.8300498674956
"b10 e26 f54 g1",1,"b10","e26","f54","g1",50,1,2,97,8.66224812236395e-05,9.35395117766033
"b10 e26 f54 g9",1,"b10","e26","f54","g9",50,1,2,3,2.6790458110404e-06,12.8300498674956
"b10 e26 g1 g9",1,"b10","e26","g1","g9",50,1,97,3,0.000129933721835459,8.94848606955216
"b10 f31 f32 f53",1,"b10","f31","f32","f53",50,1,1,2,8.93015270346799e-07,13.9286621561637
"b10 f31 f32 f54",1,"b10","f31","f32","f54",50,1,1,2,8.93015270346799e-07,13.9286621561637
"b10 f31 f32 g1",1,"b10","f31","f32","g1",50,1,1,97,4.33112406118198e-05,10.0470983582203
"b10 f31 f32 g9",1,"b10","f31","f32","g9",50,1,1,3,1.3395229055202e-06,13.5231970480555
"b10 f31 f53 f54",1,"b10","f31","f53","f54",50,1,2,2,1.7860305406936e-06,13.2355149756038
"b10 f31 f53 g1",1,"b10","f31","f53","g1",50,1,2,97,8.66224812236395e-05,9.35395117766033
"b10 f31 f53 g9",1,"b10","f31","f53","g9",50,1,2,3,2.6790458110404e-06,12.8300498674956
"b10 f31 f54 g1",1,"b10","f31","f54","g1",50,1,2,97,8.66224812236395e-05,9.35395117766033
"b10 f31 f54 g9",1,"b10","f31","f54","g9",50,1,2,3,2.6790458110404e-06,12.8300498674956
"b10 f31 g1 g9",1,"b10","f31","g1","g9",50,1,97,3,0.000129933721835459,8.94848606955216
"b10 f32 f53 f54",1,"b10","f32","f53","f54",50,1,2,2,1.7860305406936e-06,13.2355149756038
"b10 f32 f53 g1",1,"b10","f32","f53","g1",50,1,2,97,8.66224812236395e-05,9.35395117766033
"b10 f32 f53 g9",1,"b10","f32","f53","g9",50,1,2,3,2.6790458110404e-06,12.8300498674956
"b10 f32 f54 g1",1,"b10","f32","f54","g1",50,1,2,97,8.66224812236395e-05,9.35395117766033
"b10 f32 f54 g9",1,"b10","f32","f54","g9",50,1,2,3,2.6790458110404e-06,12.8300498674956
"b10 f32 g1 g9",1,"b10","f32","g1","g9",50,1,97,3,0.000129933721835459,8.94848606955216
"b10 f53 f54 g1",1,"b10","f53","f54","g1",50,2,2,97,0.000173244962447279,8.66080399710038
"b10 f53 f54 g9",1,"b10","f53","f54","g9",50,2,2,3,5.3580916220808e-06,12.1369026869357
"b10 f53 g1 g9",1,"b10","f53","g1","g9",50,2,97,3,0.000259867443670919,8.25533888899222
"b10 f54 g1 g9",1,"b10","f54","g1","g9",50,2,97,3,0.000259867443670919,8.25533888899222
"c6 c9 d3 d22",1,"c6","c9","d3","d22",3,3,8,5,3.21485497324848e-06,12.6477283107016
"c6 c9 d3 e8",1,"c6","c9","d3","e8",3,3,8,2,1.28594198929939e-06,13.5640190425758
"c6 c9 d3 e10",1,"c6","c9","d3","e10",3,3,8,1,6.42970994649695e-07,14.2571662231357
"c6 c9 d3 e26",1,"c6","c9","d3","e26",3,3,8,1,6.42970994649695e-07,14.2571662231357
"c6 c9 d3 f31",1,"c6","c9","d3","f31",3,3,8,1,6.42970994649695e-07,14.2571662231357
"c6 c9 d3 f32",1,"c6","c9","d3","f32",3,3,8,1,6.42970994649695e-07,14.2571662231357
"c6 c9 d3 f53",1,"c6","c9","d3","f53",3,3,8,2,1.28594198929939e-06,13.5640190425758
"c6 c9 d3 f54",1,"c6","c9","d3","f54",3,3,8,2,1.28594198929939e-06,13.5640190425758
"c6 c9 d3 g1",1,"c6","c9","d3","g1",3,3,8,97,6.23681864810205e-05,9.68245524463236
"c6 c9 d3 g9",1,"c6","c9","d3","g9",3,3,8,3,1.92891298394909e-06,13.1585539344676
"c6 c9 d22 e8",1,"c6","c9","d22","e8",3,3,5,2,8.03713743312119e-07,14.0340226718215
"c6 c9 d22 e10",1,"c6","c9","d22","e10",3,3,5,1,4.0185687165606e-07,14.7271698523815
"c6 c9 d22 e26",1,"c6","c9","d22","e26",3,3,5,1,4.0185687165606e-07,14.7271698523815
"c6 c9 d22 f31",1,"c6","c9","d22","f31",3,3,5,1,4.0185687165606e-07,14.7271698523815
"c6 c9 d22 f32",1,"c6","c9","d22","f32",3,3,5,1,4.0185687165606e-07,14.7271698523815
"c6 c9 d22 f53",1,"c6","c9","d22","f53",3,3,5,2,8.03713743312119e-07,14.0340226718215
"c6 c9 d22 f54",1,"c6","c9","d22","f54",3,3,5,2,8.03713743312119e-07,14.0340226718215
"c6 c9 d22 g1",1,"c6","c9","d22","g1",3,3,5,97,3.89801165506378e-05,10.1524588738781
"c6 c9 d22 g9",1,"c6","c9","d22","g9",3,3,5,3,1.20557061496818e-06,13.6285575637134
"c6 c9 e8 e10",1,"c6","c9","e8","e10",3,3,2,1,1.60742748662424e-07,15.6434605842556
"c6 c9 e8 e26",1,"c6","c9","e8","e26",3,3,2,1,1.60742748662424e-07,15.6434605842556
"c6 c9 e8 f31",1,"c6","c9","e8","f31",3,3,2,1,1.60742748662424e-07,15.6434605842556
"c6 c9 e8 f32",1,"c6","c9","e8","f32",3,3,2,1,1.60742748662424e-07,15.6434605842556
"c6 c9 e8 f53",1,"c6","c9","e8","f53",3,3,2,2,3.21485497324848e-07,14.9503134036957
"c6 c9 e8 f54",1,"c6","c9","e8","f54",3,3,2,2,3.21485497324848e-07,14.9503134036957
"c6 c9 e8 g1",1,"c6","c9","e8","g1",3,3,2,97,1.55920466202551e-05,11.0687496057523
"c6 c9 e8 g9",1,"c6","c9","e8","g9",3,3,2,3,4.82228245987272e-07,14.5448482955875
"c6 c9 e10 e26",1,"c6","c9","e10","e26",3,3,1,1,8.03713743312119e-08,16.3366077648156
"c6 c9 e10 f31",1,"c6","c9","e10","f31",3,3,1,1,8.03713743312119e-08,16.3366077648156
"c6 c9 e10 f32",1,"c6","c9","e10","f32",3,3,1,1,8.03713743312119e-08,16.3366077648156
"c6 c9 e10 f53",1,"c6","c9","e10","f53",3,3,1,2,1.60742748662424e-07,15.6434605842556
"c6 c9 e10 f54",1,"c6","c9","e10","f54",3,3,1,2,1.60742748662424e-07,15.6434605842556
"c6 c9 e10 g1",1,"c6","c9","e10","g1",3,3,1,97,7.79602331012756e-06,11.7618967863122
"c6 c9 e10 g9",1,"c6","c9","e10","g9",3,3,1,3,2.41114122993636e-07,15.2379954761475
"c6 c9 e26 f31",1,"c6","c9","e26","f31",3,3,1,1,8.03713743312119e-08,16.3366077648156
"c6 c9 e26 f32",1,"c6","c9","e26","f32",3,3,1,1,8.03713743312119e-08,16.3366077648156
"c6 c9 e26 f53",1,"c6","c9","e26","f53",3,3,1,2,1.60742748662424e-07,15.6434605842556
"c6 c9 e26 f54",1,"c6","c9","e26","f54",3,3,1,2,1.60742748662424e-07,15.6434605842556
"c6 c9 e26 g1",1,"c6","c9","e26","g1",3,3,1,97,7.79602331012756e-06,11.7618967863122
"c6 c9 e26 g9",1,"c6","c9","e26","g9",3,3,1,3,2.41114122993636e-07,15.2379954761475
"c6 c9 f31 f32",1,"c6","c9","f31","f32",3,3,1,1,8.03713743312119e-08,16.3366077648156
"c6 c9 f31 f53",1,"c6","c9","f31","f53",3,3,1,2,1.60742748662424e-07,15.6434605842556
"c6 c9 f31 f54",1,"c6","c9","f31","f54",3,3,1,2,1.60742748662424e-07,15.6434605842556
"c6 c9 f31 g1",1,"c6","c9","f31","g1",3,3,1,97,7.79602331012756e-06,11.7618967863122
"c6 c9 f31 g9",1,"c6","c9","f31","g9",3,3,1,3,2.41114122993636e-07,15.2379954761475
"c6 c9 f32 f53",1,"c6","c9","f32","f53",3,3,1,2,1.60742748662424e-07,15.6434605842556
"c6 c9 f32 f54",1,"c6","c9","f32","f54",3,3,1,2,1.60742748662424e-07,15.6434605842556
"c6 c9 f32 g1",1,"c6","c9","f32","g1",3,3,1,97,7.79602331012756e-06,11.7618967863122
"c6 c9 f32 g9",1,"c6","c9","f32","g9",3,3,1,3,2.41114122993636e-07,15.2379954761475
"c6 c9 f53 f54",1,"c6","c9","f53","f54",3,3,2,2,3.21485497324848e-07,14.9503134036957
"c6 c9 f53 g1",1,"c6","c9","f53","g1",3,3,2,97,1.55920466202551e-05,11.0687496057523
"c6 c9 f53 g9",1,"c6","c9","f53","g9",3,3,2,3,4.82228245987272e-07,14.5448482955875
"c6 c9 f54 g1",1,"c6","c9","f54","g1",3,3,2,97,1.55920466202551e-05,11.0687496057523
"c6 c9 f54 g9",1,"c6","c9","f54","g9",3,3,2,3,4.82228245987272e-07,14.5448482955875
"c6 c9 g1 g9",1,"c6","c9","g1","g9",3,3,97,3,2.33880699303827e-05,10.6632844976441
"c6 d3 d22 e8",1,"c6","d3","d22","e8",3,8,5,2,2.14323664883232e-06,13.0531934188098
"c6 d3 d22 e10",1,"c6","d3","d22","e10",3,8,5,1,1.07161832441616e-06,13.7463405993698
"c6 d3 d22 e26",1,"c6","d3","d22","e26",3,8,5,1,1.07161832441616e-06,13.7463405993698
"c6 d3 d22 f31",1,"c6","d3","d22","f31",3,8,5,1,1.07161832441616e-06,13.7463405993698
"c6 d3 d22 f32",1,"c6","d3","d22","f32",3,8,5,1,1.07161832441616e-06,13.7463405993698
"c6 d3 d22 f53",1,"c6","d3","d22","f53",3,8,5,2,2.14323664883232e-06,13.0531934188098
"c6 d3 d22 f54",1,"c6","d3","d22","f54",3,8,5,2,2.14323664883232e-06,13.0531934188098
"c6 d3 d22 g1",1,"c6","d3","d22","g1",3,8,5,97,0.000103946977468367,9.17162962086637
"c6 d3 d22 g9",1,"c6","d3","d22","g9",3,8,5,3,3.21485497324848e-06,12.6477283107016
"c6 d3 e8 e10",1,"c6","d3","e8","e10",3,8,2,1,4.28647329766464e-07,14.6626313312439
"c6 d3 e8 e26",1,"c6","d3","e8","e26",3,8,2,1,4.28647329766464e-07,14.6626313312439
"c6 d3 e8 f31",1,"c6","d3","e8","f31",3,8,2,1,4.28647329766464e-07,14.6626313312439
"c6 d3 e8 f32",1,"c6","d3","e8","f32",3,8,2,1,4.28647329766464e-07,14.6626313312439
"c6 d3 e8 f53",1,"c6","d3","e8","f53",3,8,2,2,8.57294659532927e-07,13.969484150684
"c6 d3 e8 f54",1,"c6","d3","e8","f54",3,8,2,2,8.57294659532927e-07,13.969484150684
"c6 d3 e8 g1",1,"c6","d3","e8","g1",3,8,2,97,4.1578790987347e-05,10.0879203527405
"c6 d3 e8 g9",1,"c6","d3","e8","g9",3,8,2,3,1.28594198929939e-06,13.5640190425758
"c6 d3 e10 e26",1,"c6","d3","e10","e26",3,8,1,1,2.14323664883232e-07,15.3557785118039
"c6 d3 e10 f31",1,"c6","d3","e10","f31",3,8,1,1,2.14323664883232e-07,15.3557785118039
"c6 d3 e10 f32",1,"c6","d3","e10","f32",3,8,1,1,2.14323664883232e-07,15.3557785118039
"c6 d3 e10 f53",1,"c6","d3","e10","f53",3,8,1,2,4.28647329766464e-07,14.6626313312439
"c6 d3 e10 f54",1,"c6","d3","e10","f54",3,8,1,2,4.28647329766464e-07,14.6626313312439
"c6 d3 e10 g1",1,"c6","d3","e10","g1",3,8,1,97,2.07893954936735e-05,10.7810675333005
"c6 d3 e10 g9",1,"c6","d3","e10","g9",3,8,1,3,6.42970994649695e-07,14.2571662231357
"c6 d3 e26 f31",1,"c6","d3","e26","f31",3,8,1,1,2.14323664883232e-07,15.3557785118039
"c6 d3 e26 f32",1,"c6","d3","e26","f32",3,8,1,1,2.14323664883232e-07,15.3557785118039
"c6 d3 e26 f53",1,"c6","d3","e26","f53",3,8,1,2,4.28647329766464e-07,14.6626313312439
"c6 d3 e26 f54",1,"c6","d3","e26","f54",3,8,1,2,4.28647329766464e-07,14.6626313312439
"c6 d3 e26 g1",1,"c6","d3","e26","g1",3,8,1,97,2.07893954936735e-05,10.7810675333005
"c6 d3 e26 g9",1,"c6","d3","e26","g9",3,8,1,3,6.42970994649695e-07,14.2571662231357
"c6 d3 f31 f32",1,"c6","d3","f31","f32",3,8,1,1,2.14323664883232e-07,15.3557785118039
"c6 d3 f31 f53",1,"c6","d3","f31","f53",3,8,1,2,4.28647329766464e-07,14.6626313312439
"c6 d3 f31 f54",1,"c6","d3","f31","f54",3,8,1,2,4.28647329766464e-07,14.6626313312439
"c6 d3 f31 g1",1,"c6","d3","f31","g1",3,8,1,97,2.07893954936735e-05,10.7810675333005
"c6 d3 f31 g9",1,"c6","d3","f31","g9",3,8,1,3,6.42970994649695e-07,14.2571662231357
"c6 d3 f32 f53",1,"c6","d3","f32","f53",3,8,1,2,4.28647329766464e-07,14.6626313312439
"c6 d3 f32 f54",1,"c6","d3","f32","f54",3,8,1,2,4.28647329766464e-07,14.6626313312439
"c6 d3 f32 g1",1,"c6","d3","f32","g1",3,8,1,97,2.07893954936735e-05,10.7810675333005
"c6 d3 f32 g9",1,"c6","d3","f32","g9",3,8,1,3,6.42970994649695e-07,14.2571662231357
"c6 d3 f53 f54",1,"c6","d3","f53","f54",3,8,2,2,8.57294659532927e-07,13.969484150684
"c6 d3 f53 g1",1,"c6","d3","f53","g1",3,8,2,97,4.1578790987347e-05,10.0879203527405
"c6 d3 f53 g9",1,"c6","d3","f53","g9",3,8,2,3,1.28594198929939e-06,13.5640190425758
"c6 d3 f54 g1",1,"c6","d3","f54","g1",3,8,2,97,4.1578790987347e-05,10.0879203527405
"c6 d3 f54 g9",1,"c6","d3","f54","g9",3,8,2,3,1.28594198929939e-06,13.5640190425758
"c6 d3 g1 g9",1,"c6","d3","g1","g9",3,8,97,3,6.23681864810205e-05,9.68245524463236
"c6 d22 e8 e10",1,"c6","d22","e8","e10",3,5,2,1,2.6790458110404e-07,15.1326349604896
"c6 d22 e8 e26",1,"c6","d22","e8","e26",3,5,2,1,2.6790458110404e-07,15.1326349604896
"c6 d22 e8 f31",1,"c6","d22","e8","f31",3,5,2,1,2.6790458110404e-07,15.1326349604896
"c6 d22 e8 f32",1,"c6","d22","e8","f32",3,5,2,1,2.6790458110404e-07,15.1326349604896
"c6 d22 e8 f53",1,"c6","d22","e8","f53",3,5,2,2,5.35809162208079e-07,14.4394877799297
"c6 d22 e8 f54",1,"c6","d22","e8","f54",3,5,2,2,5.35809162208079e-07,14.4394877799297
"c6 d22 e8 g1",1,"c6","d22","e8","g1",3,5,2,97,2.59867443670919e-05,10.5579239819863
"c6 d22 e8 g9",1,"c6","d22","e8","g9",3,5,2,3,8.03713743312119e-07,14.0340226718215
"c6 d22 e10 e26",1,"c6","d22","e10","e26",3,5,1,1,1.3395229055202e-07,15.8257821410496
"c6 d22 e10 f31",1,"c6","d22","e10","f31",3,5,1,1,1.3395229055202e-07,15.8257821410496
"c6 d22 e10 f32",1,"c6","d22","e10","f32",3,5,1,1,1.3395229055202e-07,15.8257821410496
"c6 d22 e10 f53",1,"c6","d22","e10","f53",3,5,1,2,2.6790458110404e-07,15.1326349604896
"c6 d22 e10 f54",1,"c6","d22","e10","f54",3,5,1,2,2.6790458110404e-07,15.1326349604896
"c6 d22 e10 g1",1,"c6","d22","e10","g1",3,5,1,97,1.29933721835459e-05,11.2510711625462
"c6 d22 e10 g9",1,"c6","d22","e10","g9",3,5,1,3,4.0185687165606e-07,14.7271698523815
"c6 d22 e26 f31",1,"c6","d22","e26","f31",3,5,1,1,1.3395229055202e-07,15.8257821410496
"c6 d22 e26 f32",1,"c6","d22","e26","f32",3,5,1,1,1.3395229055202e-07,15.8257821410496
"c6 d22 e26 f53",1,"c6","d22","e26","f53",3,5,1,2,2.6790458110404e-07,15.1326349604896
"c6 d22 e26 f54",1,"c6","d22","e26","f54",3,5,1,2,2.6790458110404e-07,15.1326349604896
"c6 d22 e26 g1",1,"c6","d22","e26","g1",3,5,1,97,1.29933721835459e-05,11.2510711625462
"c6 d22 e26 g9",1,"c6","d22","e26","g9",3,5,1,3,4.0185687165606e-07,14.7271698523815
"c6 d22 f31 f32",1,"c6","d22","f31","f32",3,5,1,1,1.3395229055202e-07,15.8257821410496
"c6 d22 f31 f53",1,"c6","d22","f31","f53",3,5,1,2,2.6790458110404e-07,15.1326349604896
"c6 d22 f31 f54",1,"c6","d22","f31","f54",3,5,1,2,2.6790458110404e-07,15.1326349604896
"c6 d22 f31 g1",1,"c6","d22","f31","g1",3,5,1,97,1.29933721835459e-05,11.2510711625462
"c6 d22 f31 g9",1,"c6","d22","f31","g9",3,5,1,3,4.0185687165606e-07,14.7271698523815
"c6 d22 f32 f53",1,"c6","d22","f32","f53",3,5,1,2,2.6790458110404e-07,15.1326349604896
"c6 d22 f32 f54",1,"c6","d22","f32","f54",3,5,1,2,2.6790458110404e-07,15.1326349604896
"c6 d22 f32 g1",1,"c6","d22","f32","g1",3,5,1,97,1.29933721835459e-05,11.2510711625462
"c6 d22 f32 g9",1,"c6","d22","f32","g9",3,5,1,3,4.0185687165606e-07,14.7271698523815
"c6 d22 f53 f54",1,"c6","d22","f53","f54",3,5,2,2,5.35809162208079e-07,14.4394877799297
"c6 d22 f53 g1",1,"c6","d22","f53","g1",3,5,2,97,2.59867443670919e-05,10.5579239819863
"c6 d22 f53 g9",1,"c6","d22","f53","g9",3,5,2,3,8.03713743312119e-07,14.0340226718215
"c6 d22 f54 g1",1,"c6","d22","f54","g1",3,5,2,97,2.59867443670919e-05,10.5579239819863
"c6 d22 f54 g9",1,"c6","d22","f54","g9",3,5,2,3,8.03713743312119e-07,14.0340226718215
"c6 d22 g1 g9",1,"c6","d22","g1","g9",3,5,97,3,3.89801165506378e-05,10.1524588738781
"c6 e8 e10 e26",1,"c6","e8","e10","e26",3,2,1,1,5.3580916220808e-08,16.7420728729237
"c6 e8 e10 f31",1,"c6","e8","e10","f31",3,2,1,1,5.3580916220808e-08,16.7420728729237
"c6 e8 e10 f32",1,"c6","e8","e10","f32",3,2,1,1,5.3580916220808e-08,16.7420728729237
"c6 e8 e10 f53",1,"c6","e8","e10","f53",3,2,1,2,1.07161832441616e-07,16.0489256923638
"c6 e8 e10 f54",1,"c6","e8","e10","f54",3,2,1,2,1.07161832441616e-07,16.0489256923638
"c6 e8 e10 g1",1,"c6","e8","e10","g1",3,2,1,97,5.19734887341837e-06,12.1673618944204
"c6 e8 e10 g9",1,"c6","e8","e10","g9",3,2,1,3,1.60742748662424e-07,15.6434605842556
"c6 e8 e26 f31",1,"c6","e8","e26","f31",3,2,1,1,5.3580916220808e-08,16.7420728729237
"c6 e8 e26 f32",1,"c6","e8","e26","f32",3,2,1,1,5.3580916220808e-08,16.7420728729237
"c6 e8 e26 f53",1,"c6","e8","e26","f53",3,2,1,2,1.07161832441616e-07,16.0489256923638
"c6 e8 e26 f54",1,"c6","e8","e26","f54",3,2,1,2,1.07161832441616e-07,16.0489256923638
"c6 e8 e26 g1",1,"c6","e8","e26","g1",3,2,1,97,5.19734887341837e-06,12.1673618944204
"c6 e8 e26 g9",1,"c6","e8","e26","g9",3,2,1,3,1.60742748662424e-07,15.6434605842556
"c6 e8 f31 f32",1,"c6","e8","f31","f32",3,2,1,1,5.3580916220808e-08,16.7420728729237
"c6 e8 f31 f53",1,"c6","e8","f31","f53",3,2,1,2,1.07161832441616e-07,16.0489256923638
"c6 e8 f31 f54",1,"c6","e8","f31","f54",3,2,1,2,1.07161832441616e-07,16.0489256923638
"c6 e8 f31 g1",1,"c6","e8","f31","g1",3,2,1,97,5.19734887341837e-06,12.1673618944204
"c6 e8 f31 g9",1,"c6","e8","f31","g9",3,2,1,3,1.60742748662424e-07,15.6434605842556
"c6 e8 f32 f53",1,"c6","e8","f32","f53",3,2,1,2,1.07161832441616e-07,16.0489256923638
"c6 e8 f32 f54",1,"c6","e8","f32","f54",3,2,1,2,1.07161832441616e-07,16.0489256923638
"c6 e8 f32 g1",1,"c6","e8","f32","g1",3,2,1,97,5.19734887341837e-06,12.1673618944204
"c6 e8 f32 g9",1,"c6","e8","f32","g9",3,2,1,3,1.60742748662424e-07,15.6434605842556
"c6 e8 f53 f54",1,"c6","e8","f53","f54",3,2,2,2,2.14323664883232e-07,15.3557785118039
"c6 e8 f53 g1",1,"c6","e8","f53","g1",3,2,2,97,1.03946977468367e-05,11.4742147138604
"c6 e8 f53 g9",1,"c6","e8","f53","g9",3,2,2,3,3.21485497324848e-07,14.9503134036957
"c6 e8 f54 g1",1,"c6","e8","f54","g1",3,2,2,97,1.03946977468367e-05,11.4742147138604
"c6 e8 f54 g9",1,"c6","e8","f54","g9",3,2,2,3,3.21485497324848e-07,14.9503134036957
"c6 e8 g1 g9",1,"c6","e8","g1","g9",3,2,97,3,1.55920466202551e-05,11.0687496057523
"c6 e10 e26 f31",1,"c6","e10","e26","f31",3,1,1,1,2.6790458110404e-08,17.4352200534837
"c6 e10 e26 f32",1,"c6","e10","e26","f32",3,1,1,1,2.6790458110404e-08,17.4352200534837
"c6 e10 e26 f53",1,"c6","e10","e26","f53",3,1,1,2,5.3580916220808e-08,16.7420728729237
"c6 e10 e26 f54",1,"c6","e10","e26","f54",3,1,1,2,5.3580916220808e-08,16.7420728729237
"c6 e10 e26 g1",1,"c6","e10","e26","g1",3,1,1,97,2.59867443670919e-06,12.8605090749803
"c6 e10 e26 g9",1,"c6","e10","e26","g9",3,1,1,3,8.03713743312119e-08,16.3366077648156
"c6 e10 f31 f32",1,"c6","e10","f31","f32",3,1,1,1,2.6790458110404e-08,17.4352200534837
"c6 e10 f31 f53",1,"c6","e10","f31","f53",3,1,1,2,5.3580916220808e-08,16.7420728729237
"c6 e10 f31 f54",1,"c6","e10","f31","f54",3,1,1,2,5.3580916220808e-08,16.7420728729237
"c6 e10 f31 g1",1,"c6","e10","f31","g1",3,1,1,97,2.59867443670919e-06,12.8605090749803
"c6 e10 f31 g9",1,"c6","e10","f31","g9",3,1,1,3,8.03713743312119e-08,16.3366077648156
"c6 e10 f32 f53",1,"c6","e10","f32","f53",3,1,1,2,5.3580916220808e-08,16.7420728729237
"c6 e10 f32 f54",1,"c6","e10","f32","f54",3,1,1,2,5.3580916220808e-08,16.7420728729237
"c6 e10 f32 g1",1,"c6","e10","f32","g1",3,1,1,97,2.59867443670919e-06,12.8605090749803
"c6 e10 f32 g9",1,"c6","e10","f32","g9",3,1,1,3,8.03713743312119e-08,16.3366077648156
"c6 e10 f53 f54",1,"c6","e10","f53","f54",3,1,2,2,1.07161832441616e-07,16.0489256923638
"c6 e10 f53 g1",1,"c6","e10","f53","g1",3,1,2,97,5.19734887341837e-06,12.1673618944204
"c6 e10 f53 g9",1,"c6","e10","f53","g9",3,1,2,3,1.60742748662424e-07,15.6434605842556
"c6 e10 f54 g1",1,"c6","e10","f54","g1",3,1,2,97,5.19734887341837e-06,12.1673618944204
"c6 e10 f54 g9",1,"c6","e10","f54","g9",3,1,2,3,1.60742748662424e-07,15.6434605842556
"c6 e10 g1 g9",1,"c6","e10","g1","g9",3,1,97,3,7.79602331012756e-06,11.7618967863122
"c6 e26 f31 f32",1,"c6","e26","f31","f32",3,1,1,1,2.6790458110404e-08,17.4352200534837
"c6 e26 f31 f53",1,"c6","e26","f31","f53",3,1,1,2,5.3580916220808e-08,16.7420728729237
"c6 e26 f31 f54",1,"c6","e26","f31","f54",3,1,1,2,5.3580916220808e-08,16.7420728729237
"c6 e26 f31 g1",1,"c6","e26","f31","g1",3,1,1,97,2.59867443670919e-06,12.8605090749803
"c6 e26 f31 g9",1,"c6","e26","f31","g9",3,1,1,3,8.03713743312119e-08,16.3366077648156
"c6 e26 f32 f53",1,"c6","e26","f32","f53",3,1,1,2,5.3580916220808e-08,16.7420728729237
"c6 e26 f32 f54",1,"c6","e26","f32","f54",3,1,1,2,5.3580916220808e-08,16.7420728729237
"c6 e26 f32 g1",1,"c6","e26","f32","g1",3,1,1,97,2.59867443670919e-06,12.8605090749803
"c6 e26 f32 g9",1,"c6","e26","f32","g9",3,1,1,3,8.03713743312119e-08,16.3366077648156
"c6 e26 f53 f54",1,"c6","e26","f53","f54",3,1,2,2,1.07161832441616e-07,16.0489256923638
"c6 e26 f53 g1",1,"c6","e26","f53","g1",3,1,2,97,5.19734887341837e-06,12.1673618944204
"c6 e26 f53 g9",1,"c6","e26","f53","g9",3,1,2,3,1.60742748662424e-07,15.6434605842556
"c6 e26 f54 g1",1,"c6","e26","f54","g1",3,1,2,97,5.19734887341837e-06,12.1673618944204
"c6 e26 f54 g9",1,"c6","e26","f54","g9",3,1,2,3,1.60742748662424e-07,15.6434605842556
"c6 e26 g1 g9",1,"c6","e26","g1","g9",3,1,97,3,7.79602331012756e-06,11.7618967863122
"c6 f31 f32 f53",1,"c6","f31","f32","f53",3,1,1,2,5.3580916220808e-08,16.7420728729237
"c6 f31 f32 f54",1,"c6","f31","f32","f54",3,1,1,2,5.3580916220808e-08,16.7420728729237
"c6 f31 f32 g1",1,"c6","f31","f32","g1",3,1,1,97,2.59867443670919e-06,12.8605090749803
"c6 f31 f32 g9",1,"c6","f31","f32","g9",3,1,1,3,8.03713743312119e-08,16.3366077648156
"c6 f31 f53 f54",1,"c6","f31","f53","f54",3,1,2,2,1.07161832441616e-07,16.0489256923638
"c6 f31 f53 g1",1,"c6","f31","f53","g1",3,1,2,97,5.19734887341837e-06,12.1673618944204
"c6 f31 f53 g9",1,"c6","f31","f53","g9",3,1,2,3,1.60742748662424e-07,15.6434605842556
"c6 f31 f54 g1",1,"c6","f31","f54","g1",3,1,2,97,5.19734887341837e-06,12.1673618944204
"c6 f31 f54 g9",1,"c6","f31","f54","g9",3,1,2,3,1.60742748662424e-07,15.6434605842556
"c6 f31 g1 g9",1,"c6","f31","g1","g9",3,1,97,3,7.79602331012756e-06,11.7618967863122
"c6 f32 f53 f54",1,"c6","f32","f53","f54",3,1,2,2,1.07161832441616e-07,16.0489256923638
"c6 f32 f53 g1",1,"c6","f32","f53","g1",3,1,2,97,5.19734887341837e-06,12.1673618944204
"c6 f32 f53 g9",1,"c6","f32","f53","g9",3,1,2,3,1.60742748662424e-07,15.6434605842556
"c6 f32 f54 g1",1,"c6","f32","f54","g1",3,1,2,97,5.19734887341837e-06,12.1673618944204
"c6 f32 f54 g9",1,"c6","f32","f54","g9",3,1,2,3,1.60742748662424e-07,15.6434605842556
"c6 f32 g1 g9",1,"c6","f32","g1","g9",3,1,97,3,7.79602331012756e-06,11.7618967863122
"c6 f53 f54 g1",1,"c6","f53","f54","g1",3,2,2,97,1.03946977468367e-05,11.4742147138604
"c6 f53 f54 g9",1,"c6","f53","f54","g9",3,2,2,3,3.21485497324848e-07,14.9503134036957
"c6 f53 g1 g9",1,"c6","f53","g1","g9",3,2,97,3,1.55920466202551e-05,11.0687496057523
"c6 f54 g1 g9",1,"c6","f54","g1","g9",3,2,97,3,1.55920466202551e-05,11.0687496057523
"c9 d3 d22 e8",1,"c9","d3","d22","e8",3,8,5,2,2.14323664883232e-06,13.0531934188098
"c9 d3 d22 e10",1,"c9","d3","d22","e10",3,8,5,1,1.07161832441616e-06,13.7463405993698
"c9 d3 d22 e26",1,"c9","d3","d22","e26",3,8,5,1,1.07161832441616e-06,13.7463405993698
"c9 d3 d22 f31",1,"c9","d3","d22","f31",3,8,5,1,1.07161832441616e-06,13.7463405993698
"c9 d3 d22 f32",1,"c9","d3","d22","f32",3,8,5,1,1.07161832441616e-06,13.7463405993698
"c9 d3 d22 f53",1,"c9","d3","d22","f53",3,8,5,2,2.14323664883232e-06,13.0531934188098
"c9 d3 d22 f54",1,"c9","d3","d22","f54",3,8,5,2,2.14323664883232e-06,13.0531934188098
"c9 d3 d22 g1",1,"c9","d3","d22","g1",3,8,5,97,0.000103946977468367,9.17162962086637
"c9 d3 d22 g9",1,"c9","d3","d22","g9",3,8,5,3,3.21485497324848e-06,12.6477283107016
"c9 d3 e8 e10",1,"c9","d3","e8","e10",3,8,2,1,4.28647329766464e-07,14.6626313312439
"c9 d3 e8 e26",1,"c9","d3","e8","e26",3,8,2,1,4.28647329766464e-07,14.6626313312439
"c9 d3 e8 f31",1,"c9","d3","e8","f31",3,8,2,1,4.28647329766464e-07,14.6626313312439
"c9 d3 e8 f32",1,"c9","d3","e8","f32",3,8,2,1,4.28647329766464e-07,14.6626313312439
"c9 d3 e8 f53",1,"c9","d3","e8","f53",3,8,2,2,8.57294659532927e-07,13.969484150684
"c9 d3 e8 f54",1,"c9","d3","e8","f54",3,8,2,2,8.57294659532927e-07,13.969484150684
"c9 d3 e8 g1",1,"c9","d3","e8","g1",3,8,2,97,4.1578790987347e-05,10.0879203527405
"c9 d3 e8 g9",1,"c9","d3","e8","g9",3,8,2,3,1.28594198929939e-06,13.5640190425758
"c9 d3 e10 e26",1,"c9","d3","e10","e26",3,8,1,1,2.14323664883232e-07,15.3557785118039
"c9 d3 e10 f31",1,"c9","d3","e10","f31",3,8,1,1,2.14323664883232e-07,15.3557785118039
"c9 d3 e10 f32",1,"c9","d3","e10","f32",3,8,1,1,2.14323664883232e-07,15.3557785118039
"c9 d3 e10 f53",1,"c9","d3","e10","f53",3,8,1,2,4.28647329766464e-07,14.6626313312439
"c9 d3 e10 f54",1,"c9","d3","e10","f54",3,8,1,2,4.28647329766464e-07,14.6626313312439
"c9 d3 e10 g1",1,"c9","d3","e10","g1",3,8,1,97,2.07893954936735e-05,10.7810675333005
"c9 d3 e10 g9",1,"c9","d3","e10","g9",3,8,1,3,6.42970994649695e-07,14.2571662231357
"c9 d3 e26 f31",1,"c9","d3","e26","f31",3,8,1,1,2.14323664883232e-07,15.3557785118039
"c9 d3 e26 f32",1,"c9","d3","e26","f32",3,8,1,1,2.14323664883232e-07,15.3557785118039
"c9 d3 e26 f53",1,"c9","d3","e26","f53",3,8,1,2,4.28647329766464e-07,14.6626313312439
"c9 d3 e26 f54",1,"c9","d3","e26","f54",3,8,1,2,4.28647329766464e-07,14.6626313312439
"c9 d3 e26 g1",1,"c9","d3","e26","g1",3,8,1,97,2.07893954936735e-05,10.7810675333005
"c9 d3 e26 g9",1,"c9","d3","e26","g9",3,8,1,3,6.42970994649695e-07,14.2571662231357
"c9 d3 f31 f32",1,"c9","d3","f31","f32",3,8,1,1,2.14323664883232e-07,15.3557785118039
"c9 d3 f31 f53",1,"c9","d3","f31","f53",3,8,1,2,4.28647329766464e-07,14.6626313312439
"c9 d3 f31 f54",1,"c9","d3","f31","f54",3,8,1,2,4.28647329766464e-07,14.6626313312439
"c9 d3 f31 g1",1,"c9","d3","f31","g1",3,8,1,97,2.07893954936735e-05,10.7810675333005
"c9 d3 f31 g9",1,"c9","d3","f31","g9",3,8,1,3,6.42970994649695e-07,14.2571662231357
"c9 d3 f32 f53",1,"c9","d3","f32","f53",3,8,1,2,4.28647329766464e-07,14.6626313312439
"c9 d3 f32 f54",1,"c9","d3","f32","f54",3,8,1,2,4.28647329766464e-07,14.6626313312439
"c9 d3 f32 g1",1,"c9","d3","f32","g1",3,8,1,97,2.07893954936735e-05,10.7810675333005
"c9 d3 f32 g9",1,"c9","d3","f32","g9",3,8,1,3,6.42970994649695e-07,14.2571662231357
"c9 d3 f53 f54",1,"c9","d3","f53","f54",3,8,2,2,8.57294659532927e-07,13.969484150684
"c9 d3 f53 g1",1,"c9","d3","f53","g1",3,8,2,97,4.1578790987347e-05,10.0879203527405
"c9 d3 f53 g9",1,"c9","d3","f53","g9",3,8,2,3,1.28594198929939e-06,13.5640190425758
"c9 d3 f54 g1",1,"c9","d3","f54","g1",3,8,2,97,4.1578790987347e-05,10.0879203527405
"c9 d3 f54 g9",1,"c9","d3","f54","g9",3,8,2,3,1.28594198929939e-06,13.5640190425758
"c9 d3 g1 g9",1,"c9","d3","g1","g9",3,8,97,3,6.23681864810205e-05,9.68245524463236
"c9 d22 e8 e10",1,"c9","d22","e8","e10",3,5,2,1,2.6790458110404e-07,15.1326349604896
"c9 d22 e8 e26",1,"c9","d22","e8","e26",3,5,2,1,2.6790458110404e-07,15.1326349604896
"c9 d22 e8 f31",1,"c9","d22","e8","f31",3,5,2,1,2.6790458110404e-07,15.1326349604896
"c9 d22 e8 f32",1,"c9","d22","e8","f32",3,5,2,1,2.6790458110404e-07,15.1326349604896
"c9 d22 e8 f53",1,"c9","d22","e8","f53",3,5,2,2,5.35809162208079e-07,14.4394877799297
"c9 d22 e8 f54",1,"c9","d22","e8","f54",3,5,2,2,5.35809162208079e-07,14.4394877799297
"c9 d22 e8 g1",1,"c9","d22","e8","g1",3,5,2,97,2.59867443670919e-05,10.5579239819863
"c9 d22 e8 g9",1,"c9","d22","e8","g9",3,5,2,3,8.03713743312119e-07,14.0340226718215
"c9 d22 e10 e26",1,"c9","d22","e10","e26",3,5,1,1,1.3395229055202e-07,15.8257821410496
"c9 d22 e10 f31",1,"c9","d22","e10","f31",3,5,1,1,1.3395229055202e-07,15.8257821410496
"c9 d22 e10 f32",1,"c9","d22","e10","f32",3,5,1,1,1.3395229055202e-07,15.8257821410496
"c9 d22 e10 f53",1,"c9","d22","e10","f53",3,5,1,2,2.6790458110404e-07,15.1326349604896
"c9 d22 e10 f54",1,"c9","d22","e10","f54",3,5,1,2,2.6790458110404e-07,15.1326349604896
"c9 d22 e10 g1",1,"c9","d22","e10","g1",3,5,1,97,1.29933721835459e-05,11.2510711625462
"c9 d22 e10 g9",1,"c9","d22","e10","g9",3,5,1,3,4.0185687165606e-07,14.7271698523815
"c9 d22 e26 f31",1,"c9","d22","e26","f31",3,5,1,1,1.3395229055202e-07,15.8257821410496
"c9 d22 e26 f32",1,"c9","d22","e26","f32",3,5,1,1,1.3395229055202e-07,15.8257821410496
"c9 d22 e26 f53",1,"c9","d22","e26","f53",3,5,1,2,2.6790458110404e-07,15.1326349604896
"c9 d22 e26 f54",1,"c9","d22","e26","f54",3,5,1,2,2.6790458110404e-07,15.1326349604896
"c9 d22 e26 g1",1,"c9","d22","e26","g1",3,5,1,97,1.29933721835459e-05,11.2510711625462
"c9 d22 e26 g9",1,"c9","d22","e26","g9",3,5,1,3,4.0185687165606e-07,14.7271698523815
"c9 d22 f31 f32",1,"c9","d22","f31","f32",3,5,1,1,1.3395229055202e-07,15.8257821410496
"c9 d22 f31 f53",1,"c9","d22","f31","f53",3,5,1,2,2.6790458110404e-07,15.1326349604896
"c9 d22 f31 f54",1,"c9","d22","f31","f54",3,5,1,2,2.6790458110404e-07,15.1326349604896
"c9 d22 f31 g1",1,"c9","d22","f31","g1",3,5,1,97,1.29933721835459e-05,11.2510711625462
"c9 d22 f31 g9",1,"c9","d22","f31","g9",3,5,1,3,4.0185687165606e-07,14.7271698523815
"c9 d22 f32 f53",1,"c9","d22","f32","f53",3,5,1,2,2.6790458110404e-07,15.1326349604896
"c9 d22 f32 f54",1,"c9","d22","f32","f54",3,5,1,2,2.6790458110404e-07,15.1326349604896
"c9 d22 f32 g1",1,"c9","d22","f32","g1",3,5,1,97,1.29933721835459e-05,11.2510711625462
"c9 d22 f32 g9",1,"c9","d22","f32","g9",3,5,1,3,4.0185687165606e-07,14.7271698523815
"c9 d22 f53 f54",1,"c9","d22","f53","f54",3,5,2,2,5.35809162208079e-07,14.4394877799297
"c9 d22 f53 g1",1,"c9","d22","f53","g1",3,5,2,97,2.59867443670919e-05,10.5579239819863
"c9 d22 f53 g9",1,"c9","d22","f53","g9",3,5,2,3,8.03713743312119e-07,14.0340226718215
"c9 d22 f54 g1",1,"c9","d22","f54","g1",3,5,2,97,2.59867443670919e-05,10.5579239819863
"c9 d22 f54 g9",1,"c9","d22","f54","g9",3,5,2,3,8.03713743312119e-07,14.0340226718215
"c9 d22 g1 g9",1,"c9","d22","g1","g9",3,5,97,3,3.89801165506378e-05,10.1524588738781
"c9 e8 e10 e26",1,"c9","e8","e10","e26",3,2,1,1,5.3580916220808e-08,16.7420728729237
"c9 e8 e10 f31",1,"c9","e8","e10","f31",3,2,1,1,5.3580916220808e-08,16.7420728729237
"c9 e8 e10 f32",1,"c9","e8","e10","f32",3,2,1,1,5.3580916220808e-08,16.7420728729237
"c9 e8 e10 f53",1,"c9","e8","e10","f53",3,2,1,2,1.07161832441616e-07,16.0489256923638
"c9 e8 e10 f54",1,"c9","e8","e10","f54",3,2,1,2,1.07161832441616e-07,16.0489256923638
"c9 e8 e10 g1",1,"c9","e8","e10","g1",3,2,1,97,5.19734887341837e-06,12.1673618944204
"c9 e8 e10 g9",1,"c9","e8","e10","g9",3,2,1,3,1.60742748662424e-07,15.6434605842556
"c9 e8 e26 f31",1,"c9","e8","e26","f31",3,2,1,1,5.3580916220808e-08,16.7420728729237
"c9 e8 e26 f32",1,"c9","e8","e26","f32",3,2,1,1,5.3580916220808e-08,16.7420728729237
"c9 e8 e26 f53",1,"c9","e8","e26","f53",3,2,1,2,1.07161832441616e-07,16.0489256923638
"c9 e8 e26 f54",1,"c9","e8","e26","f54",3,2,1,2,1.07161832441616e-07,16.0489256923638
"c9 e8 e26 g1",1,"c9","e8","e26","g1",3,2,1,97,5.19734887341837e-06,12.1673618944204
"c9 e8 e26 g9",1,"c9","e8","e26","g9",3,2,1,3,1.60742748662424e-07,15.6434605842556
"c9 e8 f31 f32",1,"c9","e8","f31","f32",3,2,1,1,5.3580916220808e-08,16.7420728729237
"c9 e8 f31 f53",1,"c9","e8","f31","f53",3,2,1,2,1.07161832441616e-07,16.0489256923638
"c9 e8 f31 f54",1,"c9","e8","f31","f54",3,2,1,2,1.07161832441616e-07,16.0489256923638
"c9 e8 f31 g1",1,"c9","e8","f31","g1",3,2,1,97,5.19734887341837e-06,12.1673618944204
"c9 e8 f31 g9",1,"c9","e8","f31","g9",3,2,1,3,1.60742748662424e-07,15.6434605842556
"c9 e8 f32 f53",1,"c9","e8","f32","f53",3,2,1,2,1.07161832441616e-07,16.0489256923638
"c9 e8 f32 f54",1,"c9","e8","f32","f54",3,2,1,2,1.07161832441616e-07,16.0489256923638
"c9 e8 f32 g1",1,"c9","e8","f32","g1",3,2,1,97,5.19734887341837e-06,12.1673618944204
"c9 e8 f32 g9",1,"c9","e8","f32","g9",3,2,1,3,1.60742748662424e-07,15.6434605842556
"c9 e8 f53 f54",1,"c9","e8","f53","f54",3,2,2,2,2.14323664883232e-07,15.3557785118039
"c9 e8 f53 g1",1,"c9","e8","f53","g1",3,2,2,97,1.03946977468367e-05,11.4742147138604
"c9 e8 f53 g9",1,"c9","e8","f53","g9",3,2,2,3,3.21485497324848e-07,14.9503134036957
"c9 e8 f54 g1",1,"c9","e8","f54","g1",3,2,2,97,1.03946977468367e-05,11.4742147138604
"c9 e8 f54 g9",1,"c9","e8","f54","g9",3,2,2,3,3.21485497324848e-07,14.9503134036957
"c9 e8 g1 g9",1,"c9","e8","g1","g9",3,2,97,3,1.55920466202551e-05,11.0687496057523
"c9 e10 e26 f31",1,"c9","e10","e26","f31",3,1,1,1,2.6790458110404e-08,17.4352200534837
"c9 e10 e26 f32",1,"c9","e10","e26","f32",3,1,1,1,2.6790458110404e-08,17.4352200534837
"c9 e10 e26 f53",1,"c9","e10","e26","f53",3,1,1,2,5.3580916220808e-08,16.7420728729237
"c9 e10 e26 f54",1,"c9","e10","e26","f54",3,1,1,2,5.3580916220808e-08,16.7420728729237
"c9 e10 e26 g1",1,"c9","e10","e26","g1",3,1,1,97,2.59867443670919e-06,12.8605090749803
"c9 e10 e26 g9",1,"c9","e10","e26","g9",3,1,1,3,8.03713743312119e-08,16.3366077648156
"c9 e10 f31 f32",1,"c9","e10","f31","f32",3,1,1,1,2.6790458110404e-08,17.4352200534837
"c9 e10 f31 f53",1,"c9","e10","f31","f53",3,1,1,2,5.3580916220808e-08,16.7420728729237
"c9 e10 f31 f54",1,"c9","e10","f31","f54",3,1,1,2,5.3580916220808e-08,16.7420728729237
"c9 e10 f31 g1",1,"c9","e10","f31","g1",3,1,1,97,2.59867443670919e-06,12.8605090749803
"c9 e10 f31 g9",1,"c9","e10","f31","g9",3,1,1,3,8.03713743312119e-08,16.3366077648156
"c9 e10 f32 f53",1,"c9","e10","f32","f53",3,1,1,2,5.3580916220808e-08,16.7420728729237
"c9 e10 f32 f54",1,"c9","e10","f32","f54",3,1,1,2,5.3580916220808e-08,16.7420728729237
"c9 e10 f32 g1",1,"c9","e10","f32","g1",3,1,1,97,2.59867443670919e-06,12.8605090749803
"c9 e10 f32 g9",1,"c9","e10","f32","g9",3,1,1,3,8.03713743312119e-08,16.3366077648156
"c9 e10 f53 f54",1,"c9","e10","f53","f54",3,1,2,2,1.07161832441616e-07,16.0489256923638
"c9 e10 f53 g1",1,"c9","e10","f53","g1",3,1,2,97,5.19734887341837e-06,12.1673618944204
"c9 e10 f53 g9",1,"c9","e10","f53","g9",3,1,2,3,1.60742748662424e-07,15.6434605842556
"c9 e10 f54 g1",1,"c9","e10","f54","g1",3,1,2,97,5.19734887341837e-06,12.1673618944204
"c9 e10 f54 g9",1,"c9","e10","f54","g9",3,1,2,3,1.60742748662424e-07,15.6434605842556
"c9 e10 g1 g9",1,"c9","e10","g1","g9",3,1,97,3,7.79602331012756e-06,11.7618967863122
"c9 e26 f31 f32",1,"c9","e26","f31","f32",3,1,1,1,2.6790458110404e-08,17.4352200534837
"c9 e26 f31 f53",1,"c9","e26","f31","f53",3,1,1,2,5.3580916220808e-08,16.7420728729237
"c9 e26 f31 f54",1,"c9","e26","f31","f54",3,1,1,2,5.3580916220808e-08,16.7420728729237
"c9 e26 f31 g1",1,"c9","e26","f31","g1",3,1,1,97,2.59867443670919e-06,12.8605090749803
"c9 e26 f31 g9",1,"c9","e26","f31","g9",3,1,1,3,8.03713743312119e-08,16.3366077648156
"c9 e26 f32 f53",1,"c9","e26","f32","f53",3,1,1,2,5.3580916220808e-08,16.7420728729237
"c9 e26 f32 f54",1,"c9","e26","f32","f54",3,1,1,2,5.3580916220808e-08,16.7420728729237
"c9 e26 f32 g1",1,"c9","e26","f32","g1",3,1,1,97,2.59867443670919e-06,12.8605090749803
"c9 e26 f32 g9",1,"c9","e26","f32","g9",3,1,1,3,8.03713743312119e-08,16.3366077648156
"c9 e26 f53 f54",1,"c9","e26","f53","f54",3,1,2,2,1.07161832441616e-07,16.0489256923638
"c9 e26 f53 g1",1,"c9","e26","f53","g1",3,1,2,97,5.19734887341837e-06,12.1673618944204
"c9 e26 f53 g9",1,"c9","e26","f53","g9",3,1,2,3,1.60742748662424e-07,15.6434605842556
"c9 e26 f54 g1",1,"c9","e26","f54","g1",3,1,2,97,5.19734887341837e-06,12.1673618944204
"c9 e26 f54 g9",1,"c9","e26","f54","g9",3,1,2,3,1.60742748662424e-07,15.6434605842556
"c9 e26 g1 g9",1,"c9","e26","g1","g9",3,1,97,3,7.79602331012756e-06,11.7618967863122
"c9 f31 f32 f53",1,"c9","f31","f32","f53",3,1,1,2,5.3580916220808e-08,16.7420728729237
"c9 f31 f32 f54",1,"c9","f31","f32","f54",3,1,1,2,5.3580916220808e-08,16.7420728729237
"c9 f31 f32 g1",1,"c9","f31","f32","g1",3,1,1,97,2.59867443670919e-06,12.8605090749803
"c9 f31 f32 g9",1,"c9","f31","f32","g9",3,1,1,3,8.03713743312119e-08,16.3366077648156
"c9 f31 f53 f54",1,"c9","f31","f53","f54",3,1,2,2,1.07161832441616e-07,16.0489256923638
"c9 f31 f53 g1",1,"c9","f31","f53","g1",3,1,2,97,5.19734887341837e-06,12.1673618944204
"c9 f31 f53 g9",1,"c9","f31","f53","g9",3,1,2,3,1.60742748662424e-07,15.6434605842556
"c9 f31 f54 g1",1,"c9","f31","f54","g1",3,1,2,97,5.19734887341837e-06,12.1673618944204
"c9 f31 f54 g9",1,"c9","f31","f54","g9",3,1,2,3,1.60742748662424e-07,15.6434605842556
"c9 f31 g1 g9",1,"c9","f31","g1","g9",3,1,97,3,7.79602331012756e-06,11.7618967863122
"c9 f32 f53 f54",1,"c9","f32","f53","f54",3,1,2,2,1.07161832441616e-07,16.0489256923638
"c9 f32 f53 g1",1,"c9","f32","f53","g1",3,1,2,97,5.19734887341837e-06,12.1673618944204
"c9 f32 f53 g9",1,"c9","f32","f53","g9",3,1,2,3,1.60742748662424e-07,15.6434605842556
"c9 f32 f54 g1",1,"c9","f32","f54","g1",3,1,2,97,5.19734887341837e-06,12.1673618944204
"c9 f32 f54 g9",1,"c9","f32","f54","g9",3,1,2,3,1.60742748662424e-07,15.6434605842556
"c9 f32 g1 g9",1,"c9","f32","g1","g9",3,1,97,3,7.79602331012756e-06,11.7618967863122
"c9 f53 f54 g1",1,"c9","f53","f54","g1",3,2,2,97,1.03946977468367e-05,11.4742147138604
"c9 f53 f54 g9",1,"c9","f53","f54","g9",3,2,2,3,3.21485497324848e-07,14.9503134036957
"c9 f53 g1 g9",1,"c9","f53","g1","g9",3,2,97,3,1.55920466202551e-05,11.0687496057523
"c9 f54 g1 g9",1,"c9","f54","g1","g9",3,2,97,3,1.55920466202551e-05,11.0687496057523
"d3 d22 e8 e10",1,"d3","d22","e8","e10",8,5,2,1,7.14412216277439e-07,14.1518057074779
"d3 d22 e8 e26",1,"d3","d22","e8","e26",8,5,2,1,7.14412216277439e-07,14.1518057074779
"d3 d22 e8 f31",1,"d3","d22","e8","f31",8,5,2,1,7.14412216277439e-07,14.1518057074779
"d3 d22 e8 f32",1,"d3","d22","e8","f32",8,5,2,1,7.14412216277439e-07,14.1518057074779
"d3 d22 e8 f53",1,"d3","d22","e8","f53",8,5,2,2,1.42882443255488e-06,13.458658526918
"d3 d22 e8 f54",1,"d3","d22","e8","f54",8,5,2,2,1.42882443255488e-06,13.458658526918
"d3 d22 e8 g1",1,"d3","d22","e8","g1",8,5,2,97,6.92979849789116e-05,9.57709472897454
"d3 d22 e8 g9",1,"d3","d22","e8","g9",8,5,2,3,2.14323664883232e-06,13.0531934188098
"d3 d22 e10 e26",1,"d3","d22","e10","e26",8,5,1,1,3.5720610813872e-07,14.8449528880379
"d3 d22 e10 f31",1,"d3","d22","e10","f31",8,5,1,1,3.5720610813872e-07,14.8449528880379
"d3 d22 e10 f32",1,"d3","d22","e10","f32",8,5,1,1,3.5720610813872e-07,14.8449528880379
"d3 d22 e10 f53",1,"d3","d22","e10","f53",8,5,1,2,7.14412216277439e-07,14.1518057074779
"d3 d22 e10 f54",1,"d3","d22","e10","f54",8,5,1,2,7.14412216277439e-07,14.1518057074779
"d3 d22 e10 g1",1,"d3","d22","e10","g1",8,5,1,97,3.46489924894558e-05,10.2702419095345
"d3 d22 e10 g9",1,"d3","d22","e10","g9",8,5,1,3,1.07161832441616e-06,13.7463405993698
"d3 d22 e26 f31",1,"d3","d22","e26","f31",8,5,1,1,3.5720610813872e-07,14.8449528880379
"d3 d22 e26 f32",1,"d3","d22","e26","f32",8,5,1,1,3.5720610813872e-07,14.8449528880379
"d3 d22 e26 f53",1,"d3","d22","e26","f53",8,5,1,2,7.14412216277439e-07,14.1518057074779
"d3 d22 e26 f54",1,"d3","d22","e26","f54",8,5,1,2,7.14412216277439e-07,14.1518057074779
"d3 d22 e26 g1",1,"d3","d22","e26","g1",8,5,1,97,3.46489924894558e-05,10.2702419095345
"d3 d22 e26 g9",1,"d3","d22","e26","g9",8,5,1,3,1.07161832441616e-06,13.7463405993698
"d3 d22 f31 f32",1,"d3","d22","f31","f32",8,5,1,1,3.5720610813872e-07,14.8449528880379
"d3 d22 f31 f53",1,"d3","d22","f31","f53",8,5,1,2,7.14412216277439e-07,14.1518057074779
"d3 d22 f31 f54",1,"d3","d22","f31","f54",8,5,1,2,7.14412216277439e-07,14.1518057074779
"d3 d22 f31 g1",1,"d3","d22","f31","g1",8,5,1,97,3.46489924894558e-05,10.2702419095345
"d3 d22 f31 g9",1,"d3","d22","f31","g9",8,5,1,3,1.07161832441616e-06,13.7463405993698
"d3 d22 f32 f53",1,"d3","d22","f32","f53",8,5,1,2,7.14412216277439e-07,14.1518057074779
"d3 d22 f32 f54",1,"d3","d22","f32","f54",8,5,1,2,7.14412216277439e-07,14.1518057074779
"d3 d22 f32 g1",1,"d3","d22","f32","g1",8,5,1,97,3.46489924894558e-05,10.2702419095345
"d3 d22 f32 g9",1,"d3","d22","f32","g9",8,5,1,3,1.07161832441616e-06,13.7463405993698
"d3 d22 f53 f54",1,"d3","d22","f53","f54",8,5,2,2,1.42882443255488e-06,13.458658526918
"d3 d22 f53 g1",1,"d3","d22","f53","g1",8,5,2,97,6.92979849789116e-05,9.57709472897454
"d3 d22 f53 g9",1,"d3","d22","f53","g9",8,5,2,3,2.14323664883232e-06,13.0531934188098
"d3 d22 f54 g1",1,"d3","d22","f54","g1",8,5,2,97,6.92979849789116e-05,9.57709472897454
"d3 d22 f54 g9",1,"d3","d22","f54","g9",8,5,2,3,2.14323664883232e-06,13.0531934188098
"d3 d22 g1 g9",1,"d3","d22","g1","g9",8,5,97,3,0.000103946977468367,9.17162962086637
"d3 e8 e10 e26",1,"d3","e8","e10","e26",8,2,1,1,1.42882443255488e-07,15.761243619912
"d3 e8 e10 f31",1,"d3","e8","e10","f31",8,2,1,1,1.42882443255488e-07,15.761243619912
"d3 e8 e10 f32",1,"d3","e8","e10","f32",8,2,1,1,1.42882443255488e-07,15.761243619912
"d3 e8 e10 f53",1,"d3","e8","e10","f53",8,2,1,2,2.85764886510976e-07,15.0680964393521
"d3 e8 e10 f54",1,"d3","e8","e10","f54",8,2,1,2,2.85764886510976e-07,15.0680964393521
"d3 e8 e10 g1",1,"d3","e8","e10","g1",8,2,1,97,1.38595969957823e-05,11.1865326414086
"d3 e8 e10 g9",1,"d3","e8","e10","g9",8,2,1,3,4.28647329766464e-07,14.6626313312439
"d3 e8 e26 f31",1,"d3","e8","e26","f31",8,2,1,1,1.42882443255488e-07,15.761243619912
"d3 e8 e26 f32",1,"d3","e8","e26","f32",8,2,1,1,1.42882443255488e-07,15.761243619912
"d3 e8 e26 f53",1,"d3","e8","e26","f53",8,2,1,2,2.85764886510976e-07,15.0680964393521
"d3 e8 e26 f54",1,"d3","e8","e26","f54",8,2,1,2,2.85764886510976e-07,15.0680964393521
"d3 e8 e26 g1",1,"d3","e8","e26","g1",8,2,1,97,1.38595969957823e-05,11.1865326414086
"d3 e8 e26 g9",1,"d3","e8","e26","g9",8,2,1,3,4.28647329766464e-07,14.6626313312439
"d3 e8 f31 f32",1,"d3","e8","f31","f32",8,2,1,1,1.42882443255488e-07,15.761243619912
"d3 e8 f31 f53",1,"d3","e8","f31","f53",8,2,1,2,2.85764886510976e-07,15.0680964393521
"d3 e8 f31 f54",1,"d3","e8","f31","f54",8,2,1,2,2.85764886510976e-07,15.0680964393521
"d3 e8 f31 g1",1,"d3","e8","f31","g1",8,2,1,97,1.38595969957823e-05,11.1865326414086
"d3 e8 f31 g9",1,"d3","e8","f31","g9",8,2,1,3,4.28647329766464e-07,14.6626313312439
"d3 e8 f32 f53",1,"d3","e8","f32","f53",8,2,1,2,2.85764886510976e-07,15.0680964393521
"d3 e8 f32 f54",1,"d3","e8","f32","f54",8,2,1,2,2.85764886510976e-07,15.0680964393521
"d3 e8 f32 g1",1,"d3","e8","f32","g1",8,2,1,97,1.38595969957823e-05,11.1865326414086
"d3 e8 f32 g9",1,"d3","e8","f32","g9",8,2,1,3,4.28647329766464e-07,14.6626313312439
"d3 e8 f53 f54",1,"d3","e8","f53","f54",8,2,2,2,5.71529773021951e-07,14.3749492587921
"d3 e8 f53 g1",1,"d3","e8","f53","g1",8,2,2,97,2.77191939915646e-05,10.4933854608487
"d3 e8 f53 g9",1,"d3","e8","f53","g9",8,2,2,3,8.57294659532927e-07,13.969484150684
"d3 e8 f54 g1",1,"d3","e8","f54","g1",8,2,2,97,2.77191939915646e-05,10.4933854608487
"d3 e8 f54 g9",1,"d3","e8","f54","g9",8,2,2,3,8.57294659532927e-07,13.969484150684
"d3 e8 g1 g9",1,"d3","e8","g1","g9",8,2,97,3,4.1578790987347e-05,10.0879203527405
"d3 e10 e26 f31",1,"d3","e10","e26","f31",8,1,1,1,7.14412216277439e-08,16.454390800472
"d3 e10 e26 f32",1,"d3","e10","e26","f32",8,1,1,1,7.14412216277439e-08,16.454390800472
"d3 e10 e26 f53",1,"d3","e10","e26","f53",8,1,1,2,1.42882443255488e-07,15.761243619912
"d3 e10 e26 f54",1,"d3","e10","e26","f54",8,1,1,2,1.42882443255488e-07,15.761243619912
"d3 e10 e26 g1",1,"d3","e10","e26","g1",8,1,1,97,6.92979849789116e-06,11.8796798219686
"d3 e10 e26 g9",1,"d3","e10","e26","g9",8,1,1,3,2.14323664883232e-07,15.3557785118039
"d3 e10 f31 f32",1,"d3","e10","f31","f32",8,1,1,1,7.14412216277439e-08,16.454390800472
"d3 e10 f31 f53",1,"d3","e10","f31","f53",8,1,1,2,1.42882443255488e-07,15.761243619912
"d3 e10 f31 f54",1,"d3","e10","f31","f54",8,1,1,2,1.42882443255488e-07,15.761243619912
"d3 e10 f31 g1",1,"d3","e10","f31","g1",8,1,1,97,6.92979849789116e-06,11.8796798219686
"d3 e10 f31 g9",1,"d3","e10","f31","g9",8,1,1,3,2.14323664883232e-07,15.3557785118039
"d3 e10 f32 f53",1,"d3","e10","f32","f53",8,1,1,2,1.42882443255488e-07,15.761243619912
"d3 e10 f32 f54",1,"d3","e10","f32","f54",8,1,1,2,1.42882443255488e-07,15.761243619912
"d3 e10 f32 g1",1,"d3","e10","f32","g1",8,1,1,97,6.92979849789116e-06,11.8796798219686
"d3 e10 f32 g9",1,"d3","e10","f32","g9",8,1,1,3,2.14323664883232e-07,15.3557785118039
"d3 e10 f53 f54",1,"d3","e10","f53","f54",8,1,2,2,2.85764886510976e-07,15.0680964393521
"d3 e10 f53 g1",1,"d3","e10","f53","g1",8,1,2,97,1.38595969957823e-05,11.1865326414086
"d3 e10 f53 g9",1,"d3","e10","f53","g9",8,1,2,3,4.28647329766464e-07,14.6626313312439
"d3 e10 f54 g1",1,"d3","e10","f54","g1",8,1,2,97,1.38595969957823e-05,11.1865326414086
"d3 e10 f54 g9",1,"d3","e10","f54","g9",8,1,2,3,4.28647329766464e-07,14.6626313312439
"d3 e10 g1 g9",1,"d3","e10","g1","g9",8,1,97,3,2.07893954936735e-05,10.7810675333005
"d3 e26 f31 f32",1,"d3","e26","f31","f32",8,1,1,1,7.14412216277439e-08,16.454390800472
"d3 e26 f31 f53",1,"d3","e26","f31","f53",8,1,1,2,1.42882443255488e-07,15.761243619912
"d3 e26 f31 f54",1,"d3","e26","f31","f54",8,1,1,2,1.42882443255488e-07,15.761243619912
"d3 e26 f31 g1",1,"d3","e26","f31","g1",8,1,1,97,6.92979849789116e-06,11.8796798219686
"d3 e26 f31 g9",1,"d3","e26","f31","g9",8,1,1,3,2.14323664883232e-07,15.3557785118039
"d3 e26 f32 f53",1,"d3","e26","f32","f53",8,1,1,2,1.42882443255488e-07,15.761243619912
"d3 e26 f32 f54",1,"d3","e26","f32","f54",8,1,1,2,1.42882443255488e-07,15.761243619912
"d3 e26 f32 g1",1,"d3","e26","f32","g1",8,1,1,97,6.92979849789116e-06,11.8796798219686
"d3 e26 f32 g9",1,"d3","e26","f32","g9",8,1,1,3,2.14323664883232e-07,15.3557785118039
"d3 e26 f53 f54",1,"d3","e26","f53","f54",8,1,2,2,2.85764886510976e-07,15.0680964393521
"d3 e26 f53 g1",1,"d3","e26","f53","g1",8,1,2,97,1.38595969957823e-05,11.1865326414086
"d3 e26 f53 g9",1,"d3","e26","f53","g9",8,1,2,3,4.28647329766464e-07,14.6626313312439
"d3 e26 f54 g1",1,"d3","e26","f54","g1",8,1,2,97,1.38595969957823e-05,11.1865326414086
"d3 e26 f54 g9",1,"d3","e26","f54","g9",8,1,2,3,4.28647329766464e-07,14.6626313312439
"d3 e26 g1 g9",1,"d3","e26","g1","g9",8,1,97,3,2.07893954936735e-05,10.7810675333005
"d3 f31 f32 f53",1,"d3","f31","f32","f53",8,1,1,2,1.42882443255488e-07,15.761243619912
"d3 f31 f32 f54",1,"d3","f31","f32","f54",8,1,1,2,1.42882443255488e-07,15.761243619912
"d3 f31 f32 g1",1,"d3","f31","f32","g1",8,1,1,97,6.92979849789116e-06,11.8796798219686
"d3 f31 f32 g9",1,"d3","f31","f32","g9",8,1,1,3,2.14323664883232e-07,15.3557785118039
"d3 f31 f53 f54",1,"d3","f31","f53","f54",8,1,2,2,2.85764886510976e-07,15.0680964393521
"d3 f31 f53 g1",1,"d3","f31","f53","g1",8,1,2,97,1.38595969957823e-05,11.1865326414086
"d3 f31 f53 g9",1,"d3","f31","f53","g9",8,1,2,3,4.28647329766464e-07,14.6626313312439
"d3 f31 f54 g1",1,"d3","f31","f54","g1",8,1,2,97,1.38595969957823e-05,11.1865326414086
"d3 f31 f54 g9",1,"d3","f31","f54","g9",8,1,2,3,4.28647329766464e-07,14.6626313312439
"d3 f31 g1 g9",1,"d3","f31","g1","g9",8,1,97,3,2.07893954936735e-05,10.7810675333005
"d3 f32 f53 f54",1,"d3","f32","f53","f54",8,1,2,2,2.85764886510976e-07,15.0680964393521
"d3 f32 f53 g1",1,"d3","f32","f53","g1",8,1,2,97,1.38595969957823e-05,11.1865326414086
"d3 f32 f53 g9",1,"d3","f32","f53","g9",8,1,2,3,4.28647329766464e-07,14.6626313312439
"d3 f32 f54 g1",1,"d3","f32","f54","g1",8,1,2,97,1.38595969957823e-05,11.1865326414086
"d3 f32 f54 g9",1,"d3","f32","f54","g9",8,1,2,3,4.28647329766464e-07,14.6626313312439
"d3 f32 g1 g9",1,"d3","f32","g1","g9",8,1,97,3,2.07893954936735e-05,10.7810675333005
"d3 f53 f54 g1",1,"d3","f53","f54","g1",8,2,2,97,2.77191939915646e-05,10.4933854608487
"d3 f53 f54 g9",1,"d3","f53","f54","g9",8,2,2,3,8.57294659532927e-07,13.969484150684
"d3 f53 g1 g9",1,"d3","f53","g1","g9",8,2,97,3,4.1578790987347e-05,10.0879203527405
"d3 f54 g1 g9",1,"d3","f54","g1","g9",8,2,97,3,4.1578790987347e-05,10.0879203527405
"d22 e8 e10 e26",1,"d22","e8","e10","e26",5,2,1,1,8.93015270346799e-08,16.2312472491578
"d22 e8 e10 f31",1,"d22","e8","e10","f31",5,2,1,1,8.93015270346799e-08,16.2312472491578
"d22 e8 e10 f32",1,"d22","e8","e10","f32",5,2,1,1,8.93015270346799e-08,16.2312472491578
"d22 e8 e10 f53",1,"d22","e8","e10","f53",5,2,1,2,1.7860305406936e-07,15.5381000685978
"d22 e8 e10 f54",1,"d22","e8","e10","f54",5,2,1,2,1.7860305406936e-07,15.5381000685978
"d22 e8 e10 g1",1,"d22","e8","e10","g1",5,2,1,97,8.66224812236395e-06,11.6565362706544
"d22 e8 e10 g9",1,"d22","e8","e10","g9",5,2,1,3,2.6790458110404e-07,15.1326349604896
"d22 e8 e26 f31",1,"d22","e8","e26","f31",5,2,1,1,8.93015270346799e-08,16.2312472491578
"d22 e8 e26 f32",1,"d22","e8","e26","f32",5,2,1,1,8.93015270346799e-08,16.2312472491578
"d22 e8 e26 f53",1,"d22","e8","e26","f53",5,2,1,2,1.7860305406936e-07,15.5381000685978
"d22 e8 e26 f54",1,"d22","e8","e26","f54",5,2,1,2,1.7860305406936e-07,15.5381000685978
"d22 e8 e26 g1",1,"d22","e8","e26","g1",5,2,1,97,8.66224812236395e-06,11.6565362706544
"d22 e8 e26 g9",1,"d22","e8","e26","g9",5,2,1,3,2.6790458110404e-07,15.1326349604896
"d22 e8 f31 f32",1,"d22","e8","f31","f32",5,2,1,1,8.93015270346799e-08,16.2312472491578
"d22 e8 f31 f53",1,"d22","e8","f31","f53",5,2,1,2,1.7860305406936e-07,15.5381000685978
"d22 e8 f31 f54",1,"d22","e8","f31","f54",5,2,1,2,1.7860305406936e-07,15.5381000685978
"d22 e8 f31 g1",1,"d22","e8","f31","g1",5,2,1,97,8.66224812236395e-06,11.6565362706544
"d22 e8 f31 g9",1,"d22","e8","f31","g9",5,2,1,3,2.6790458110404e-07,15.1326349604896
"d22 e8 f32 f53",1,"d22","e8","f32","f53",5,2,1,2,1.7860305406936e-07,15.5381000685978
"d22 e8 f32 f54",1,"d22","e8","f32","f54",5,2,1,2,1.7860305406936e-07,15.5381000685978
"d22 e8 f32 g1",1,"d22","e8","f32","g1",5,2,1,97,8.66224812236395e-06,11.6565362706544
"d22 e8 f32 g9",1,"d22","e8","f32","g9",5,2,1,3,2.6790458110404e-07,15.1326349604896
"d22 e8 f53 f54",1,"d22","e8","f53","f54",5,2,2,2,3.5720610813872e-07,14.8449528880379
"d22 e8 f53 g1",1,"d22","e8","f53","g1",5,2,2,97,1.73244962447279e-05,10.9633890900944
"d22 e8 f53 g9",1,"d22","e8","f53","g9",5,2,2,3,5.3580916220808e-07,14.4394877799297
"d22 e8 f54 g1",1,"d22","e8","f54","g1",5,2,2,97,1.73244962447279e-05,10.9633890900944
"d22 e8 f54 g9",1,"d22","e8","f54","g9",5,2,2,3,5.3580916220808e-07,14.4394877799297
"d22 e8 g1 g9",1,"d22","e8","g1","g9",5,2,97,3,2.59867443670919e-05,10.5579239819863
"d22 e10 e26 f31",1,"d22","e10","e26","f31",5,1,1,1,4.465076351734e-08,16.9243944297177
"d22 e10 e26 f32",1,"d22","e10","e26","f32",5,1,1,1,4.465076351734e-08,16.9243944297177
"d22 e10 e26 f53",1,"d22","e10","e26","f53",5,1,1,2,8.93015270346799e-08,16.2312472491578
"d22 e10 e26 f54",1,"d22","e10","e26","f54",5,1,1,2,8.93015270346799e-08,16.2312472491578
"d22 e10 e26 g1",1,"d22","e10","e26","g1",5,1,1,97,4.33112406118198e-06,12.3496834512143
"d22 e10 e26 g9",1,"d22","e10","e26","g9",5,1,1,3,1.3395229055202e-07,15.8257821410496
"d22 e10 f31 f32",1,"d22","e10","f31","f32",5,1,1,1,4.465076351734e-08,16.9243944297177
"d22 e10 f31 f53",1,"d22","e10","f31","f53",5,1,1,2,8.93015270346799e-08,16.2312472491578
"d22 e10 f31 f54",1,"d22","e10","f31","f54",5,1,1,2,8.93015270346799e-08,16.2312472491578
"d22 e10 f31 g1",1,"d22","e10","f31","g1",5,1,1,97,4.33112406118198e-06,12.3496834512143
"d22 e10 f31 g9",1,"d22","e10","f31","g9",5,1,1,3,1.3395229055202e-07,15.8257821410496
"d22 e10 f32 f53",1,"d22","e10","f32","f53",5,1,1,2,8.93015270346799e-08,16.2312472491578
"d22 e10 f32 f54",1,"d22","e10","f32","f54",5,1,1,2,8.93015270346799e-08,16.2312472491578
"d22 e10 f32 g1",1,"d22","e10","f32","g1",5,1,1,97,4.33112406118198e-06,12.3496834512143
"d22 e10 f32 g9",1,"d22","e10","f32","g9",5,1,1,3,1.3395229055202e-07,15.8257821410496
"d22 e10 f53 f54",1,"d22","e10","f53","f54",5,1,2,2,1.7860305406936e-07,15.5381000685978
"d22 e10 f53 g1",1,"d22","e10","f53","g1",5,1,2,97,8.66224812236395e-06,11.6565362706544
"d22 e10 f53 g9",1,"d22","e10","f53","g9",5,1,2,3,2.6790458110404e-07,15.1326349604896
"d22 e10 f54 g1",1,"d22","e10","f54","g1",5,1,2,97,8.66224812236395e-06,11.6565362706544
"d22 e10 f54 g9",1,"d22","e10","f54","g9",5,1,2,3,2.6790458110404e-07,15.1326349604896
"d22 e10 g1 g9",1,"d22","e10","g1","g9",5,1,97,3,1.29933721835459e-05,11.2510711625462
"d22 e26 f31 f32",1,"d22","e26","f31","f32",5,1,1,1,4.465076351734e-08,16.9243944297177
"d22 e26 f31 f53",1,"d22","e26","f31","f53",5,1,1,2,8.93015270346799e-08,16.2312472491578
"d22 e26 f31 f54",1,"d22","e26","f31","f54",5,1,1,2,8.93015270346799e-08,16.2312472491578
"d22 e26 f31 g1",1,"d22","e26","f31","g1",5,1,1,97,4.33112406118198e-06,12.3496834512143
"d22 e26 f31 g9",1,"d22","e26","f31","g9",5,1,1,3,1.3395229055202e-07,15.8257821410496
"d22 e26 f32 f53",1,"d22","e26","f32","f53",5,1,1,2,8.93015270346799e-08,16.2312472491578
"d22 e26 f32 f54",1,"d22","e26","f32","f54",5,1,1,2,8.93015270346799e-08,16.2312472491578
"d22 e26 f32 g1",1,"d22","e26","f32","g1",5,1,1,97,4.33112406118198e-06,12.3496834512143
"d22 e26 f32 g9",1,"d22","e26","f32","g9",5,1,1,3,1.3395229055202e-07,15.8257821410496
"d22 e26 f53 f54",1,"d22","e26","f53","f54",5,1,2,2,1.7860305406936e-07,15.5381000685978
"d22 e26 f53 g1",1,"d22","e26","f53","g1",5,1,2,97,8.66224812236395e-06,11.6565362706544
"d22 e26 f53 g9",1,"d22","e26","f53","g9",5,1,2,3,2.6790458110404e-07,15.1326349604896
"d22 e26 f54 g1",1,"d22","e26","f54","g1",5,1,2,97,8.66224812236395e-06,11.6565362706544
"d22 e26 f54 g9",1,"d22","e26","f54","g9",5,1,2,3,2.6790458110404e-07,15.1326349604896
"d22 e26 g1 g9",1,"d22","e26","g1","g9",5,1,97,3,1.29933721835459e-05,11.2510711625462
"d22 f31 f32 f53",1,"d22","f31","f32","f53",5,1,1,2,8.93015270346799e-08,16.2312472491578
"d22 f31 f32 f54",1,"d22","f31","f32","f54",5,1,1,2,8.93015270346799e-08,16.2312472491578
"d22 f31 f32 g1",1,"d22","f31","f32","g1",5,1,1,97,4.33112406118198e-06,12.3496834512143
"d22 f31 f32 g9",1,"d22","f31","f32","g9",5,1,1,3,1.3395229055202e-07,15.8257821410496
"d22 f31 f53 f54",1,"d22","f31","f53","f54",5,1,2,2,1.7860305406936e-07,15.5381000685978
"d22 f31 f53 g1",1,"d22","f31","f53","g1",5,1,2,97,8.66224812236395e-06,11.6565362706544
"d22 f31 f53 g9",1,"d22","f31","f53","g9",5,1,2,3,2.6790458110404e-07,15.1326349604896
"d22 f31 f54 g1",1,"d22","f31","f54","g1",5,1,2,97,8.66224812236395e-06,11.6565362706544
"d22 f31 f54 g9",1,"d22","f31","f54","g9",5,1,2,3,2.6790458110404e-07,15.1326349604896
"d22 f31 g1 g9",1,"d22","f31","g1","g9",5,1,97,3,1.29933721835459e-05,11.2510711625462
"d22 f32 f53 f54",1,"d22","f32","f53","f54",5,1,2,2,1.7860305406936e-07,15.5381000685978
"d22 f32 f53 g1",1,"d22","f32","f53","g1",5,1,2,97,8.66224812236395e-06,11.6565362706544
"d22 f32 f53 g9",1,"d22","f32","f53","g9",5,1,2,3,2.6790458110404e-07,15.1326349604896
"d22 f32 f54 g1",1,"d22","f32","f54","g1",5,1,2,97,8.66224812236395e-06,11.6565362706544
"d22 f32 f54 g9",1,"d22","f32","f54","g9",5,1,2,3,2.6790458110404e-07,15.1326349604896
"d22 f32 g1 g9",1,"d22","f32","g1","g9",5,1,97,3,1.29933721835459e-05,11.2510711625462
"d22 f53 f54 g1",1,"d22","f53","f54","g1",5,2,2,97,1.73244962447279e-05,10.9633890900944
"d22 f53 f54 g9",1,"d22","f53","f54","g9",5,2,2,3,5.3580916220808e-07,14.4394877799297
"d22 f53 g1 g9",1,"d22","f53","g1","g9",5,2,97,3,2.59867443670919e-05,10.5579239819863
"d22 f54 g1 g9",1,"d22","f54","g1","g9",5,2,97,3,2.59867443670919e-05,10.5579239819863
"e8 e10 e26 f31",1,"e8","e10","e26","f31",2,1,1,1,1.7860305406936e-08,17.8406851615919
"e8 e10 e26 f32",1,"e8","e10","e26","f32",2,1,1,1,1.7860305406936e-08,17.8406851615919
"e8 e10 e26 f53",1,"e8","e10","e26","f53",2,1,1,2,3.5720610813872e-08,17.1475379810319
"e8 e10 e26 f54",1,"e8","e10","e26","f54",2,1,1,2,3.5720610813872e-08,17.1475379810319
"e8 e10 e26 g1",1,"e8","e10","e26","g1",2,1,1,97,1.73244962447279e-06,13.2659741830885
"e8 e10 e26 g9",1,"e8","e10","e26","g9",2,1,1,3,5.35809162208079e-08,16.7420728729237
"e8 e10 f31 f32",1,"e8","e10","f31","f32",2,1,1,1,1.7860305406936e-08,17.8406851615919
"e8 e10 f31 f53",1,"e8","e10","f31","f53",2,1,1,2,3.5720610813872e-08,17.1475379810319
"e8 e10 f31 f54",1,"e8","e10","f31","f54",2,1,1,2,3.5720610813872e-08,17.1475379810319
"e8 e10 f31 g1",1,"e8","e10","f31","g1",2,1,1,97,1.73244962447279e-06,13.2659741830885
"e8 e10 f31 g9",1,"e8","e10","f31","g9",2,1,1,3,5.35809162208079e-08,16.7420728729237
"e8 e10 f32 f53",1,"e8","e10","f32","f53",2,1,1,2,3.5720610813872e-08,17.1475379810319
"e8 e10 f32 f54",1,"e8","e10","f32","f54",2,1,1,2,3.5720610813872e-08,17.1475379810319
"e8 e10 f32 g1",1,"e8","e10","f32","g1",2,1,1,97,1.73244962447279e-06,13.2659741830885
"e8 e10 f32 g9",1,"e8","e10","f32","g9",2,1,1,3,5.35809162208079e-08,16.7420728729237
"e8 e10 f53 f54",1,"e8","e10","f53","f54",2,1,2,2,7.14412216277439e-08,16.454390800472
"e8 e10 f53 g1",1,"e8","e10","f53","g1",2,1,2,97,3.46489924894558e-06,12.5728270025285
"e8 e10 f53 g9",1,"e8","e10","f53","g9",2,1,2,3,1.07161832441616e-07,16.0489256923638
"e8 e10 f54 g1",1,"e8","e10","f54","g1",2,1,2,97,3.46489924894558e-06,12.5728270025285
"e8 e10 f54 g9",1,"e8","e10","f54","g9",2,1,2,3,1.07161832441616e-07,16.0489256923638
"e8 e10 g1 g9",1,"e8","e10","g1","g9",2,1,97,3,5.19734887341837e-06,12.1673618944204
"e8 e26 f31 f32",1,"e8","e26","f31","f32",2,1,1,1,1.7860305406936e-08,17.8406851615919
"e8 e26 f31 f53",1,"e8","e26","f31","f53",2,1,1,2,3.5720610813872e-08,17.1475379810319
"e8 e26 f31 f54",1,"e8","e26","f31","f54",2,1,1,2,3.5720610813872e-08,17.1475379810319
"e8 e26 f31 g1",1,"e8","e26","f31","g1",2,1,1,97,1.73244962447279e-06,13.2659741830885
"e8 e26 f31 g9",1,"e8","e26","f31","g9",2,1,1,3,5.35809162208079e-08,16.7420728729237
"e8 e26 f32 f53",1,"e8","e26","f32","f53",2,1,1,2,3.5720610813872e-08,17.1475379810319
"e8 e26 f32 f54",1,"e8","e26","f32","f54",2,1,1,2,3.5720610813872e-08,17.1475379810319
"e8 e26 f32 g1",1,"e8","e26","f32","g1",2,1,1,97,1.73244962447279e-06,13.2659741830885
"e8 e26 f32 g9",1,"e8","e26","f32","g9",2,1,1,3,5.35809162208079e-08,16.7420728729237
"e8 e26 f53 f54",1,"e8","e26","f53","f54",2,1,2,2,7.14412216277439e-08,16.454390800472
"e8 e26 f53 g1",1,"e8","e26","f53","g1",2,1,2,97,3.46489924894558e-06,12.5728270025285
"e8 e26 f53 g9",1,"e8","e26","f53","g9",2,1,2,3,1.07161832441616e-07,16.0489256923638
"e8 e26 f54 g1",1,"e8","e26","f54","g1",2,1,2,97,3.46489924894558e-06,12.5728270025285
"e8 e26 f54 g9",1,"e8","e26","f54","g9",2,1,2,3,1.07161832441616e-07,16.0489256923638
"e8 e26 g1 g9",1,"e8","e26","g1","g9",2,1,97,3,5.19734887341837e-06,12.1673618944204
"e8 f31 f32 f53",1,"e8","f31","f32","f53",2,1,1,2,3.5720610813872e-08,17.1475379810319
"e8 f31 f32 f54",1,"e8","f31","f32","f54",2,1,1,2,3.5720610813872e-08,17.1475379810319
"e8 f31 f32 g1",1,"e8","f31","f32","g1",2,1,1,97,1.73244962447279e-06,13.2659741830885
"e8 f31 f32 g9",1,"e8","f31","f32","g9",2,1,1,3,5.35809162208079e-08,16.7420728729237
"e8 f31 f53 f54",1,"e8","f31","f53","f54",2,1,2,2,7.14412216277439e-08,16.454390800472
"e8 f31 f53 g1",1,"e8","f31","f53","g1",2,1,2,97,3.46489924894558e-06,12.5728270025285
"e8 f31 f53 g9",1,"e8","f31","f53","g9",2,1,2,3,1.07161832441616e-07,16.0489256923638
"e8 f31 f54 g1",1,"e8","f31","f54","g1",2,1,2,97,3.46489924894558e-06,12.5728270025285
"e8 f31 f54 g9",1,"e8","f31","f54","g9",2,1,2,3,1.07161832441616e-07,16.0489256923638
"e8 f31 g1 g9",1,"e8","f31","g1","g9",2,1,97,3,5.19734887341837e-06,12.1673618944204
"e8 f32 f53 f54",1,"e8","f32","f53","f54",2,1,2,2,7.14412216277439e-08,16.454390800472
"e8 f32 f53 g1",1,"e8","f32","f53","g1",2,1,2,97,3.46489924894558e-06,12.5728270025285
"e8 f32 f53 g9",1,"e8","f32","f53","g9",2,1,2,3,1.07161832441616e-07,16.0489256923638
"e8 f32 f54 g1",1,"e8","f32","f54","g1",2,1,2,97,3.46489924894558e-06,12.5728270025285
"e8 f32 f54 g9",1,"e8","f32","f54","g9",2,1,2,3,1.07161832441616e-07,16.0489256923638
"e8 f32 g1 g9",1,"e8","f32","g1","g9",2,1,97,3,5.19734887341837e-06,12.1673618944204
"e8 f53 f54 g1",1,"e8","f53","f54","g1",2,2,2,97,6.92979849789116e-06,11.8796798219686
"e8 f53 f54 g9",1,"e8","f53","f54","g9",2,2,2,3,2.14323664883232e-07,15.3557785118039
"e8 f53 g1 g9",1,"e8","f53","g1","g9",2,2,97,3,1.03946977468367e-05,11.4742147138604
"e8 f54 g1 g9",1,"e8","f54","g1","g9",2,2,97,3,1.03946977468367e-05,11.4742147138604
"e10 e26 f31 f32",1,"e10","e26","f31","f32",1,1,1,1,8.93015270346799e-09,18.5338323421518
"e10 e26 f31 f53",1,"e10","e26","f31","f53",1,1,1,2,1.7860305406936e-08,17.8406851615919
"e10 e26 f31 f54",1,"e10","e26","f31","f54",1,1,1,2,1.7860305406936e-08,17.8406851615919
"e10 e26 f31 g1",1,"e10","e26","f31","g1",1,1,1,97,8.66224812236395e-07,13.9591213636484
"e10 e26 f31 g9",1,"e10","e26","f31","g9",1,1,1,3,2.6790458110404e-08,17.4352200534837
"e10 e26 f32 f53",1,"e10","e26","f32","f53",1,1,1,2,1.7860305406936e-08,17.8406851615919
"e10 e26 f32 f54",1,"e10","e26","f32","f54",1,1,1,2,1.7860305406936e-08,17.8406851615919
"e10 e26 f32 g1",1,"e10","e26","f32","g1",1,1,1,97,8.66224812236395e-07,13.9591213636484
"e10 e26 f32 g9",1,"e10","e26","f32","g9",1,1,1,3,2.6790458110404e-08,17.4352200534837
"e10 e26 f53 f54",1,"e10","e26","f53","f54",1,1,2,2,3.5720610813872e-08,17.1475379810319
"e10 e26 f53 g1",1,"e10","e26","f53","g1",1,1,2,97,1.73244962447279e-06,13.2659741830885
"e10 e26 f53 g9",1,"e10","e26","f53","g9",1,1,2,3,5.35809162208079e-08,16.7420728729237
"e10 e26 f54 g1",1,"e10","e26","f54","g1",1,1,2,97,1.73244962447279e-06,13.2659741830885
"e10 e26 f54 g9",1,"e10","e26","f54","g9",1,1,2,3,5.35809162208079e-08,16.7420728729237
"e10 e26 g1 g9",1,"e10","e26","g1","g9",1,1,97,3,2.59867443670919e-06,12.8605090749803
"e10 f31 f32 f53",1,"e10","f31","f32","f53",1,1,1,2,1.7860305406936e-08,17.8406851615919
"e10 f31 f32 f54",1,"e10","f31","f32","f54",1,1,1,2,1.7860305406936e-08,17.8406851615919
"e10 f31 f32 g1",1,"e10","f31","f32","g1",1,1,1,97,8.66224812236395e-07,13.9591213636484
"e10 f31 f32 g9",1,"e10","f31","f32","g9",1,1,1,3,2.6790458110404e-08,17.4352200534837
"e10 f31 f53 f54",1,"e10","f31","f53","f54",1,1,2,2,3.5720610813872e-08,17.1475379810319
"e10 f31 f53 g1",1,"e10","f31","f53","g1",1,1,2,97,1.73244962447279e-06,13.2659741830885
"e10 f31 f53 g9",1,"e10","f31","f53","g9",1,1,2,3,5.35809162208079e-08,16.7420728729237
"e10 f31 f54 g1",1,"e10","f31","f54","g1",1,1,2,97,1.73244962447279e-06,13.2659741830885
"e10 f31 f54 g9",1,"e10","f31","f54","g9",1,1,2,3,5.35809162208079e-08,16.7420728729237
"e10 f31 g1 g9",1,"e10","f31","g1","g9",1,1,97,3,2.59867443670919e-06,12.8605090749803
"e10 f32 f53 f54",1,"e10","f32","f53","f54",1,1,2,2,3.5720610813872e-08,17.1475379810319
"e10 f32 f53 g1",1,"e10","f32","f53","g1",1,1,2,97,1.73244962447279e-06,13.2659741830885
"e10 f32 f53 g9",1,"e10","f32","f53","g9",1,1,2,3,5.35809162208079e-08,16.7420728729237
"e10 f32 f54 g1",1,"e10","f32","f54","g1",1,1,2,97,1.73244962447279e-06,13.2659741830885
"e10 f32 f54 g9",1,"e10","f32","f54","g9",1,1,2,3,5.35809162208079e-08,16.7420728729237
"e10 f32 g1 g9",1,"e10","f32","g1","g9",1,1,97,3,2.59867443670919e-06,12.8605090749803
"e10 f53 f54 g1",1,"e10","f53","f54","g1",1,2,2,97,3.46489924894558e-06,12.5728270025285
"e10 f53 f54 g9",1,"e10","f53","f54","g9",1,2,2,3,1.07161832441616e-07,16.0489256923638
"e10 f53 g1 g9",1,"e10","f53","g1","g9",1,2,97,3,5.19734887341837e-06,12.1673618944204
"e10 f54 g1 g9",1,"e10","f54","g1","g9",1,2,97,3,5.19734887341837e-06,12.1673618944204
"e26 f31 f32 f53",1,"e26","f31","f32","f53",1,1,1,2,1.7860305406936e-08,17.8406851615919
"e26 f31 f32 f54",1,"e26","f31","f32","f54",1,1,1,2,1.7860305406936e-08,17.8406851615919
"e26 f31 f32 g1",1,"e26","f31","f32","g1",1,1,1,97,8.66224812236395e-07,13.9591213636484
"e26 f31 f32 g9",1,"e26","f31","f32","g9",1,1,1,3,2.6790458110404e-08,17.4352200534837
"e26 f31 f53 f54",1,"e26","f31","f53","f54",1,1,2,2,3.5720610813872e-08,17.1475379810319
"e26 f31 f53 g1",1,"e26","f31","f53","g1",1,1,2,97,1.73244962447279e-06,13.2659741830885
"e26 f31 f53 g9",1,"e26","f31","f53","g9",1,1,2,3,5.35809162208079e-08,16.7420728729237
"e26 f31 f54 g1",1,"e26","f31","f54","g1",1,1,2,97,1.73244962447279e-06,13.2659741830885
"e26 f31 f54 g9",1,"e26","f31","f54","g9",1,1,2,3,5.35809162208079e-08,16.7420728729237
"e26 f31 g1 g9",1,"e26","f31","g1","g9",1,1,97,3,2.59867443670919e-06,12.8605090749803
"e26 f32 f53 f54",1,"e26","f32","f53","f54",1,1,2,2,3.5720610813872e-08,17.1475379810319
"e26 f32 f53 g1",1,"e26","f32","f53","g1",1,1,2,97,1.73244962447279e-06,13.2659741830885
"e26 f32 f53 g9",1,"e26","f32","f53","g9",1,1,2,3,5.35809162208079e-08,16.7420728729237
"e26 f32 f54 g1",1,"e26","f32","f54","g1",1,1,2,97,1.73244962447279e-06,13.2659741830885
"e26 f32 f54 g9",1,"e26","f32","f54","g9",1,1,2,3,5.35809162208079e-08,16.7420728729237
"e26 f32 g1 g9",1,"e26","f32","g1","g9",1,1,97,3,2.59867443670919e-06,12.8605090749803
"e26 f53 f54 g1",1,"e26","f53","f54","g1",1,2,2,97,3.46489924894558e-06,12.5728270025285
"e26 f53 f54 g9",1,"e26","f53","f54","g9",1,2,2,3,1.07161832441616e-07,16.0489256923638
"e26 f53 g1 g9",1,"e26","f53","g1","g9",1,2,97,3,5.19734887341837e-06,12.1673618944204
"e26 f54 g1 g9",1,"e26","f54","g1","g9",1,2,97,3,5.19734887341837e-06,12.1673618944204
"f31 f32 f53 f54",1,"f31","f32","f53","f54",1,1,2,2,3.5720610813872e-08,17.1475379810319
"f31 f32 f53 g1",1,"f31","f32","f53","g1",1,1,2,97,1.73244962447279e-06,13.2659741830885
"f31 f32 f53 g9",1,"f31","f32","f53","g9",1,1,2,3,5.35809162208079e-08,16.7420728729237
"f31 f32 f54 g1",1,"f31","f32","f54","g1",1,1,2,97,1.73244962447279e-06,13.2659741830885
"f31 f32 f54 g9",1,"f31","f32","f54","g9",1,1,2,3,5.35809162208079e-08,16.7420728729237
"f31 f32 g1 g9",1,"f31","f32","g1","g9",1,1,97,3,2.59867443670919e-06,12.8605090749803
"f31 f53 f54 g1",1,"f31","f53","f54","g1",1,2,2,97,3.46489924894558e-06,12.5728270025285
"f31 f53 f54 g9",1,"f31","f53","f54","g9",1,2,2,3,1.07161832441616e-07,16.0489256923638
"f31 f53 g1 g9",1,"f31","f53","g1","g9",1,2,97,3,5.19734887341837e-06,12.1673618944204
"f31 f54 g1 g9",1,"f31","f54","g1","g9",1,2,97,3,5.19734887341837e-06,12.1673618944204
"f32 f53 f54 g1",1,"f32","f53","f54","g1",1,2,2,97,3.46489924894558e-06,12.5728270025285
"f32 f53 f54 g9",1,"f32","f53","f54","g9",1,2,2,3,1.07161832441616e-07,16.0489256923638
"f32 f53 g1 g9",1,"f32","f53","g1","g9",1,2,97,3,5.19734887341837e-06,12.1673618944204
"f32 f54 g1 g9",1,"f32","f54","g1","g9",1,2,97,3,5.19734887341837e-06,12.1673618944204
"f53 f54 g1 g9",1,"f53","f54","g1","g9",2,2,97,3,1.03946977468367e-05,11.4742147138604
"a1 a24 b1 c1",1,"a1","a24","b1","c1",136,69,13,125,0.136175898575183,1.99380785705465
"a1 a24 b1 d5",1,"a1","a24","b1","d5",136,69,13,5,0.00544703594300734,5.21268368192285
"a1 a24 b8 c1",1,"a1","a24","b8","c1",136,69,6,125,0.0628504147270077,2.76699774528813
"a1 a24 b8 d5",1,"a1","a24","b8","d5",136,69,6,5,0.00251401658908031,5.98587357015633
"a1 a24 c1 d5",2,"a1","a24","c1","d5",136,69,125,5,0.0523753456058398,3.64246648264203
"a1 b1 b8 c1",1,"a1","b1","b8","c1",136,13,6,125,0.0118413824847986,4.43615489242386
"a1 b1 b8 d5",1,"a1","b1","b8","d5",136,13,6,5,0.000473655299391942,7.65503071729206
"a1 b1 c1 d5",1,"a1","b1","c1","d5",136,13,125,5,0.00986781873733213,4.61847644921781
"a1 b8 c1 d5",1,"a1","b8","c1","d5",136,6,125,5,0.00455437787876868,5.39166633745129
"a24 b1 b8 c1",1,"a24","b1","b8","c1",69,13,6,125,0.00600776023125809,5.11470327356265
"a24 b1 b8 d5",1,"a24","b1","b8","d5",69,13,6,5,0.000240310409250324,8.33357909843085
"a24 b1 c1 d5",1,"a24","b1","c1","d5",69,13,125,5,0.00500646685938174,5.2970248303566
"a24 b8 c1 d5",1,"a24","b8","c1","d5",69,6,125,5,0.00231067701202234,6.07021471859009
"b1 b8 c1 d5",1,"b1","b8","c1","d5",13,6,125,5,0.000435344944294065,7.73937186572581
"a24 b7 c1 e13",1,"a24","b7","c1","e13",69,5,125,2,0.000770225670674114,7.1688270072582
"a24 b7 c1 g1",1,"a24","b7","c1","g1",69,5,125,97,0.0373559450276945,3.28726320931476
"a24 b7 c1 g5",1,"a24","b7","c1","g5",69,5,125,1,0.000385112835337057,7.86197418781814
"a24 b7 c1 h1",1,"a24","b7","c1","h1",69,5,125,49,0.0188705289315158,3.97015388970751
"a24 b7 c1 zoo",1,"a24","b7","c1","zoo",69,5,125,21,0.0080873695420782,4.81745175009472
"a24 b7 e13 g1",1,"a24","b7","e13","g1",69,5,2,97,0.000597695120443113,7.42242976605711
"a24 b7 e13 g5",1,"a24","b7","e13","g5",69,5,2,1,6.16180536539291e-06,11.9971407445605
"a24 b7 e13 h1",1,"a24","b7","e13","h1",69,5,2,49,0.000301928462904253,8.10532044644987
"a24 b7 e13 zoo",1,"a24","b7","e13","zoo",69,5,2,21,0.000129397912673251,8.95261830683707
"a24 b7 g1 g5",1,"a24","b7","g1","g5",69,5,97,1,0.000298847560221556,8.11557694661706
"a24 b7 g1 h1",1,"a24","b7","g1","h1",69,5,97,49,0.0146435304508563,4.22375664850643
"a24 b7 g1 zoo",1,"a24","b7","g1","zoo",69,5,97,21,0.00627579876465268,5.07105450889363
"a24 b7 g5 h1",1,"a24","b7","g5","h1",69,5,1,49,0.000150964231452126,8.79846762700982
"a24 b7 g5 zoo",1,"a24","b7","g5","zoo",69,5,1,21,6.46989563366256e-05,9.64576548739702
"a24 b7 h1 zoo",1,"a24","b7","h1","zoo",69,5,49,21,0.00317024886049465,5.75394518928639
"a24 c1 e13 g1",1,"a24","c1","e13","g1",69,125,2,97,0.0149423780110778,4.20355394118891
"a24 c1 e13 g5",1,"a24","c1","e13","g5",69,125,2,1,0.000154045134134823,8.7782649196923
"a24 c1 e13 h1",1,"a24","c1","e13","h1",69,125,2,49,0.00754821157260632,4.88644462158167
"a24 c1 e13 zoo",1,"a24","c1","e13","zoo",69,125,2,21,0.00323494781683128,5.73374248196887
"a24 c1 g1 g5",1,"a24","c1","g1","g5",69,125,97,1,0.00747118900553891,4.89670112174886
"a24 c1 g5 h1",1,"a24","c1","g5","h1",69,125,1,49,0.00377410578630316,5.57959180214161
"a24 c1 g5 zoo",1,"a24","c1","g5","zoo",69,125,1,21,0.00161747390841564,6.42688966252882
"a24 c1 h1 zoo",1,"a24","c1","h1","zoo",69,125,49,21,0.0792562215123664,2.53506936441819
"a24 e13 g1 g5",1,"a24","e13","g1","g5",69,2,97,1,0.000119539024088623,9.03186767849121
"a24 e13 g1 h1",1,"a24","e13","g1","h1",69,2,97,49,0.0058574121803425,5.14004738038059
"a24 e13 g1 zoo",1,"a24","e13","g1","zoo",69,2,97,21,0.00251031950586107,5.98734524076779
"a24 e13 g5 h1",1,"a24","e13","g5","h1",69,2,1,49,6.03856925808506e-05,9.71475835888397
"a24 e13 g5 zoo",1,"a24","e13","g5","zoo",69,2,1,21,2.58795825346502e-05,10.5620562192712
"a24 e13 h1 zoo",1,"a24","e13","h1","zoo",69,2,49,21,0.00126809954419786,6.67023592116055
"a24 g1 g5 h1",1,"a24","g1","g5","h1",69,97,1,49,0.00292870609017125,5.83319456094053
"a24 g1 g5 zoo",1,"a24","g1","g5","zoo",69,97,1,21,0.00125515975293054,6.68049242132774
"a24 g1 h1 zoo",1,"a24","g1","h1","zoo",69,97,49,21,0.0615028278935963,2.78867212321711
"a24 g5 h1 zoo",1,"a24","g5","h1","zoo",69,1,49,21,0.000634049772098931,7.36338310172049
"b7 c1 e13 g1",1,"b7","c1","e13","g1",5,125,2,97,0.00108278101529549,6.82822253335207
"b7 c1 e13 g5",1,"b7","c1","e13","g5",5,125,2,1,1.1162690879335e-05,11.4029335118555
"b7 c1 e13 h1",1,"b7","c1","e13","h1",5,125,2,49,0.000546971853087415,7.51111321374483
"b7 c1 e13 zoo",1,"b7","c1","e13","zoo",5,125,2,21,0.000234416508466035,8.35841107413203
"b7 c1 g1 g5",1,"b7","c1","g1","g5",5,125,97,1,0.000541390507647747,7.52136971391202
"b7 c1 g1 h1",1,"b7","c1","g1","h1",5,125,97,49,0.0265281348747396,3.62954941580139
"b7 c1 g1 zoo",1,"b7","c1","g1","zoo",5,125,97,21,0.0113692006606027,4.47684727618859
"b7 c1 g5 h1",1,"b7","c1","g5","h1",5,125,1,49,0.000273485926543707,8.20426039430477
"b7 c1 g5 zoo",1,"b7","c1","g5","zoo",5,125,1,21,0.000117208254233017,9.05155825469198
"b7 c1 h1 zoo",1,"b7","c1","h1","zoo",5,125,49,21,0.00574320445741785,5.15973795658135
"b7 e13 g1 g5",1,"b7","e13","g1","g5",5,2,97,1,8.66224812236395e-06,11.6565362706544
"b7 e13 g1 h1",1,"b7","e13","g1","h1",5,2,97,49,0.000424450157995834,7.76471597254375
"b7 e13 g1 zoo",1,"b7","e13","g1","zoo",5,2,97,21,0.000181907210569643,8.61201383293095
"b7 e13 g5 h1",1,"b7","e13","g5","h1",5,2,1,49,4.37577482469932e-06,12.3394269510471
"b7 e13 g5 zoo",1,"b7","e13","g5","zoo",5,2,1,21,1.87533206772828e-06,13.1867248114343
"b7 e13 h1 zoo",1,"b7","e13","h1","zoo",5,2,49,21,9.18912713186856e-05,9.29490451332371
"b7 g1 g5 h1",1,"b7","g1","g5","h1",5,97,1,49,0.000212225078997917,8.45786315310369
"b7 g1 g5 zoo",1,"b7","g1","g5","zoo",5,97,1,21,9.09536052848215e-05,9.3051610134909
"b7 g1 h1 zoo",1,"b7","g1","h1","zoo",5,97,49,21,0.00445672665895625,5.41334071538027
"b7 g5 h1 zoo",1,"b7","g5","h1","zoo",5,1,49,21,4.59456356593428e-05,9.98805169388365
"c1 e13 g1 g5",1,"c1","e13","g1","g5",125,2,97,1,0.000216556203059099,8.43766044578617
"c1 e13 g1 h1",1,"c1","e13","g1","h1",125,2,97,49,0.0106112539498958,4.54584014767554
"c1 e13 g1 zoo",1,"c1","e13","g1","zoo",125,2,97,21,0.00454768026424108,5.39313800806275
"c1 e13 g5 h1",1,"c1","e13","g5","h1",125,2,1,49,0.000109394370617483,9.12055112617893
"c1 e13 g5 zoo",1,"c1","e13","g5","zoo",125,2,1,21,4.6883301693207e-05,9.96784898656613
"c1 e13 h1 zoo",1,"c1","e13","h1","zoo",125,2,49,21,0.00229728178296714,6.07602868845551
"c1 g1 g5 h1",1,"c1","g1","g5","h1",125,97,1,49,0.00530562697494792,5.23898732823549
"c1 g1 g5 zoo",1,"c1","g1","g5","zoo",125,97,1,21,0.00227384013212054,6.08628518862269
"c1 g1 h1 zoo",1,"c1","g1","h1","zoo",125,97,49,21,0.111418166473906,2.19446489051207
"c1 g5 h1 zoo",1,"c1","g5","h1","zoo",125,1,49,21,0.00114864089148357,6.76917586901545
"e13 g1 g5 h1",1,"e13","g1","g5","h1",2,97,1,49,8.48900315991667e-05,9.37415388497785
"e13 g1 g5 zoo",1,"e13","g1","g5","zoo",2,97,1,21,3.63814421139286e-05,10.221451745365
"e13 g1 h1 zoo",1,"e13","g1","h1","zoo",2,97,49,21,0.0017826906635825,6.32963144725442
"e13 g5 h1 zoo",1,"e13","g5","h1","zoo",2,1,49,21,1.83782542637371e-05,10.9043424257578
"g1 g5 h1 zoo",1,"g1","g5","h1","zoo",97,1,49,21,0.000891345331791251,7.02277862781437
"e4 e5 h1 h3",1,"e4","e5","h1","h3",12,7,49,1,3.67565085274743e-05,10.2111952451979
"e4 e5 h1 h8",1,"e4","e5","h1","h8",12,7,49,1,3.67565085274743e-05,10.2111952451979
"e4 e5 h3 h8",1,"e4","e5","h3","h8",12,7,1,1,7.50132827091311e-07,14.1030155433085
"e4 h1 h3 h8",1,"e4","h1","h3","h8",12,49,1,1,5.25092978963918e-06,12.1571053942532
"e5 h1 h3 h8",1,"e5","h1","h3","h8",7,49,1,1,3.06304237728952e-06,12.6961018949859
"a1 d5 e24 f24",1,"a1","d5","e24","f24",136,5,2,1,1.21450076767165e-05,11.3185923634217
"a1 d5 e24 ant",1,"a1","d5","e24","ant",136,5,2,26,0.000315770199594628,8.06049582540022
"a1 d5 e24 zoo",1,"a1","d5","e24","zoo",136,5,2,21,0.000255045161211046,8.27406992569828
"a1 d5 f24 ant",1,"a1","d5","f24","ant",136,5,1,26,0.000157885099797314,8.75364300596017
"a1 d5 f24 zoo",1,"a1","d5","f24","zoo",136,5,1,21,0.000127522580605523,8.96721710625823
"a1 d5 ant zoo",1,"a1","d5","ant","zoo",136,5,26,21,0.0033155870957436,5.70912056823674
"a1 e24 f24 ant",1,"a1","e24","f24","ant",136,2,1,26,6.31540399189257e-05,9.66993373783432
"a1 e24 f24 zoo",1,"a1","e24","f24","zoo",136,2,1,21,5.10090322422092e-05,9.88350783813238
"a1 e24 ant zoo",1,"a1","e24","ant","zoo",136,2,26,21,0.00132623483829744,6.6254113001109
"a1 f24 ant zoo",1,"a1","f24","ant","zoo",136,1,26,21,0.000663117419148719,7.31855848067084
"d5 e24 f24 ant",1,"d5","e24","f24","ant",5,2,1,26,2.32183970290168e-06,12.9731507111363
"d5 e24 f24 zoo",1,"d5","e24","f24","zoo",5,2,1,21,1.87533206772828e-06,13.1867248114343
"d5 e24 ant zoo",1,"d5","e24","ant","zoo",5,2,26,21,4.87586337609352e-05,9.92862827341285
"d5 f24 ant zoo",1,"d5","f24","ant","zoo",5,1,26,21,2.43793168804676e-05,10.6217754539728
"e24 f24 ant zoo",1,"e24","f24","ant","zoo",2,1,26,21,9.75172675218705e-06,11.538066185847
"a24 b2 b10 c1",2,"a24","b2","b10","c1",69,28,50,125,0.107831593894376,2.92033176520884
"a24 b2 b10 e19",1,"a24","b2","b10","e19",69,28,50,3,0.00258795825346502,5.95688603328308
"a24 b2 c1 e19",1,"a24","b2","c1","e19",69,28,125,3,0.00646989563366256,5.04059530140893
"a24 b10 c1 e19",1,"a24","b10","c1","e19",69,50,125,3,0.0115533850601117,4.46077680615598
"b2 b10 c1 e19",1,"b2","b10","c1","e19",28,50,125,3,0.0046883301693207,5.36267880057804
"a24 c1 e19 f12",1,"a24","c1","e19","f12",69,125,3,22,0.00508348942644915,5.28175735822582
"a24 c1 e19 f29",1,"a24","c1","e19","f29",69,125,3,1,0.000231067701202234,8.37279981158413
"a24 c1 e19 ant",1,"a24","c1","e19","ant",69,125,3,26,0.00600776023125809,5.11470327356265
"a24 c1 f12 f29",1,"a24","c1","f12","f29",69,125,22,1,0.00169449647548305,6.38036964689393
"a24 c1 f12 ant",1,"a24","c1","f12","ant",69,125,22,26,0.0440569083625593,3.12227310887244
"a24 c1 f29 ant",1,"a24","c1","f29","ant",69,125,1,26,0.0020025867437527,6.21331556223076
"a24 e19 f12 f29",1,"a24","e19","f12","f29",69,3,22,1,4.06679154115932e-05,10.1100710955281
"a24 e19 f12 ant",1,"a24","e19","f12","ant",69,3,22,26,0.00105736580070142,6.85197455750663
"a24 e19 f29 ant",1,"a24","e19","f29","ant",69,3,1,26,4.80620818500647e-05,9.94301701086495
"a24 f12 f29 ant",1,"a24","f12","f29","ant",69,22,1,26,0.000352455266900475,7.95058684617474
"c1 e19 f12 f29",1,"c1","e19","f12","f29",125,3,22,1,7.36737598036109e-05,9.51586386282307
"c1 e19 f12 ant",1,"c1","e19","f12","ant",125,3,22,26,0.00191551775489388,6.25776732480159
"c1 e19 f29 ant",1,"c1","e19","f29","ant",125,3,1,26,8.70689888588129e-05,9.34880977815991
"c1 f12 f29 ant",1,"c1","f12","f29","ant",125,22,1,26,0.000638505918297961,7.3563796134697
"e19 f12 f29 ant",1,"e19","f12","f29","ant",3,22,1,26,1.53241420391511e-05,11.0860810621039
"a8 a24 a28 b3",1,"a8","a24","a28","b3",1,69,3,16,2.9576665753886e-05,10.4285248266467
"a8 a24 a28 b10",1,"a8","a24","a28","b10",1,69,3,50,9.24270804808937e-05,9.28909054345829
"a8 a24 a28 e4",1,"a8","a24","a28","e4",1,69,3,12,2.21824993154145e-05,10.7162068990984
"a8 a24 b3 b10",1,"a8","a24","b3","b10",1,69,16,50,0.000492944429231433,7.61511410988661
"a8 a24 b3 e4",1,"a8","a24","b3","e4",1,69,16,12,0.000118306663015544,9.04223046552676
"a8 a24 b10 e4",1,"a8","a24","b10","e4",1,69,50,12,0.000369708321923575,7.9027961823384
"a8 a28 b3 b10",1,"a8","a28","b3","b10",1,3,16,50,2.14323664883232e-05,10.7506083258158
"a8 a28 b3 e4",1,"a8","a28","b3","e4",1,3,16,12,5.14376795719756e-06,12.1777246814559
"a8 a28 b10 e4",1,"a8","a28","b10","e4",1,3,50,12,1.60742748662424e-05,11.0382903982675
"a8 b3 b10 e4",1,"a8","b3","b10","e4",1,16,50,12,8.57294659532927e-05,9.36431396469587
"a24 a28 b3 b10",1,"a24","a28","b3","b10",69,3,16,50,0.0014788332876943,6.5165018212185
"a24 a28 b3 e4",1,"a24","a28","b3","e4",69,3,16,12,0.000354919989046632,7.94361817685865
"a24 a28 b10 e4",1,"a24","a28","b10","e4",69,3,50,12,0.00110912496577072,6.80418389367029
"a24 b3 b10 e4",2,"a24","b3","b10","e4",69,16,50,12,0.0059153331507772,5.82335464065856
"a28 b3 b10 e4",1,"a28","b3","b10","e4",3,16,50,12,0.000257188397859878,8.26570167602776
"a1 a3 a24 d5",1,"a1","a3","a24","d5",136,22,69,5,0.0092180608266278,4.68659058602607
"a1 a3 a24 f11",1,"a1","a3","a24","f11",136,22,69,1,0.00184361216532556,6.29602849846017
"a1 a3 b10 d5",1,"a1","a3","b10","d5",136,22,50,5,0.00667975422219406,5.00867408519519
"a1 a3 b10 f11",1,"a1","a3","b10","f11",136,22,50,1,0.00133595084443881,6.61811199762929
"a1 a3 d5 f11",1,"a1","a3","d5","f11",136,22,5,1,0.000133595084443881,8.92069709062333
"a1 a3 d5 ant",1,"a1","a3","d5","ant",136,22,5,26,0.00347347219554091,5.66260055260185
"a1 a3 f11 ant",1,"a1","a3","f11","ant",136,22,1,26,0.000694694439108182,7.27203846503595
"a1 a24 b10 d5",2,"a1","a24","b10","d5",136,69,50,5,0.0209501382423359,4.55875721451619
"a1 a24 b10 f11",1,"a1","a24","b10","f11",136,69,50,1,0.00419002764846718,5.47504794639034
"a1 a24 d5 f11",1,"a1","a24","d5","f11",136,69,5,1,0.000419002764846718,7.77763303938439
"a1 a24 f11 ant",1,"a1","a24","f11","ant",136,69,1,26,0.00217881437720293,6.12897441379701
"a1 b10 d5 f11",1,"a1","b10","d5","f11",136,50,5,1,0.000303625191917912,8.0997165385535
"a1 b10 d5 ant",2,"a1","b10","d5","ant",136,50,5,26,0.00789425498986571,5.53476718109197
"a1 b10 f11 ant",1,"a1","b10","f11","ant",136,50,1,26,0.00157885099797314,6.45105791296612
"a1 d5 f11 ant",1,"a1","d5","f11","ant",136,5,1,26,0.000157885099797314,8.75364300596017
"a3 a24 b10 d5",1,"a3","a24","b10","d5",22,69,50,5,0.0033889929509661,5.68722246633398
"a3 a24 b10 f11",1,"a3","a24","b10","f11",22,69,50,1,0.000677798590193221,7.29666037876808
"a3 a24 d5 f11",1,"a3","a24","d5","f11",22,69,5,1,6.77798590193221e-05,9.59924547176213
"a3 a24 d5 ant",1,"a3","a24","d5","ant",22,69,5,26,0.00176227633450237,6.34114893374064
"a3 a24 f11 ant",1,"a3","a24","f11","ant",22,69,1,26,0.000352455266900475,7.95058684617474
"a3 b10 d5 f11",1,"a3","b10","d5","f11",22,50,5,1,4.9115839869074e-05,9.92132897093124
"a3 b10 d5 ant",1,"a3","b10","d5","ant",22,50,5,26,0.00127701183659592,6.66323243290976
"a3 b10 f11 ant",1,"a3","b10","f11","ant",22,50,1,26,0.000255402367319185,8.27267034534386
"a3 d5 f11 ant",1,"a3","d5","f11","ant",22,5,1,26,2.55402367319185e-05,10.5752554383379
"a24 b10 d5 f11",1,"a24","b10","d5","f11",69,50,5,1,0.000154045134134823,8.7782649196923
"a24 b10 d5 ant",2,"a24","b10","d5","ant",69,50,5,26,0.00400517348750539,6.21331556223076
"a24 b10 f11 ant",1,"a24","b10","f11","ant",69,50,1,26,0.000801034697501079,7.12960629410491
"a24 d5 f11 ant",1,"a24","d5","f11","ant",69,5,1,26,8.01034697501079e-05,9.43219138709896
"b10 d5 f11 ant",1,"b10","d5","f11","ant",50,5,1,26,5.8045992572542e-05,9.75427488626807
"a1 a9 a24 b3",1,"a1","a9","a24","b3",136,2,69,16,0.002681617695019,5.92133504901876
"a1 a9 a24 b12",1,"a1","a9","a24","b12",136,2,69,6,0.00100560663563212,6.90216430203049
"a1 a9 a24 b13",1,"a1","a9","a24","b13",136,2,69,11,0.00184361216532556,6.29602849846017
"a1 a9 a24 b17",1,"a1","a9","a24","b17",136,2,69,1,0.000167601105938687,8.69392377125854
"a1 a9 a24 b18",1,"a1","a9","a24","b18",136,2,69,2,0.000335202211877375,8.0007765906986
"a1 a9 a24 d6",1,"a1","a9","a24","d6",136,2,69,3,0.000502803317816062,7.59531148259043
"a1 a9 a24 e1",2,"a1","a9","a24","e1",136,2,69,17,0.00284921880095768,6.55385760776227
"a1 a9 a24 f5",1,"a1","a9","a24","f5",136,2,69,36,0.00603363981379274,5.11040483280243
"a1 a9 a24 ant",2,"a1","a9","a24","ant",136,2,69,26,0.00435762875440587,6.12897441379701
"a1 a9 b3 b12",1,"a1","a9","b3","b12",136,2,16,6,0.000233184147392956,8.36368208438797
"a1 a9 b3 b13",1,"a1","a9","b3","b13",136,2,16,11,0.00042750427022042,7.75754628081765
"a1 a9 b3 b17",1,"a1","a9","b3","b17",136,2,16,1,3.88640245654927e-05,10.155441553616
"a1 a9 b3 b18",1,"a1","a9","b3","b18",136,2,16,2,7.77280491309854e-05,9.46229437305608
"a1 a9 b3 d6",1,"a1","a9","b3","d6",136,2,16,3,0.000116592073696478,9.05682926494791
"a1 a9 b3 e1",1,"a1","a9","b3","e1",136,2,16,17,0.000660688417613376,7.32222820955981
"a1 a9 b3 f5",1,"a1","a9","b3","f5",136,2,16,36,0.00139910488435774,6.57192261515991
"a1 a9 b3 ant",1,"a1","a9","b3","ant",136,2,16,26,0.00101046463870281,6.89734501559454
"a1 a9 b12 b13",1,"a1","a9","b12","b13",136,2,6,11,0.000160314101332657,8.73837553382938
"a1 a9 b12 b17",1,"a1","a9","b12","b17",136,2,6,1,1.45740092120598e-05,11.1362708066277
"a1 a9 b12 b18",1,"a1","a9","b12","b18",136,2,6,2,2.91480184241195e-05,10.4431236260678
"a1 a9 b12 d6",1,"a1","a9","b12","d6",136,2,6,3,4.37220276361793e-05,10.0376585179596
"a1 a9 b12 e1",1,"a1","a9","b12","e1",136,2,6,17,0.000247758156605016,8.30305746257153
"a1 a9 b12 f5",1,"a1","a9","b12","f5",136,2,6,36,0.000524664331634151,7.55275186817164
"a1 a9 b12 ant",1,"a1","a9","b12","ant",136,2,6,26,0.000378924239513554,7.87817426860627
"a1 a9 b13 b17",1,"a1","a9","b13","b17",136,2,11,1,2.67190168887762e-05,10.5301350030574
"a1 a9 b13 b18",1,"a1","a9","b13","b18",136,2,11,2,5.34380337775525e-05,9.83698782249749
"a1 a9 b13 d6",1,"a1","a9","b13","d6",136,2,11,3,8.01570506663287e-05,9.43152271438932
"a1 a9 b13 e1",1,"a1","a9","b13","e1",136,2,11,17,0.000454223287109196,7.69692165900122
"a1 a9 b13 f5",1,"a1","a9","b13","f5",136,2,11,36,0.000961884607995944,6.94661606460132
"a1 a9 b13 ant",1,"a1","a9","b13","ant",136,2,11,26,0.000694694439108182,7.27203846503595
"a1 a9 b17 b18",1,"a1","a9","b17","b18",136,2,1,2,4.85800307068659e-06,12.2348830952959
"a1 a9 b17 d6",1,"a1","a9","b17","d6",136,2,1,3,7.28700460602988e-06,11.8294179871877
"a1 a9 b17 e1",1,"a1","a9","b17","e1",136,2,1,17,4.1293026100836e-05,10.0948169317996
"a1 a9 b17 f5",1,"a1","a9","b17","f5",136,2,1,36,8.74440552723586e-05,9.34451133739969
"a1 a9 b17 ant",1,"a1","a9","b17","ant",136,2,1,26,6.31540399189257e-05,9.66993373783432
"a1 a9 b18 d6",1,"a1","a9","b18","d6",136,2,2,3,1.45740092120598e-05,11.1362708066277
"a1 a9 b18 e1",1,"a1","a9","b18","e1",136,2,2,17,8.2586052201672e-05,9.40166975123964
"a1 a9 b18 f5",1,"a1","a9","b18","f5",136,2,2,36,0.000174888110544717,8.65136415683975
"a1 a9 b18 ant",1,"a1","a9","b18","ant",136,2,2,26,0.000126308079837851,8.97678655727438
"a1 a9 d6 e1",1,"a1","a9","d6","e1",136,2,3,17,0.000123879078302508,8.99620464313148
"a1 a9 d6 f5",1,"a1","a9","d6","f5",136,2,3,36,0.000262332165817076,8.24589904873158
"a1 a9 d6 ant",1,"a1","a9","d6","ant",136,2,3,26,0.000189462119756777,8.57132144916621
"a1 a9 e1 f5",1,"a1","a9","e1","f5",136,2,17,36,0.0014865489396301,6.51129799334348
"a1 a9 e1 ant",2,"a1","a9","e1","ant",136,2,17,26,0.00107361867862174,7.52986757433805
"a1 a9 f5 ant",1,"a1","a9","f5","ant",136,2,36,26,0.00227354543708132,6.08641479937821
"a1 a24 b3 b12",1,"a1","a24","b3","b12",136,69,16,6,0.00804485308505699,4.82272276035065
"a1 a24 b3 b13",1,"a1","a24","b3","b13",136,69,16,11,0.0147488973226045,4.21658695678034
"a1 a24 b3 b17",1,"a1","a24","b3","b17",136,69,16,1,0.0013408088475095,6.61448222957871
"a1 a24 b3 b18",1,"a1","a24","b3","b18",136,69,16,2,0.002681617695019,5.92133504901876
"a1 a24 b3 d6",1,"a1","a24","b3","d6",136,69,16,3,0.00402242654252849,5.5158699409106
"a1 a24 b3 e1",1,"a1","a24","b3","e1",136,69,16,17,0.0227937504076615,3.78126888552249
"a1 a24 b3 f5",1,"a1","a24","b3","f5",136,69,16,36,0.0482691185103419,3.0309632911226
"a1 a24 b3 ant",1,"a1","a24","b3","ant",136,69,16,26,0.034861030035247,3.35638569155723
"a1 a24 b12 b13",1,"a1","a24","b12","b13",136,69,6,11,0.00553083649597668,5.19741620979206
"a1 a24 b12 b17",1,"a1","a24","b12","b17",136,69,6,1,0.000502803317816062,7.59531148259043
"a1 a24 b12 b18",1,"a1","a24","b12","b18",136,69,6,2,0.00100560663563212,6.90216430203049
"a1 a24 b12 d6",1,"a1","a24","b12","d6",136,69,6,3,0.00150840995344819,6.49669919392232
"a1 a24 b12 e1",1,"a1","a24","b12","e1",136,69,6,17,0.00854765640287305,4.76209813853422
"a1 a24 b13 b17",1,"a1","a24","b13","b17",136,69,11,1,0.00092180608266278,6.98917567902012
"a1 a24 b13 b18",1,"a1","a24","b13","b18",136,69,11,2,0.00184361216532556,6.29602849846017
"a1 a24 b13 d6",1,"a1","a24","b13","d6",136,69,11,3,0.00276541824798834,5.89056339035201
"a1 a24 b13 e1",2,"a1","a24","b13","e1",136,69,11,17,0.0156707034052673,4.84910951552385
"a1 a24 b13 f5",1,"a1","a24","b13","f5",136,69,11,36,0.0331850189758601,3.40565674056401
"a1 a24 b13 ant",1,"a1","a24","b13","ant",136,69,11,26,0.0239669581492323,3.73107914099864
"a1 a24 b17 b18",1,"a1","a24","b17","b18",136,69,1,2,0.000167601105938687,8.69392377125854
"a1 a24 b17 d6",1,"a1","a24","b17","d6",136,69,1,3,0.000251401658908031,8.28845866315038
"a1 a24 b17 e1",1,"a1","a24","b17","e1",136,69,1,17,0.00142460940047884,6.55385760776227
"a1 a24 b17 f5",1,"a1","a24","b17","f5",136,69,1,36,0.00301681990689637,5.80355201336238
"a1 a24 b17 ant",1,"a1","a24","b17","ant",136,69,1,26,0.00217881437720293,6.12897441379701
"a1 a24 b18 d6",1,"a1","a24","b18","d6",136,69,2,3,0.000502803317816062,7.59531148259043
"a1 a24 b18 e1",1,"a1","a24","b18","e1",136,69,2,17,0.00284921880095768,5.86071042720233
"a1 a24 b18 f5",1,"a1","a24","b18","f5",136,69,2,36,0.00603363981379274,5.11040483280243
"a1 a24 b18 ant",1,"a1","a24","b18","ant",136,69,2,26,0.00435762875440587,5.43582723323706
"a1 a24 d6 e1",1,"a1","a24","d6","e1",136,69,3,17,0.00427382820143652,5.45524531909416
"a1 a24 d6 f5",1,"a1","a24","d6","f5",136,69,3,36,0.00905045972068911,4.70493972469427
"a1 a24 d6 ant",1,"a1","a24","d6","ant",136,69,3,26,0.0065364431316088,5.0303621251289
"a1 a24 e1 f5",1,"a1","a24","e1","f5",136,69,17,36,0.0512859384172383,2.97033866930616
"a1 a24 e1 ant",2,"a1","a24","e1","ant",136,69,17,26,0.0370398444124499,3.98890825030074
"a1 b3 b12 b13",1,"a1","b3","b12","b13",136,16,6,11,0.00128251281066126,6.65893399214954
"a1 b3 b12 b17",1,"a1","b3","b12","b17",136,16,6,1,0.000116592073696478,9.05682926494791
"a1 b3 b12 b18",1,"a1","b3","b12","b18",136,16,6,2,0.000233184147392956,8.36368208438797
"a1 b3 b12 d6",1,"a1","b3","b12","d6",136,16,6,3,0.000349776221089434,7.9582169762798
"a1 b3 b12 e1",1,"a1","b3","b12","e1",136,16,6,17,0.00198206525284013,6.2236159208917
"a1 b3 b12 f5",1,"a1","b3","b12","f5",136,16,6,36,0.00419731465307321,5.4733103264918
"a1 b3 b12 ant",1,"a1","b3","b12","ant",136,16,6,26,0.00303139391610843,5.79873272692643
"a1 b3 b13 b17",1,"a1","b3","b13","b17",136,16,11,1,0.00021375213511021,8.4506934613776
"a1 b3 b13 b18",1,"a1","b3","b13","b18",136,16,11,2,0.00042750427022042,7.75754628081765
"a1 b3 b13 d6",1,"a1","b3","b13","d6",136,16,11,3,0.00064125640533063,7.35208117270949
"a1 b3 b13 e1",1,"a1","b3","b13","e1",136,16,11,17,0.00363378629687357,5.61748011732138
"a1 b3 b13 f5",1,"a1","b3","b13","f5",136,16,11,36,0.00769507686396755,4.86717452292149
"a1 b3 b13 ant",1,"a1","b3","b13","ant",136,16,11,26,0.00555755551286546,5.19259692335612
"a1 b3 b17 b18",1,"a1","b3","b17","b18",136,16,1,2,3.88640245654927e-05,10.155441553616
"a1 b3 b17 d6",1,"a1","b3","b17","d6",136,16,1,3,5.82960368482391e-05,9.74997644550786
"a1 b3 b17 e1",1,"a1","b3","b17","e1",136,16,1,17,0.000330344208806688,8.01537539011975
"a1 b3 b17 f5",1,"a1","b3","b17","f5",136,16,1,36,0.000699552442178869,7.26506979571986
"a1 b3 b17 ant",1,"a1","b3","b17","ant",136,16,1,26,0.000505232319351405,7.59049219615449
"a1 b3 b18 d6",1,"a1","b3","b18","d6",136,16,2,3,0.000116592073696478,9.05682926494791
"a1 b3 b18 e1",1,"a1","b3","b18","e1",136,16,2,17,0.000660688417613376,7.32222820955981
"a1 b3 b18 f5",1,"a1","b3","b18","f5",136,16,2,36,0.00139910488435774,6.57192261515991
"a1 b3 b18 ant",1,"a1","b3","b18","ant",136,16,2,26,0.00101046463870281,6.89734501559454
"a1 b3 d6 e1",1,"a1","b3","d6","e1",136,16,3,17,0.000991032626420064,6.91676310145164
"a1 b3 d6 f5",1,"a1","b3","d6","f5",136,16,3,36,0.00209865732653661,6.16645750705175
"a1 b3 d6 ant",1,"a1","b3","d6","ant",136,16,3,26,0.00151569695805422,6.49187990748638
"a1 b3 e1 f5",1,"a1","b3","e1","f5",136,16,17,36,0.0118923915170408,4.43185645166364
"a1 b3 e1 ant",1,"a1","b3","e1","ant",136,16,17,26,0.00858894942897389,4.75727885209827
"a1 b3 f5 ant",1,"a1","b3","f5","ant",136,16,36,26,0.0181883634966506,4.00697325769838
"a1 b12 b13 b17",1,"a1","b12","b13","b17",136,6,11,1,8.01570506663287e-05,9.43152271438932
"a1 b12 b13 b18",1,"a1","b12","b13","b18",136,6,11,2,0.000160314101332657,8.73837553382938
"a1 b12 b13 d6",1,"a1","b12","b13","d6",136,6,11,3,0.000240471151998986,8.33291042572121
"a1 b12 b13 e1",1,"a1","b12","b13","e1",136,6,11,17,0.00136266986132759,6.59830937033311
"a1 b12 b13 f5",1,"a1","b12","b13","f5",136,6,11,36,0.00288565382398783,5.84800377593321
"a1 b12 b13 ant",1,"a1","b12","b13","ant",136,6,11,26,0.00208408331732455,6.17342617636784
"a1 b12 b17 b18",1,"a1","b12","b17","b18",136,6,1,2,1.45740092120598e-05,11.1362708066277
"a1 b12 b17 d6",1,"a1","b12","b17","d6",136,6,1,3,2.18610138180896e-05,10.7308056985196
"a1 b12 b17 e1",1,"a1","b12","b17","e1",136,6,1,17,0.000123879078302508,8.99620464313148
"a1 b12 b17 f5",1,"a1","b12","b17","f5",136,6,1,36,0.000262332165817076,8.24589904873158
"a1 b12 b17 ant",1,"a1","b12","b17","ant",136,6,1,26,0.000189462119756777,8.57132144916621
"a1 b12 b18 d6",1,"a1","b12","b18","d6",136,6,2,3,4.37220276361793e-05,10.0376585179596
"a1 b12 b18 e1",1,"a1","b12","b18","e1",136,6,2,17,0.000247758156605016,8.30305746257153
"a1 b12 b18 f5",1,"a1","b12","b18","f5",136,6,2,36,0.000524664331634151,7.55275186817164
"a1 b12 b18 ant",1,"a1","b12","b18","ant",136,6,2,26,0.000378924239513554,7.87817426860627
"a1 b12 d6 e1",1,"a1","b12","d6","e1",136,6,3,17,0.000371637234907524,7.89759235446337
"a1 b12 d6 f5",1,"a1","b12","d6","f5",136,6,3,36,0.000786996497451227,7.14728676006347
"a1 b12 d6 ant",1,"a1","b12","d6","ant",136,6,3,26,0.000568386359270331,7.4727091604981
"a1 b12 e1 f5",1,"a1","b12","e1","f5",136,6,17,36,0.00445964681889029,5.41268570467537
"a1 b12 e1 ant",1,"a1","b12","e1","ant",136,6,17,26,0.00322085603586521,5.73810810511
"a1 b13 b17 b18",1,"a1","b13","b17","b18",136,11,1,2,2.67190168887762e-05,10.5301350030574
"a1 b13 b17 d6",1,"a1","b13","b17","d6",136,11,1,3,4.00785253331643e-05,10.1246698949493
"a1 b13 b17 e1",1,"a1","b13","b17","e1",136,11,1,17,0.000227111643554598,8.39006883956116
"a1 b13 b17 f5",1,"a1","b13","b17","f5",136,11,1,36,0.000480942303997972,7.63976324516127
"a1 b13 b17 ant",1,"a1","b13","b17","ant",136,11,1,26,0.000347347219554091,7.9651856455959
"a1 b13 b18 d6",1,"a1","b13","b18","d6",136,11,2,3,8.01570506663287e-05,9.43152271438932
"a1 b13 b18 e1",1,"a1","b13","b18","e1",136,11,2,17,0.000454223287109196,7.69692165900122
"a1 b13 b18 f5",1,"a1","b13","b18","f5",136,11,2,36,0.000961884607995944,6.94661606460132
"a1 b13 b18 ant",1,"a1","b13","b18","ant",136,11,2,26,0.000694694439108182,7.27203846503595
"a1 b13 d6 e1",1,"a1","b13","d6","e1",136,11,3,17,0.000681334930663794,7.29145655089305
"a1 b13 d6 f5",1,"a1","b13","d6","f5",136,11,3,36,0.00144282691199392,6.54115095649316
"a1 b13 d6 ant",1,"a1","b13","d6","ant",136,11,3,26,0.00104204165866227,6.86657335692779
"a1 b13 e1 f5",1,"a1","b13","e1","f5",136,11,17,36,0.00817601916796553,4.80654990110505
"a1 b13 e1 ant",1,"a1","b13","e1","ant",136,11,17,26,0.00590490273241955,5.13197230153968
"a1 b13 f5 ant",1,"a1","b13","f5","ant",136,11,36,26,0.0125044999039473,4.38166670713979
"a1 b17 b18 d6",1,"a1","b17","b18","d6",136,1,2,3,7.28700460602988e-06,11.8294179871877
"a1 b17 b18 e1",1,"a1","b17","b18","e1",136,1,2,17,4.1293026100836e-05,10.0948169317996
"a1 b17 b18 f5",1,"a1","b17","b18","f5",136,1,2,36,8.74440552723586e-05,9.34451133739969
"a1 b17 b18 ant",1,"a1","b17","b18","ant",136,1,2,26,6.31540399189257e-05,9.66993373783432
"a1 b17 d6 e1",1,"a1","b17","d6","e1",136,1,3,17,6.1939539151254e-05,9.68935182369142
"a1 b17 d6 f5",1,"a1","b17","d6","f5",136,1,3,36,0.000131166082908538,8.93904622929153
"a1 b17 d6 ant",1,"a1","b17","d6","ant",136,1,3,26,9.47310598783885e-05,9.26446862972616
"a1 b17 e1 f5",1,"a1","b17","e1","f5",136,1,17,36,0.000743274469815048,7.20444517390342
"a1 b17 e1 ant",1,"a1","b17","e1","ant",136,1,17,26,0.000536809339310868,7.52986757433805
"a1 b17 f5 ant",1,"a1","b17","f5","ant",136,1,36,26,0.00113677271854066,6.77956197993816
"a1 b18 d6 e1",1,"a1","b18","d6","e1",136,2,3,17,0.000123879078302508,8.99620464313148
"a1 b18 d6 f5",1,"a1","b18","d6","f5",136,2,3,36,0.000262332165817076,8.24589904873158
"a1 b18 d6 ant",1,"a1","b18","d6","ant",136,2,3,26,0.000189462119756777,8.57132144916621
"a1 b18 e1 f5",1,"a1","b18","e1","f5",136,2,17,36,0.0014865489396301,6.51129799334348
"a1 b18 e1 ant",1,"a1","b18","e1","ant",136,2,17,26,0.00107361867862174,6.83672039377811
"a1 b18 f5 ant",1,"a1","b18","f5","ant",136,2,36,26,0.00227354543708132,6.08641479937821
"a1 d6 e1 f5",1,"a1","d6","e1","f5",136,3,17,36,0.00222982340944514,6.10583288523531
"a1 d6 e1 ant",1,"a1","d6","e1","ant",136,3,17,26,0.0016104280179326,6.43125528566994
"a1 d6 f5 ant",1,"a1","d6","f5","ant",136,3,36,26,0.00341031815562198,5.68094969127005
"a1 e1 f5 ant",1,"a1","e1","f5","ant",136,17,36,26,0.0193251362151912,3.94634863588194
"a9 a24 b3 b12",1,"a9","a24","b3","b12",2,69,16,6,0.000118306663015544,9.04223046552676
"a9 a24 b3 b13",1,"a9","a24","b3","b13",2,69,16,11,0.000216895548861831,8.43609466195644
"a9 a24 b3 b17",1,"a9","a24","b3","b17",2,69,16,1,1.97177771692573e-05,10.8339899347548
"a9 a24 b3 b18",1,"a9","a24","b3","b18",2,69,16,2,3.94355543385147e-05,10.1408427541949
"a9 a24 b3 d6",1,"a9","a24","b3","d6",2,69,16,3,5.9153331507772e-05,9.73537764608671
"a9 a24 b3 e1",1,"a9","a24","b3","e1",2,69,16,17,0.000335202211877375,8.0007765906986
"a9 a24 b3 f5",1,"a9","a24","b3","f5",2,69,16,36,0.000709839978093264,7.2504709962987
"a9 a24 b3 ant",1,"a9","a24","b3","ant",2,69,16,26,0.00051266220640069,7.57589339673333
"a9 a24 b12 b13",1,"a9","a24","b12","b13",2,69,6,11,8.13358308231865e-05,9.41692391496817
"a9 a24 b12 b17",1,"a9","a24","b12","b17",2,69,6,1,7.3941664384715e-06,11.8148191877665
"a9 a24 b12 b18",1,"a9","a24","b12","b18",2,69,6,2,1.4788332876943e-05,11.1216720072066
"a9 a24 b12 d6",1,"a9","a24","b12","d6",2,69,6,3,2.21824993154145e-05,10.7162068990984
"a9 a24 b12 e1",1,"a9","a24","b12","e1",2,69,6,17,0.000125700829454015,8.98160584371032
"a9 a24 b12 f5",1,"a9","a24","b12","f5",2,69,6,36,0.000266189991784974,8.23130024931043
"a9 a24 b12 ant",1,"a9","a24","b12","ant",2,69,6,26,0.000192248327400259,8.55672264974506
"a9 a24 b13 b17",1,"a9","a24","b13","b17",2,69,11,1,1.35559718038644e-05,11.2086833841962
"a9 a24 b13 b18",1,"a9","a24","b13","b18",2,69,11,2,2.71119436077288e-05,10.5155362036363
"a9 a24 b13 d6",1,"a9","a24","b13","d6",2,69,11,3,4.06679154115932e-05,10.1100710955281
"a9 a24 b13 e1",1,"a9","a24","b13","e1",2,69,11,17,0.000230451520665695,8.37547004014001
"a9 a24 b13 f5",1,"a9","a24","b13","f5",2,69,11,36,0.000488014984939119,7.62516444574012
"a9 a24 b13 ant",1,"a9","a24","b13","ant",2,69,11,26,0.000352455266900475,7.95058684617474
"a9 a24 b17 b18",1,"a9","a24","b17","b18",2,69,1,2,2.46472214615717e-06,12.9134314764347
"a9 a24 b17 d6",1,"a9","a24","b17","d6",2,69,1,3,3.69708321923575e-06,12.5079663683265
"a9 a24 b17 e1",1,"a9","a24","b17","e1",2,69,1,17,2.09501382423359e-05,10.7733653129384
"a9 a24 b17 f5",1,"a9","a24","b17","f5",2,69,1,36,4.4364998630829e-05,10.0230597185385
"a9 a24 b17 ant",1,"a9","a24","b17","ant",2,69,1,26,3.20413879000432e-05,10.3484821189731
"a9 a24 b18 d6",1,"a9","a24","b18","d6",2,69,2,3,7.3941664384715e-06,11.8148191877665
"a9 a24 b18 e1",1,"a9","a24","b18","e1",2,69,2,17,4.19002764846718e-05,10.0802181323784
"a9 a24 b18 f5",1,"a9","a24","b18","f5",2,69,2,36,8.8729997261658e-05,9.32991253797854
"a9 a24 b18 ant",1,"a9","a24","b18","ant",2,69,2,26,6.40827758000863e-05,9.65533493841317
"a9 a24 d6 e1",1,"a9","a24","d6","e1",2,69,3,17,6.28504147270077e-05,9.67475302427027
"a9 a24 d6 f5",1,"a9","a24","d6","f5",2,69,3,36,0.000133094995892487,8.92444742987038
"a9 a24 d6 ant",1,"a9","a24","d6","ant",2,69,3,26,9.61241637001295e-05,9.24986983030501
"a9 a24 e1 f5",1,"a9","a24","e1","f5",2,69,17,36,0.000754204976724093,7.18984637448227
"a9 a24 e1 ant",2,"a9","a24","e1","ant",2,69,17,26,0.000544703594300734,8.20841595547684
"a9 a24 f5 ant",1,"a9","a24","f5","ant",2,69,36,26,0.00115348996440155,6.764963180517
"a9 b3 b12 b13",1,"a9","b3","b12","b13",2,16,6,11,1.88604825097244e-05,10.8784416973256
"a9 b3 b12 b17",1,"a9","b3","b12","b17",2,16,6,1,1.71458931906585e-06,13.276336970124
"a9 b3 b12 b18",1,"a9","b3","b12","b18",2,16,6,2,3.42917863813171e-06,12.5831897895641
"a9 b3 b12 d6",1,"a9","b3","b12","d6",2,16,6,3,5.14376795719756e-06,12.1777246814559
"a9 b3 b12 e1",1,"a9","b3","b12","e1",2,16,6,17,2.91480184241195e-05,10.4431236260678
"a9 b3 b12 f5",1,"a9","b3","b12","f5",2,16,6,36,6.17252154863708e-05,9.69281803166791
"a9 b3 b12 ant",1,"a9","b3","b12","ant",2,16,6,26,4.45793222957122e-05,10.0182404321025
"a9 b3 b13 b17",1,"a9","b3","b13","b17",2,16,11,1,3.14341375162073e-06,12.6702011665537
"a9 b3 b13 b18",1,"a9","b3","b13","b18",2,16,11,2,6.28682750324147e-06,11.9770539859938
"a9 b3 b13 d6",1,"a9","b3","b13","d6",2,16,11,3,9.4302412548622e-06,11.5715888778856
"a9 b3 b13 e1",1,"a9","b3","b13","e1",2,16,11,17,5.34380337775525e-05,9.83698782249749
"a9 b3 b13 f5",1,"a9","b3","b13","f5",2,16,11,36,0.000113162895058346,9.08668222809759
"a9 b3 b13 ant",1,"a9","b3","b13","ant",2,16,11,26,8.17287575421391e-05,9.41210462853222
"a9 b3 b17 b18",1,"a9","b3","b17","b18",2,16,1,2,5.71529773021951e-07,14.3749492587921
"a9 b3 b17 d6",1,"a9","b3","b17","d6",2,16,1,3,8.57294659532927e-07,13.969484150684
"a9 b3 b17 e1",1,"a9","b3","b17","e1",2,16,1,17,4.85800307068659e-06,12.2348830952959
"a9 b3 b17 f5",1,"a9","b3","b17","f5",2,16,1,36,1.02875359143951e-05,11.484577500896
"a9 b3 b17 ant",1,"a9","b3","b17","ant",2,16,1,26,7.42988704928537e-06,11.8099999013306
"a9 b3 b18 d6",1,"a9","b3","b18","d6",2,16,2,3,1.71458931906585e-06,13.276336970124
"a9 b3 b18 e1",1,"a9","b3","b18","e1",2,16,2,17,9.71600614137317e-06,11.5417359147359
"a9 b3 b18 f5",1,"a9","b3","b18","f5",2,16,2,36,2.05750718287903e-05,10.791430320336
"a9 b3 b18 ant",1,"a9","b3","b18","ant",2,16,2,26,1.48597740985707e-05,11.1168527207706
"a9 b3 d6 e1",1,"a9","b3","d6","e1",2,16,3,17,1.45740092120598e-05,11.1362708066277
"a9 b3 d6 f5",1,"a9","b3","d6","f5",2,16,3,36,3.08626077431854e-05,10.3859652122279
"a9 b3 d6 ant",1,"a9","b3","d6","ant",2,16,3,26,2.22896611478561e-05,10.7113876126625
"a9 b3 e1 f5",1,"a9","b3","e1","f5",2,16,17,36,0.000174888110544717,8.65136415683975
"a9 b3 e1 ant",1,"a9","b3","e1","ant",2,16,17,26,0.000126308079837851,8.97678655727438
"a9 b3 f5 ant",1,"a9","b3","f5","ant",2,16,36,26,0.000267475933774273,8.22648096287448
"a9 b12 b13 b17",1,"a9","b12","b13","b17",2,6,11,1,1.17878015685777e-06,13.6510304195654
"a9 b12 b13 b18",1,"a9","b12","b13","b18",2,6,11,2,2.35756031371555e-06,12.9578832390055
"a9 b12 b13 d6",1,"a9","b12","b13","d6",2,6,11,3,3.53634047057332e-06,12.5524181308973
"a9 b12 b13 e1",1,"a9","b12","b13","e1",2,6,11,17,2.00392626665822e-05,10.8178170755092
"a9 b12 b13 f5",1,"a9","b12","b13","f5",2,6,11,36,4.24360856468799e-05,10.0675114811093
"a9 b12 b13 ant",1,"a9","b12","b13","ant",2,6,11,26,3.06482840783022e-05,10.3929338815439
"a9 b12 b17 b18",1,"a9","b12","b17","b18",2,6,1,2,2.14323664883232e-07,15.3557785118039
"a9 b12 b17 d6",1,"a9","b12","b17","d6",2,6,1,3,3.21485497324848e-07,14.9503134036957
"a9 b12 b17 e1",1,"a9","b12","b17","e1",2,6,1,17,1.82175115150747e-06,13.2157123483076
"a9 b12 b17 f5",1,"a9","b12","b17","f5",2,6,1,36,3.85782596789817e-06,12.4654067539077
"a9 b12 b17 ant",1,"a9","b12","b17","ant",2,6,1,26,2.78620764348201e-06,12.7908291543423
"a9 b12 b18 d6",1,"a9","b12","b18","d6",2,6,2,3,6.42970994649695e-07,14.2571662231357
"a9 b12 b18 e1",1,"a9","b12","b18","e1",2,6,2,17,3.64350230301494e-06,12.5225651677476
"a9 b12 b18 f5",1,"a9","b12","b18","f5",2,6,2,36,7.71565193579635e-06,11.7722595733477
"a9 b12 b18 ant",1,"a9","b12","b18","ant",2,6,2,26,5.57241528696403e-06,12.0976819737824
"a9 b12 d6 e1",1,"a9","b12","d6","e1",2,6,3,17,5.46525345452241e-06,12.1171000596395
"a9 b12 d6 f5",1,"a9","b12","d6","f5",2,6,3,36,1.15734779036945e-05,11.3667944652396
"a9 b12 d6 ant",1,"a9","b12","d6","ant",2,6,3,26,8.35862293044604e-06,11.6922168656742
"a9 b12 e1 f5",1,"a9","b12","e1","f5",2,6,17,36,6.55830414542689e-05,9.63219340985147
"a9 b12 e1 ant",1,"a9","b12","e1","ant",2,6,17,26,4.73655299391942e-05,9.9576158102861
"a9 b12 f5 ant",1,"a9","b12","f5","ant",2,6,36,26,0.000100303475165352,9.20731021588621
"a9 b13 b17 b18",1,"a9","b13","b17","b18",2,11,1,2,3.92926718952592e-07,14.7496427082335
"a9 b13 b17 d6",1,"a9","b13","b17","d6",2,11,1,3,5.89390078428888e-07,14.3441776001254
"a9 b13 b17 e1",1,"a9","b13","b17","e1",2,11,1,17,3.33987711109703e-06,12.6095765447373
"a9 b13 b17 f5",1,"a9","b13","b17","f5",2,11,1,36,7.07268094114665e-06,11.8592709503374
"a9 b13 b17 ant",1,"a9","b13","b17","ant",2,11,1,26,5.10804734638369e-06,12.184693350772
"a9 b13 b18 d6",1,"a9","b13","b18","d6",2,11,2,3,1.17878015685778e-06,13.6510304195654
"a9 b13 b18 e1",1,"a9","b13","b18","e1",2,11,2,17,6.67975422219406e-06,11.9164293641773
"a9 b13 b18 f5",1,"a9","b13","b18","f5",2,11,2,36,1.41453618822933e-05,11.1661237697774
"a9 b13 b18 ant",1,"a9","b13","b18","ant",2,11,2,26,1.02160946927674e-05,11.4915461702121
"a9 b13 d6 e1",1,"a9","b13","d6","e1",2,11,3,17,1.00196313332911e-05,11.5109642560692
"a9 b13 d6 f5",1,"a9","b13","d6","f5",2,11,3,36,2.12180428234399e-05,10.7606586616693
"a9 b13 d6 ant",1,"a9","b13","d6","ant",2,11,3,26,1.53241420391511e-05,11.0860810621039
"a9 b13 e1 f5",1,"a9","b13","e1","f5",2,11,17,36,0.000120235575999493,9.02605760628116
"a9 b13 e1 ant",1,"a9","b13","e1","ant",2,11,17,26,8.68368048885228e-05,9.35148000671579
"a9 b13 f5 ant",1,"a9","b13","f5","ant",2,11,36,26,0.000183889704469813,8.60117441231589
"a9 b17 b18 d6",1,"a9","b17","b18","d6",2,1,2,3,1.07161832441616e-07,16.0489256923638
"a9 b17 b18 e1",1,"a9","b17","b18","e1",2,1,2,17,6.07250383835823e-07,14.3143246369757
"a9 b17 b18 f5",1,"a9","b17","b18","f5",2,1,2,36,1.28594198929939e-06,13.5640190425758
"a9 b17 b18 ant",1,"a9","b17","b18","ant",2,1,2,26,9.28735881160671e-07,13.8894414430104
"a9 b17 d6 e1",1,"a9","b17","d6","e1",2,1,3,17,9.10875575753735e-07,13.9088595288675
"a9 b17 d6 f5",1,"a9","b17","d6","f5",2,1,3,36,1.92891298394909e-06,13.1585539344676
"a9 b17 d6 ant",1,"a9","b17","d6","ant",2,1,3,26,1.39310382174101e-06,13.4839763349023
"a9 b17 e1 f5",1,"a9","b17","e1","f5",2,1,17,36,1.09305069090448e-05,11.4239528790795
"a9 b17 e1 ant",1,"a9","b17","e1","ant",2,1,17,26,7.8942549898657e-06,11.7493752795142
"a9 b17 f5 ant",1,"a9","b17","f5","ant",2,1,36,26,1.67172458608921e-05,10.9990696851143
"a9 b18 d6 e1",1,"a9","b18","d6","e1",2,2,3,17,1.82175115150747e-06,13.2157123483076
"a9 b18 d6 f5",1,"a9","b18","d6","f5",2,2,3,36,3.85782596789817e-06,12.4654067539077
"a9 b18 d6 ant",1,"a9","b18","d6","ant",2,2,3,26,2.78620764348201e-06,12.7908291543423
"a9 b18 e1 f5",1,"a9","b18","e1","f5",2,2,17,36,2.18610138180896e-05,10.7308056985196
"a9 b18 e1 ant",1,"a9","b18","e1","ant",2,2,17,26,1.57885099797314e-05,11.0562280989542
"a9 b18 f5 ant",1,"a9","b18","f5","ant",2,2,36,26,3.34344917217842e-05,10.3059225045543
"a9 d6 e1 f5",1,"a9","d6","e1","f5",2,3,17,36,3.27915207271345e-05,10.3253405904114
"a9 d6 e1 ant",1,"a9","d6","e1","ant",2,3,17,26,2.36827649695971e-05,10.650762990846
"a9 d6 f5 ant",1,"a9","d6","f5","ant",2,3,36,26,5.01517375826762e-05,9.90045739644615
"a9 e1 f5 ant",1,"a9","e1","f5","ant",2,17,36,26,0.000284193179635165,8.16585634105805
"a24 b3 b12 b13",1,"a24","b3","b12","b13",69,16,6,11,0.000650686646585492,7.33748237328833
"a24 b3 b12 b17",1,"a24","b3","b12","b17",69,16,6,1,5.9153331507772e-05,9.73537764608671
"a24 b3 b12 b18",1,"a24","b3","b12","b18",69,16,6,2,0.000118306663015544,9.04223046552676
"a24 b3 b12 d6",1,"a24","b3","b12","d6",69,16,6,3,0.000177459994523316,8.6367653574186
"a24 b3 b12 e1",1,"a24","b3","b12","e1",69,16,6,17,0.00100560663563212,6.90216430203049
"a24 b3 b12 f5",1,"a24","b3","b12","f5",69,16,6,36,0.00212951993427979,6.1518587076306
"a24 b3 b12 ant",1,"a24","b3","b12","ant",69,16,6,26,0.00153798661920207,6.47728110806522
"a24 b3 b13 b17",1,"a24","b3","b13","b17",69,16,11,1,0.000108447774430915,9.12924184251639
"a24 b3 b13 b18",1,"a24","b3","b13","b18",69,16,11,2,0.000216895548861831,8.43609466195644
"a24 b3 b13 d6",1,"a24","b3","b13","d6",69,16,11,3,0.000325343323292746,8.03062955384828
"a24 b3 b13 e1",1,"a24","b3","b13","e1",69,16,11,17,0.00184361216532556,6.29602849846017
"a24 b3 b13 f5",1,"a24","b3","b13","f5",69,16,11,36,0.00390411987951295,5.54572290406028
"a24 b3 b13 ant",1,"a24","b3","b13","ant",69,16,11,26,0.0028196421352038,5.87114530449491
"a24 b3 b17 b18",1,"a24","b3","b17","b18",69,16,1,2,1.97177771692573e-05,10.8339899347548
"a24 b3 b17 d6",1,"a24","b3","b17","d6",69,16,1,3,2.9576665753886e-05,10.4285248266467
"a24 b3 b17 e1",1,"a24","b3","b17","e1",69,16,1,17,0.000167601105938687,8.69392377125854
"a24 b3 b17 f5",1,"a24","b3","b17","f5",69,16,1,36,0.000354919989046632,7.94361817685865
"a24 b3 b17 ant",1,"a24","b3","b17","ant",69,16,1,26,0.000256331103200345,8.26904057729328
"a24 b3 b18 d6",1,"a24","b3","b18","d6",69,16,2,3,5.9153331507772e-05,9.73537764608671
"a24 b3 b18 e1",1,"a24","b3","b18","e1",69,16,2,17,0.000335202211877375,8.0007765906986
"a24 b3 b18 f5",1,"a24","b3","b18","f5",69,16,2,36,0.000709839978093264,7.2504709962987
"a24 b3 b18 ant",1,"a24","b3","b18","ant",69,16,2,26,0.00051266220640069,7.57589339673333
"a24 b3 d6 e1",1,"a24","b3","d6","e1",69,16,3,17,0.000502803317816062,7.59531148259043
"a24 b3 d6 f5",1,"a24","b3","d6","f5",69,16,3,36,0.0010647599671399,6.84500588819054
"a24 b3 d6 ant",1,"a24","b3","d6","ant",69,16,3,26,0.000768993309601036,7.17042828862517
"a24 b3 e1 f5",1,"a24","b3","e1","f5",69,16,17,36,0.00603363981379274,5.11040483280243
"a24 b3 e1 ant",1,"a24","b3","e1","ant",69,16,17,26,0.00435762875440587,5.43582723323706
"a24 b3 f5 ant",1,"a24","b3","f5","ant",69,16,36,26,0.00922791971521243,4.68552163883717
"a24 b12 b13 b17",1,"a24","b12","b13","b17",69,6,11,1,4.06679154115932e-05,10.1100710955281
"a24 b12 b13 b18",1,"a24","b12","b13","b18",69,6,11,2,8.13358308231865e-05,9.41692391496817
"a24 b12 b13 d6",1,"a24","b12","b13","d6",69,6,11,3,0.00012200374623478,9.01145880686001
"a24 b12 b13 e1",1,"a24","b12","b13","e1",69,6,11,17,0.000691354561997085,7.2768577514719
"a24 b12 b13 f5",1,"a24","b12","b13","f5",69,6,11,36,0.00146404495481736,6.52655215707201
"a24 b12 b13 ant",1,"a24","b12","b13","ant",69,6,11,26,0.00105736580070142,6.85197455750663
"a24 b12 b17 b18",1,"a24","b12","b17","b18",69,6,1,2,7.3941664384715e-06,11.8148191877665
"a24 b12 b17 d6",1,"a24","b12","b17","d6",69,6,1,3,1.10912496577072e-05,11.4093540796584
"a24 b12 b17 e1",1,"a24","b12","b17","e1",69,6,1,17,6.28504147270077e-05,9.67475302427027
"a24 b12 b17 f5",1,"a24","b12","b17","f5",69,6,1,36,0.000133094995892487,8.92444742987038
"a24 b12 b17 ant",1,"a24","b12","b17","ant",69,6,1,26,9.61241637001295e-05,9.249869830305
"a24 b12 b18 d6",1,"a24","b12","b18","d6",69,6,2,3,2.21824993154145e-05,10.7162068990984
"a24 b12 b18 e1",1,"a24","b12","b18","e1",69,6,2,17,0.000125700829454015,8.98160584371032
"a24 b12 b18 f5",1,"a24","b12","b18","f5",69,6,2,36,0.000266189991784974,8.23130024931043
"a24 b12 b18 ant",1,"a24","b12","b18","ant",69,6,2,26,0.000192248327400259,8.55672264974506
"a24 b12 d6 e1",1,"a24","b12","d6","e1",69,6,3,17,0.000188551244181023,8.57614073560216
"a24 b12 d6 f5",1,"a24","b12","d6","f5",69,6,3,36,0.000399284987677461,7.82583514120227
"a24 b12 d6 ant",1,"a24","b12","d6","ant",69,6,3,26,0.000288372491100388,8.15125754163689
"a24 b12 e1 f5",1,"a24","b12","e1","f5",69,6,17,36,0.00226261493017228,6.09123408581416
"a24 b12 e1 ant",1,"a24","b12","e1","ant",69,6,17,26,0.0016341107829022,6.41665648624879
"a24 b13 b17 b18",1,"a24","b13","b17","b18",69,11,1,2,1.35559718038644e-05,11.2086833841962
"a24 b13 b17 d6",1,"a24","b13","b17","d6",69,11,1,3,2.03339577057966e-05,10.8032182760881
"a24 b13 b17 e1",1,"a24","b13","b17","e1",69,11,1,17,0.000115225760332847,9.06861722069996
"a24 b13 b17 f5",1,"a24","b13","b17","f5",69,11,1,36,0.000244007492469559,8.31831162630006
"a24 b13 b17 ant",1,"a24","b13","b17","ant",69,11,1,26,0.000176227633450237,8.64373402673469
"a24 b13 b18 d6",1,"a24","b13","b18","d6",69,11,2,3,4.06679154115932e-05,10.1100710955281
"a24 b13 b18 e1",1,"a24","b13","b18","e1",69,11,2,17,0.000230451520665695,8.37547004014001
"a24 b13 b18 f5",1,"a24","b13","b18","f5",69,11,2,36,0.000488014984939119,7.62516444574012
"a24 b13 b18 ant",1,"a24","b13","b18","ant",69,11,2,26,0.000352455266900475,7.95058684617474
"a24 b13 d6 e1",1,"a24","b13","d6","e1",69,11,3,17,0.000345677280998542,7.97000493203185
"a24 b13 d6 f5",1,"a24","b13","d6","f5",69,11,3,36,0.000732022477408678,7.21969933763195
"a24 b13 d6 ant",1,"a24","b13","d6","ant",69,11,3,26,0.000528682900350712,7.54512173806658
"a24 b13 e1 f5",1,"a24","b13","e1","f5",69,11,17,36,0.00414812737198251,5.48509828224384
"a24 b13 e1 ant",1,"a24","b13","e1","ant",69,11,17,26,0.00299586976865403,5.81052068267847
"a24 b13 f5 ant",1,"a24","b13","f5","ant",69,11,36,26,0.00634419480420854,5.06021508827858
"a24 b17 b18 d6",1,"a24","b17","b18","d6",69,1,2,3,3.69708321923575e-06,12.5079663683265
"a24 b17 b18 e1",1,"a24","b17","b18","e1",69,1,2,17,2.09501382423359e-05,10.7733653129384
"a24 b17 b18 f5",1,"a24","b17","b18","f5",69,1,2,36,4.4364998630829e-05,10.0230597185385
"a24 b17 b18 ant",1,"a24","b17","b18","ant",69,1,2,26,3.20413879000432e-05,10.3484821189731
"a24 b17 d6 e1",1,"a24","b17","d6","e1",69,1,3,17,3.14252073635039e-05,10.3679002048302
"a24 b17 d6 f5",1,"a24","b17","d6","f5",69,1,3,36,6.65474979462435e-05,9.61759461043032
"a24 b17 d6 ant",1,"a24","b17","d6","ant",69,1,3,26,4.80620818500647e-05,9.94301701086495
"a24 b17 e1 f5",1,"a24","b17","e1","f5",69,1,17,36,0.000377102488362046,7.88299355504222
"a24 b17 e1 ant",1,"a24","b17","e1","ant",69,1,17,26,0.000272351797150367,8.20841595547684
"a24 b17 f5 ant",1,"a24","b17","f5","ant",69,1,36,26,0.000576744982200777,7.45811036107695
"a24 b18 d6 e1",1,"a24","b18","d6","e1",69,2,3,17,6.28504147270077e-05,9.67475302427027
"a24 b18 d6 f5",1,"a24","b18","d6","f5",69,2,3,36,0.000133094995892487,8.92444742987038
"a24 b18 d6 ant",1,"a24","b18","d6","ant",69,2,3,26,9.61241637001295e-05,9.24986983030501
"a24 b18 e1 f5",1,"a24","b18","e1","f5",69,2,17,36,0.000754204976724093,7.18984637448227
"a24 b18 e1 ant",1,"a24","b18","e1","ant",69,2,17,26,0.000544703594300734,7.5152687749169
"a24 b18 f5 ant",1,"a24","b18","f5","ant",69,2,36,26,0.00115348996440155,6.764963180517
"a24 d6 e1 f5",1,"a24","d6","e1","f5",69,3,17,36,0.00113130746508614,6.78438126637411
"a24 d6 e1 ant",1,"a24","d6","e1","ant",69,3,17,26,0.0008170553914511,7.10980366680873
"a24 d6 f5 ant",1,"a24","d6","f5","ant",69,3,36,26,0.00173023494660233,6.35949807240884
"a24 e1 f5 ant",1,"a24","e1","f5","ant",69,17,36,26,0.00980466469741321,4.62489701702073
"b3 b12 b13 b17",1,"b3","b12","b13","b17",16,6,11,1,9.4302412548622e-06,11.5715888778856
"b3 b12 b13 b18",1,"b3","b12","b13","b18",16,6,11,2,1.88604825097244e-05,10.8784416973256
"b3 b12 b13 d6",1,"b3","b12","b13","d6",16,6,11,3,2.82907237645866e-05,10.4729765892175
"b3 b12 b13 e1",1,"b3","b12","b13","e1",16,6,11,17,0.000160314101332657,8.73837553382938
"b3 b12 b13 f5",1,"b3","b12","b13","f5",16,6,11,36,0.000339488685175039,7.98806993942948
"b3 b12 b13 ant",1,"b3","b12","b13","ant",16,6,11,26,0.000245186272626417,8.31349233986411
"b3 b12 b17 b18",1,"b3","b12","b17","b18",16,6,1,2,1.71458931906585e-06,13.276336970124
"b3 b12 b17 d6",1,"b3","b12","b17","d6",16,6,1,3,2.57188397859878e-06,12.8708718620159
"b3 b12 b17 e1",1,"b3","b12","b17","e1",16,6,1,17,1.45740092120598e-05,11.1362708066277
"b3 b12 b17 f5",1,"b3","b12","b17","f5",16,6,1,36,3.08626077431854e-05,10.3859652122279
"b3 b12 b17 ant",1,"b3","b12","b17","ant",16,6,1,26,2.22896611478561e-05,10.7113876126625
"b3 b12 b18 d6",1,"b3","b12","b18","d6",16,6,2,3,5.14376795719756e-06,12.1777246814559
"b3 b12 b18 e1",1,"b3","b12","b18","e1",16,6,2,17,2.91480184241195e-05,10.4431236260678
"b3 b12 b18 f5",1,"b3","b12","b18","f5",16,6,2,36,6.17252154863708e-05,9.69281803166791
"b3 b12 b18 ant",1,"b3","b12","b18","ant",16,6,2,26,4.45793222957122e-05,10.0182404321025
"b3 b12 d6 e1",1,"b3","b12","d6","e1",16,6,3,17,4.37220276361793e-05,10.0376585179596
"b3 b12 d6 f5",1,"b3","b12","d6","f5",16,6,3,36,9.25878232295561e-05,9.28735292355974
"b3 b12 d6 ant",1,"b3","b12","d6","ant",16,6,3,26,6.68689834435683e-05,9.61277532399437
"b3 b12 e1 f5",1,"b3","b12","e1","f5",16,6,17,36,0.000524664331634151,7.55275186817164
"b3 b12 e1 ant",1,"b3","b12","e1","ant",16,6,17,26,0.000378924239513554,7.87817426860627
"b3 b12 f5 ant",1,"b3","b12","f5","ant",16,6,36,26,0.00080242780132282,7.12786867420637
"b3 b13 b17 b18",1,"b3","b13","b17","b18",16,11,1,2,3.14341375162073e-06,12.6702011665537
"b3 b13 b17 d6",1,"b3","b13","b17","d6",16,11,1,3,4.7151206274311e-06,12.2647360584455
"b3 b13 b17 e1",1,"b3","b13","b17","e1",16,11,1,17,2.67190168887762e-05,10.5301350030574
"b3 b13 b17 f5",1,"b3","b13","b17","f5",16,11,1,36,5.65814475291732e-05,9.77982940865754
"b3 b13 b17 ant",1,"b3","b13","b17","ant",16,11,1,26,4.08643787710695e-05,10.1052518090922
"b3 b13 b18 d6",1,"b3","b13","b18","d6",16,11,2,3,9.4302412548622e-06,11.5715888778856
"b3 b13 b18 e1",1,"b3","b13","b18","e1",16,11,2,17,5.34380337775525e-05,9.83698782249749
"b3 b13 b18 f5",1,"b3","b13","b18","f5",16,11,2,36,0.000113162895058346,9.08668222809759
"b3 b13 b18 ant",1,"b3","b13","b18","ant",16,11,2,26,8.17287575421391e-05,9.41210462853222
"b3 b13 d6 e1",1,"b3","b13","d6","e1",16,11,3,17,8.01570506663287e-05,9.43152271438932
"b3 b13 d6 f5",1,"b3","b13","d6","f5",16,11,3,36,0.00016974434258752,8.68121711998943
"b3 b13 d6 ant",1,"b3","b13","d6","ant",16,11,3,26,0.000122593136313209,9.00663952042406
"b3 b13 e1 f5",1,"b3","b13","e1","f5",16,11,17,36,0.000961884607995944,6.94661606460132
"b3 b13 e1 ant",1,"b3","b13","e1","ant",16,11,17,26,0.000694694439108182,7.27203846503595
"b3 b13 f5 ant",1,"b3","b13","f5","ant",16,11,36,26,0.0014711176357585,6.52173287063606
"b3 b17 b18 d6",1,"b3","b17","b18","d6",16,1,2,3,8.57294659532927e-07,13.969484150684
"b3 b17 b18 e1",1,"b3","b17","b18","e1",16,1,2,17,4.85800307068659e-06,12.2348830952959
"b3 b17 b18 f5",1,"b3","b17","b18","f5",16,1,2,36,1.02875359143951e-05,11.484577500896
"b3 b17 b18 ant",1,"b3","b17","b18","ant",16,1,2,26,7.42988704928537e-06,11.8099999013306
"b3 b17 d6 e1",1,"b3","b17","d6","e1",16,1,3,17,7.28700460602988e-06,11.8294179871877
"b3 b17 d6 f5",1,"b3","b17","d6","f5",16,1,3,36,1.54313038715927e-05,11.0791123927878
"b3 b17 d6 ant",1,"b3","b17","d6","ant",16,1,3,26,1.11448305739281e-05,11.4045347932224
"b3 b17 e1 f5",1,"b3","b17","e1","f5",16,1,17,36,8.74440552723586e-05,9.34451133739969
"b3 b17 e1 ant",1,"b3","b17","e1","ant",16,1,17,26,6.31540399189256e-05,9.66993373783432
"b3 b17 f5 ant",1,"b3","b17","f5","ant",16,1,36,26,0.000133737966887137,8.91962814343443
"b3 b18 d6 e1",1,"b3","b18","d6","e1",16,2,3,17,1.45740092120598e-05,11.1362708066277
"b3 b18 d6 f5",1,"b3","b18","d6","f5",16,2,3,36,3.08626077431854e-05,10.3859652122279
"b3 b18 d6 ant",1,"b3","b18","d6","ant",16,2,3,26,2.22896611478561e-05,10.7113876126625
"b3 b18 e1 f5",1,"b3","b18","e1","f5",16,2,17,36,0.000174888110544717,8.65136415683975
"b3 b18 e1 ant",1,"b3","b18","e1","ant",16,2,17,26,0.000126308079837851,8.97678655727438
"b3 b18 f5 ant",1,"b3","b18","f5","ant",16,2,36,26,0.000267475933774273,8.22648096287448
"b3 d6 e1 f5",1,"b3","d6","e1","f5",16,3,17,36,0.000262332165817076,8.24589904873158
"b3 d6 e1 ant",1,"b3","d6","e1","ant",16,3,17,26,0.000189462119756777,8.57132144916621
"b3 d6 f5 ant",1,"b3","d6","f5","ant",16,3,36,26,0.00040121390066141,7.82101585476632
"b3 e1 f5 ant",1,"b3","e1","f5","ant",16,17,36,26,0.00227354543708132,6.08641479937821
"b12 b13 b17 b18",1,"b12","b13","b17","b18",6,11,1,2,1.17878015685777e-06,13.6510304195654
"b12 b13 b17 d6",1,"b12","b13","b17","d6",6,11,1,3,1.76817023528666e-06,13.2455653114573
"b12 b13 b17 e1",1,"b12","b13","b17","e1",6,11,1,17,1.00196313332911e-05,11.5109642560692
"b12 b13 b17 f5",1,"b12","b13","b17","f5",6,11,1,36,2.12180428234399e-05,10.7606586616693
"b12 b13 b17 ant",1,"b12","b13","b17","ant",6,11,1,26,1.53241420391511e-05,11.0860810621039
"b12 b13 b18 d6",1,"b12","b13","b18","d6",6,11,2,3,3.53634047057332e-06,12.5524181308973
"b12 b13 b18 e1",1,"b12","b13","b18","e1",6,11,2,17,2.00392626665822e-05,10.8178170755092
"b12 b13 b18 f5",1,"b12","b13","b18","f5",6,11,2,36,4.24360856468799e-05,10.0675114811093
"b12 b13 b18 ant",1,"b12","b13","b18","ant",6,11,2,26,3.06482840783022e-05,10.3929338815439
"b12 b13 d6 e1",1,"b12","b13","d6","e1",6,11,3,17,3.00588939998733e-05,10.412351967401
"b12 b13 d6 f5",1,"b12","b13","d6","f5",6,11,3,36,6.36541284703198e-05,9.66204637300116
"b12 b13 d6 ant",1,"b12","b13","d6","ant",6,11,3,26,4.59724261174532e-05,9.98746877343578
"b12 b13 e1 f5",1,"b12","b13","e1","f5",6,11,17,36,0.000360706727998479,7.92744531761305
"b12 b13 e1 ant",1,"b12","b13","e1","ant",6,11,17,26,0.000260510414665568,8.25286771804768
"b12 b13 f5 ant",1,"b12","b13","f5","ant",6,11,36,26,0.000551669113409439,7.50256212364778
"b12 b17 b18 d6",1,"b12","b17","b18","d6",6,1,2,3,3.21485497324848e-07,14.9503134036957
"b12 b17 b18 e1",1,"b12","b17","b18","e1",6,1,2,17,1.82175115150747e-06,13.2157123483076
"b12 b17 b18 f5",1,"b12","b17","b18","f5",6,1,2,36,3.85782596789817e-06,12.4654067539077
"b12 b17 b18 ant",1,"b12","b17","b18","ant",6,1,2,26,2.78620764348201e-06,12.7908291543423
"b12 b17 d6 e1",1,"b12","b17","d6","e1",6,1,3,17,2.73262672726121e-06,12.8102472401994
"b12 b17 d6 f5",1,"b12","b17","d6","f5",6,1,3,36,5.78673895184726e-06,12.0599416457995
"b12 b17 d6 ant",1,"b12","b17","d6","ant",6,1,3,26,4.17931146522302e-06,12.3853640462342
"b12 b17 e1 f5",1,"b12","b17","e1","f5",6,1,17,36,3.27915207271345e-05,10.3253405904114
"b12 b17 e1 ant",1,"b12","b17","e1","ant",6,1,17,26,2.36827649695971e-05,10.650762990846
"b12 b17 f5 ant",1,"b12","b17","f5","ant",6,1,36,26,5.01517375826762e-05,9.90045739644615
"b12 b18 d6 e1",1,"b12","b18","d6","e1",6,2,3,17,5.46525345452241e-06,12.1171000596395
"b12 b18 d6 f5",1,"b12","b18","d6","f5",6,2,3,36,1.15734779036945e-05,11.3667944652396
"b12 b18 d6 ant",1,"b12","b18","d6","ant",6,2,3,26,8.35862293044604e-06,11.6922168656742
"b12 b18 e1 f5",1,"b12","b18","e1","f5",6,2,17,36,6.55830414542689e-05,9.63219340985147
"b12 b18 e1 ant",1,"b12","b18","e1","ant",6,2,17,26,4.73655299391942e-05,9.9576158102861
"b12 b18 f5 ant",1,"b12","b18","f5","ant",6,2,36,26,0.000100303475165352,9.20731021588621
"b12 d6 e1 f5",1,"b12","d6","e1","f5",6,3,17,36,9.83745621814034e-05,9.22672830174331
"b12 d6 e1 ant",1,"b12","d6","e1","ant",6,3,17,26,7.10482949087913e-05,9.55215070217794
"b12 d6 f5 ant",1,"b12","d6","f5","ant",6,3,36,26,0.000150455212748029,8.80184510777804
"b12 e1 f5 ant",1,"b12","e1","f5","ant",6,17,36,26,0.000852579538905496,7.06724405238994
"b13 b17 b18 d6",1,"b13","b17","b18","d6",11,1,2,3,5.89390078428888e-07,14.3441776001254
"b13 b17 b18 e1",1,"b13","b17","b18","e1",11,1,2,17,3.33987711109703e-06,12.6095765447373
"b13 b17 b18 f5",1,"b13","b17","b18","f5",11,1,2,36,7.07268094114665e-06,11.8592709503374
"b13 b17 b18 ant",1,"b13","b17","b18","ant",11,1,2,26,5.10804734638369e-06,12.184693350772
"b13 b17 d6 e1",1,"b13","b17","d6","e1",11,1,3,17,5.00981566664554e-06,12.2041114366291
"b13 b17 d6 f5",1,"b13","b17","d6","f5",11,1,3,36,1.060902141172e-05,11.4538058422292
"b13 b17 d6 ant",1,"b13","b17","d6","ant",11,1,3,26,7.66207101957554e-06,11.7792282426638
"b13 b17 e1 f5",1,"b13","b17","e1","f5",11,1,17,36,6.01177879997465e-05,9.7192047868411
"b13 b17 e1 ant",1,"b13","b17","e1","ant",11,1,17,26,4.34184024442614e-05,10.0446271872757
"b13 b17 f5 ant",1,"b13","b17","f5","ant",11,1,36,26,9.19448522349065e-05,9.29432159287584
"b13 b18 d6 e1",1,"b13","b18","d6","e1",11,2,3,17,1.00196313332911e-05,11.5109642560692
"b13 b18 d6 f5",1,"b13","b18","d6","f5",11,2,3,36,2.12180428234399e-05,10.7606586616693
"b13 b18 d6 ant",1,"b13","b18","d6","ant",11,2,3,26,1.53241420391511e-05,11.0860810621039
"b13 b18 e1 f5",1,"b13","b18","e1","f5",11,2,17,36,0.000120235575999493,9.02605760628116
"b13 b18 e1 ant",1,"b13","b18","e1","ant",11,2,17,26,8.68368048885228e-05,9.35148000671579
"b13 b18 f5 ant",1,"b13","b18","f5","ant",11,2,36,26,0.000183889704469813,8.60117441231589
"b13 d6 e1 f5",1,"b13","d6","e1","f5",11,3,17,36,0.00018035336399924,8.62059249817299
"b13 d6 e1 ant",1,"b13","d6","e1","ant",11,3,17,26,0.000130255207332784,8.94601489860762
"b13 d6 f5 ant",1,"b13","d6","f5","ant",11,3,36,26,0.000275834556704719,8.19570930420773
"b13 e1 f5 ant",1,"b13","e1","f5","ant",11,17,36,26,0.00156306248799341,6.46110824881962
"b17 b18 d6 e1",1,"b17","b18","d6","e1",1,2,3,17,9.10875575753735e-07,13.9088595288675
"b17 b18 d6 f5",1,"b17","b18","d6","f5",1,2,3,36,1.92891298394909e-06,13.1585539344676
"b17 b18 d6 ant",1,"b17","b18","d6","ant",1,2,3,26,1.39310382174101e-06,13.4839763349023
"b17 b18 e1 f5",1,"b17","b18","e1","f5",1,2,17,36,1.09305069090448e-05,11.4239528790795
"b17 b18 e1 ant",1,"b17","b18","e1","ant",1,2,17,26,7.8942549898657e-06,11.7493752795142
"b17 b18 f5 ant",1,"b17","b18","f5","ant",1,2,36,26,1.67172458608921e-05,10.9990696851143
"b17 d6 e1 f5",1,"b17","d6","e1","f5",1,3,17,36,1.63957603635672e-05,11.0184877709714
"b17 d6 e1 ant",1,"b17","d6","e1","ant",1,3,17,26,1.18413824847986e-05,11.343910171406
"b17 d6 f5 ant",1,"b17","d6","f5","ant",1,3,36,26,2.50758687913381e-05,10.5936045770061
"b17 e1 f5 ant",1,"b17","e1","f5","ant",1,17,36,26,0.000142096589817583,8.85900352161799
"b18 d6 e1 f5",1,"b18","d6","e1","f5",2,3,17,36,3.27915207271345e-05,10.3253405904114
"b18 d6 e1 ant",1,"b18","d6","e1","ant",2,3,17,26,2.36827649695971e-05,10.650762990846
"b18 d6 f5 ant",1,"b18","d6","f5","ant",2,3,36,26,5.01517375826762e-05,9.90045739644615
"b18 e1 f5 ant",1,"b18","e1","f5","ant",2,17,36,26,0.000284193179635165,8.16585634105805
"d6 e1 f5 ant",1,"d6","e1","f5","ant",3,17,36,26,0.000426289769452748,7.76039123294988
"a1 b2 b6 c1",1,"a1","b2","b6","c1",136,28,14,125,0.0595105376159107,2.82160187932298
"a1 b2 b6 g1",1,"a1","b2","b6","g1",136,28,14,97,0.0461801771899467,3.0752046381219
"a1 b6 c1 g1",1,"a1","b6","c1","g1",136,14,125,97,0.206161505312262,1.57909541099481
"b2 b6 c1 g1",1,"b2","b6","c1","g1",28,14,125,97,0.0424450157995834,3.15954578655565
"a5 b1 c1 f12",1,"a5","b1","c1","f12",19,13,125,22,0.00606580622383063,5.10508781486321
"a1 a3 b2 b10",1,"a1","a3","b2","b10",136,22,28,50,0.0374066236442867,3.28590748745408
"a1 a3 b2 c11",1,"a1","a3","b2","c11",136,22,28,2,0.00149626494577147,6.50478331232228
"a1 a3 b10 c1",1,"a1","a3","b10","c1",136,22,50,125,0.166993855554851,1.78979826032699
"a1 a3 b10 c11",1,"a1","a3","b10","c11",136,22,50,2,0.00267190168887762,5.92496481706934
"a1 a3 b10 g1",1,"a1","a3","b10","g1",136,22,50,97,0.129587231910565,2.0434010191259
"a1 a3 c1 c11",1,"a1","a3","c1","c11",136,22,125,2,0.00667975422219406,5.00867408519519
"a1 a3 c11 g1",1,"a1","a3","c11","g1",136,22,2,97,0.00518348927642259,5.2622768439941
"a1 b2 b10 c1",2,"a1","b2","b10","c1",136,28,50,125,0.212537634342538,2.24178338407004
"a1 b2 b10 c11",1,"a1","b2","b10","c11",136,28,50,2,0.00340060214948061,5.68380276025245
"a1 b2 b10 g1",1,"a1","b2","b10","g1",136,28,50,97,0.16492920424981,1.80223896230902
"a1 b2 c1 c11",1,"a1","b2","c1","c11",136,28,125,2,0.00850150537370153,4.7675120283783
"a1 b2 c11 g1",1,"a1","b2","c11","g1",136,28,2,97,0.00659716816999239,5.02111478717722
"a1 b10 c1 c11",2,"a1","b10","c1","c11",136,50,125,2,0.0151812595958956,4.8808407136853
"a1 b10 c1 g1",1,"a1","b10","c1","g1",136,50,125,97,0.736291090400936,0.306129735181919
"a1 b10 c11 g1",1,"a1","b10","c11","g1",136,50,2,97,0.011780657446415,4.44129629192427
"a1 c1 c11 g1",1,"a1","c1","c11","g1",136,125,2,97,0.0294516436160374,3.52500556005012
"a3 b2 b10 c1",1,"a3","b2","b10","c1",22,28,50,125,0.0343810879083518,3.37024863588783
"a3 b2 b10 c11",1,"a3","b2","b10","c11",22,28,50,2,0.000550097406533628,7.50541519263019
"a3 b2 b10 g1",1,"a3","b2","b10","g1",22,28,50,97,0.026679724216881,3.62385139468675
"a3 b2 c1 c11",1,"a3","b2","c1","c11",22,28,125,2,0.00137524351633407,6.58912446075603
"a3 b2 c11 g1",1,"a3","b2","c11","g1",22,28,2,97,0.00106718896867524,6.84272721955495
"a3 b10 c1 c11",1,"a3","b10","c1","c11",22,50,125,2,0.0024557919934537,6.00930596550309
"a3 b10 c1 g1",1,"a3","b10","c1","g1",22,50,125,97,0.119105911682504,2.12774216755966
"a3 b10 c11 g1",1,"a3","b10","c11","g1",22,50,2,97,0.00190569458692007,6.26290872430201
"a3 c1 c11 g1",1,"a3","c1","c11","g1",22,125,2,97,0.00476423646730017,5.34661799242786
"b2 b10 c1 c11",1,"b2","b10","c1","c11",28,50,125,2,0.0031255534462138,5.7681439086862
"b2 b10 c1 g1",1,"b2","b10","c1","g1",28,50,125,97,0.151589342141369,1.88658011074277
"b2 b10 c11 g1",1,"b2","b10","c11","g1",28,50,2,97,0.00242542947426191,6.02174666748512
"b2 c1 c11 g1",1,"b2","c1","c11","g1",28,125,2,97,0.00606357368565477,5.10545593561097
"b10 c1 c11 g1",1,"b10","c1","c11","g1",50,125,2,97,0.0108278101529549,4.52563744035803
"a1 a5 a24 a28",1,"a1","a5","a24","a28",136,19,69,3,0.00477663151925259,5.34401968398394
"a1 a5 a24 b2",1,"a1","a5","a24","b2",136,19,69,28,0.0445818941796908,3.11042746247685
"a1 a5 a28 b2",1,"a1","a5","a28","b2",136,19,3,28,0.00193834322520395,6.24592167840599
"a1 a5 a28 b10",1,"a1","a5","a28","b10",136,19,3,50,0.00346132718786419,5.66610318315305
"a1 a5 b2 b10",1,"a1","a5","b2","b10",136,19,28,50,0.0323057204200658,3.43251096164596
"a1 a24 a28 b2",1,"a1","a24","a28","b2",136,69,3,28,0.00703924644942487,4.95625415297518
"a1 a24 a28 b10",1,"a1","a24","a28","b10",136,69,3,50,0.0125700829454015,4.37643565772223
"a1 a24 b2 b10",2,"a1","a24","b2","b10",136,69,28,50,0.117320774157081,2.83599061677508
"a1 a28 b2 b10",1,"a1","a28","b2","b10",136,3,28,50,0.00510090322422092,5.27833765214429
"a5 a24 a28 b2",1,"a5","a24","a28","b2",19,69,3,28,0.000983424136316709,6.92447005954479
"a5 a24 a28 b10",1,"a5","a24","a28","b10",19,69,3,50,0.00175611452913698,6.34465156429185
"a5 a24 b2 b10",1,"a5","a24","b2","b10",19,69,28,50,0.0163904022719452,4.11105934278475
"a5 a28 b2 b10",1,"a5","a28","b2","b10",19,3,28,50,0.000712626185736746,7.2465535587139
"a24 a28 b2 b10",1,"a24","a28","b2","b10",69,3,28,50,0.00258795825346502,5.95688603328308
"a1 a9 a24 b10",1,"a1","a9","a24","b10",136,2,69,50,0.00838005529693437,4.7819007658304
"a1 a9 a24 c1",1,"a1","a9","a24","c1",136,2,69,125,0.0209501382423359,3.86561003395624
"a1 a9 a24 c10",1,"a1","a9","a24","c10",136,2,69,3,0.000502803317816062,7.59531148259043
"a1 a9 a24 c11",1,"a1","a9","a24","c11",136,2,69,2,0.000335202211877375,8.0007765906986
"a1 a9 a24 d3",1,"a1","a9","a24","d3",136,2,69,8,0.0013408088475095,6.61448222957871
"a1 a9 a24 d5",1,"a1","a9","a24","d5",136,2,69,5,0.000838005529693436,7.08448585882444
"a1 a9 a24 e5",1,"a1","a9","a24","e5",136,2,69,7,0.00117320774157081,6.74801362220323
"a1 a9 a24 f14",1,"a1","a9","a24","f14",136,2,69,16,0.002681617695019,5.92133504901876
"a1 a9 b10 c1",1,"a1","a9","b10","c1",136,2,50,125,0.0151812595958956,4.18769353312536
"a1 a9 b10 c10",1,"a1","a9","b10","c10",136,2,50,3,0.000364350230301494,7.91739498175955
"a1 a9 b10 c11",1,"a1","a9","b10","c11",136,2,50,2,0.000242900153534329,8.32286008986771
"a1 a9 b10 d3",1,"a1","a9","b10","d3",136,2,50,8,0.000971600614137318,6.93656572874782
"a1 a9 b10 d5",1,"a1","a9","b10","d5",136,2,50,5,0.000607250383835824,7.40656935799356
"a1 a9 b10 e1",1,"a1","a9","b10","e1",136,2,50,17,0.0020646513050418,6.18279392637144
"a1 a9 b10 e5",1,"a1","a9","b10","e5",136,2,50,7,0.000850150537370153,7.07009712137234
"a1 a9 b10 f14",1,"a1","a9","b10","f14",136,2,50,16,0.00194320122827464,6.24341854818788
"a1 a9 b10 ant",1,"a1","a9","b10","ant",136,2,50,26,0.00315770199594628,5.75791073240618
"a1 a9 c1 c10",1,"a1","a9","c1","c10",136,2,125,3,0.000910875575753735,7.00110424988539
"a1 a9 c1 c11",1,"a1","a9","c1","c11",136,2,125,2,0.000607250383835824,7.40656935799356
"a1 a9 c1 d3",1,"a1","a9","c1","d3",136,2,125,8,0.00242900153534329,6.02027499687367
"a1 a9 c1 d5",1,"a1","a9","c1","d5",136,2,125,5,0.00151812595958956,6.4902786261194
"a1 a9 c1 e1",1,"a1","a9","c1","e1",136,2,125,17,0.0051616282626045,5.26650319449729
"a1 a9 c1 e5",1,"a1","a9","c1","e5",136,2,125,7,0.00212537634342538,6.15380638949819
"a1 a9 c1 f14",1,"a1","a9","c1","f14",136,2,125,16,0.00485800307068659,5.32712781631372
"a1 a9 c1 ant",1,"a1","a9","c1","ant",136,2,125,26,0.00789425498986571,4.84162000053202
"a1 a9 c10 c11",1,"a1","a9","c10","c11",136,2,3,2,1.45740092120598e-05,11.1362708066277
"a1 a9 c10 d3",1,"a1","a9","c10","d3",136,2,3,8,5.82960368482391e-05,9.74997644550786
"a1 a9 c10 d5",1,"a1","a9","c10","d5",136,2,3,5,3.64350230301494e-05,10.2199800747536
"a1 a9 c10 e1",1,"a1","a9","c10","e1",136,2,3,17,0.000123879078302508,8.99620464313148
"a1 a9 c10 e5",1,"a1","a9","c10","e5",136,2,3,7,5.10090322422092e-05,9.88350783813238
"a1 a9 c10 f14",1,"a1","a9","c10","f14",136,2,3,16,0.000116592073696478,9.05682926494791
"a1 a9 c10 ant",1,"a1","a9","c10","ant",136,2,3,26,0.000189462119756777,8.57132144916621
"a1 a9 c11 d3",1,"a1","a9","c11","d3",136,2,2,8,3.88640245654927e-05,10.155441553616
"a1 a9 c11 d5",1,"a1","a9","c11","d5",136,2,2,5,2.42900153534329e-05,10.6254451828618
"a1 a9 c11 e1",1,"a1","a9","c11","e1",136,2,2,17,8.2586052201672e-05,9.40166975123964
"a1 a9 c11 e5",1,"a1","a9","c11","e5",136,2,2,7,3.40060214948061e-05,10.2889729462405
"a1 a9 c11 f14",1,"a1","a9","c11","f14",136,2,2,16,7.77280491309854e-05,9.46229437305608
"a1 a9 c11 ant",1,"a1","a9","c11","ant",136,2,2,26,0.000126308079837851,8.97678655727438
"a1 a9 d3 d5",1,"a1","a9","d3","d5",136,2,8,5,9.71600614137318e-05,9.23915082174187
"a1 a9 d3 e1",1,"a1","a9","d3","e1",136,2,8,17,0.000330344208806688,8.01537539011975
"a1 a9 d3 e5",1,"a1","a9","d3","e5",136,2,8,7,0.000136024085979224,8.90267858512065
"a1 a9 d3 f14",1,"a1","a9","d3","f14",136,2,8,16,0.000310912196523942,8.07600001193619
"a1 a9 d3 ant",1,"a1","a9","d3","ant",136,2,8,26,0.000505232319351405,7.59049219615449
"a1 a9 d5 e1",1,"a1","a9","d5","e1",136,2,5,17,0.00020646513050418,8.48537901936549
"a1 a9 d5 e5",1,"a1","a9","d5","e5",136,2,5,7,8.50150537370153e-05,9.37268221436639
"a1 a9 d5 f14",1,"a1","a9","d5","f14",136,2,5,16,0.000194320122827464,8.54600364118192
"a1 a9 d5 ant",1,"a1","a9","d5","ant",136,2,5,26,0.000315770199594628,8.06049582540022
"a1 a9 e1 e5",1,"a1","a9","e1","e5",136,2,17,7,0.000289051182705852,8.14890678274427
"a1 a9 e1 f14",1,"a1","a9","e1","f14",136,2,17,16,0.000660688417613376,7.32222820955981
"a1 a9 e5 f14",1,"a1","a9","e5","f14",136,2,7,16,0.000272048171958449,8.20953140456071
"a1 a9 e5 ant",1,"a1","a9","e5","ant",136,2,7,26,0.00044207827943248,7.72402358877901
"a1 a9 f14 ant",1,"a1","a9","f14","ant",136,2,16,26,0.00101046463870281,6.89734501559454
"a1 a24 b10 c1",3,"a1","a24","b10","c1",136,69,50,125,0.523753456058398,1.74534649775615
"a1 a24 b10 c10",1,"a1","a24","b10","c10",136,69,50,3,0.0125700829454015,4.37643565772223
"a1 a24 b10 c11",1,"a1","a24","b10","c11",136,69,50,2,0.00838005529693436,4.7819007658304
"a1 a24 b10 d3",1,"a1","a24","b10","d3",136,69,50,8,0.0335202211877375,3.39560640471051
"a1 a24 b10 e1",2,"a1","a24","b10","e1",136,69,50,17,0.0712304700239421,3.33498178289407
"a1 a24 b10 e5",1,"a1","a24","b10","e5",136,69,50,7,0.0293301935392703,3.52913779733503
"a1 a24 b10 f14",1,"a1","a24","b10","f14",136,69,50,16,0.0670404423754749,2.70245922415056
"a1 a24 c1 c11",1,"a1","a24","c1","c11",136,69,125,2,0.0209501382423359,3.86561003395624
"a1 a24 c1 d3",1,"a1","a24","c1","d3",136,69,125,8,0.0838005529693436,2.47931567283635
"a1 a24 c1 e1",2,"a1","a24","c1","e1",136,69,125,17,0.178076175059855,2.41869105101992
"a1 a24 c1 e5",1,"a1","a24","c1","e5",136,69,125,7,0.0733254838481757,2.61284706546087
"a1 a24 c1 ant",1,"a1","a24","c1","ant",136,69,125,26,0.272351797150367,1.30066067649471
"a1 a24 c10 c11",1,"a1","a24","c10","c11",136,69,3,2,0.000502803317816062,7.59531148259043
"a1 a24 c10 d3",1,"a1","a24","c10","d3",136,69,3,8,0.00201121327126425,6.20901712147054
"a1 a24 c10 d5",1,"a1","a24","c10","d5",136,69,3,5,0.00125700829454015,6.67902075071628
"a1 a24 c10 e1",1,"a1","a24","c10","e1",136,69,3,17,0.00427382820143652,5.45524531909416
"a1 a24 c10 e5",1,"a1","a24","c10","e5",136,69,3,7,0.00175981161235622,6.34254851409507
"a1 a24 c10 f14",1,"a1","a24","c10","f14",136,69,3,16,0.00402242654252849,5.5158699409106
"a1 a24 c10 ant",1,"a1","a24","c10","ant",136,69,3,26,0.0065364431316088,5.0303621251289
"a1 a24 c11 d3",1,"a1","a24","c11","d3",136,69,2,8,0.0013408088475095,6.61448222957871
"a1 a24 c11 d5",1,"a1","a24","c11","d5",136,69,2,5,0.000838005529693436,7.08448585882444
"a1 a24 c11 e1",1,"a1","a24","c11","e1",136,69,2,17,0.00284921880095768,5.86071042720233
"a1 a24 c11 e5",1,"a1","a24","c11","e5",136,69,2,7,0.00117320774157081,6.74801362220323
"a1 a24 c11 f14",1,"a1","a24","c11","f14",136,69,2,16,0.002681617695019,5.92133504901876
"a1 a24 c11 ant",1,"a1","a24","c11","ant",136,69,2,26,0.00435762875440587,5.43582723323706
"a1 a24 d3 d5",1,"a1","a24","d3","d5",136,69,8,5,0.00335202211877375,5.69819149770455
"a1 a24 d3 e1",1,"a1","a24","d3","e1",136,69,8,17,0.0113968752038307,4.47441606608244
"a1 a24 d3 e5",1,"a1","a24","d3","e5",136,69,8,7,0.00469283096628324,5.36171926108334
"a1 a24 d3 f14",1,"a1","a24","d3","f14",136,69,8,16,0.010726470780076,4.53504068789887
"a1 a24 d3 ant",1,"a1","a24","d3","ant",136,69,8,26,0.0174305150176235,4.04953287211717
"a1 a24 d5 e1",1,"a1","a24","d5","e1",136,69,5,17,0.00712304700239421,4.94441969532817
"a1 a24 d5 e5",1,"a1","a24","d5","e5",136,69,5,7,0.00293301935392703,5.83172289032908
"a1 a24 d5 f14",1,"a1","a24","d5","f14",136,69,5,16,0.00670404423754749,5.00504431714461
"a1 a24 e1 e5",1,"a1","a24","e1","e5",136,69,17,7,0.00997226580335189,4.60794745870696
"a1 a24 e1 f14",1,"a1","a24","e1","f14",136,69,17,16,0.0227937504076615,3.78126888552249
"a1 a24 e5 f14",1,"a1","a24","e5","f14",136,69,7,16,0.00938566193256649,4.6685720805234
"a1 a24 e5 ant",1,"a1","a24","e5","ant",136,69,7,26,0.0152517006404205,4.18306426474169
"a1 a24 f14 ant",1,"a1","a24","f14","ant",136,69,16,26,0.034861030035247,3.35638569155723
"a1 b10 c1 c10",1,"a1","b10","c1","c10",136,50,125,3,0.0227718893938434,3.78222842501719
"a1 b10 c1 d3",1,"a1","b10","c1","d3",136,50,125,8,0.0607250383835824,2.80139917200547
"a1 b10 c1 d5",1,"a1","b10","c1","d5",136,50,125,5,0.037953148989739,3.2714028012512
"a1 b10 c1 e5",1,"a1","b10","c1","e5",136,50,125,7,0.0531344085856346,2.93493056462999
"a1 b10 c1 ant",1,"a1","b10","c1","ant",136,50,125,26,0.197356374746643,1.62274417566382
"a1 b10 c10 c11",1,"a1","b10","c10","c11",136,50,3,2,0.000364350230301494,7.91739498175955
"a1 b10 c10 d3",1,"a1","b10","c10","d3",136,50,3,8,0.00145740092120598,6.53110062063966
"a1 b10 c10 d5",1,"a1","b10","c10","d5",136,50,3,5,0.000910875575753735,7.00110424988539
"a1 b10 c10 e1",1,"a1","b10","c10","e1",136,50,3,17,0.0030969769575627,5.77732881826328
"a1 b10 c10 e5",1,"a1","b10","c10","e5",136,50,3,7,0.00127522580605523,6.66463201326418
"a1 b10 c10 f14",1,"a1","b10","c10","f14",136,50,3,16,0.00291480184241195,5.83795344007971
"a1 b10 c10 ant",1,"a1","b10","c10","ant",136,50,3,26,0.00473655299391942,5.35244562429801
"a1 b10 c11 d3",1,"a1","b10","c11","d3",136,50,2,8,0.000971600614137318,6.93656572874782
"a1 b10 c11 d5",1,"a1","b10","c11","d5",136,50,2,5,0.000607250383835824,7.40656935799356
"a1 b10 c11 e1",1,"a1","b10","c11","e1",136,50,2,17,0.0020646513050418,6.18279392637144
"a1 b10 c11 e5",1,"a1","b10","c11","e5",136,50,2,7,0.000850150537370153,7.07009712137234
"a1 b10 c11 f14",1,"a1","b10","c11","f14",136,50,2,16,0.00194320122827464,6.24341854818788
"a1 b10 c11 ant",1,"a1","b10","c11","ant",136,50,2,26,0.00315770199594628,5.75791073240618
"a1 b10 d3 d5",1,"a1","b10","d3","d5",136,50,8,5,0.00242900153534329,6.02027499687367
"a1 b10 d3 e1",1,"a1","b10","d3","e1",136,50,8,17,0.0082586052201672,4.79649956525155
"a1 b10 d3 e5",1,"a1","b10","d3","e5",136,50,8,7,0.00340060214948061,5.68380276025245
"a1 b10 d3 f14",1,"a1","b10","d3","f14",136,50,8,16,0.00777280491309854,4.85712418706799
"a1 b10 d3 ant",1,"a1","b10","d3","ant",136,50,8,26,0.0126308079837851,4.37161637128628
"a1 b10 d5 e1",1,"a1","b10","d5","e1",136,50,5,17,0.0051616282626045,5.26650319449729
"a1 b10 d5 e5",1,"a1","b10","d5","e5",136,50,5,7,0.00212537634342538,6.15380638949819
"a1 b10 d5 f14",1,"a1","b10","d5","f14",136,50,5,16,0.00485800307068659,5.32712781631372
"a1 b10 e1 e5",1,"a1","b10","e1","e5",136,50,17,7,0.0072262795676463,4.93003095787607
"a1 b10 e1 ant",1,"a1","b10","e1","ant",136,50,17,26,0.0268404669655434,3.6178445689099
"a1 b10 e5 f14",1,"a1","b10","e5","f14",136,50,7,16,0.00680120429896122,4.99065557969251
"a1 b10 e5 ant",1,"a1","b10","e5","ant",136,50,7,26,0.011051956985812,4.50514776391081
"a1 b10 f14 ant",1,"a1","b10","f14","ant",136,50,16,26,0.0252616159675703,3.67846919072634
"a1 c1 c10 c11",1,"a1","c1","c10","c11",136,125,3,2,0.000910875575753735,7.00110424988539
"a1 c1 c10 d3",1,"a1","c1","c10","d3",136,125,3,8,0.00364350230301494,5.6148098887655
"a1 c1 c10 d5",1,"a1","c1","c10","d5",136,125,3,5,0.00227718893938434,6.08481351801124
"a1 c1 c10 e1",1,"a1","c1","c10","e1",136,125,3,17,0.00774244239390675,4.86103808638912
"a1 c1 c10 e5",1,"a1","c1","c10","e5",136,125,3,7,0.00318806451513807,5.74834128139002
"a1 c1 c10 f14",1,"a1","c1","c10","f14",136,125,3,16,0.00728700460602988,4.92166270820556
"a1 c1 c10 ant",1,"a1","c1","c10","ant",136,125,3,26,0.0118413824847986,4.43615489242386
"a1 c1 c11 d3",1,"a1","c1","c11","d3",136,125,2,8,0.00242900153534329,6.02027499687367
"a1 c1 c11 d5",1,"a1","c1","c11","d5",136,125,2,5,0.00151812595958956,6.4902786261194
"a1 c1 c11 e1",1,"a1","c1","c11","e1",136,125,2,17,0.0051616282626045,5.26650319449729
"a1 c1 c11 e5",1,"a1","c1","c11","e5",136,125,2,7,0.00212537634342538,6.15380638949819
"a1 c1 c11 f14",1,"a1","c1","c11","f14",136,125,2,16,0.00485800307068659,5.32712781631372
"a1 c1 c11 ant",1,"a1","c1","c11","ant",136,125,2,26,0.00789425498986571,4.84162000053202
"a1 c1 d3 d5",1,"a1","c1","d3","d5",136,125,8,5,0.00607250383835824,5.10398426499951
"a1 c1 d3 e1",1,"a1","c1","d3","e1",136,125,8,17,0.020646513050418,3.8802088333774
"a1 c1 d3 e5",1,"a1","c1","d3","e5",136,125,8,7,0.00850150537370153,4.7675120283783
"a1 c1 d3 f14",1,"a1","c1","d3","f14",136,125,8,16,0.0194320122827464,3.94083345519383
"a1 c1 d3 ant",1,"a1","c1","d3","ant",136,125,8,26,0.0315770199594628,3.45532563941213
"a1 c1 d5 e1",1,"a1","c1","d5","e1",136,125,5,17,0.0129040706565113,4.35021246262313
"a1 c1 d5 e5",1,"a1","c1","d5","e5",136,125,5,7,0.00531344085856346,5.23751565762403
"a1 c1 d5 f14",1,"a1","c1","d5","f14",136,125,5,16,0.0121450076767165,4.41083708443957
"a1 c1 d5 ant",1,"a1","c1","d5","ant",136,125,5,26,0.0197356374746643,3.92532926865786
"a1 c1 e1 e5",1,"a1","c1","e1","e5",136,125,17,7,0.0180656989191158,4.01374022600192
"a1 c1 e1 ant",1,"a1","c1","e1","ant",136,125,17,26,0.0671011674138585,2.70155383703575
"a1 c1 e5 f14",1,"a1","c1","e5","f14",136,125,7,16,0.0170030107474031,4.07436484781835
"a1 c1 e5 ant",1,"a1","c1","e5","ant",136,125,7,26,0.02762989246453,3.58885703203665
"a1 c1 f14 ant",1,"a1","c1","f14","ant",136,125,16,26,0.0631540399189257,2.76217845885218
"a1 c10 c11 d3",1,"a1","c10","c11","d3",136,3,2,8,5.82960368482391e-05,9.74997644550786
"a1 c10 c11 d5",1,"a1","c10","c11","d5",136,3,2,5,3.64350230301494e-05,10.2199800747536
"a1 c10 c11 e1",1,"a1","c10","c11","e1",136,3,2,17,0.000123879078302508,8.99620464313148
"a1 c10 c11 e5",1,"a1","c10","c11","e5",136,3,2,7,5.10090322422092e-05,9.88350783813238
"a1 c10 c11 f14",1,"a1","c10","c11","f14",136,3,2,16,0.000116592073696478,9.05682926494791
"a1 c10 c11 ant",1,"a1","c10","c11","ant",136,3,2,26,0.000189462119756777,8.57132144916621
"a1 c10 d3 d5",1,"a1","c10","d3","d5",136,3,8,5,0.000145740092120598,8.8336857136337
"a1 c10 d3 e1",1,"a1","c10","d3","e1",136,3,8,17,0.000495516313210032,7.60991028201159
"a1 c10 d3 e5",1,"a1","c10","d3","e5",136,3,8,7,0.000204036128968837,8.49721347701249
"a1 c10 d3 f14",1,"a1","c10","d3","f14",136,3,8,16,0.000466368294785912,7.67053490382802
"a1 c10 d3 ant",1,"a1","c10","d3","ant",136,3,8,26,0.000757848479027108,7.18502708804632
"a1 c10 d5 e1",1,"a1","c10","d5","e1",136,3,5,17,0.00030969769575627,8.07991391125732
"a1 c10 d5 e5",1,"a1","c10","d5","e5",136,3,5,7,0.000127522580605523,8.96721710625823
"a1 c10 d5 f14",1,"a1","c10","d5","f14",136,3,5,16,0.000291480184241195,8.14053853307376
"a1 c10 d5 ant",1,"a1","c10","d5","ant",136,3,5,26,0.000473655299391942,7.65503071729206
"a1 c10 e1 e5",1,"a1","c10","e1","e5",136,3,17,7,0.000433576774058778,7.74344167463611
"a1 c10 e1 f14",1,"a1","c10","e1","f14",136,3,17,16,0.000991032626420064,6.91676310145164
"a1 c10 e1 ant",1,"a1","c10","e1","ant",136,3,17,26,0.0016104280179326,6.43125528566994
"a1 c10 e5 f14",1,"a1","c10","e5","f14",136,3,7,16,0.000408072257937673,7.80406629645254
"a1 c10 e5 ant",1,"a1","c10","e5","ant",136,3,7,26,0.000663117419148719,7.31855848067084
"a1 c10 f14 ant",1,"a1","c10","f14","ant",136,3,16,26,0.00151569695805422,6.49187990748638
"a1 c11 d3 d5",1,"a1","c11","d3","d5",136,2,8,5,9.71600614137318e-05,9.23915082174187
"a1 c11 d3 e1",1,"a1","c11","d3","e1",136,2,8,17,0.000330344208806688,8.01537539011975
"a1 c11 d3 e5",1,"a1","c11","d3","e5",136,2,8,7,0.000136024085979224,8.90267858512065
"a1 c11 d3 f14",1,"a1","c11","d3","f14",136,2,8,16,0.000310912196523942,8.07600001193619
"a1 c11 d3 ant",1,"a1","c11","d3","ant",136,2,8,26,0.000505232319351405,7.59049219615449
"a1 c11 d5 e1",1,"a1","c11","d5","e1",136,2,5,17,0.00020646513050418,8.48537901936549
"a1 c11 d5 e5",1,"a1","c11","d5","e5",136,2,5,7,8.50150537370153e-05,9.37268221436639
"a1 c11 d5 f14",1,"a1","c11","d5","f14",136,2,5,16,0.000194320122827464,8.54600364118192
"a1 c11 d5 ant",1,"a1","c11","d5","ant",136,2,5,26,0.000315770199594628,8.06049582540022
"a1 c11 e1 e5",1,"a1","c11","e1","e5",136,2,17,7,0.000289051182705852,8.14890678274427
"a1 c11 e1 f14",1,"a1","c11","e1","f14",136,2,17,16,0.000660688417613376,7.32222820955981
"a1 c11 e1 ant",1,"a1","c11","e1","ant",136,2,17,26,0.00107361867862174,6.83672039377811
"a1 c11 e5 f14",1,"a1","c11","e5","f14",136,2,7,16,0.000272048171958449,8.20953140456071
"a1 c11 e5 ant",1,"a1","c11","e5","ant",136,2,7,26,0.00044207827943248,7.72402358877901
"a1 c11 f14 ant",1,"a1","c11","f14","ant",136,2,16,26,0.00101046463870281,6.89734501559454
"a1 d3 d5 e1",1,"a1","d3","d5","e1",136,8,5,17,0.00082586052201672,7.0990846582456
"a1 d3 d5 e5",1,"a1","d3","d5","e5",136,8,5,7,0.000340060214948061,7.9863878532465
"a1 d3 d5 f14",1,"a1","d3","d5","f14",136,8,5,16,0.000777280491309854,7.15970928006203
"a1 d3 d5 ant",1,"a1","d3","d5","ant",136,8,5,26,0.00126308079837851,6.67420146428033
"a1 d3 e1 f14",1,"a1","d3","e1","f14",136,8,17,16,0.0026427536704535,5.93593384843992
"a1 d3 e1 ant",1,"a1","d3","e1","ant",136,8,17,26,0.00429447471448694,5.45042603265822
"a1 d3 e5 f14",1,"a1","d3","e5","f14",136,8,7,16,0.0010881926878338,6.82323704344082
"a1 d3 e5 ant",1,"a1","d3","e5","ant",136,8,7,26,0.00176831311772992,6.33772922765912
"a1 d3 f14 ant",1,"a1","d3","f14","ant",136,8,16,26,0.00404185855481124,5.51105065447465
"a1 d5 e1 e5",1,"a1","d5","e1","e5",136,5,17,7,0.00072262795676463,7.23261605087012
"a1 d5 e1 f14",1,"a1","d5","e1","f14",136,5,17,16,0.00165172104403344,6.40593747768565
"a1 d5 e1 ant",1,"a1","d5","e1","ant",136,5,17,26,0.00268404669655434,5.92042966190395
"a1 d5 e5 f14",1,"a1","d5","e5","f14",136,5,7,16,0.000680120429896122,7.29324067268655
"a1 d5 e5 ant",1,"a1","d5","e5","ant",136,5,7,26,0.0011051956985812,6.80773285690485
"a1 d5 f14 ant",1,"a1","d5","f14","ant",136,5,16,26,0.00252616159675703,5.98105428372039
"a1 e1 e5 f14",1,"a1","e1","e5","f14",136,17,7,16,0.00231240946164682,6.06946524106444
"a1 e1 e5 ant",1,"a1","e1","e5","ant",136,17,7,26,0.00375766537517608,5.58395742528274
"a1 e1 f14 ant",1,"a1","e1","f14","ant",136,17,16,26,0.00858894942897389,4.75727885209827
"a1 e5 f14 ant",1,"a1","e5","f14","ant",136,7,16,26,0.00353662623545984,5.64458204709917
"a9 a24 b10 c1",1,"a9","a24","b10","c1",2,69,50,125,0.00770225670674114,4.86624191426415
"a9 a24 b10 c10",1,"a9","a24","b10","c10",2,69,50,3,0.000184854160961787,8.59594336289834
"a9 a24 b10 c11",1,"a9","a24","b10","c11",2,69,50,2,0.000123236107307858,9.0014084710065
"a9 a24 b10 d3",1,"a9","a24","b10","d3",2,69,50,8,0.000492944429231433,7.61511410988661
"a9 a24 b10 d5",1,"a9","a24","b10","d5",2,69,50,5,0.000308090268269646,8.08511773913235
"a9 a24 b10 e1",1,"a9","a24","b10","e1",2,69,50,17,0.0010475069121168,6.86134230751023
"a9 a24 b10 e5",1,"a9","a24","b10","e5",2,69,50,7,0.000431326375577504,7.74864550251114
"a9 a24 b10 f14",1,"a9","a24","b10","f14",2,69,50,16,0.000985888858462866,6.92196692932667
"a9 a24 b10 ant",1,"a9","a24","b10","ant",2,69,50,26,0.00160206939500216,6.43645911354497
"a9 a24 c1 c10",1,"a9","a24","c1","c10",2,69,125,3,0.000462135402404469,7.67965263102419
"a9 a24 c1 c11",1,"a9","a24","c1","c11",2,69,125,2,0.000308090268269646,8.08511773913235
"a9 a24 c1 d3",1,"a9","a24","c1","d3",2,69,125,8,0.00123236107307858,6.69882337801246
"a9 a24 c1 d5",1,"a9","a24","c1","d5",2,69,125,5,0.000770225670674114,7.1688270072582
"a9 a24 c1 e1",1,"a9","a24","c1","e1",2,69,125,17,0.00261876728029199,5.94505157563608
"a9 a24 c1 e5",1,"a9","a24","c1","e5",2,69,125,7,0.00107831593894376,6.83235477063698
"a9 a24 c1 f14",1,"a9","a24","c1","f14",2,69,125,16,0.00246472214615717,6.00567619745251
"a9 a24 c1 ant",1,"a9","a24","c1","ant",2,69,125,26,0.0040051734875054,5.52016838167081
"a9 a24 c10 c11",1,"a9","a24","c10","c11",2,69,3,2,7.3941664384715e-06,11.8148191877665
"a9 a24 c10 d3",1,"a9","a24","c10","d3",2,69,3,8,2.9576665753886e-05,10.4285248266467
"a9 a24 c10 d5",1,"a9","a24","c10","d5",2,69,3,5,1.84854160961787e-05,10.8985284558924
"a9 a24 c10 e1",1,"a9","a24","c10","e1",2,69,3,17,6.28504147270077e-05,9.67475302427027
"a9 a24 c10 e5",1,"a9","a24","c10","e5",2,69,3,7,2.58795825346502e-05,10.5620562192712
"a9 a24 c10 f14",1,"a9","a24","c10","f14",2,69,3,16,5.9153331507772e-05,9.73537764608671
"a9 a24 c10 ant",1,"a9","a24","c10","ant",2,69,3,26,9.61241637001295e-05,9.24986983030501
"a9 a24 c11 d3",1,"a9","a24","c11","d3",2,69,2,8,1.97177771692573e-05,10.8339899347548
"a9 a24 c11 d5",1,"a9","a24","c11","d5",2,69,2,5,1.23236107307858e-05,11.3039935640006
"a9 a24 c11 e1",1,"a9","a24","c11","e1",2,69,2,17,4.19002764846718e-05,10.0802181323784
"a9 a24 c11 e5",1,"a9","a24","c11","e5",2,69,2,7,1.72530550231002e-05,10.9675213273793
"a9 a24 c11 f14",1,"a9","a24","c11","f14",2,69,2,16,3.94355543385147e-05,10.1408427541949
"a9 a24 c11 ant",1,"a9","a24","c11","ant",2,69,2,26,6.40827758000863e-05,9.65533493841317
"a9 a24 d3 d5",1,"a9","a24","d3","d5",2,69,8,5,4.92944429231433e-05,9.91769920288066
"a9 a24 d3 e1",1,"a9","a24","d3","e1",2,69,8,17,0.000167601105938687,8.69392377125854
"a9 a24 d3 e5",1,"a9","a24","d3","e5",2,69,8,7,6.90122200924006e-05,9.58122696625945
"a9 a24 d3 f14",1,"a9","a24","d3","f14",2,69,8,16,0.000157742217354059,8.75454839307498
"a9 a24 d3 ant",1,"a9","a24","d3","ant",2,69,8,26,0.000256331103200345,8.26904057729328
"a9 a24 d5 e1",1,"a9","a24","d5","e1",2,69,5,17,0.00010475069121168,9.16392740050428
"a9 a24 d5 e5",1,"a9","a24","d5","e5",2,69,5,7,4.31326375577504e-05,10.0512305955052
"a9 a24 d5 f14",1,"a9","a24","d5","f14",2,69,5,16,9.85888858462866e-05,9.22455202232072
"a9 a24 d5 ant",1,"a9","a24","d5","ant",2,69,5,26,0.000160206939500216,8.73904420653901
"a9 a24 e1 e5",1,"a9","a24","e1","e5",2,69,17,7,0.000146650967696351,8.82745516388307
"a9 a24 e1 f14",1,"a9","a24","e1","f14",2,69,17,16,0.000335202211877375,8.0007765906986
"a9 a24 e5 f14",1,"a9","a24","e5","f14",2,69,7,16,0.000138024440184801,8.8880797856995
"a9 a24 e5 ant",1,"a9","a24","e5","ant",2,69,7,26,0.000224289715300302,8.4025719699178
"a9 a24 f14 ant",1,"a9","a24","f14","ant",2,69,16,26,0.00051266220640069,7.57589339673333
"a9 b10 c1 c10",1,"a9","b10","c1","c10",2,50,125,3,0.00033488072638005,8.0017361301933
"a9 b10 c1 c11",1,"a9","b10","c1","c11",2,50,125,2,0.0002232538175867,8.40720123830146
"a9 b10 c1 d3",1,"a9","b10","c1","d3",2,50,125,8,0.000893015270346799,7.02090687718157
"a9 b10 c1 d5",1,"a9","b10","c1","d5",2,50,125,5,0.00055813454396675,7.49091050642731
"a9 b10 c1 e1",1,"a9","b10","c1","e1",2,50,125,17,0.00189765744948695,6.26713507480519
"a9 b10 c1 e5",1,"a9","b10","c1","e5",2,50,125,7,0.00078138836155345,7.15443826980609
"a9 b10 c1 f14",1,"a9","b10","c1","f14",2,50,125,16,0.0017860305406936,6.32775969662163
"a9 b10 c1 ant",1,"a9","b10","c1","ant",2,50,125,26,0.0029022996286271,5.84225188083993
"a9 b10 c10 c11",1,"a9","b10","c10","c11",2,50,3,2,5.3580916220808e-06,12.1369026869357
"a9 b10 c10 d3",1,"a9","b10","c10","d3",2,50,3,8,2.14323664883232e-05,10.7506083258158
"a9 b10 c10 d5",1,"a9","b10","c10","d5",2,50,3,5,1.3395229055202e-05,11.2206119550615
"a9 b10 c10 e1",1,"a9","b10","c10","e1",2,50,3,17,4.55437787876868e-05,9.99683652343938
"a9 b10 c10 e5",1,"a9","b10","c10","e5",2,50,3,7,1.87533206772828e-05,10.8841397184403
"a9 b10 c10 f14",1,"a9","b10","c10","f14",2,50,3,16,4.28647329766464e-05,10.0574611452558
"a9 b10 c10 ant",1,"a9","b10","c10","ant",2,50,3,26,6.96551910870504e-05,9.57195332947412
"a9 b10 c11 d3",1,"a9","b10","c11","d3",2,50,2,8,1.42882443255488e-05,11.1560734339239
"a9 b10 c11 d5",1,"a9","b10","c11","d5",2,50,2,5,8.93015270346799e-06,11.6260770631697
"a9 b10 c11 e1",1,"a9","b10","c11","e1",2,50,2,17,3.03625191917912e-05,10.4023016315475
"a9 b10 c11 e5",1,"a9","b10","c11","e5",2,50,2,7,1.25022137848552e-05,11.2896048265484
"a9 b10 c11 f14",1,"a9","b10","c11","f14",2,50,2,16,2.85764886510976e-05,10.462926253364
"a9 b10 c11 ant",1,"a9","b10","c11","ant",2,50,2,26,4.64367940580336e-05,9.97741843758228
"a9 b10 d3 d5",1,"a9","b10","d3","d5",2,50,8,5,3.5720610813872e-05,10.2397827020498
"a9 b10 d3 e1",1,"a9","b10","d3","e1",2,50,8,17,0.000121450076767165,9.01600727042766
"a9 b10 d3 e5",1,"a9","b10","d3","e5",2,50,8,7,5.00088551394208e-05,9.90331046542856
"a9 b10 d3 f14",1,"a9","b10","d3","f14",2,50,8,16,0.00011430595460439,9.07663189224409
"a9 b10 d3 ant",1,"a9","b10","d3","ant",2,50,8,26,0.000185747176232134,8.59112407646239
"a9 b10 d5 e1",1,"a9","b10","d5","e1",2,50,5,17,7.59062979794779e-05,9.48601089967339
"a9 b10 d5 e5",1,"a9","b10","d5","e5",2,50,5,7,3.1255534462138e-05,10.3733140946743
"a9 b10 d5 f14",1,"a9","b10","d5","f14",2,50,5,16,7.14412216277439e-05,9.54663552148983
"a9 b10 d5 ant",1,"a9","b10","d5","ant",2,50,5,26,0.000116091985145084,9.06112770570813
"a9 b10 e1 e5",1,"a9","b10","e1","e5",2,50,17,7,0.000106268817171269,9.14953866305218
"a9 b10 e1 f14",1,"a9","b10","e1","f14",2,50,17,16,0.000242900153534329,8.32286008986771
"a9 b10 e1 ant",1,"a9","b10","e1","ant",2,50,17,26,0.000394712749493285,7.83735227408601
"a9 b10 e5 f14",1,"a9","b10","e5","f14",2,50,7,16,0.000100017710278842,9.21016328486862
"a9 b10 e5 ant",1,"a9","b10","e5","ant",2,50,7,26,0.000162528779203118,8.72465546908691
"a9 b10 f14 ant",1,"a9","b10","f14","ant",2,50,16,26,0.000371494352464269,7.89797689590245
"a9 c1 c10 c11",1,"a9","c1","c10","c11",2,125,3,2,1.3395229055202e-05,11.2206119550615
"a9 c1 c10 d3",1,"a9","c1","c10","d3",2,125,3,8,5.3580916220808e-05,9.83431759394161
"a9 c1 c10 d5",1,"a9","c1","c10","d5",2,125,3,5,3.3488072638005e-05,10.3043212231873
"a9 c1 c10 e1",1,"a9","c1","c10","e1",2,125,3,17,0.000113859446969217,9.08054579156523
"a9 c1 c10 e5",1,"a9","c1","c10","e5",2,125,3,7,4.6883301693207e-05,9.96784898656613
"a9 c1 c10 f14",1,"a9","c1","c10","f14",2,125,3,16,0.000107161832441616,9.14117041338166
"a9 c1 c10 ant",1,"a9","c1","c10","ant",2,125,3,26,0.000174137977717626,8.65566259759996
"a9 c1 c11 d3",1,"a9","c1","c11","d3",2,125,2,8,3.5720610813872e-05,10.2397827020498
"a9 c1 c11 d5",1,"a9","c1","c11","d5",2,125,2,5,2.232538175867e-05,10.7097863312955
"a9 c1 c11 e1",1,"a9","c1","c11","e1",2,125,2,17,7.5906297979478e-05,9.48601089967339
"a9 c1 c11 e5",1,"a9","c1","c11","e5",2,125,2,7,3.1255534462138e-05,10.3733140946743
"a9 c1 c11 f14",1,"a9","c1","c11","f14",2,125,2,16,7.1441221627744e-05,9.54663552148983
"a9 c1 c11 ant",1,"a9","c1","c11","ant",2,125,2,26,0.000116091985145084,9.06112770570813
"a9 c1 d3 d5",1,"a9","c1","d3","d5",2,125,8,5,8.93015270346799e-05,9.32349197017562
"a9 c1 d3 e1",1,"a9","c1","d3","e1",2,125,8,17,0.000303625191917912,8.0997165385535
"a9 c1 d3 e5",1,"a9","c1","d3","e5",2,125,8,7,0.000125022137848552,8.9870197335544
"a9 c1 d3 f14",1,"a9","c1","d3","f14",2,125,8,16,0.000285764886510976,8.16034116036994
"a9 c1 d3 ant",1,"a9","c1","d3","ant",2,125,8,26,0.000464367940580336,7.67483334458824
"a9 c1 d5 e1",1,"a9","c1","d5","e1",2,125,5,17,0.000189765744948695,8.56972016779924
"a9 c1 d5 e5",1,"a9","c1","d5","e5",2,125,5,7,7.81388361553449e-05,9.45702336280014
"a9 c1 d5 f14",1,"a9","c1","d5","f14",2,125,5,16,0.00017860305406936,8.63034478961567
"a9 c1 d5 ant",1,"a9","c1","d5","ant",2,125,5,26,0.00029022996286271,8.14483697383397
"a9 c1 e1 e5",1,"a9","c1","e1","e5",2,125,17,7,0.000265672042928173,8.23324793117802
"a9 c1 e1 f14",1,"a9","c1","e1","f14",2,125,17,16,0.000607250383835824,7.40656935799356
"a9 c1 e1 ant",1,"a9","c1","e1","ant",2,125,17,26,0.000986781873733214,6.92106154221186
"a9 c1 e5 f14",1,"a9","c1","e5","f14",2,125,7,16,0.000250044275697104,8.29387255299446
"a9 c1 e5 ant",1,"a9","c1","e5","ant",2,125,7,26,0.000406321948007794,7.80836473721276
"a9 c1 f14 ant",1,"a9","c1","f14","ant",2,125,16,26,0.000928735881160672,6.98168616402829
"a9 c10 c11 d3",1,"a9","c10","c11","d3",2,3,2,8,8.57294659532927e-07,13.969484150684
"a9 c10 c11 d5",1,"a9","c10","c11","d5",2,3,2,5,5.35809162208079e-07,14.4394877799297
"a9 c10 c11 e1",1,"a9","c10","c11","e1",2,3,2,17,1.82175115150747e-06,13.2157123483076
"a9 c10 c11 e5",1,"a9","c10","c11","e5",2,3,2,7,7.50132827091311e-07,14.1030155433085
"a9 c10 c11 f14",1,"a9","c10","c11","f14",2,3,2,16,1.71458931906585e-06,13.276336970124
"a9 c10 c11 ant",1,"a9","c10","c11","ant",2,3,2,26,2.78620764348201e-06,12.7908291543423
"a9 c10 d3 d5",1,"a9","c10","d3","d5",2,3,8,5,2.14323664883232e-06,13.0531934188098
"a9 c10 d3 e1",1,"a9","c10","d3","e1",2,3,8,17,7.28700460602988e-06,11.8294179871877
"a9 c10 d3 e5",1,"a9","c10","d3","e5",2,3,8,7,3.00053130836525e-06,12.7167211821886
"a9 c10 d3 f14",1,"a9","c10","d3","f14",2,3,8,16,6.85835727626342e-06,11.8900426090041
"a9 c10 d3 ant",1,"a9","c10","d3","ant",2,3,8,26,1.11448305739281e-05,11.4045347932224
"a9 c10 d5 e1",1,"a9","c10","d5","e1",2,3,5,17,4.55437787876868e-06,12.2994216164334
"a9 c10 d5 e5",1,"a9","c10","d5","e5",2,3,5,7,1.87533206772828e-06,13.1867248114343
"a9 c10 d5 f14",1,"a9","c10","d5","f14",2,3,5,16,4.28647329766464e-06,12.3600462382499
"a9 c10 d5 ant",1,"a9","c10","d5","ant",2,3,5,26,6.96551910870503e-06,11.8745384224682
"a9 c10 e1 e5",1,"a9","c10","e1","e5",2,3,17,7,6.37612903027615e-06,11.9629493798122
"a9 c10 e1 f14",1,"a9","c10","e1","f14",2,3,17,16,1.45740092120598e-05,11.1362708066277
"a9 c10 e1 ant",1,"a9","c10","e1","ant",2,3,17,26,2.36827649695971e-05,10.650762990846
"a9 c10 e5 f14",1,"a9","c10","e5","f14",2,3,7,16,6.00106261673049e-06,12.0235740016287
"a9 c10 e5 ant",1,"a9","c10","e5","ant",2,3,7,26,9.75172675218705e-06,11.538066185847
"a9 c10 f14 ant",1,"a9","c10","f14","ant",2,3,16,26,2.22896611478561e-05,10.7113876126625
"a9 c11 d3 d5",1,"a9","c11","d3","d5",2,2,8,5,1.42882443255488e-06,13.458658526918
"a9 c11 d3 e1",1,"a9","c11","d3","e1",2,2,8,17,4.85800307068659e-06,12.2348830952959
"a9 c11 d3 e5",1,"a9","c11","d3","e5",2,2,8,7,2.00035420557683e-06,13.1221862902968
"a9 c11 d3 f14",1,"a9","c11","d3","f14",2,2,8,16,4.57223818417561e-06,12.2955077171123
"a9 c11 d3 ant",1,"a9","c11","d3","ant",2,2,8,26,7.42988704928537e-06,11.8099999013306
"a9 c11 d5 e1",1,"a9","c11","d5","e1",2,2,5,17,3.03625191917912e-06,12.7048867245416
"a9 c11 d5 e5",1,"a9","c11","d5","e5",2,2,5,7,1.25022137848552e-06,13.5921899195425
"a9 c11 d5 f14",1,"a9","c11","d5","f14",2,2,5,16,2.85764886510976e-06,12.765511346358
"a9 c11 d5 ant",1,"a9","c11","d5","ant",2,2,5,26,4.64367940580336e-06,12.2800035305763
"a9 c11 e1 e5",1,"a9","c11","e1","e5",2,2,17,7,4.25075268685076e-06,12.3684144879204
"a9 c11 e1 f14",1,"a9","c11","e1","f14",2,2,17,16,9.71600614137317e-06,11.5417359147359
"a9 c11 e1 ant",1,"a9","c11","e1","ant",2,2,17,26,1.57885099797314e-05,11.0562280989542
"a9 c11 e5 f14",1,"a9","c11","e5","f14",2,2,7,16,4.00070841115366e-06,12.4290391097368
"a9 c11 e5 ant",1,"a9","c11","e5","ant",2,2,7,26,6.5011511681247e-06,11.9435312939551
"a9 c11 f14 ant",1,"a9","c11","f14","ant",2,2,16,26,1.48597740985707e-05,11.1168527207706
"a9 d3 d5 e1",1,"a9","d3","d5","e1",2,8,5,17,1.21450076767165e-05,11.3185923634217
"a9 d3 d5 e5",1,"a9","d3","d5","e5",2,8,5,7,5.00088551394208e-06,12.2058955584226
"a9 d3 d5 f14",1,"a9","d3","d5","f14",2,8,5,16,1.1430595460439e-05,11.3792169852381
"a9 d3 d5 ant",1,"a9","d3","d5","ant",2,8,5,26,1.85747176232134e-05,10.8937091694564
"a9 d3 e1 e5",1,"a9","d3","e1","e5",2,8,17,7,1.70030107474031e-05,10.9821201268005
"a9 d3 e1 f14",1,"a9","d3","e1","f14",2,8,17,16,3.88640245654927e-05,10.155441553616
"a9 d3 e1 ant",1,"a9","d3","e1","ant",2,8,17,26,6.31540399189256e-05,9.66993373783432
"a9 d3 e5 f14",1,"a9","d3","e5","f14",2,8,7,16,1.60028336446146e-05,11.0427447486169
"a9 d3 e5 ant",1,"a9","d3","e5","ant",2,8,7,26,2.60046046724988e-05,10.5572369328352
"a9 d3 f14 ant",1,"a9","d3","f14","ant",2,8,16,26,5.9439096394283e-05,9.73055835965076
"a9 d5 e1 e5",1,"a9","d5","e1","e5",2,5,17,7,1.06268817171269e-05,11.4521237560462
"a9 d5 e1 f14",1,"a9","d5","e1","f14",2,5,17,16,2.42900153534329e-05,10.6254451828618
"a9 d5 e1 ant",1,"a9","d5","e1","ant",2,5,17,26,3.94712749493285e-05,10.1399373670801
"a9 d5 e5 f14",1,"a9","d5","e5","f14",2,5,7,16,1.00017710278842e-05,11.5127483778627
"a9 d5 e5 ant",1,"a9","d5","e5","ant",2,5,7,26,1.62528779203117e-05,11.027240562081
"a9 d5 f14 ant",1,"a9","d5","f14","ant",2,5,16,26,3.71494352464269e-05,10.2005619888965
"a9 e1 e5 f14",1,"a9","e1","e5","f14",2,17,7,16,3.40060214948061e-05,10.2889729462405
"a9 e1 e5 ant",1,"a9","e1","e5","ant",2,17,7,26,5.52597849290599e-05,9.80346513045884
"a9 e1 f14 ant",1,"a9","e1","f14","ant",2,17,16,26,0.000126308079837851,8.97678655727438
"a9 e5 f14 ant",1,"a9","e5","f14","ant",2,7,16,26,5.20092093449976e-05,9.86408975227528
"a24 b10 c1 c10",1,"a24","b10","c1","c10",69,50,125,3,0.0115533850601117,4.46077680615598
"a24 b10 c1 c11",1,"a24","b10","c1","c11",69,50,125,2,0.00770225670674114,4.86624191426415
"a24 b10 c1 d3",1,"a24","b10","c1","d3",69,50,125,8,0.0308090268269646,3.47994755314426
"a24 b10 c1 d5",1,"a24","b10","c1","d5",69,50,125,5,0.0192556417668529,3.94995118238999
"a24 b10 c1 e1",2,"a24","b10","c1","e1",69,50,125,17,0.0654691820072997,3.41932293132782
"a24 b10 c1 e5",1,"a24","b10","c1","e5",69,50,125,7,0.026957898473594,3.61347894576878
"a24 b10 c1 f14",1,"a24","b10","c1","f14",69,50,125,16,0.0616180536539291,2.78680037258431
"a24 b10 c1 ant",2,"a24","b10","c1","ant",69,50,125,26,0.100129337187635,2.99443973736256
"a24 b10 c10 c11",1,"a24","b10","c10","c11",69,50,3,2,0.000184854160961787,8.59594336289834
"a24 b10 c10 d3",1,"a24","b10","c10","d3",69,50,3,8,0.00073941664384715,7.20964900177845
"a24 b10 c10 d5",1,"a24","b10","c10","d5",69,50,3,5,0.000462135402404469,7.67965263102419
"a24 b10 c10 e1",1,"a24","b10","c10","e1",69,50,3,17,0.00157126036817519,6.45587719940207
"a24 b10 c10 e5",1,"a24","b10","c10","e5",69,50,3,7,0.000646989563366256,7.34318039440297
"a24 b10 c10 f14",1,"a24","b10","c10","f14",69,50,3,16,0.0014788332876943,6.5165018212185
"a24 b10 c10 ant",1,"a24","b10","c10","ant",69,50,3,26,0.00240310409250324,6.0309940054368
"a24 b10 c11 d3",1,"a24","b10","c11","d3",69,50,2,8,0.000492944429231433,7.61511410988661
"a24 b10 c11 d5",1,"a24","b10","c11","d5",69,50,2,5,0.000308090268269646,8.08511773913235
"a24 b10 c11 e1",1,"a24","b10","c11","e1",69,50,2,17,0.0010475069121168,6.86134230751023
"a24 b10 c11 e5",1,"a24","b10","c11","e5",69,50,2,7,0.000431326375577504,7.74864550251114
"a24 b10 c11 f14",1,"a24","b10","c11","f14",69,50,2,16,0.000985888858462866,6.92196692932667
"a24 b10 c11 ant",1,"a24","b10","c11","ant",69,50,2,26,0.00160206939500216,6.43645911354497
"a24 b10 d3 d5",1,"a24","b10","d3","d5",69,50,8,5,0.00123236107307858,6.69882337801246
"a24 b10 d3 e1",1,"a24","b10","d3","e1",69,50,8,17,0.00419002764846718,5.47504794639034
"a24 b10 d3 e5",1,"a24","b10","d3","e5",69,50,8,7,0.00172530550231002,6.36235114139125
"a24 b10 d3 f14",1,"a24","b10","d3","f14",69,50,8,16,0.00394355543385147,5.53567256820678
"a24 b10 d3 ant",1,"a24","b10","d3","ant",69,50,8,26,0.00640827758000863,5.05016475242508
"a24 b10 d5 e1",1,"a24","b10","d5","e1",69,50,5,17,0.00261876728029199,5.94505157563608
"a24 b10 d5 e5",1,"a24","b10","d5","e5",69,50,5,7,0.00107831593894376,6.83235477063698
"a24 b10 d5 f14",1,"a24","b10","d5","f14",69,50,5,16,0.00246472214615717,6.00567619745251
"a24 b10 e1 e5",1,"a24","b10","e1","e5",69,50,17,7,0.00366627419240878,5.60857933901487
"a24 b10 e1 f14",1,"a24","b10","e1","f14",69,50,17,16,0.00838005529693436,4.7819007658304
"a24 b10 e1 ant",1,"a24","b10","e1","ant",69,50,17,26,0.0136175898575183,4.2963929500487
"a24 b10 e5 f14",1,"a24","b10","e5","f14",69,50,7,16,0.00345061100462003,5.6692039608313
"a24 b10 e5 ant",1,"a24","b10","e5","ant",69,50,7,26,0.00560724288250755,5.1836961450496
"a24 b10 f14 ant",1,"a24","b10","f14","ant",69,50,16,26,0.0128165551600173,4.35701757186513
"a24 c1 c10 c11",1,"a24","c1","c10","c11",69,125,3,2,0.000462135402404469,7.67965263102419
"a24 c1 c10 d3",1,"a24","c1","c10","d3",69,125,3,8,0.00184854160961787,6.29335826990429
"a24 c1 c10 d5",1,"a24","c1","c10","d5",69,125,3,5,0.00115533850601117,6.76336189915003
"a24 c1 c10 e1",1,"a24","c1","c10","e1",69,125,3,17,0.00392815092043798,5.53958646752791
"a24 c1 c10 e5",1,"a24","c1","c10","e5",69,125,3,7,0.00161747390841564,6.42688966252882
"a24 c1 c10 f14",1,"a24","c1","c10","f14",69,125,3,16,0.00369708321923575,5.60021108934435
"a24 c1 c10 ant",1,"a24","c1","c10","ant",69,125,3,26,0.00600776023125809,5.11470327356265
"a24 c1 c11 d3",1,"a24","c1","c11","d3",69,125,2,8,0.00123236107307858,6.69882337801246
"a24 c1 c11 d5",1,"a24","c1","c11","d5",69,125,2,5,0.000770225670674114,7.1688270072582
"a24 c1 c11 e1",1,"a24","c1","c11","e1",69,125,2,17,0.00261876728029199,5.94505157563608
"a24 c1 c11 e5",1,"a24","c1","c11","e5",69,125,2,7,0.00107831593894376,6.83235477063698
"a24 c1 c11 f14",1,"a24","c1","c11","f14",69,125,2,16,0.00246472214615717,6.00567619745251
"a24 c1 c11 ant",1,"a24","c1","c11","ant",69,125,2,26,0.0040051734875054,5.52016838167081
"a24 c1 d3 d5",1,"a24","c1","d3","d5",69,125,8,5,0.00308090268269646,5.7825326461383
"a24 c1 d3 e1",1,"a24","c1","d3","e1",69,125,8,17,0.010475069121168,4.55875721451619
"a24 c1 d3 e5",1,"a24","c1","d3","e5",69,125,8,7,0.00431326375577504,5.44606040951709
"a24 c1 d3 f14",1,"a24","c1","d3","f14",69,125,8,16,0.00985888858462866,4.61938183633262
"a24 c1 d3 ant",1,"a24","c1","d3","ant",69,125,8,26,0.0160206939500216,4.13387402055092
"a24 c1 d5 e1",1,"a24","c1","d5","e1",69,125,5,17,0.00654691820072997,5.02876084376192
"a24 c1 d5 e5",1,"a24","c1","d5","e5",69,125,5,7,0.0026957898473594,5.91606403876283
"a24 c1 d5 f14",1,"a24","c1","d5","f14",69,125,5,16,0.00616180536539291,5.08938546557836
"a24 c1 d5 ant",1,"a24","c1","d5","ant",69,125,5,26,0.0100129337187635,4.60387764979666
"a24 c1 e1 e5",1,"a24","c1","e1","e5",69,125,17,7,0.00916568548102196,4.69228860714071
"a24 c1 e1 f14",1,"a24","c1","e1","f14",69,125,17,16,0.0209501382423359,3.86561003395624
"a24 c1 e1 ant",1,"a24","c1","e1","ant",69,125,17,26,0.0340439746437959,3.38010221817454
"a24 c1 e5 f14",1,"a24","c1","e5","f14",69,125,7,16,0.00862652751155008,4.75291322895715
"a24 c1 e5 ant",1,"a24","c1","e5","ant",69,125,7,26,0.0140181072062689,4.26740541317545
"a24 c1 f14 ant",1,"a24","c1","f14","ant",69,125,16,26,0.0320413879000432,3.44072683999098
"a24 c10 c11 d3",1,"a24","c10","c11","d3",69,3,2,8,2.9576665753886e-05,10.4285248266467
"a24 c10 c11 d5",1,"a24","c10","c11","d5",69,3,2,5,1.84854160961787e-05,10.8985284558924
"a24 c10 c11 e1",1,"a24","c10","c11","e1",69,3,2,17,6.28504147270077e-05,9.67475302427027
"a24 c10 c11 e5",1,"a24","c10","c11","e5",69,3,2,7,2.58795825346502e-05,10.5620562192712
"a24 c10 c11 f14",1,"a24","c10","c11","f14",69,3,2,16,5.9153331507772e-05,9.73537764608671
"a24 c10 c11 ant",1,"a24","c10","c11","ant",69,3,2,26,9.61241637001295e-05,9.249869830305
"a24 c10 d3 d5",1,"a24","c10","d3","d5",69,3,8,5,7.3941664384715e-05,9.5122340947725
"a24 c10 d3 e1",1,"a24","c10","d3","e1",69,3,8,17,0.000251401658908031,8.28845866315038
"a24 c10 d3 e5",1,"a24","c10","d3","e5",69,3,8,7,0.000103518330138601,9.17576185815128
"a24 c10 d3 f14",1,"a24","c10","d3","f14",69,3,8,16,0.000236613326031088,8.34908328496681
"a24 c10 d3 ant",1,"a24","c10","d3","ant",69,3,8,26,0.000384496654800518,7.86357546918511
"a24 c10 d5 e1",1,"a24","c10","d5","e1",69,3,5,17,0.000157126036817519,8.75846229239612
"a24 c10 d5 e5",1,"a24","c10","d5","e5",69,3,5,7,6.46989563366256e-05,9.64576548739702
"a24 c10 d5 f14",1,"a24","c10","d5","f14",69,3,5,16,0.00014788332876943,8.81908691421255
"a24 c10 d5 ant",1,"a24","c10","d5","ant",69,3,5,26,0.000240310409250324,8.33357909843085
"a24 c10 e1 e5",1,"a24","c10","e1","e5",69,3,17,7,0.000219976451544527,8.4219900557749
"a24 c10 e1 f14",1,"a24","c10","e1","f14",69,3,17,16,0.000502803317816062,7.59531148259043
"a24 c10 e1 ant",1,"a24","c10","e1","ant",69,3,17,26,0.0008170553914511,7.10980366680873
"a24 c10 e5 f14",1,"a24","c10","e5","f14",69,3,7,16,0.000207036660277202,8.48261467759134
"a24 c10 e5 ant",1,"a24","c10","e5","ant",69,3,7,26,0.000336434572950453,7.99710686180964
"a24 c10 f14 ant",1,"a24","c10","f14","ant",69,3,16,26,0.000768993309601036,7.17042828862517
"a24 c11 d3 d5",1,"a24","c11","d3","d5",69,2,8,5,4.92944429231433e-05,9.91769920288066
"a24 c11 d3 e1",1,"a24","c11","d3","e1",69,2,8,17,0.000167601105938687,8.69392377125854
"a24 c11 d3 e5",1,"a24","c11","d3","e5",69,2,8,7,6.90122200924006e-05,9.58122696625945
"a24 c11 d3 f14",1,"a24","c11","d3","f14",69,2,8,16,0.000157742217354059,8.75454839307498
"a24 c11 d3 ant",1,"a24","c11","d3","ant",69,2,8,26,0.000256331103200345,8.26904057729328
"a24 c11 d5 e1",1,"a24","c11","d5","e1",69,2,5,17,0.00010475069121168,9.16392740050428
"a24 c11 d5 e5",1,"a24","c11","d5","e5",69,2,5,7,4.31326375577504e-05,10.0512305955052
"a24 c11 d5 f14",1,"a24","c11","d5","f14",69,2,5,16,9.85888858462866e-05,9.22455202232072
"a24 c11 d5 ant",1,"a24","c11","d5","ant",69,2,5,26,0.000160206939500216,8.73904420653901
"a24 c11 e1 e5",1,"a24","c11","e1","e5",69,2,17,7,0.000146650967696351,8.82745516388307
"a24 c11 e1 f14",1,"a24","c11","e1","f14",69,2,17,16,0.000335202211877375,8.0007765906986
"a24 c11 e1 ant",1,"a24","c11","e1","ant",69,2,17,26,0.000544703594300734,7.5152687749169
"a24 c11 e5 f14",1,"a24","c11","e5","f14",69,2,7,16,0.000138024440184801,8.8880797856995
"a24 c11 e5 ant",1,"a24","c11","e5","ant",69,2,7,26,0.000224289715300302,8.4025719699178
"a24 c11 f14 ant",1,"a24","c11","f14","ant",69,2,16,26,0.00051266220640069,7.57589339673333
"a24 d3 d5 e1",1,"a24","d3","d5","e1",69,8,5,17,0.000419002764846718,7.77763303938439
"a24 d3 d5 e5",1,"a24","d3","d5","e5",69,8,5,7,0.000172530550231002,8.66493623438529
"a24 d3 d5 f14",1,"a24","d3","d5","f14",69,8,5,16,0.000394355543385146,7.83825766120082
"a24 d3 d5 ant",1,"a24","d3","d5","ant",69,8,5,26,0.000640827758000863,7.35274984541912
"a24 d3 e1 e5",1,"a24","d3","e1","e5",69,8,17,7,0.000586603870785405,7.44116080276318
"a24 d3 e1 f14",1,"a24","d3","e1","f14",69,8,17,16,0.0013408088475095,6.61448222957871
"a24 d3 e1 ant",1,"a24","d3","e1","ant",69,8,17,26,0.00217881437720293,6.12897441379701
"a24 d3 e5 f14",1,"a24","d3","e5","f14",69,8,7,16,0.000552097760739205,7.50178542457961
"a24 d3 e5 ant",1,"a24","d3","e5","ant",69,8,7,26,0.000897158861201208,7.01627760879791
"a24 d3 f14 ant",1,"a24","d3","f14","ant",69,8,16,26,0.00205064882560276,6.18959903561344
"a24 d5 e1 e5",1,"a24","d5","e1","e5",69,5,17,7,0.000366627419240878,7.91116443200891
"a24 d5 e1 f14",1,"a24","d5","e1","f14",69,5,17,16,0.000838005529693436,7.08448585882444
"a24 d5 e1 ant",1,"a24","d5","e1","ant",69,5,17,26,0.00136175898575183,6.59897804304274
"a24 d5 e5 f14",1,"a24","d5","e5","f14",69,5,7,16,0.000345061100462003,7.97178905382535
"a24 d5 e5 ant",1,"a24","d5","e5","ant",69,5,7,26,0.000560724288250755,7.48628123804365
"a24 d5 f14 ant",1,"a24","d5","f14","ant",69,5,16,26,0.00128165551600173,6.65960266485918
"a24 e1 e5 f14",1,"a24","e1","e5","f14",69,17,7,16,0.00117320774157081,6.74801362220323
"a24 e1 e5 ant",1,"a24","e1","e5","ant",69,17,7,26,0.00190646258005257,6.26250580642153
"a24 e1 f14 ant",1,"a24","e1","f14","ant",69,17,16,26,0.00435762875440587,5.43582723323706
"a24 e5 f14 ant",1,"a24","e5","f14","ant",69,7,16,26,0.00179431772240242,6.32313042823797
"b10 c1 c10 c11",1,"b10","c1","c10","c11",50,125,3,2,0.00033488072638005,8.0017361301933
"b10 c1 c10 d3",1,"b10","c1","c10","d3",50,125,3,8,0.0013395229055202,6.61544176907341
"b10 c1 c10 d5",1,"b10","c1","c10","d5",50,125,3,5,0.000837201815950124,7.08544539831914
"b10 c1 c10 e1",1,"b10","c1","c10","e1",50,125,3,17,0.00284648617423042,5.86166996669703
"b10 c1 c10 e5",1,"b10","c1","c10","e5",50,125,3,7,0.00117208254233017,6.74897316169793
"b10 c1 c10 f14",1,"b10","c1","c10","f14",50,125,3,16,0.0026790458110404,5.92229458851346
"b10 c1 c10 ant",1,"b10","c1","c10","ant",50,125,3,26,0.00435344944294065,5.43678677273176
"b10 c1 c11 d3",1,"b10","c1","c11","d3",50,125,2,8,0.000893015270346799,7.02090687718157
"b10 c1 c11 d5",1,"b10","c1","c11","d5",50,125,2,5,0.00055813454396675,7.49091050642731
"b10 c1 c11 e1",1,"b10","c1","c11","e1",50,125,2,17,0.00189765744948695,6.26713507480519
"b10 c1 c11 e5",1,"b10","c1","c11","e5",50,125,2,7,0.000781388361553449,7.15443826980609
"b10 c1 c11 f14",1,"b10","c1","c11","f14",50,125,2,16,0.0017860305406936,6.32775969662163
"b10 c1 c11 ant",1,"b10","c1","c11","ant",50,125,2,26,0.0029022996286271,5.84225188083993
"b10 c1 d3 d5",1,"b10","c1","d3","d5",50,125,8,5,0.002232538175867,6.10461614530742
"b10 c1 d3 e1",1,"b10","c1","d3","e1",50,125,8,17,0.0075906297979478,4.8808407136853
"b10 c1 d3 e5",1,"b10","c1","d3","e5",50,125,8,7,0.0031255534462138,5.7681439086862
"b10 c1 d3 f14",1,"b10","c1","d3","f14",50,125,8,16,0.00714412216277439,4.94146533550174
"b10 c1 d3 ant",1,"b10","c1","d3","ant",50,125,8,26,0.0116091985145084,4.45595751972004
"b10 c1 d5 e1",1,"b10","c1","d5","e1",50,125,5,17,0.00474414362371737,5.35084434293104
"b10 c1 d5 e5",1,"b10","c1","d5","e5",50,125,5,7,0.00195347090388362,6.23814753793194
"b10 c1 d5 f14",1,"b10","c1","d5","f14",50,125,5,16,0.004465076351734,5.41146896474747
"b10 c1 d5 ant",1,"b10","c1","d5","ant",50,125,5,26,0.00725574907156774,4.92596114896577
"b10 c1 e1 ant",1,"b10","c1","e1","ant",50,125,17,26,0.0246695468433303,3.70218571734366
"b10 c1 e5 f14",1,"b10","c1","e5","f14",50,125,7,16,0.0062511068924276,5.07499672812626
"b10 c1 e5 ant",1,"b10","c1","e5","ant",50,125,7,26,0.0101580487001948,4.58948891234456
"b10 c1 f14 ant",1,"b10","c1","f14","ant",50,125,16,26,0.0232183970290168,3.76281033916009
"b10 c10 c11 d3",1,"b10","c10","c11","d3",50,3,2,8,2.14323664883232e-05,10.7506083258158
"b10 c10 c11 d5",1,"b10","c10","c11","d5",50,3,2,5,1.3395229055202e-05,11.2206119550615
"b10 c10 c11 e1",1,"b10","c10","c11","e1",50,3,2,17,4.55437787876868e-05,9.99683652343938
"b10 c10 c11 e5",1,"b10","c10","c11","e5",50,3,2,7,1.87533206772828e-05,10.8841397184403
"b10 c10 c11 f14",1,"b10","c10","c11","f14",50,3,2,16,4.28647329766464e-05,10.0574611452558
"b10 c10 c11 ant",1,"b10","c10","c11","ant",50,3,2,26,6.96551910870504e-05,9.57195332947412
"b10 c10 d3 d5",1,"b10","c10","d3","d5",50,3,8,5,5.3580916220808e-05,9.83431759394161
"b10 c10 d3 e1",1,"b10","c10","d3","e1",50,3,8,17,0.000182175115150747,8.61054216231949
"b10 c10 d3 e5",1,"b10","c10","d3","e5",50,3,8,7,7.50132827091311e-05,9.4978453573204
"b10 c10 d3 f14",1,"b10","c10","d3","f14",50,3,8,16,0.000171458931906585,8.67116678413593
"b10 c10 d3 ant",1,"b10","c10","d3","ant",50,3,8,26,0.000278620764348201,8.18565896835423
"b10 c10 d5 e1",1,"b10","c10","d5","e1",50,3,5,17,0.000113859446969217,9.08054579156523
"b10 c10 d5 e5",1,"b10","c10","d5","e5",50,3,5,7,4.6883301693207e-05,9.96784898656613
"b10 c10 d5 f14",1,"b10","c10","d5","f14",50,3,5,16,0.000107161832441616,9.14117041338166
"b10 c10 d5 ant",1,"b10","c10","d5","ant",50,3,5,26,0.000174137977717626,8.65566259759996
"b10 c10 e1 e5",1,"b10","c10","e1","e5",50,3,17,7,0.000159403225756904,8.74407355494402
"b10 c10 e1 f14",1,"b10","c10","e1","f14",50,3,17,16,0.000364350230301494,7.91739498175955
"b10 c10 e1 ant",1,"b10","c10","e1","ant",50,3,17,26,0.000592069124239928,7.43188716597785
"b10 c10 e5 f14",1,"b10","c10","e5","f14",50,3,7,16,0.000150026565418262,8.80469817676045
"b10 c10 e5 ant",1,"b10","c10","e5","ant",50,3,7,26,0.000243793168804676,8.31919036097875
"b10 c10 f14 ant",1,"b10","c10","f14","ant",50,3,16,26,0.000557241528696403,7.49251178779428
"b10 c11 d3 d5",1,"b10","c11","d3","d5",50,2,8,5,3.5720610813872e-05,10.2397827020498
"b10 c11 d3 e1",1,"b10","c11","d3","e1",50,2,8,17,0.000121450076767165,9.01600727042766
"b10 c11 d3 e5",1,"b10","c11","d3","e5",50,2,8,7,5.00088551394208e-05,9.90331046542856
"b10 c11 d3 f14",1,"b10","c11","d3","f14",50,2,8,16,0.00011430595460439,9.07663189224409
"b10 c11 d3 ant",1,"b10","c11","d3","ant",50,2,8,26,0.000185747176232134,8.59112407646239
"b10 c11 d5 e1",1,"b10","c11","d5","e1",50,2,5,17,7.59062979794779e-05,9.48601089967339
"b10 c11 d5 e5",1,"b10","c11","d5","e5",50,2,5,7,3.1255534462138e-05,10.3733140946743
"b10 c11 d5 f14",1,"b10","c11","d5","f14",50,2,5,16,7.14412216277439e-05,9.54663552148983
"b10 c11 d5 ant",1,"b10","c11","d5","ant",50,2,5,26,0.000116091985145084,9.06112770570813
"b10 c11 e1 e5",1,"b10","c11","e1","e5",50,2,17,7,0.000106268817171269,9.14953866305218
"b10 c11 e1 f14",1,"b10","c11","e1","f14",50,2,17,16,0.000242900153534329,8.32286008986771
"b10 c11 e1 ant",1,"b10","c11","e1","ant",50,2,17,26,0.000394712749493285,7.83735227408601
"b10 c11 e5 f14",1,"b10","c11","e5","f14",50,2,7,16,0.000100017710278842,9.21016328486862
"b10 c11 e5 ant",1,"b10","c11","e5","ant",50,2,7,26,0.000162528779203118,8.72465546908691
"b10 c11 f14 ant",1,"b10","c11","f14","ant",50,2,16,26,0.000371494352464269,7.89797689590245
"b10 d3 d5 e1",1,"b10","d3","d5","e1",50,8,5,17,0.000303625191917912,8.0997165385535
"b10 d3 d5 e5",1,"b10","d3","d5","e5",50,8,5,7,0.000125022137848552,8.9870197335544
"b10 d3 d5 f14",1,"b10","d3","d5","f14",50,8,5,16,0.000285764886510976,8.16034116036994
"b10 d3 d5 ant",1,"b10","d3","d5","ant",50,8,5,26,0.000464367940580336,7.67483334458824
"b10 d3 e1 e5",1,"b10","d3","e1","e5",50,8,17,7,0.000425075268685076,7.76324430193229
"b10 d3 e1 f14",1,"b10","d3","e1","f14",50,8,17,16,0.000971600614137318,6.93656572874782
"b10 d3 e1 ant",1,"b10","d3","e1","ant",50,8,17,26,0.00157885099797314,6.45105791296612
"b10 d3 e5 f14",1,"b10","d3","e5","f14",50,8,7,16,0.000400070841115366,7.82386892374872
"b10 d3 e5 ant",1,"b10","d3","e5","ant",50,8,7,26,0.00065011511681247,7.33836110796702
"b10 d3 f14 ant",1,"b10","d3","f14","ant",50,8,16,26,0.00148597740985707,6.51168253478256
"b10 d5 e1 e5",1,"b10","d5","e1","e5",50,5,17,7,0.000265672042928173,8.23324793117802
"b10 d5 e1 f14",1,"b10","d5","e1","f14",50,5,17,16,0.000607250383835824,7.40656935799356
"b10 d5 e1 ant",1,"b10","d5","e1","ant",50,5,17,26,0.000986781873733213,6.92106154221186
"b10 d5 e5 f14",1,"b10","d5","e5","f14",50,5,7,16,0.000250044275697104,8.29387255299446
"b10 d5 e5 ant",1,"b10","d5","e5","ant",50,5,7,26,0.000406321948007794,7.80836473721276
"b10 d5 f14 ant",1,"b10","d5","f14","ant",50,5,16,26,0.000928735881160671,6.98168616402829
"b10 e1 e5 f14",1,"b10","e1","e5","f14",50,17,7,16,0.000850150537370153,7.07009712137234
"b10 e1 e5 ant",1,"b10","e1","e5","ant",50,17,7,26,0.0013814946232265,6.58458930559064
"b10 e1 f14 ant",1,"b10","e1","f14","ant",50,17,16,26,0.00315770199594628,5.75791073240618
"b10 e5 f14 ant",1,"b10","e5","f14","ant",50,7,16,26,0.00130023023362494,6.64521392740708
"c1 c10 c11 d3",1,"c1","c10","c11","d3",125,3,2,8,5.3580916220808e-05,9.83431759394161
"c1 c10 c11 d5",1,"c1","c10","c11","d5",125,3,2,5,3.3488072638005e-05,10.3043212231873
"c1 c10 c11 e1",1,"c1","c10","c11","e1",125,3,2,17,0.000113859446969217,9.08054579156523
"c1 c10 c11 e5",1,"c1","c10","c11","e5",125,3,2,7,4.6883301693207e-05,9.96784898656613
"c1 c10 c11 f14",1,"c1","c10","c11","f14",125,3,2,16,0.000107161832441616,9.14117041338166
"c1 c10 c11 ant",1,"c1","c10","c11","ant",125,3,2,26,0.000174137977717626,8.65566259759996
"c1 c10 d3 d5",1,"c1","c10","d3","d5",125,3,8,5,0.00013395229055202,8.91802686206745
"c1 c10 d3 e1",1,"c1","c10","d3","e1",125,3,8,17,0.000455437787876868,7.69425143044534
"c1 c10 d3 e5",1,"c1","c10","d3","e5",125,3,8,7,0.000187533206772828,8.58155462544624
"c1 c10 d3 f14",1,"c1","c10","d3","f14",125,3,8,16,0.000428647329766464,7.75487605226177
"c1 c10 d3 ant",1,"c1","c10","d3","ant",125,3,8,26,0.000696551910870503,7.26936823648007
"c1 c10 d5 e1",1,"c1","c10","d5","e1",125,3,5,17,0.000284648617423042,8.16425505969107
"c1 c10 d5 e5",1,"c1","c10","d5","e5",125,3,5,7,0.000117208254233017,9.05155825469198
"c1 c10 d5 f14",1,"c1","c10","d5","f14",125,3,5,16,0.00026790458110404,8.22487968150751
"c1 c10 d5 ant",1,"c1","c10","d5","ant",125,3,5,26,0.000435344944294065,7.73937186572581
"c1 c10 e1 e5",1,"c1","c10","e1","e5",125,3,17,7,0.000398508064392259,7.82778282306986
"c1 c10 e1 f14",1,"c1","c10","e1","f14",125,3,17,16,0.000910875575753735,7.00110424988539
"c1 c10 e1 ant",1,"c1","c10","e1","ant",125,3,17,26,0.00148017281059982,6.51559643410369
"c1 c10 e5 f14",1,"c1","c10","e5","f14",125,3,7,16,0.000375066413545656,7.8884074448863
"c1 c10 e5 ant",1,"c1","c10","e5","ant",125,3,7,26,0.00060948292201169,7.40289962910459
"c1 c10 f14 ant",1,"c1","c10","f14","ant",125,3,16,26,0.00139310382174101,6.57622105592013
"c1 c11 d3 d5",1,"c1","c11","d3","d5",125,2,8,5,8.93015270346799e-05,9.32349197017562
"c1 c11 d3 e1",1,"c1","c11","d3","e1",125,2,8,17,0.000303625191917912,8.0997165385535
"c1 c11 d3 e5",1,"c1","c11","d3","e5",125,2,8,7,0.000125022137848552,8.9870197335544
"c1 c11 d3 f14",1,"c1","c11","d3","f14",125,2,8,16,0.000285764886510976,8.16034116036994
"c1 c11 d3 ant",1,"c1","c11","d3","ant",125,2,8,26,0.000464367940580336,7.67483334458824
"c1 c11 d5 e1",1,"c1","c11","d5","e1",125,2,5,17,0.000189765744948695,8.56972016779924
"c1 c11 d5 e5",1,"c1","c11","d5","e5",125,2,5,7,7.81388361553449e-05,9.45702336280014
"c1 c11 d5 f14",1,"c1","c11","d5","f14",125,2,5,16,0.00017860305406936,8.63034478961567
"c1 c11 d5 ant",1,"c1","c11","d5","ant",125,2,5,26,0.00029022996286271,8.14483697383397
"c1 c11 e1 e5",1,"c1","c11","e1","e5",125,2,17,7,0.000265672042928173,8.23324793117802
"c1 c11 e1 f14",1,"c1","c11","e1","f14",125,2,17,16,0.000607250383835824,7.40656935799356
"c1 c11 e1 ant",1,"c1","c11","e1","ant",125,2,17,26,0.000986781873733214,6.92106154221186
"c1 c11 e5 f14",1,"c1","c11","e5","f14",125,2,7,16,0.000250044275697104,8.29387255299446
"c1 c11 e5 ant",1,"c1","c11","e5","ant",125,2,7,26,0.000406321948007794,7.80836473721276
"c1 c11 f14 ant",1,"c1","c11","f14","ant",125,2,16,26,0.000928735881160672,6.98168616402829
"c1 d3 d5 e1",1,"c1","d3","d5","e1",125,8,5,17,0.00075906297979478,7.18342580667935
"c1 d3 d5 e5",1,"c1","d3","d5","e5",125,8,5,7,0.00031255534462138,8.07072900168025
"c1 d3 d5 f14",1,"c1","d3","d5","f14",125,8,5,16,0.00071441221627744,7.24405042849578
"c1 d3 d5 ant",1,"c1","d3","d5","ant",125,8,5,26,0.00116091985145084,6.75854261271408
"c1 d3 e1 e5",1,"c1","d3","e1","e5",125,8,17,7,0.00106268817171269,6.84695357005813
"c1 d3 e1 f14",1,"c1","d3","e1","f14",125,8,17,16,0.00242900153534329,6.02027499687367
"c1 d3 e1 ant",1,"c1","d3","e1","ant",125,8,17,26,0.00394712749493285,5.53476718109197
"c1 d3 e5 f14",1,"c1","d3","e5","f14",125,8,7,16,0.00100017710278842,6.90757819187457
"c1 d3 e5 ant",1,"c1","d3","e5","ant",125,8,7,26,0.00162528779203118,6.42207037609287
"c1 d3 f14 ant",1,"c1","d3","f14","ant",125,8,16,26,0.00371494352464269,5.5953918029084
"c1 d5 e1 e5",1,"c1","d5","e1","e5",125,5,17,7,0.000664180107320432,7.31695719930387
"c1 d5 e1 f14",1,"c1","d5","e1","f14",125,5,17,16,0.00151812595958956,6.4902786261194
"c1 d5 e1 ant",1,"c1","d5","e1","ant",125,5,17,26,0.00246695468433303,6.0047708103377
"c1 d5 e5 f14",1,"c1","d5","e5","f14",125,5,7,16,0.000625110689242759,7.37758182112031
"c1 d5 e5 ant",1,"c1","d5","e5","ant",125,5,7,26,0.00101580487001948,6.8920740053386
"c1 d5 f14 ant",1,"c1","d5","f14","ant",125,5,16,26,0.00232183970290168,6.06539543215414
"c1 e1 e5 f14",1,"c1","e1","e5","f14",125,17,7,16,0.00212537634342538,6.15380638949819
"c1 e1 e5 ant",1,"c1","e1","e5","ant",125,17,7,26,0.00345373655806625,5.66829857371649
"c1 e1 f14 ant",1,"c1","e1","f14","ant",125,17,16,26,0.00789425498986571,4.84162000053202
"c1 e5 f14 ant",1,"c1","e5","f14","ant",125,7,16,26,0.00325057558406235,5.72892319553292
"c10 c11 d3 d5",1,"c10","c11","d3","d5",3,2,8,5,2.14323664883232e-06,13.0531934188098
"c10 c11 d3 e1",1,"c10","c11","d3","e1",3,2,8,17,7.28700460602988e-06,11.8294179871877
"c10 c11 d3 e5",1,"c10","c11","d3","e5",3,2,8,7,3.00053130836525e-06,12.7167211821886
"c10 c11 d3 f14",1,"c10","c11","d3","f14",3,2,8,16,6.85835727626342e-06,11.8900426090041
"c10 c11 d3 ant",1,"c10","c11","d3","ant",3,2,8,26,1.11448305739281e-05,11.4045347932224
"c10 c11 d5 e1",1,"c10","c11","d5","e1",3,2,5,17,4.55437787876868e-06,12.2994216164334
"c10 c11 d5 e5",1,"c10","c11","d5","e5",3,2,5,7,1.87533206772828e-06,13.1867248114343
"c10 c11 d5 f14",1,"c10","c11","d5","f14",3,2,5,16,4.28647329766464e-06,12.3600462382499
"c10 c11 d5 ant",1,"c10","c11","d5","ant",3,2,5,26,6.96551910870503e-06,11.8745384224682
"c10 c11 e1 e5",1,"c10","c11","e1","e5",3,2,17,7,6.37612903027615e-06,11.9629493798122
"c10 c11 e1 f14",1,"c10","c11","e1","f14",3,2,17,16,1.45740092120598e-05,11.1362708066277
"c10 c11 e1 ant",1,"c10","c11","e1","ant",3,2,17,26,2.36827649695971e-05,10.650762990846
"c10 c11 e5 f14",1,"c10","c11","e5","f14",3,2,7,16,6.00106261673049e-06,12.0235740016287
"c10 c11 e5 ant",1,"c10","c11","e5","ant",3,2,7,26,9.75172675218705e-06,11.538066185847
"c10 c11 f14 ant",1,"c10","c11","f14","ant",3,2,16,26,2.22896611478561e-05,10.7113876126625
"c10 d3 d5 e1",1,"c10","d3","d5","e1",3,8,5,17,1.82175115150747e-05,10.9131272553135
"c10 d3 d5 e5",1,"c10","d3","d5","e5",3,8,5,7,7.50132827091311e-06,11.8004304503144
"c10 d3 d5 f14",1,"c10","d3","d5","f14",3,8,5,16,1.71458931906585e-05,10.97375187713
"c10 d3 d5 ant",1,"c10","d3","d5","ant",3,8,5,26,2.78620764348201e-05,10.4882440613483
"c10 d3 e1 e5",1,"c10","d3","e1","e5",3,8,17,7,2.55045161211046e-05,10.5766550186923
"c10 d3 e1 f14",1,"c10","d3","e1","f14",3,8,17,16,5.82960368482391e-05,9.74997644550786
"c10 d3 e1 ant",1,"c10","d3","e1","ant",3,8,17,26,9.47310598783885e-05,9.26446862972616
"c10 d3 e5 f14",1,"c10","d3","e5","f14",3,8,7,16,2.4004250466922e-05,10.6372796405088
"c10 d3 e5 ant",1,"c10","d3","e5","ant",3,8,7,26,3.90069070087482e-05,10.1517718247271
"c10 d3 f14 ant",1,"c10","d3","f14","ant",3,8,16,26,8.91586445914244e-05,9.32509325154259
"c10 d5 e1 e5",1,"c10","d5","e1","e5",3,5,17,7,1.59403225756904e-05,11.0466586479381
"c10 d5 e1 f14",1,"c10","d5","e1","f14",3,5,17,16,3.64350230301494e-05,10.2199800747536
"c10 d5 e1 ant",1,"c10","d5","e1","ant",3,5,17,26,5.92069124239928e-05,9.73447225897189
"c10 d5 e5 f14",1,"c10","d5","e5","f14",3,5,7,16,1.50026565418262e-05,11.1072832697545
"c10 d5 e5 ant",1,"c10","d5","e5","ant",3,5,7,26,2.43793168804676e-05,10.6217754539728
"c10 d5 f14 ant",1,"c10","d5","f14","ant",3,5,16,26,5.57241528696403e-05,9.79509688078833
"c10 e1 e5 f14",1,"c10","e1","e5","f14",3,17,7,16,5.10090322422092e-05,9.88350783813238
"c10 e1 e5 ant",1,"c10","e1","e5","ant",3,17,7,26,8.28896773935899e-05,9.39800002235068
"c10 e1 f14 ant",1,"c10","e1","f14","ant",3,17,16,26,0.000189462119756777,8.57132144916621
"c10 e5 f14 ant",1,"c10","e5","f14","ant",3,7,16,26,7.80138140174964e-05,9.45862464416711
"c11 d3 d5 e1",1,"c11","d3","d5","e1",2,8,5,17,1.21450076767165e-05,11.3185923634217
"c11 d3 d5 e5",1,"c11","d3","d5","e5",2,8,5,7,5.00088551394208e-06,12.2058955584226
"c11 d3 d5 f14",1,"c11","d3","d5","f14",2,8,5,16,1.1430595460439e-05,11.3792169852381
"c11 d3 d5 ant",1,"c11","d3","d5","ant",2,8,5,26,1.85747176232134e-05,10.8937091694564
"c11 d3 e1 e5",1,"c11","d3","e1","e5",2,8,17,7,1.70030107474031e-05,10.9821201268005
"c11 d3 e1 f14",1,"c11","d3","e1","f14",2,8,17,16,3.88640245654927e-05,10.155441553616
"c11 d3 e1 ant",1,"c11","d3","e1","ant",2,8,17,26,6.31540399189256e-05,9.66993373783432
"c11 d3 e5 f14",1,"c11","d3","e5","f14",2,8,7,16,1.60028336446146e-05,11.0427447486169
"c11 d3 e5 ant",1,"c11","d3","e5","ant",2,8,7,26,2.60046046724988e-05,10.5572369328352
"c11 d3 f14 ant",1,"c11","d3","f14","ant",2,8,16,26,5.9439096394283e-05,9.73055835965076
"c11 d5 e1 e5",1,"c11","d5","e1","e5",2,5,17,7,1.06268817171269e-05,11.4521237560462
"c11 d5 e1 f14",1,"c11","d5","e1","f14",2,5,17,16,2.42900153534329e-05,10.6254451828618
"c11 d5 e1 ant",1,"c11","d5","e1","ant",2,5,17,26,3.94712749493285e-05,10.1399373670801
"c11 d5 e5 f14",1,"c11","d5","e5","f14",2,5,7,16,1.00017710278842e-05,11.5127483778627
"c11 d5 e5 ant",1,"c11","d5","e5","ant",2,5,7,26,1.62528779203117e-05,11.027240562081
"c11 d5 f14 ant",1,"c11","d5","f14","ant",2,5,16,26,3.71494352464269e-05,10.2005619888965
"c11 e1 e5 f14",1,"c11","e1","e5","f14",2,17,7,16,3.40060214948061e-05,10.2889729462405
"c11 e1 e5 ant",1,"c11","e1","e5","ant",2,17,7,26,5.52597849290599e-05,9.80346513045884
"c11 e1 f14 ant",1,"c11","e1","f14","ant",2,17,16,26,0.000126308079837851,8.97678655727438
"c11 e5 f14 ant",1,"c11","e5","f14","ant",2,7,16,26,5.20092093449976e-05,9.86408975227528
"d3 d5 e1 e5",1,"d3","d5","e1","e5",8,5,17,7,4.25075268685076e-05,10.0658293949263
"d3 d5 e1 f14",1,"d3","d5","e1","f14",8,5,17,16,9.71600614137318e-05,9.23915082174187
"d3 d5 e1 ant",1,"d3","d5","e1","ant",8,5,17,26,0.000157885099797314,8.75364300596017
"d3 d5 e5 f14",1,"d3","d5","e5","f14",8,5,7,16,4.00070841115366e-05,10.1264540167428
"d3 d5 e5 ant",1,"d3","d5","e5","ant",8,5,7,26,6.5011511681247e-05,9.64094620096107
"d3 d5 f14 ant",1,"d3","d5","f14","ant",8,5,16,26,0.000148597740985707,8.8142676277766
"d3 e1 e5 f14",1,"d3","e1","e5","f14",8,17,7,16,0.000136024085979224,8.90267858512065
"d3 e1 e5 ant",1,"d3","e1","e5","ant",8,17,7,26,0.00022103913971624,8.41717076933895
"d3 e1 f14 ant",1,"d3","e1","f14","ant",8,17,16,26,0.000505232319351405,7.59049219615449
"d3 e5 f14 ant",1,"d3","e5","f14","ant",8,7,16,26,0.00020803683737999,8.47779539115539
"d5 e1 e5 f14",1,"d5","e1","e5","f14",5,17,7,16,8.50150537370153e-05,9.37268221436639
"d5 e1 e5 ant",1,"d5","e1","e5","ant",5,17,7,26,0.00013814946232265,8.88717439858469
"d5 e1 f14 ant",1,"d5","e1","f14","ant",5,17,16,26,0.000315770199594628,8.06049582540022
"d5 e5 f14 ant",1,"d5","e5","f14","ant",5,7,16,26,0.000130023023362494,8.94779902040112
"e1 e5 f14 ant",1,"e1","e5","f14","ant",17,7,16,26,0.00044207827943248,7.72402358877901
"a1 b2 b3 f5",1,"a1","b2","b3","f5",136,28,16,36,0.0195874683810083,3.93286528554465
"a1 b3 c1 f5",1,"a1","b3","c1","f5",136,16,125,36,0.0874440552723586,2.43675605841756
"b2 b3 c1 f5",1,"b2","b3","c1","f5",28,16,125,36,0.0180031878501915,4.01720643397841
"a1 b10 b14 c1",1,"a1","b10","b14","c1",136,50,3,125,0.0227718893938434,3.78222842501719
"a24 b1 b2 e1",1,"a24","b1","b2","e1",69,13,28,17,0.00381292516010514,5.56935862586159
"a5 a24 e4 e6",1,"a5","a24","e4","e6",19,69,12,1,0.000140489162330958,8.8703802086001
"a5 a24 e4 f14",1,"a5","a24","e4","f14",19,69,12,16,0.00224782659729533,6.09779148636032
"a5 a24 e6 f14",1,"a5","a24","e6","f14",19,69,1,16,0.000187318883107945,8.58269813614832
"a5 e4 e6 f14",1,"a5","e4","e6","f14",19,12,1,16,3.25771970622512e-05,10.3318979909576
"a24 e4 e6 f14",1,"a24","e4","e6","f14",69,12,1,16,0.000118306663015544,9.04223046552676
"a1 a14 a24 b1",1,"a1","a14","a24","b1",136,6,69,13,0.0065364431316088,5.0303621251289
"b2 b4 b10 f5",1,"b2","b4","b10","f5",28,8,50,36,0.00360063757003829,5.6266443464125
"a1 a3 b15 e4",1,"a1","a3","b15","e4",136,22,1,12,0.000320628202665315,8.04522835326943
"b10 c1 f5 h1",1,"b10","c1","f5","h1",50,125,36,49,0.0984549335557346,2.31815636285462
"a1 a24 b3 i1",1,"a1","a24","b3","i1",136,69,16,34,0.0455875008153229,3.08812170496255
"a24 b3 b10 c1",1,"a24","b3","b10","c1",69,16,50,125,0.0616180536539292,2.78680037258431
"a24 b3 b10 ant",1,"a24","b3","b10","ant",69,16,50,26,0.0128165551600173,4.35701757186513
"a24 b3 c1 e4",1,"a24","b3","c1","e4",69,16,125,12,0.014788332876943,4.21391672822446
"a24 b3 c1 ant",1,"a24","b3","c1","ant",69,16,125,26,0.0320413879000432,3.44072683999098
"a24 b3 e4 ant",1,"a24","b3","e4","ant",69,16,12,26,0.00307597323840414,5.78413392750528
"a24 b10 c1 e4",1,"a24","b10","c1","e4",69,50,125,12,0.0462135402404469,3.07448244503609
"a24 b10 e4 ant",1,"a24","b10","e4","ant",69,50,12,26,0.00961241637001295,4.64469964431691
"a24 c1 e4 ant",1,"a24","c1","e4","ant",69,125,12,26,0.0240310409250324,3.72840891244276
"b3 b10 c1 e4",1,"b3","b10","c1","e4",16,50,125,12,0.0107161832441616,4.53600022739357
"b3 b10 c1 ant",1,"b3","b10","c1","ant",16,50,125,26,0.0232183970290168,3.76281033916009
"b3 b10 e4 ant",1,"b3","b10","e4","ant",16,50,12,26,0.00222896611478561,6.10621742667439
"b3 c1 e4 ant",1,"b3","c1","e4","ant",16,125,12,26,0.00557241528696403,5.18992669480024
"b10 c1 e4 ant",1,"b10","c1","e4","ant",50,125,12,26,0.0174137977717626,4.05049241161187
"a1 a5 a24 b1",1,"a1","a5","a24","b1",136,19,69,13,0.0206987365834279,3.87768261519051
"a1 a5 a24 b13",1,"a1","a5","a24","b13",136,19,69,11,0.0175143155705928,4.04473669985368
"a1 a5 b1 b13",1,"a1","a5","b1","b13",136,19,13,11,0.00329979858576386,5.7138938469894
"a1 a24 b1 b13",1,"a1","a24","b1","b13",136,69,13,11,0.0119834790746161,4.42422632155858
"a5 a24 b1 b13",1,"a5","a24","b1","b13",19,69,13,11,0.00167416251777725,6.39244222812819
"b2 b3 b10 d19",1,"b2","b3","b10","d19",28,16,50,10,0.00200035420557683,6.21443101131462
"a1 a2 a5 h1",1,"a1","a2","a5","h1",136,2,19,49,0.00226140042940461,6.09177099857874
"b2 c1 e4 f1",1,"b2","c1","e4","f1",28,125,12,1,0.000375066413545656,7.8884074448863
"b2 c1 e4 zoo",1,"b2","c1","e4","zoo",28,125,12,21,0.00787639468445877,4.84388500716287
"b2 c1 f1 zoo",1,"b2","c1","f1","zoo",28,125,1,21,0.000656366223704898,7.32879165695087
"b2 e4 f1 zoo",1,"b2","e4","f1","zoo",28,12,1,21,6.30111574756701e-05,9.67219874446517
"c1 e4 f1 zoo",1,"c1","e4","f1","zoo",125,12,1,21,0.000281299810159242,8.17608951733808
"a24 b2 g1 ant",1,"a24","b2","g1","ant",69,28,97,26,0.0435122047682586,3.13471381085447
"a1 a24 b2 b13",1,"a1","a24","b2","b13",136,69,28,11,0.0258105703145578,3.65697116884492
"a1 a24 b2 e1",1,"a1","a24","b2","e1",136,69,28,17,0.0398890632134076,3.22165309758707
"a1 a24 b10 b13",1,"a1","a24","b10","b13",136,69,50,11,0.046090304133139,3.07715267359197
"a1 a24 b13 c1",1,"a1","a24","b13","c1",136,69,11,125,0.115225760332848,2.16086194171782
"a1 b2 b10 b13",1,"a1","b2","b10","b13",136,28,50,11,0.0187033118221434,3.97905466801403
"a1 b2 b10 e1",1,"a1","b2","b10","e1",136,28,50,17,0.0289051182705852,3.54373659675618
"a1 b2 b13 e1",1,"a1","b2","b13","e1",136,28,11,17,0.00635912601952874,5.05786432938596
"a1 b2 c1 e1",1,"a1","b2","c1","e1",136,28,125,17,0.072262795676463,2.62744586488203
"a1 b10 b13 c1",1,"a1","b10","b13","c1",136,50,11,125,0.0834969277774257,2.48294544088693
"a1 b10 b13 e1",1,"a1","b10","b13","e1",136,50,11,17,0.0113555821777299,4.47804583413302
"a1 b13 c1 e1",1,"a1","b13","c1","e1",136,11,125,17,0.0283889554443247,3.56175510225886
"a24 b2 b10 b13",1,"a24","b2","b10","b13",69,28,50,11,0.00948918026270509,4.65760304915282
"a24 b2 b10 e1",1,"a24","b2","b10","e1",69,28,50,17,0.0146650967696351,4.22228497789498
"a24 b2 b13 c1",1,"a24","b2","b13","c1",69,28,11,125,0.0237229506567627,3.74131231727867
"a24 b2 b13 e1",1,"a24","b2","b13","e1",69,28,11,17,0.00322632128931973,5.73641271052475
"a24 b2 c1 e1",1,"a24","b2","c1","e1",69,28,125,17,0.0366627419240878,3.30599424602082
"a24 b10 b13 c1",1,"a24","b10","b13","c1",69,50,11,125,0.0423624118870763,3.16149382202572
"a24 b10 b13 e1",1,"a24","b10","b13","e1",69,50,11,17,0.00576128801664238,5.15659421527181
"a24 b13 c1 e1",1,"a24","b13","c1","e1",69,11,125,17,0.0144032200416059,4.24030348339765
"b2 b10 b13 c1",1,"b2","b10","b13","c1",28,50,11,125,0.0171905439541759,4.06339581644778
"b2 b10 b13 e1",1,"b2","b10","b13","e1",28,50,11,17,0.00233791397776792,6.05849620969386
"b2 b10 c1 e1",1,"b2","b10","c1","e1",28,50,125,17,0.0265672042928173,3.62807774518993
"b2 b13 c1 e1",1,"b2","b13","c1","e1",28,11,125,17,0.0058447849444198,5.14220547781971
"a24 c1 d6 f14",1,"a24","c1","d6","f14",69,125,3,16,0.00369708321923575,5.60021108934435
"a24 c1 d6 f35",1,"a24","c1","d6","f35",69,125,3,4,0.000924270804808937,6.98650545046424
"a24 c1 f14 f35",1,"a24","c1","f14","f35",69,125,16,4,0.00492944429231433,5.31252901689257
"a24 d6 f14 f35",1,"a24","d6","f14","f35",69,3,16,4,0.000118306663015544,9.04223046552676
"c1 d6 f14 f35",1,"c1","d6","f14","f35",125,3,16,4,0.000214323664883232,8.44802323282172
"b2 b10 f3 f4",1,"b2","b10","f3","f4",28,50,4,2,0.000100017710278842,9.21016328486862
"b2 b10 f3 h1",1,"b2","b10","f3","h1",28,50,4,49,0.00245043390183162,6.01149016731793
"b2 b10 f3 ant",1,"b2","b10","f3","ant",28,50,4,26,0.00130023023362494,6.64521392740708
"b2 b10 f4 h1",1,"b2","b10","f4","h1",28,50,2,49,0.00122521695091581,6.70463734787788
"b2 b10 f4 ant",1,"b2","b10","f4","ant",28,50,2,26,0.00065011511681247,7.33836110796702
"b2 b10 h1 ant",1,"b2","b10","h1","ant",28,50,49,26,0.0159278203619055,4.13968799041634
"b2 f3 f4 h1",1,"b2","f3","f4","h1",28,4,2,49,9.80173560732647e-05,9.23036599218613
"b2 f3 f4 ant",1,"b2","f3","f4","ant",28,4,2,26,5.20092093449976e-05,9.86408975227528
"b2 f3 h1 ant",1,"b2","f3","h1","ant",28,4,49,26,0.00127422562895244,6.6654166347246
"b2 f4 h1 ant",1,"b2","f4","h1","ant",28,2,49,26,0.000637112814476221,7.35856381528454
"b10 f3 f4 h1",1,"b10","f3","f4","h1",50,4,2,49,0.000175030992987973,8.65054749693319
"b10 f3 f4 ant",1,"b10","f3","f4","ant",50,4,2,26,9.28735881160671e-05,9.28427125702234
"b10 f3 h1 ant",1,"b10","f3","h1","ant",50,4,49,26,0.00227540290884365,6.08559813947166
"b10 f4 h1 ant",1,"b10","f4","h1","ant",50,2,49,26,0.00113770145442182,6.7787453200316
"f3 f4 h1 ant",1,"f3","f4","h1","ant",4,2,49,26,9.10161163537458e-05,9.30447396433986
