"ksngrams","observed_freq","token1","token2","token3","token1_freq","token2_freq","token3_freq","expected_freq","PMI"
"a1 b10 c1",7,"a1","b10","c1",136,50,125,3.65868356261084,0.648806748690015
"a1 b10 e1",3,"a1","b10","e1",136,50,17,0.497580964515074,1.7966092815489
"a1 b10 f5",4,"a1","b10","f5",136,50,36,1.05370086603192,1.33398575960078
"a1 b10 f7",1,"a1","b10","f7",136,50,2,0.0585389370017734,2.83806315637706
"a1 b10 f10",1,"a1","b10","f10",136,50,1,0.0292694685008867,3.531210336937
"a1 b10 f12",2,"a1","b10","f12",136,50,22,0.643928307019507,1.13331506413863
"a1 b10 f14",4,"a1","b10","f14",136,50,16,0.468311496014187,2.14491597581711
"a1 b10 f49",1,"a1","b10","f49",136,50,2,0.0585389370017734,2.83806315637706
"a1 c1 e1",4,"a1","c1","e1",136,125,17,1.24395241128768,1.16800062212652
"a1 c1 f5",6,"a1","c1","f5",136,125,36,2.6342521650798,0.823160135834792
"a1 c1 f7",1,"a1","c1","f7",136,125,2,0.146347342504433,1.9217724245029
"a1 c1 f10",1,"a1","c1","f10",136,125,1,0.0731736712522167,2.61491960506285
"a1 c1 f12",4,"a1","c1","f12",136,125,22,1.60982076754877,0.910171512824422
"a1 c1 f14",5,"a1","c1","f14",136,125,16,1.17077874003547,1.45176879525717
"a1 c1 f49",1,"a1","c1","f49",136,125,2,0.146347342504433,1.9217724245029
"a1 e1 f5",3,"a1","e1","f5",136,17,36,0.358258294450853,2.12511334852093
"a1 e1 f7",2,"a1","e1","f7",136,17,2,0.019903238580603,4.61001999830893
"a1 e1 f10",1,"a1","e1","f10",136,17,1,0.00995161929030148,4.61001999830893
"a1 e1 f12",2,"a1","e1","f12",136,17,22,0.218935624386632,2.21212472551056
"a1 e1 f14",3,"a1","e1","f14",136,17,16,0.159225908644824,2.93604356473726
"a1 e1 f49",1,"a1","e1","f49",136,17,2,0.019903238580603,3.91687281774899
"a1 f5 f7",2,"a1","f5","f7",136,36,2,0.0421480346412768,3.85971440390904
"a1 f5 f10",1,"a1","f5","f10",136,36,1,0.0210740173206384,3.85971440390904
"a1 f5 f12",3,"a1","f5","f12",136,36,22,0.463628381054045,1.86728423921883
"a1 f5 f14",3,"a1","f5","f14",136,36,16,0.337184277130215,2.18573797033737
"a1 f5 f49",1,"a1","f5","f49",136,36,2,0.0421480346412768,3.16656722334909
"a1 f7 f10",1,"a1","f7","f10",136,2,1,0.00117077874003547,6.7500861618052
"a1 f7 f12",1,"a1","f7","f12",136,2,22,0.0257571322807803,3.65904370844689
"a1 f7 f14",1,"a1","f7","f14",136,2,16,0.0187324598405675,3.97749743956542
"a1 f7 f49",1,"a1","f7","f49",136,2,2,0.00234155748007094,6.05693898124526
"a1 f10 f12",1,"a1","f10","f12",136,1,22,0.0128785661403901,4.35219088900683
"a1 f10 f14",1,"a1","f10","f14",136,1,16,0.00936622992028374,4.67064462012537
"a1 f10 f49",1,"a1","f10","f49",136,1,2,0.00117077874003547,6.7500861618052
"a1 f12 f14",2,"a1","f12","f14",136,22,16,0.206057058246242,2.272749347327
"a1 f12 f49",1,"a1","f12","f49",136,22,2,0.0257571322807803,3.65904370844689
"a1 f14 f49",1,"a1","f14","f49",136,16,2,0.0187324598405675,3.97749743956542
"b10 c1 e1",4,"b10","c1","e1",50,125,17,0.457335445326355,2.16863250243443
"b10 c1 f5",3,"b10","c1","f5",50,125,36,0.968475060691104,1.13064483558275
"b10 c1 f7",1,"b10","c1","f7",50,125,2,0.0538041700383947,2.92240430481081
"b10 c1 f10",1,"b10","c1","f10",50,125,1,0.0269020850191973,3.61555148537075
"b10 c1 f12",2,"b10","c1","f12",50,125,22,0.591845870422341,1.21765621257238
"b10 c1 f14",2,"b10","c1","f14",50,125,16,0.430433360307157,1.53610994369092
"b10 c1 f49",1,"b10","c1","f49",50,125,2,0.0538041700383947,2.92240430481081
"b10 e1 f5",2,"b10","e1","f5",50,17,36,0.13171260825399,2.72028012072067
"b10 e1 f7",1,"b10","e1","f7",50,17,2,0.00731736712522167,4.91750469805689
"b10 e1 f10",1,"b10","e1","f10",50,17,1,0.00365868356261084,5.61065187861684
"b10 e1 f12",2,"b10","e1","f12",50,17,22,0.0804910383774384,3.21275660581847
"b10 e1 f14",2,"b10","e1","f14",50,17,16,0.0585389370017734,3.531210336937
"b10 e1 f49",1,"b10","e1","f49",50,17,2,0.00731736712522167,4.91750469805689
"b10 f5 f7",1,"b10","f5","f7",50,36,2,0.0154956009710577,4.167199103657
"b10 f5 f10",1,"b10","f5","f10",50,36,1,0.00774780048552883,4.86034628421694
"b10 f5 f12",3,"b10","f5","f12",50,36,22,0.170451610681634,2.86791611952674
"b10 f5 f14",2,"b10","f5","f14",50,36,16,0.123964807768461,2.78090474253711
"b10 f5 f49",1,"b10","f5","f49",50,36,2,0.0154956009710577,4.167199103657
"b10 f7 f10",1,"b10","f7","f10",50,2,1,0.000430433360307157,7.75071804211311
"b10 f7 f12",1,"b10","f7","f12",50,2,22,0.00946953392675746,4.65967558875479
"b10 f7 f14",1,"b10","f7","f14",50,2,16,0.00688693376491452,4.97812931987333
"b10 f7 f49",1,"b10","f7","f49",50,2,2,0.000860866720614315,7.05757086155316
"b10 f10 f12",1,"b10","f10","f12",50,1,22,0.00473476696337873,5.35282276931474
"b10 f10 f14",1,"b10","f10","f14",50,1,16,0.00344346688245726,5.67127650043327
"b10 f10 f49",1,"b10","f10","f49",50,1,2,0.000430433360307157,7.75071804211311
"b10 f12 f14",1,"b10","f12","f14",50,22,16,0.0757562714140597,2.58023404707496
"b10 f12 f49",1,"b10","f12","f49",50,22,2,0.00946953392675746,4.65967558875479
"b10 f14 f49",1,"b10","f14","f49",50,16,2,0.00688693376491452,4.97812931987333
"c1 e1 f5",2,"c1","e1","f5",125,17,36,0.329281520634975,1.80398938884652
"c1 e1 f7",1,"c1","e1","f7",125,17,2,0.0182934178130542,4.00121396618274
"c1 e1 f10",1,"c1","e1","f10",125,17,1,0.00914670890652709,4.69436114674268
"c1 e1 f12",2,"c1","e1","f12",125,17,22,0.201227595943596,2.29646587394431
"c1 e1 f14",3,"c1","e1","f14",125,17,16,0.146347342504433,3.02038471317101
"c1 e1 f49",1,"c1","e1","f49",125,17,2,0.0182934178130542,4.00121396618274
"c1 f5 f7",1,"c1","f5","f7",125,36,2,0.0387390024276442,3.25090837178284
"c1 f5 f10",1,"c1","f5","f10",125,36,1,0.0193695012138221,3.94405555234279
"c1 f5 f12",4,"c1","f5","f12",125,36,22,0.426129026704086,2.23930746010436
"c1 f5 f14",1,"c1","f5","f14",125,36,16,0.309912019421153,1.17146683010301
"c1 f5 f49",1,"c1","f5","f49",125,36,2,0.0387390024276442,3.25090837178284
"c1 f7 f10",1,"c1","f7","f10",125,2,1,0.00107608340076789,6.83442731023895
"c1 f7 f12",1,"c1","f7","f12",125,2,22,0.0236738348168937,3.74338485688064
"c1 f7 f14",1,"c1","f7","f14",125,2,16,0.0172173344122863,4.06183858799917
"c1 f7 f49",1,"c1","f7","f49",125,2,2,0.00215216680153579,6.14128012967901
"c1 f10 f12",1,"c1","f10","f12",125,1,22,0.0118369174084468,4.43653203744058
"c1 f10 f14",1,"c1","f10","f14",125,1,16,0.00860866720614315,4.75498576855912
"c1 f10 f49",1,"c1","f10","f49",125,1,2,0.00107608340076789,6.83442731023895
"c1 f12 f14",2,"c1","f12","f14",125,22,16,0.189390678535149,2.35709049576075
"c1 f12 f49",1,"c1","f12","f49",125,22,2,0.0236738348168936,3.74338485688064
"c1 f14 f49",1,"c1","f14","f49",125,16,2,0.0172173344122863,4.06183858799917
"e1 f5 f7",2,"e1","f5","f7",17,36,2,0.0052685043301596,5.93915594558887
"e1 f5 f10",1,"e1","f5","f10",17,36,1,0.0026342521650798,5.93915594558887
"e1 f5 f12",3,"e1","f5","f12",17,36,22,0.0579535476317556,3.94672578089867
"e1 f5 f14",2,"e1","f5","f14",17,36,16,0.0421480346412768,3.85971440390904
"e1 f5 f49",1,"e1","f5","f49",17,36,2,0.0052685043301596,5.24600876502893
"e1 f7 f10",1,"e1","f7","f10",17,2,1,0.000146347342504433,8.82952770348504
"e1 f7 f12",1,"e1","f7","f12",17,2,22,0.00321964153509754,5.73848525012672
"e1 f7 f14",1,"e1","f7","f14",17,2,16,0.00234155748007094,6.05693898124526
"e1 f7 f49",1,"e1","f7","f49",17,2,2,0.000292694685008867,8.13638052292509
"e1 f10 f12",1,"e1","f10","f12",17,1,22,0.00160982076754877,6.43163243068667
"e1 f10 f14",1,"e1","f10","f14",17,1,16,0.00117077874003547,6.7500861618052
"e1 f10 f49",1,"e1","f10","f49",17,1,2,0.000146347342504433,8.82952770348504
"e1 f12 f14",1,"e1","f12","f14",17,22,16,0.0257571322807803,3.65904370844689
"e1 f12 f49",1,"e1","f12","f49",17,22,2,0.00321964153509754,5.73848525012672
"e1 f14 f49",1,"e1","f14","f49",17,16,2,0.00234155748007094,6.05693898124526
"f5 f7 f10",1,"f5","f7","f10",36,2,1,0.000309912019421153,8.07922210908515
"f5 f7 f12",1,"f5","f7","f12",36,2,22,0.00681806442726537,4.98817965572683
"f5 f7 f14",1,"f5","f7","f14",36,2,16,0.00495859231073845,5.30663338684536
"f5 f7 f49",1,"f5","f7","f49",36,2,2,0.000619824038842306,7.3860749285252
"f5 f10 f12",1,"f5","f10","f12",36,1,22,0.00340903221363268,5.68132683628678
"f5 f10 f14",1,"f5","f10","f14",36,1,16,0.00247929615536923,5.99978056740531
"f5 f10 f49",1,"f5","f10","f49",36,1,2,0.000309912019421153,8.07922210908515
"f5 f12 f14",1,"f5","f12","f14",36,22,16,0.054544515418123,2.90873811404699
"f5 f12 f49",1,"f5","f12","f49",36,22,2,0.00681806442726537,4.98817965572683
"f5 f14 f49",1,"f5","f14","f49",36,16,2,0.00495859231073845,5.30663338684536
"f7 f10 f12",1,"f7","f10","f12",2,1,22,0.000189390678535149,8.57169859418294
"f7 f10 f14",1,"f7","f10","f14",2,1,16,0.00013773867529829,8.89015232530147
"f7 f10 f49",1,"f7","f10","f49",2,1,2,1.72173344122863e-05,10.9695938669813
"f7 f12 f14",1,"f7","f12","f14",2,22,16,0.00303025085656239,5.79910987194316
"f7 f12 f49",1,"f7","f12","f49",2,22,2,0.000378781357070298,7.87855141362299
"f7 f14 f49",1,"f7","f14","f49",2,16,2,0.000275477350596581,8.19700514474153
"f10 f12 f14",1,"f10","f12","f14",1,22,16,0.00151512542828119,6.4922570525031
"f10 f12 f49",1,"f10","f12","f49",1,22,2,0.000189390678535149,8.57169859418294
"f10 f14 f49",1,"f10","f14","f49",1,16,2,0.00013773867529829,8.89015232530147
"f12 f14 f49",1,"f12","f14","f49",22,16,2,0.00303025085656239,5.79910987194316
"a1 c1 g1",19,"a1","c1","g1",136,125,97,7.09784611146502,0.984647605725905
"b13 c2 f5",1,"b13","c2","f5",11,3,36,0.00511354832044903,5.27586172817861
"b13 c2 f53",1,"b13","c2","f53",11,3,2,0.000284086017802724,8.16623348607478
"b13 c2 h1",1,"b13","c2","h1",11,3,49,0.00696010743616673,4.96756036852409
"b13 c2 relief",1,"b13","c2","relief",11,3,6,0.000852258053408171,7.06762119740667
"b13 f5 f53",1,"b13","f5","f53",11,36,2,0.00340903221363269,5.68132683628678
"b13 f5 h1",1,"b13","f5","h1",11,36,49,0.0835212892340008,2.48265371873609
"b13 f5 relief",1,"b13","f5","relief",11,36,6,0.0102270966408981,4.58271454761867
"b13 f53 h1",1,"b13","f53","h1",11,2,49,0.00464007162411116,5.37302547663226
"b13 f53 relief",1,"b13","f53","relief",11,2,6,0.000568172035605447,7.47308630551483
"b13 h1 relief",1,"b13","h1","relief",11,49,6,0.0139202148723335,4.27441318796415
"c2 f5 f53",1,"c2","f5","f53",3,36,2,0.00092973605826346,6.98060982041704
"c2 f5 h1",1,"c2","f5","h1",3,36,49,0.0227785334274548,3.78193670286635
"c2 f5 relief",1,"c2","f5","relief",3,36,6,0.00278920817479038,5.88199753174893
"c2 f53 h1",1,"c2","f53","h1",3,2,49,0.00126547407930304,6.67230846076252
"c2 f53 relief",1,"c2","f53","relief",3,2,6,0.000154956009710577,8.77236928964509
"c2 h1 relief",1,"c2","h1","relief",3,49,6,0.00379642223790913,5.57369617209441
"f5 f53 h1",1,"f5","f53","h1",36,2,49,0.0151856889516365,4.18740181097452
"f5 f53 relief",1,"f5","f53","relief",36,2,6,0.00185947211652692,6.28746263985709
"f5 h1 relief",1,"f5","h1","relief",36,49,6,0.0455570668549095,3.08878952230641
"f53 h1 relief",1,"f53","h1","relief",2,49,6,0.00253094815860608,5.97916128020257
"a3 f51 g1",1,"a3","f51","g1",22,3,97,0.0275563437268642,3.59152250757139
"a3 f51 g2",1,"a3","f51","g2",22,3,23,0.00653397840946265,5.03073927014563
"a3 g1 g2",1,"a3","g1","g2",22,97,23,0.211265301905959,1.55464058031035
"f51 g1 g2",1,"f51","g1","g2",3,97,23,0.028808904805358,3.54707074500056
"a1 b6 b8",1,"a1","b6","b8",136,14,6,0.0491727070814896,3.01241654352184
"a1 b6 d27",1,"a1","b6","d27",136,14,1,0.00819545118024827,4.80417601274989
"a1 b6 e1",1,"a1","b6","e1",136,14,17,0.139322670064221,1.97096266869367
"a1 b6 e20",1,"a1","b6","e20",136,14,1,0.00819545118024827,4.80417601274989
"a1 b6 f5",1,"a1","b6","f5",136,14,36,0.295036242488938,1.22065707429378
"a1 b6 f7",1,"a1","b6","f7",136,14,2,0.0163909023604965,4.11102883218994
"a1 b8 d27",1,"a1","b8","d27",136,6,1,0.0035123362201064,5.65147387313709
"a1 b8 e1",1,"a1","b8","e1",136,6,17,0.0597097157418088,2.81826052908088
"a1 b8 e20",1,"a1","b8","e20",136,6,1,0.0035123362201064,5.65147387313709
"a1 b8 f5",1,"a1","b8","f5",136,6,36,0.12644410392383,2.06795493468098
"a1 b8 f7",1,"a1","b8","f7",136,6,2,0.00702467244021281,4.95832669257715
"a1 d27 e1",1,"a1","d27","e1",136,1,17,0.00995161929030148,4.61001999830893
"a1 d27 e20",1,"a1","d27","e20",136,1,1,0.000585389370017734,7.44323334236515
"a1 d27 f5",1,"a1","d27","f5",136,1,36,0.0210740173206384,3.85971440390904
"a1 d27 f7",1,"a1","d27","f7",136,1,2,0.00117077874003547,6.7500861618052
"a1 e1 e20",1,"a1","e1","e20",136,17,1,0.00995161929030148,4.61001999830893
"a1 e20 f5",1,"a1","e20","f5",136,1,36,0.0210740173206384,3.85971440390904
"a1 e20 f7",1,"a1","e20","f7",136,1,2,0.00117077874003547,6.7500861618052
"b6 b8 d27",1,"b6","b8","d27",14,6,1,0.000361564022658012,7.92507142925789
"b6 b8 e1",1,"b6","b8","e1",14,6,17,0.00614658838518621,5.09185808520167
"b6 b8 e20",1,"b6","b8","e20",14,6,1,0.000361564022658012,7.92507142925789
"b6 b8 f5",1,"b6","b8","f5",14,6,36,0.0130163048156884,4.34155249080178
"b6 b8 f7",1,"b6","b8","f7",14,6,2,0.000723128045316024,7.23192424869794
"b6 d27 e1",1,"b6","d27","e1",14,1,17,0.00102443139753103,6.88361755442973
"b6 d27 e20",1,"b6","d27","e20",14,1,1,6.0260670443002e-05,9.71683089848594
"b6 d27 f5",1,"b6","d27","f5",14,1,36,0.00216938413594807,6.13331196002983
"b6 d27 f7",1,"b6","d27","f7",14,1,2,0.000120521340886004,9.023683717926
"b6 e1 e20",1,"b6","e1","e20",14,17,1,0.00102443139753103,6.88361755442973
"b6 e1 f5",1,"b6","e1","f5",14,17,36,0.0368795303111172,3.30009861597362
"b6 e1 f7",1,"b6","e1","f7",14,17,2,0.00204886279506207,6.19047037386978
"b6 e20 f5",1,"b6","e20","f5",14,1,36,0.00216938413594807,6.13331196002983
"b6 e20 f7",1,"b6","e20","f7",14,1,2,0.000120521340886004,9.023683717926
"b6 f5 f7",1,"b6","f5","f7",14,36,2,0.00433876827189615,5.44016477946989
"b8 d27 e1",1,"b8","d27","e1",6,1,17,0.0004390420275133,7.73091541481693
"b8 d27 e20",1,"b8","d27","e20",6,1,1,2.58260016184294e-05,10.5641287588731
"b8 d27 f5",1,"b8","d27","f5",6,1,36,0.00092973605826346,6.98060982041704
"b8 d27 f7",1,"b8","d27","f7",6,1,2,5.16520032368589e-05,9.8709815783132
"b8 e1 e20",1,"b8","e1","e20",6,17,1,0.0004390420275133,7.73091541481693
"b8 e1 f5",1,"b8","e1","f5",6,17,36,0.0158055129904788,4.14739647636082
"b8 e1 f7",1,"b8","e1","f7",6,17,2,0.000878084055026601,7.03776823425698
"b8 e20 f5",1,"b8","e20","f5",6,1,36,0.00092973605826346,6.98060982041704
"b8 e20 f7",1,"b8","e20","f7",6,1,2,5.16520032368589e-05,9.8709815783132
"b8 f5 f7",1,"b8","f5","f7",6,36,2,0.00185947211652692,6.28746263985709
"d27 e1 e20",1,"d27","e1","e20",1,17,1,7.31736712522167e-05,9.52267488404499
"d27 e1 f5",1,"d27","e1","f5",1,17,36,0.0026342521650798,5.93915594558887
"d27 e1 f7",1,"d27","e1","f7",1,17,2,0.000146347342504433,8.82952770348504
"d27 e20 f5",1,"d27","e20","f5",1,1,36,0.000154956009710577,8.77236928964509
"d27 e20 f7",1,"d27","e20","f7",1,1,2,8.60866720614314e-06,11.6627410475413
"d27 f5 f7",1,"d27","f5","f7",1,36,2,0.000309912019421153,8.07922210908515
"e1 e20 f5",1,"e1","e20","f5",17,1,36,0.0026342521650798,5.93915594558887
"e1 e20 f7",1,"e1","e20","f7",17,1,2,0.000146347342504433,8.82952770348504
"e20 f5 f7",1,"e20","f5","f7",1,36,2,0.000309912019421153,8.07922210908515
"a1 c1 c9",1,"a1","c1","c9",136,125,3,0.21952101375665,1.51630731639474
"a1 c1 c13",1,"a1","c1","c13",136,125,8,0.585389370017734,0.535478063383011
"a1 c1 d22",1,"a1","c1","d22",136,125,5,0.365868356261084,1.00548169262875
"a1 c1 e25",1,"a1","c1","e25",136,125,1,0.0731736712522167,2.61491960506285
"a1 c1 f13",6,"a1","c1","f13",136,125,9,0.658563041269951,2.20945449695468
"a1 c1 f25",1,"a1","c1","f25",136,125,1,0.0731736712522167,2.61491960506285
"a1 c1 ant",2,"a1","c1","ant",136,125,26,1.90251545255764,0.0499702476013105
"a1 c9 c13",1,"a1","c9","c13",136,3,8,0.0140493448804256,4.2651795120172
"a1 c9 d22",1,"a1","c9","d22",136,3,5,0.00878084055026601,4.73518314126294
"a1 c9 e25",1,"a1","c9","e25",136,3,1,0.0017561681100532,6.34462105369704
"a1 c9 f12",1,"a1","c9","f12",136,3,22,0.0386356984211704,3.25357860033872
"a1 c9 f13",1,"a1","c9","f13",136,3,9,0.0158055129904788,4.14739647636082
"a1 c9 f25",1,"a1","c9","f25",136,3,1,0.0017561681100532,6.34462105369704
"a1 c9 g1",1,"a1","c9","g1",136,3,97,0.170348306675161,1.76991007519366
"a1 c9 ant",1,"a1","c9","ant",136,3,26,0.0456603708613832,3.08652451567556
"a1 c13 d22",1,"a1","c13","d22",136,8,5,0.0234155748007094,3.75435388825121
"a1 c13 e25",1,"a1","c13","e25",136,8,1,0.00468311496014187,5.36379180068531
"a1 c13 f12",1,"a1","c13","f12",136,8,22,0.103028529123121,2.272749347327
"a1 c13 f13",1,"a1","c13","f13",136,8,9,0.0421480346412768,3.16656722334909
"a1 c13 f25",1,"a1","c13","f25",136,8,1,0.00468311496014187,5.36379180068531
"a1 c13 g1",1,"a1","c13","g1",136,8,97,0.454262151133762,0.78908082218193
"a1 c13 ant",1,"a1","c13","ant",136,8,26,0.121760988963689,2.10569526266383
"a1 d22 e25",1,"a1","d22","e25",136,5,1,0.00292694685008867,5.83379542993105
"a1 d22 f12",1,"a1","d22","f12",136,5,22,0.0643928307019507,2.74275297657273
"a1 d22 f13",1,"a1","d22","f13",136,5,9,0.026342521650798,3.63657085259483
"a1 d22 f25",1,"a1","d22","f25",136,5,1,0.00292694685008867,5.83379542993105
"a1 d22 g1",1,"a1","d22","g1",136,5,97,0.283913844458601,1.25908445142767
"a1 d22 ant",1,"a1","d22","ant",136,5,26,0.0761006181023054,2.57569889190957
"a1 e25 f12",1,"a1","e25","f12",136,1,22,0.0128785661403901,4.35219088900683
"a1 e25 f13",1,"a1","e25","f13",136,1,9,0.0052685043301596,5.24600876502893
"a1 e25 f25",1,"a1","e25","f25",136,1,1,0.000585389370017734,7.44323334236515
"a1 e25 g1",1,"a1","e25","g1",136,1,97,0.0567827688917202,2.86852236386177
"a1 e25 ant",1,"a1","e25","ant",136,1,26,0.0152201236204611,4.18513680434367
"a1 f12 f13",2,"a1","f12","f13",136,22,9,0.115907095263511,2.84811349223056
"a1 f12 f25",1,"a1","f12","f25",136,22,1,0.0128785661403901,4.35219088900683
"a1 f12 g1",4,"a1","f12","g1",136,22,97,1.24922091561784,1.16377427162334
"a1 f12 ant",1,"a1","f12","ant",136,22,26,0.334842719650144,1.09409435098535
"a1 f13 f25",1,"a1","f13","f25",136,9,1,0.0052685043301596,5.24600876502893
"a1 f13 g1",5,"a1","f13","g1",136,9,97,0.511044920025482,2.28073569895965
"a1 f13 ant",1,"a1","f13","ant",136,9,26,0.13698111258415,1.98791222700745
"a1 f25 g1",1,"a1","f25","g1",136,1,97,0.0567827688917202,2.86852236386177
"a1 f25 ant",1,"a1","f25","ant",136,1,26,0.0152201236204611,4.18513680434367
"a1 g1 ant",1,"a1","g1","ant",136,97,26,1.47635199118472,-0.389574174159716
"c1 c9 c13",1,"c1","c9","c13",125,3,8,0.0129130008092147,4.34952066045095
"c1 c9 d22",1,"c1","c9","d22",125,3,5,0.0080706255057592,4.81952428969669
"c1 c9 e25",1,"c1","c9","e25",125,3,1,0.00161412510115184,6.42896220213079
"c1 c9 f12",1,"c1","c9","f12",125,3,22,0.0355107522253405,3.33791974877247
"c1 c9 f13",1,"c1","c9","f13",125,3,9,0.0145271259103666,4.23173762479457
"c1 c9 f25",1,"c1","c9","f25",125,3,1,0.00161412510115184,6.42896220213079
"c1 c9 g1",1,"c1","c9","g1",125,3,97,0.156570134811728,1.85425122362741
"c1 c9 ant",1,"c1","c9","ant",125,3,26,0.0419672526299478,3.17086566410931
"c1 c13 d22",1,"c1","c13","d22",125,8,5,0.0215216680153579,3.83869503668496
"c1 c13 e25",1,"c1","c13","e25",125,8,1,0.00430433360307157,5.44813294911906
"c1 c13 f12",1,"c1","c13","f12",125,8,22,0.0946953392675746,2.35709049576075
"c1 c13 f13",1,"c1","c13","f13",125,8,9,0.0387390024276442,3.25090837178284
"c1 c13 f25",1,"c1","c13","f25",125,8,1,0.00430433360307157,5.44813294911906
"c1 c13 g1",4,"c1","c13","g1",125,8,97,0.417520359497943,2.25971633173557
"c1 c13 ant",1,"c1","c13","ant",125,8,26,0.111912673679861,2.19003641109758
"c1 d22 e25",1,"c1","d22","e25",125,5,1,0.00269020850191973,5.9181365783648
"c1 d22 f12",1,"c1","d22","f12",125,5,22,0.0591845870422341,2.82709412500648
"c1 d22 f13",1,"c1","d22","f13",125,5,9,0.0242118765172776,3.72091200102858
"c1 d22 f25",1,"c1","d22","f25",125,5,1,0.00269020850191973,5.9181365783648
"c1 d22 g1",1,"c1","d22","g1",125,5,97,0.260950224686214,1.34342559986142
"c1 d22 ant",1,"c1","d22","ant",125,5,26,0.0699454210499131,2.66004004034332
"c1 e25 f12",1,"c1","e25","f12",125,1,22,0.0118369174084468,4.43653203744058
"c1 e25 f13",1,"c1","e25","f13",125,1,9,0.00484237530345552,5.33034991346268
"c1 e25 f25",1,"c1","e25","f25",125,1,1,0.000538041700383947,7.5275744907989
"c1 e25 g1",1,"c1","e25","g1",125,1,97,0.0521900449372428,2.95286351229552
"c1 e25 ant",1,"c1","e25","ant",125,1,26,0.0139890842099826,4.26947795277742
"c1 f12 f13",3,"c1","f12","f13",125,22,9,0.106532256676021,3.33791974877247
"c1 f12 f25",1,"c1","f12","f25",125,22,1,0.0118369174084468,4.43653203744058
"c1 f12 g1",4,"c1","f12","g1",125,22,97,1.14818098861934,1.24811542005709
"c1 f12 ant",2,"c1","f12","ant",125,22,26,0.307759852619617,1.87158267997905
"c1 f13 f25",1,"c1","f13","f25",125,9,1,0.00484237530345552,5.33034991346268
"c1 f13 g1",6,"c1","f13","g1",125,9,97,0.469710404435185,2.54739840418735
"c1 f13 ant",1,"c1","f13","ant",125,9,26,0.125901757889844,2.0722533754412
"c1 f25 g1",1,"c1","f25","g1",125,1,97,0.0521900449372428,2.95286351229552
"c1 f25 ant",1,"c1","f25","ant",125,1,26,0.0139890842099826,4.26947795277742
"c1 g1 ant",2,"c1","g1","ant",125,97,26,1.35694116836831,0.38791415483398
"c9 c13 d22",1,"c9","c13","d22",3,8,5,0.000516520032368589,7.56839648531915
"c9 c13 e25",1,"c9","c13","e25",3,8,1,0.000103304006473718,9.17783439775326
"c9 c13 f12",1,"c9","c13","f12",3,8,22,0.00227268814242179,6.08679194439494
"c9 c13 f13",1,"c9","c13","f13",3,8,9,0.00092973605826346,6.98060982041704
"c9 c13 f25",1,"c9","c13","f25",3,8,1,0.000103304006473718,9.17783439775326
"c9 c13 g1",1,"c9","c13","g1",3,8,97,0.0100204886279506,4.60312341924987
"c9 c13 ant",1,"c9","c13","ant",3,8,26,0.00268590416831666,5.91973785973177
"c9 d22 e25",1,"c9","d22","e25",3,5,1,6.45650040460736e-05,9.64783802699899
"c9 d22 f12",1,"c9","d22","f12",3,5,22,0.00142043008901362,6.55679557364067
"c9 d22 f13",1,"c9","d22","f13",3,5,9,0.000581085036414662,7.45061344966277
"c9 d22 f25",1,"c9","d22","f25",3,5,1,6.45650040460736e-05,9.64783802699899
"c9 d22 g1",2,"c9","d22","g1",3,5,97,0.00626280539246914,5.76627422905555
"c9 d22 ant",1,"c9","d22","ant",3,5,26,0.00167869010519791,6.38974148897751
"c9 e25 f12",1,"c9","e25","f12",3,1,22,0.000284086017802724,8.16623348607478
"c9 e25 f13",1,"c9","e25","f13",3,1,9,0.000116217007282932,9.06005136209687
"c9 e25 f25",1,"c9","e25","f25",3,1,1,1.29130008092147e-05,11.2572759394331
"c9 e25 g1",1,"c9","e25","g1",3,1,97,0.00125256107849383,6.68256496092971
"c9 e25 ant",1,"c9","e25","ant",3,1,26,0.000335738021039583,7.99917940141161
"c9 f12 f13",1,"c9","f12","f13",3,22,9,0.00255677416022451,5.96900890873856
"c9 f12 f25",1,"c9","f12","f25",3,22,1,0.000284086017802724,8.16623348607478
"c9 f12 g1",1,"c9","f12","g1",3,22,97,0.0275563437268642,3.59152250757139
"c9 f12 ant",1,"c9","f12","ant",3,22,26,0.00738623646287082,4.90813694805329
"c9 f13 f25",1,"c9","f13","f25",3,9,1,0.000116217007282932,9.06005136209687
"c9 f13 g1",1,"c9","f13","g1",3,9,97,0.0112730497064444,4.48534038359349
"c9 f13 ant",1,"c9","f13","ant",3,9,26,0.00302164218935624,5.80195482407539
"c9 f25 g1",1,"c9","f25","g1",3,1,97,0.00125256107849383,6.68256496092971
"c9 f25 ant",1,"c9","f25","ant",3,1,26,0.000335738021039583,7.99917940141161
"c9 g1 ant",1,"c9","g1","ant",3,97,26,0.0325665880408395,3.42446842290823
"c13 d22 e25",1,"c13","d22","e25",8,5,1,0.000172173344122863,8.66700877398726
"c13 d22 f12",1,"c13","d22","f12",8,5,22,0.00378781357070298,5.57596632062895
"c13 d22 f13",1,"c13","d22","f13",8,5,9,0.00154956009710577,6.46978419665104
"c13 d22 f25",1,"c13","d22","f25",8,5,1,0.000172173344122863,8.66700877398726
"c13 d22 g1",1,"c13","d22","g1",8,5,97,0.0167008143799177,4.09229779548388
"c13 d22 ant",1,"c13","d22","ant",8,5,26,0.00447650694719444,5.40891223596578
"c13 e25 f12",1,"c13","e25","f12",8,1,22,0.000757562714140597,7.18540423306305
"c13 e25 f13",1,"c13","e25","f13",8,1,9,0.000309912019421153,8.07922210908515
"c13 e25 f25",1,"c13","e25","f25",8,1,1,3.44346688245726e-05,10.2764466864214
"c13 e25 g1",1,"c13","e25","g1",8,1,97,0.00334016287598354,5.70173570791798
"c13 e25 ant",1,"c13","e25","ant",8,1,26,0.000895301389438887,7.01835014839988
"c13 f12 f13",1,"c13","f12","f13",8,22,9,0.00681806442726537,4.98817965572683
"c13 f12 f25",1,"c13","f12","f25",8,22,1,0.000757562714140597,7.18540423306305
"c13 f12 g1",1,"c13","f12","g1",8,22,97,0.0734835832716379,2.61069325455967
"c13 f12 ant",1,"c13","f12","ant",8,22,26,0.0196966305676555,3.92730769504157
"c13 f13 f25",1,"c13","f13","f25",8,9,1,0.000309912019421153,8.07922210908515
"c13 f13 g1",1,"c13","f13","g1",8,9,97,0.0300614658838519,3.50451113058176
"c13 f13 ant",1,"c13","f13","ant",8,9,26,0.00805771250494998,4.82112557106366
"c13 f25 g1",1,"c13","f25","g1",8,1,97,0.00334016287598354,5.70173570791798
"c13 f25 ant",1,"c13","f25","ant",8,1,26,0.000895301389438887,7.01835014839988
"c13 g1 ant",1,"c13","g1","ant",8,97,26,0.086844234775572,2.4436391698965
"d22 e25 f12",1,"d22","e25","f12",5,1,22,0.000473476696337873,7.65540786230878
"d22 e25 f13",1,"d22","e25","f13",5,1,9,0.000193695012138221,8.54922573833088
"d22 e25 f25",1,"d22","e25","f25",5,1,1,2.15216680153579e-05,10.7464503156671
"d22 e25 g1",1,"d22","e25","g1",5,1,97,0.00208760179748971,6.17173933716372
"d22 e25 ant",1,"d22","e25","ant",5,1,26,0.000559563368399304,7.48835377764562
"d22 f12 f13",1,"d22","f12","f13",5,22,9,0.00426129026704086,5.45818328497256
"d22 f12 f25",1,"d22","f12","f25",5,22,1,0.000473476696337873,7.65540786230878
"d22 f12 g1",1,"d22","f12","g1",5,22,97,0.0459272395447737,3.0806968838054
"d22 f12 ant",1,"d22","f12","ant",5,22,26,0.0123103941047847,4.3973113242873
"d22 f13 f25",1,"d22","f13","f25",5,9,1,0.000193695012138221,8.54922573833088
"d22 f13 g1",1,"d22","f13","g1",5,9,97,0.0187884161774074,3.9745147598275
"d22 f13 ant",1,"d22","f13","ant",5,9,26,0.00503607031559374,5.2911292003094
"d22 f25 g1",1,"d22","f25","g1",5,1,97,0.00208760179748971,6.17173933716372
"d22 f25 ant",1,"d22","f25","ant",5,1,26,0.000559563368399304,7.48835377764562
"d22 g1 ant",1,"d22","g1","ant",5,97,26,0.0542776467347325,2.91364279914224
"e25 f12 f13",1,"e25","f12","f13",1,22,9,0.000852258053408171,7.06762119740667
"e25 f12 f25",1,"e25","f12","f25",1,22,1,9.46953392675746e-05,9.26484577474288
"e25 f12 g1",1,"e25","f12","g1",1,22,97,0.00918544790895474,4.6901347962395
"e25 f12 ant",1,"e25","f12","ant",1,22,26,0.00246207882095694,6.0067492367214
"e25 f13 f25",1,"e25","f13","f25",1,9,1,3.87390024276441e-05,10.158663650765
"e25 f13 g1",1,"e25","f13","g1",1,9,97,0.00375768323548148,5.5839526722616
"e25 f13 ant",1,"e25","f13","ant",1,9,26,0.00100721406311875,6.9005671127435
"e25 f25 g1",1,"e25","f25","g1",1,1,97,0.000417520359497942,7.78117724959782
"e25 f25 ant",1,"e25","f25","ant",1,1,26,0.000111912673679861,9.09779169007972
"e25 g1 ant",1,"e25","g1","ant",1,97,26,0.0108555293469465,4.52308071157634
"f12 f13 f25",1,"f12","f13","f25",22,9,1,0.000852258053408171,7.06762119740667
"f12 f13 g1",3,"f12","f13","g1",22,9,97,0.0826690311805926,3.59152250757139
"f12 f13 ant",1,"f12","f13","ant",22,9,26,0.0221587093886125,3.80952465938518
"f12 f25 g1",1,"f12","f25","g1",22,1,97,0.00918544790895474,4.6901347962395
"f12 f25 ant",1,"f12","f25","ant",22,1,26,0.00246207882095694,6.0067492367214
"f12 g1 ant",1,"f12","g1","ant",22,97,26,0.238821645632823,1.43203825821802
"f13 f25 g1",1,"f13","f25","g1",9,1,97,0.00375768323548148,5.5839526722616
"f13 f25 ant",1,"f13","f25","ant",9,1,26,0.00100721406311875,6.9005671127435
"f13 g1 ant",1,"f13","g1","ant",9,97,26,0.0976997641225186,2.32585613424012
"f25 g1 ant",1,"f25","g1","ant",1,97,26,0.0108555293469465,4.52308071157634
"c1 f18 f52",1,"c1","f18","f52",125,1,2,0.00107608340076789,6.83442731023895
"c1 f18 f55",1,"c1","f18","f55",125,1,3,0.00161412510115184,6.42896220213079
"c1 f18 g1",1,"c1","f18","g1",125,1,97,0.0521900449372428,2.95286351229552
"c1 f18 relief",1,"c1","f18","relief",125,1,6,0.00322825020230368,5.73581502157084
"c1 f52 f55",1,"c1","f52","f55",125,2,3,0.00322825020230368,5.73581502157084
"c1 f52 g1",2,"c1","f52","g1",125,2,97,0.104380089874486,2.95286351229552
"c1 f52 relief",1,"c1","f52","relief",125,2,6,0.00645650040460736,5.0426678410109
"c1 f55 g1",2,"c1","f55","g1",125,3,97,0.156570134811728,2.54739840418735
"c1 f55 relief",1,"c1","f55","relief",125,3,6,0.00968475060691104,4.63720273290274
"c1 g1 relief",1,"c1","g1","relief",125,97,6,0.313140269623457,1.16110404306746
"f18 f52 f55",1,"f18","f52","f55",1,2,3,2.58260016184294e-05,10.5641287588731
"f18 f52 g1",1,"f18","f52","g1",1,2,97,0.000835040718995885,7.08803006903787
"f18 f52 relief",1,"f18","f52","relief",1,2,6,5.16520032368589e-05,9.8709815783132
"f18 f55 g1",1,"f18","f55","g1",1,3,97,0.00125256107849383,6.68256496092971
"f18 f55 relief",1,"f18","f55","relief",1,3,6,7.74780048552883e-05,9.46551647020504
"f18 g1 relief",1,"f18","g1","relief",1,97,6,0.00250512215698765,5.98941778036976
"f52 f55 g1",1,"f52","f55","g1",2,3,97,0.00250512215698765,5.98941778036976
"f52 f55 relief",1,"f52","f55","relief",2,3,6,0.000154956009710577,8.77236928964509
"f52 g1 relief",1,"f52","g1","relief",2,97,6,0.00501024431397531,5.29627059980982
"f55 g1 relief",1,"f55","g1","relief",3,97,6,0.00751536647096296,4.89080549170165
"c1 c4 c5",5,"c1","c4","c5",125,6,18,0.0581085036414662,4.45488117610878
"c1 c4 c12",3,"c1","c4","c12",125,6,9,0.0290542518207331,4.63720273290274
"c1 c4 c13",2,"c1","c4","c13",125,6,8,0.0258260016184294,4.34952066045095
"c1 c4 g1",2,"c1","c4","g1",125,6,97,0.313140269623457,1.85425122362741
"c1 c5 c12",3,"c1","c5","c12",125,18,9,0.0871627554621994,3.53859044423462
"c1 c5 c13",2,"c1","c5","c13",125,18,8,0.0774780048552883,3.25090837178284
"c1 c5 g1",6,"c1","c5","g1",125,18,97,0.939420808870371,1.85425122362741
"c1 c12 c13",3,"c1","c12","c13",125,9,8,0.0387390024276442,4.34952066045095
"c1 c12 g1",5,"c1","c12","g1",125,9,97,0.469710404435185,2.3650768473934
"c4 c5 c12",3,"c4","c5","c12",6,18,9,0.00418381226218557,6.57514471230887
"c4 c5 c13",2,"c4","c5","c13",6,18,8,0.00371894423305384,6.28746263985709
"c4 c5 g1",2,"c4","c5","g1",6,18,97,0.0450921988257778,3.79219320303354
"c4 c12 c13",2,"c4","c12","c13",6,9,8,0.00185947211652692,6.98060982041704
"c4 c12 g1",2,"c4","c12","g1",6,9,97,0.0225460994128889,4.48534038359349
"c4 c13 g1",1,"c4","c13","g1",6,8,97,0.0200409772559012,3.90997623868993
"c5 c12 c13",2,"c5","c12","c13",18,9,8,0.00557841634958076,5.88199753174893
"c5 c12 g1",2,"c5","c12","g1",18,9,97,0.0676382982386667,3.38672809492538
"c5 c13 g1",1,"c5","c13","g1",18,8,97,0.0601229317677037,2.81136395002182
"c12 c13 g1",2,"c12","c13","g1",9,8,97,0.0300614658838519,4.19765831114171
"a3 a24 c1",2,"a3","a24","c1",22,69,125,0.816747301182831,0.895572713403269
"a3 a24 d19",1,"a3","a24","d19",22,69,10,0.0653397840946265,2.72815417715158
"a3 a24 d20",1,"a3","a24","d20",22,69,1,0.00653397840946265,5.03073927014563
"a3 a24 g1",2,"a3","a24","g1",22,69,97,0.633795905717877,1.14917547220219
"a3 a24 h1",3,"a3","a24","h1",22,69,49,0.32016494206367,2.23753126070311
"a3 c1 d19",1,"a3","c1","d19",22,125,10,0.118369174084468,2.13394694444654
"a3 c1 d20",1,"a3","c1","d20",22,125,1,0.0118369174084468,4.43653203744058
"a3 c1 g1",6,"a3","c1","g1",22,125,97,1.14818098861934,1.65358052816526
"a3 c1 h1",4,"a3","c1","h1",22,125,49,0.580008953013894,1.93100610044985
"a3 d19 d20",1,"a3","d19","d20",22,10,1,0.000946953392675746,6.96226068174884
"a3 d19 g1",1,"a3","d19","g1",22,10,97,0.0918544790895474,2.38754970324546
"a3 d19 h1",1,"a3","d19","h1",22,10,49,0.0464007162411115,3.07044038363821
"a3 d20 g1",1,"a3","d20","g1",22,1,97,0.00918544790895474,4.6901347962395
"a3 d20 h1",1,"a3","d20","h1",22,1,49,0.00464007162411116,5.37302547663226
"a3 g1 h1",4,"a3","g1","h1",22,97,49,0.450086947538782,2.18460885924877
"a24 c1 d19",1,"a24","c1","d19",69,125,10,0.371248773264923,0.990882893207594
"a24 c1 d20",1,"a24","c1","d20",69,125,1,0.0371248773264923,3.29346798620164
"a24 c1 g1",4,"a24","c1","g1",69,125,97,3.60111310066975,0.105051368818148
"a24 c1 h1",4,"a24","c1","h1",69,125,49,1.81911898899812,0.787942049210904
"a24 d19 d20",1,"a24","d19","d20",69,10,1,0.00296999018611938,5.8191966305099
"a24 d19 g1",1,"a24","d19","g1",69,10,97,0.28808904805358,1.24448565200651
"a24 d19 h1",1,"a24","d19","h1",69,10,49,0.14552951911985,1.92737633239927
"a24 d20 g1",1,"a24","d20","g1",69,1,97,0.028808904805358,3.54707074500056
"a24 d20 h1",1,"a24","d20","h1",69,1,49,0.014552951911985,4.22996142539331
"a24 g1 h1",3,"a24","g1","h1",69,97,49,1.41163633546254,0.753862735558041
"c1 d19 d20",1,"c1","d19","d20",125,10,1,0.00538041700383947,5.22498939780485
"c1 d19 g1",1,"c1","d19","g1",125,10,97,0.521900449372428,0.650278419301471
"c1 d19 h1",1,"c1","d19","h1",125,10,49,0.263640433188134,1.33316909969423
"c1 d20 g1",1,"c1","d20","g1",125,1,97,0.0521900449372428,2.95286351229552
"c1 d20 h1",1,"c1","d20","h1",125,1,49,0.0263640433188134,3.63575419268827
"c1 g1 h1",6,"c1","g1","h1",125,97,49,2.5573122019249,0.852802683412945
"d19 d20 g1",1,"d19","d20","g1",10,1,97,0.00417520359497942,5.47859215660377
"d19 d20 h1",1,"d19","d20","h1",10,1,49,0.00210912346550507,6.16148283699653
"d19 g1 h1",1,"d19","g1","h1",10,97,49,0.204584976153992,1.58677185849315
"d20 g1 h1",1,"d20","g1","h1",1,97,49,0.0204584976153992,3.88935695148719
"a1 a3 a4",1,"a1","a3","a4",136,22,2,0.0257571322807803,3.65904370844689
"a1 a3 a5",1,"a1","a3","a5",136,22,19,0.244692756667413,1.40775190984039
"a1 a3 a24",3,"a1","a3","a24",136,22,69,0.88862106368692,1.21669667307768
"a1 a3 b10",3,"a1","a3","b10",136,22,50,0.643928307019507,1.5387801722468
"a1 a3 b12",1,"a1","a3","b12",136,22,6,0.0772713968423409,2.56043141977878
"a1 a3 f5",2,"a1","a3","f5",136,22,36,0.463628381054045,1.46181913111067
"a1 a3 g12",1,"a1","a3","g12",136,22,2,0.0257571322807803,3.65904370844689
"a1 a3 h1",3,"a1","a3","h1",136,22,49,0.631049740879117,1.55898287956432
"a1 a3 ant",3,"a1","a3","ant",136,22,26,0.334842719650144,2.19270663965346
"a1 a4 a5",2,"a1","a4","a5",136,2,19,0.0222447960606739,4.49879436319871
"a1 a4 a24",1,"a1","a4","a24",136,2,69,0.0807837330624473,2.51597965720794
"a1 a4 b10",1,"a1","a4","b10",136,2,50,0.0585389370017734,2.83806315637706
"a1 a4 b12",1,"a1","a4","b12",136,2,6,0.00702467244021281,4.95832669257715
"a1 a4 f5",1,"a1","a4","f5",136,2,36,0.0421480346412768,3.16656722334909
"a1 a4 g12",1,"a1","a4","g12",136,2,2,0.00234155748007094,6.05693898124526
"a1 a4 h1",1,"a1","a4","h1",136,2,49,0.0573681582617379,2.85826586369458
"a1 a4 ant",1,"a1","a4","ant",136,2,26,0.0304402472409222,3.49198962378372
"a1 a5 a24",3,"a1","a5","a24",136,19,69,0.767445464093249,1.36330014726956
"a1 a5 b10",2,"a1","a5","b10",136,19,50,0.556119901516847,1.27991853833051
"a1 a5 b12",1,"a1","a5","b12",136,19,6,0.0667343881820217,2.70703489397065
"a1 a5 f5",1,"a1","a5","f5",136,19,36,0.40040632909213,0.915275424742598
"a1 a5 g12",1,"a1","a5","g12",136,19,2,0.0222447960606739,3.80564718263876
"a1 a5 h1",3,"a1","a5","h1",136,19,49,0.54499750348651,1.70558635375619
"a1 a5 ant",1,"a1","a5","ant",136,19,26,0.289182348788761,1.24069782517723
"a1 a24 b10",7,"a1","a24","b10",136,69,50,2.01959332656118,1.24301398139506
"a1 a24 b12",3,"a1","a24","b12",136,69,6,0.242351199187342,2.51597965720794
"a1 a24 f5",4,"a1","a24","f5",136,69,36,1.45410719512405,1.01190226043167
"a1 a24 g12",1,"a1","a24","g12",136,69,2,0.0807837330624473,2.51597965720794
"a1 a24 h1",5,"a1","a24","h1",136,69,49,1.97920146002996,0.926744452091363
"a1 a24 ant",7,"a1","a24","ant",136,69,26,1.05018852981181,1.89694044880172
"a1 b10 b12",3,"a1","b10","b12",136,50,6,0.17561681100532,2.83806315637706
"a1 b10 g12",1,"a1","b10","g12",136,50,2,0.0585389370017734,2.83806315637706
"a1 b10 h1",1,"a1","b10","h1",136,50,49,1.43420395654345,-0.360609961173624
"a1 b10 ant",4,"a1","b10","ant",136,50,26,0.761006181023054,1.65940816003541
"a1 b12 f5",2,"a1","b12","f5",136,6,36,0.12644410392383,2.76110211524093
"a1 b12 g12",1,"a1","b12","g12",136,6,2,0.00702467244021281,4.95832669257715
"a1 b12 h1",1,"a1","b12","h1",136,6,49,0.172104474785214,1.75965357502647
"a1 b12 ant",3,"a1","b12","ant",136,6,26,0.0913207417227665,3.49198962378372
"a1 f5 g12",1,"a1","f5","g12",136,36,2,0.0421480346412768,3.16656722334909
"a1 f5 h1",3,"a1","f5","h1",136,36,49,1.03262684871128,1.06650639446652
"a1 f5 ant",2,"a1","f5","ant",136,36,26,0.547924450336599,1.2947650464475
"a1 g12 h1",1,"a1","g12","h1",136,2,49,0.0573681582617379,2.85826586369458
"a1 g12 ant",1,"a1","g12","ant",136,2,26,0.0304402472409222,3.49198962378372
"a1 h1 ant",2,"a1","h1","ant",136,49,26,0.745786057402593,0.986463686792985
"a3 a4 a5",1,"a3","a4","a5",22,2,19,0.00359842289216783,5.6272596150165
"a3 a4 a24",1,"a3","a4","a24",22,2,69,0.0130679568189253,4.33759208958568
"a3 a4 b10",1,"a3","a4","b10",22,2,50,0.00946953392675746,4.65967558875479
"a3 a4 b12",1,"a3","a4","b12",22,2,6,0.00113634407121089,6.77993912495488
"a3 a4 f5",1,"a3","a4","f5",22,2,36,0.00681806442726537,4.98817965572683
"a3 a4 g12",1,"a3","a4","g12",22,2,2,0.000378781357070298,7.87855141362299
"a3 a4 h1",1,"a3","a4","h1",22,2,49,0.00928014324822231,4.67987829607231
"a3 a4 ant",1,"a3","a4","ant",22,2,26,0.00492415764191388,5.31360205616146
"a3 a5 a24",1,"a3","a5","a24",22,19,69,0.12414558977979,2.08630029097918
"a3 a5 b10",1,"a3","a5","b10",22,19,50,0.0899605723041959,2.4083837901483
"a3 a5 b12",1,"a3","a5","b12",22,19,6,0.0107952686765035,4.52864732634839
"a3 a5 f5",1,"a3","a5","f5",22,19,36,0.064771612059021,2.73688785712033
"a3 a5 g12",1,"a3","a5","g12",22,19,2,0.00359842289216783,5.6272596150165
"a3 a5 h1",1,"a3","a5","h1",22,19,49,0.0881613608581119,2.42858649746582
"a3 a5 ant",1,"a3","a5","ant",22,19,26,0.0467794975981819,3.06231025755496
"a3 a24 b10",2,"a3","a24","b10",22,69,50,0.326698920473132,1.81186344527742
"a3 a24 b12",1,"a3","a24","b12",22,69,6,0.0392038704567759,3.23897980091757
"a3 a24 f5",2,"a3","a24","f5",22,69,36,0.235223222740655,2.14036751224946
"a3 a24 g12",1,"a3","a24","g12",22,69,2,0.0130679568189253,4.33759208958568
"a3 a24 ant",2,"a3","a24","ant",22,69,26,0.169883438646029,2.46578991268409
"a3 b10 b12",1,"a3","b10","b12",22,50,6,0.0284086017802724,3.56106330008668
"a3 b10 f5",1,"a3","b10","f5",22,50,36,0.170451610681634,1.76930383085863
"a3 b10 g12",1,"a3","b10","g12",22,50,2,0.00946953392675746,4.65967558875479
"a3 b10 h1",1,"a3","b10","h1",22,50,49,0.232003581205558,1.46100247120411
"a3 b10 ant",2,"a3","b10","ant",22,50,26,0.123103941047847,2.7878734118532
"a3 b12 f5",1,"a3","b12","f5",22,6,36,0.0204541932817961,3.88956736705872
"a3 b12 g12",1,"a3","b12","g12",22,6,2,0.00113634407121089,6.77993912495488
"a3 b12 h1",1,"a3","b12","h1",22,6,49,0.0278404297446669,3.5812660074042
"a3 b12 ant",1,"a3","b12","ant",22,6,26,0.0147724729257416,4.21498976749335
"a3 f5 g12",1,"a3","f5","g12",22,36,2,0.00681806442726537,4.98817965572683
"a3 f5 h1",2,"a3","f5","h1",22,36,49,0.167042578468002,2.48265371873609
"a3 f5 ant",1,"a3","f5","ant",22,36,26,0.0886348375544498,2.42323029826529
"a3 g12 h1",1,"a3","g12","h1",22,2,49,0.00928014324822231,4.67987829607231
"a3 g12 ant",1,"a3","g12","ant",22,2,26,0.00492415764191388,5.31360205616146
"a3 h1 ant",1,"a3","h1","ant",22,49,26,0.12064186222689,2.11492893861078
"a4 a5 a24",1,"a4","a5","a24",2,19,69,0.0112859627072537,4.48419556377756
"a4 a5 b10",1,"a4","a5","b10",2,19,50,0.00817823384583599,4.80627906294667
"a4 a5 b12",1,"a4","a5","b12",2,19,6,0.000981388061500318,6.92654259914676
"a4 a5 f5",1,"a4","a5","f5",2,19,36,0.00588832836900191,5.1347831299187
"a4 a5 g12",1,"a4","a5","g12",2,19,2,0.000327129353833439,8.02515488781487
"a4 a5 h1",1,"a4","a5","h1",2,19,49,0.00801466916891927,4.82648177026419
"a4 a5 ant",1,"a4","a5","ant",2,19,26,0.00425268159983471,5.46020553035333
"a4 a24 b10",1,"a4","a24","b10",2,69,50,0.0296999018611938,3.51661153751585
"a4 a24 b12",1,"a4","a24","b12",2,69,6,0.00356398822334326,5.63687507371594
"a4 a24 f5",1,"a4","a24","f5",2,69,36,0.0213839293400596,3.84511560448789
"a4 a24 g12",1,"a4","a24","g12",2,69,2,0.00118799607444775,6.73548736238405
"a4 a24 h1",1,"a4","a24","h1",2,69,49,0.02910590382397,3.53681424483337
"a4 a24 ant",1,"a4","a24","ant",2,69,26,0.0154439489678208,4.17053800492251
"a4 b10 b12",1,"a4","b10","b12",2,50,6,0.00258260016184294,5.95895857288505
"a4 b10 f5",1,"a4","b10","f5",2,50,36,0.0154956009710577,4.167199103657
"a4 b10 g12",1,"a4","b10","g12",2,50,2,0.000860866720614315,7.05757086155316
"a4 b10 h1",1,"a4","b10","h1",2,50,49,0.0210912346550507,3.85889774400248
"a4 b10 ant",1,"a4","b10","ant",2,50,26,0.0111912673679861,4.49262150409163
"a4 b12 f5",1,"a4","b12","f5",2,6,36,0.00185947211652692,6.28746263985709
"a4 b12 g12",1,"a4","b12","g12",2,6,2,0.000103304006473718,9.17783439775326
"a4 b12 h1",1,"a4","b12","h1",2,6,49,0.00253094815860608,5.97916128020257
"a4 b12 ant",1,"a4","b12","ant",2,6,26,0.00134295208415833,6.61288504029172
"a4 f5 g12",1,"a4","f5","g12",2,36,2,0.000619824038842306,7.3860749285252
"a4 f5 h1",1,"a4","f5","h1",2,36,49,0.0151856889516365,4.18740181097452
"a4 f5 ant",1,"a4","f5","ant",2,36,26,0.00805771250494998,4.82112557106366
"a4 g12 h1",1,"a4","g12","h1",2,2,49,0.000843649386202028,7.07777356887068
"a4 g12 ant",1,"a4","g12","ant",2,2,26,0.000447650694719444,7.71149732895983
"a4 h1 ant",1,"a4","h1","ant",2,49,26,0.0109674420206264,4.51282421140915
"a5 a24 b10",2,"a5","a24","b10",19,69,50,0.282149067681342,1.9584669194693
"a5 a24 b12",1,"a5","a24","b12",19,69,6,0.033857888121761,3.38558327510945
"a5 a24 f5",1,"a5","a24","f5",19,69,36,0.203147328730566,1.59382380588139
"a5 a24 g12",1,"a5","a24","g12",19,69,2,0.0112859627072537,4.48419556377756
"a5 a24 h1",1,"a5","a24","h1",19,69,49,0.276506086327715,1.28552244622687
"a5 a24 ant",1,"a5","a24","ant",19,69,26,0.146717515194298,1.91924620631602
"a5 b10 b12",1,"a5","b10","b12",19,50,6,0.024534701537508,3.70766677427856
"a5 b10 f5",1,"a5","b10","f5",19,50,36,0.147208209225048,1.9159073050505
"a5 b10 g12",1,"a5","b10","g12",19,50,2,0.00817823384583599,4.80627906294667
"a5 b10 h1",1,"a5","b10","h1",19,50,49,0.200366729222982,1.60760594539599
"a5 b10 ant",1,"a5","b10","ant",19,50,26,0.106317039995868,2.24132970548513
"a5 b12 f5",1,"a5","b12","f5",19,6,36,0.0176649851070057,4.03617084125059
"a5 b12 g12",1,"a5","b12","g12",19,6,2,0.000981388061500318,6.92654259914676
"a5 b12 h1",1,"a5","b12","h1",19,6,49,0.0240440075067578,3.72786948159608
"a5 b12 ant",1,"a5","b12","ant",19,6,26,0.0127580447995041,4.36159324168522
"a5 f5 g12",1,"a5","f5","g12",19,36,2,0.00588832836900191,5.1347831299187
"a5 f5 h1",1,"a5","f5","h1",19,36,49,0.144264045040547,1.93611001236802
"a5 f5 ant",1,"a5","f5","ant",19,36,26,0.0765482687970248,2.56983377245717
"a5 g12 h1",1,"a5","g12","h1",19,2,49,0.00801466916891927,4.82648177026419
"a5 g12 ant",1,"a5","g12","ant",19,2,26,0.00425268159983471,5.46020553035333
"a5 h1 ant",1,"a5","h1","ant",19,49,26,0.10419069919595,2.26153241280265
"a24 b10 b12",2,"a24","b10","b12",69,50,6,0.0890997055835815,3.11114642940769
"a24 b10 f5",1,"a24","b10","f5",69,50,36,0.534598233501489,0.626239779619685
"a24 b10 g12",1,"a24","b10","g12",69,50,2,0.0296999018611938,3.51661153751585
"a24 b10 h1",1,"a24","b10","h1",69,50,49,0.727647595599249,0.317938419965169
"a24 b10 ant",5,"a24","b10","ant",69,50,26,0.38609872419552,2.56110009248841
"a24 b12 f5",2,"a24","b12","f5",69,6,36,0.0641517880201787,3.43965049637972
"a24 b12 g12",1,"a24","b12","g12",69,6,2,0.00356398822334326,5.63687507371594
"a24 b12 h1",1,"a24","b12","h1",69,6,49,0.0873177114719099,2.43820195616526
"a24 b12 ant",3,"a24","b12","ant",69,6,26,0.0463318469034624,4.17053800492251
"a24 f5 g12",1,"a24","f5","g12",69,36,2,0.0213839293400596,3.84511560448789
"a24 f5 h1",3,"a24","f5","h1",69,36,49,0.52390626883146,1.74505477560531
"a24 f5 ant",2,"a24","f5","ant",69,36,26,0.277991081420774,1.97331342758629
"a24 g12 h1",1,"a24","g12","h1",69,2,49,0.02910590382397,3.53681424483337
"a24 g12 ant",1,"a24","g12","ant",69,2,26,0.0154439489678208,4.17053800492251
"a24 h1 ant",2,"a24","h1","ant",69,49,26,0.37837674971161,1.66501206793178
"b10 b12 f5",1,"b10","b12","f5",50,6,36,0.046486802913173,3.06858681498889
"b10 b12 g12",1,"b10","b12","g12",50,6,2,0.00258260016184294,5.95895857288505
"b10 b12 h1",1,"b10","b12","h1",50,6,49,0.0632737039651521,2.76028545533437
"b10 b12 ant",2,"b10","b12","ant",50,6,26,0.0335738021039583,4.08715639598346
"b10 f5 g12",1,"b10","f5","g12",50,36,2,0.0154956009710577,4.167199103657
"b10 f5 h1",3,"b10","f5","h1",50,36,49,0.379642223790913,2.06713827477443
"b10 f5 ant",1,"b10","f5","ant",50,36,26,0.20144281262375,1.60224974619546
"b10 g12 h1",1,"b10","g12","h1",50,2,49,0.0210912346550507,3.85889774400248
"b10 g12 ant",1,"b10","g12","ant",50,2,26,0.0111912673679861,4.49262150409163
"b10 h1 ant",2,"b10","h1","ant",50,49,26,0.274186050515659,1.98709556710089
"b12 f5 g12",1,"b12","f5","g12",6,36,2,0.00185947211652692,6.28746263985709
"b12 f5 h1",1,"b12","f5","h1",6,36,49,0.0455570668549095,3.08878952230641
"b12 f5 ant",2,"b12","f5","ant",6,36,26,0.02417313751485,4.4156604629555
"b12 g12 h1",1,"b12","g12","h1",6,2,49,0.00253094815860608,5.97916128020257
"b12 g12 ant",1,"b12","g12","ant",6,2,26,0.00134295208415833,6.61288504029172
"b12 h1 ant",1,"b12","h1","ant",6,49,26,0.0329023260618791,3.41421192274104
"f5 g12 h1",1,"f5","g12","h1",36,2,49,0.0151856889516365,4.18740181097452
"f5 g12 ant",1,"f5","g12","ant",36,2,26,0.00805771250494998,4.82112557106366
"f5 h1 ant",1,"f5","h1","ant",36,49,26,0.197413956371275,1.62245245351298
"g12 h1 ant",1,"g12","h1","ant",2,49,26,0.0109674420206264,4.51282421140915
"a1 c1 g20",1,"a1","c1","g20",136,125,2,0.146347342504433,1.9217724245029
"a1 c1 g22",1,"a1","c1","g22",136,125,1,0.0731736712522167,2.61491960506285
"a1 f13 g20",1,"a1","f13","g20",136,9,2,0.0105370086603192,4.55286158446898
"a1 f13 g22",1,"a1","f13","g22",136,9,1,0.0052685043301596,5.24600876502893
"a1 g20 g22",1,"a1","g20","g22",136,2,1,0.00117077874003547,6.7500861618052
"c1 f13 g20",1,"c1","f13","g20",125,9,2,0.00968475060691104,4.63720273290273
"c1 f13 g22",1,"c1","f13","g22",125,9,1,0.00484237530345552,5.33034991346268
"c1 g20 g22",1,"c1","g20","g22",125,2,1,0.00107608340076789,6.83442731023895
"f13 g20 g22",1,"f13","g20","g22",9,2,1,7.74780048552883e-05,9.46551647020504
"a3 d29 e1",1,"a3","d29","e1",22,7,17,0.0112687453728414,4.48572228163136
"a3 d29 f12",1,"a3","d29","f12",22,7,22,0.0145830822472065,4.22789317232926
"a3 d29 f60",1,"a3","d29","f60",22,7,1,0.000662867374873022,7.31893562568757
"a3 e1 f12",1,"a3","e1","f12",22,17,22,0.0354160568860729,3.34058997732835
"a3 e1 f60",1,"a3","e1","f60",22,17,1,0.00160982076754877,6.43163243068667
"a3 f12 f60",1,"a3","f12","f60",22,22,1,0.00208329746388664,6.17380332138457
"d29 e1 f12",1,"d29","e1","f12",7,17,22,0.0112687453728414,4.48572228163136
"d29 e1 f60",1,"d29","e1","f60",7,17,1,0.000512215698765517,7.57676473498967
"d29 f12 f60",1,"d29","f12","f60",7,22,1,0.000662867374873022,7.31893562568757
"e1 f12 f60",1,"e1","f12","f60",17,22,1,0.00160982076754877,6.43163243068667
"c1 i5 i13",1,"c1","i5","i13",125,6,4,0.0129130008092147,4.34952066045095
"c1 i5 i22",1,"c1","i5","i22",125,6,1,0.00322825020230368,5.73581502157084
"c1 i5 i23",1,"c1","i5","i23",125,6,1,0.00322825020230368,5.73581502157084
"c1 i5 ant",1,"c1","i5","ant",125,6,26,0.0839345052598957,2.47771848354936
"c1 i13 i22",1,"c1","i13","i22",125,4,1,0.00215216680153579,6.14128012967901
"c1 i13 i23",1,"c1","i13","i23",125,4,1,0.00215216680153579,6.14128012967901
"c1 i13 ant",1,"c1","i13","ant",125,4,26,0.0559563368399305,2.88318359165753
"c1 i22 i23",1,"c1","i22","i23",125,1,1,0.000538041700383947,7.5275744907989
"c1 i22 ant",1,"c1","i22","ant",125,1,26,0.0139890842099826,4.26947795277742
"c1 i23 ant",1,"c1","i23","ant",125,1,26,0.0139890842099826,4.26947795277742
"i5 i13 i22",1,"i5","i13","i22",6,4,1,0.000103304006473718,9.17783439775326
"i5 i13 i23",1,"i5","i13","i23",6,4,1,0.000103304006473718,9.17783439775326
"i5 i13 ant",2,"i5","i13","ant",6,4,26,0.00268590416831666,6.61288504029172
"i5 i22 i23",1,"i5","i22","i23",6,1,1,2.58260016184294e-05,10.5641287588731
"i5 i22 ant",1,"i5","i22","ant",6,1,26,0.000671476042079165,7.30603222085166
"i5 i23 ant",1,"i5","i23","ant",6,1,26,0.000671476042079165,7.30603222085166
"i13 i22 i23",1,"i13","i22","i23",4,1,1,1.72173344122863e-05,10.9695938669813
"i13 i22 ant",1,"i13","i22","ant",4,1,26,0.000447650694719444,7.71149732895983
"i13 i23 ant",1,"i13","i23","ant",4,1,26,0.000447650694719444,7.71149732895983
"i22 i23 ant",1,"i22","i23","ant",1,1,26,0.000111912673679861,9.09779169007972
"c1 d15 f15",1,"c1","d15","f15",125,11,4,0.0236738348168936,3.74338485688064
"c1 d15 g1",4,"c1","d15","g1",125,11,97,0.574090494309671,1.94126260061704
"c1 f15 g1",3,"c1","f15","g1",125,4,97,0.208760179748971,2.66518143984374
"d15 f15 g1",1,"d15","f15","g1",11,4,97,0.0183708958179095,3.99698761567956
"c1 g1 g2",6,"c1","g1","g2",125,97,23,1.20037103355658,1.60912876559442
"c5 c13 c14",1,"c5","c13","c14",18,8,6,0.00371894423305384,5.59431545929715
"a1 c1 c5",4,"a1","c1","c5",136,125,18,1.3171260825399,1.11084220828657
"a1 c1 c6",1,"a1","c1","c6",136,125,3,0.21952101375665,1.51630731639474
"a1 c1 f55",1,"a1","c1","f55",136,125,3,0.21952101375665,1.51630731639474
"a1 c1 g7",2,"a1","c1","g7",136,125,3,0.21952101375665,2.20945449695468
"a1 c5 c6",1,"a1","c5","c6",136,18,3,0.0316110259809576,3.45424929580087
"a1 c5 f55",1,"a1","c5","f55",136,18,3,0.0316110259809576,3.45424929580087
"a1 c5 g1",3,"a1","c5","g1",136,18,97,1.02208984005096,1.07676289463371
"a1 c5 g7",1,"a1","c5","g7",136,18,3,0.0316110259809576,3.45424929580087
"a1 c6 f55",1,"a1","c6","f55",136,3,3,0.0052685043301596,5.24600876502893
"a1 c6 g1",1,"a1","c6","g1",136,3,97,0.170348306675161,1.76991007519366
"a1 c6 g7",1,"a1","c6","g7",136,3,3,0.0052685043301596,5.24600876502893
"a1 f55 g1",1,"a1","f55","g1",136,3,97,0.170348306675161,1.76991007519366
"a1 f55 g7",1,"a1","f55","g7",136,3,3,0.0052685043301596,5.24600876502893
"a1 g1 g7",3,"a1","g1","g7",136,97,3,0.170348306675161,2.86852236386177
"c1 c5 c6",2,"c1","c5","c6",125,18,3,0.0290542518207331,4.23173762479457
"c1 c5 f55",1,"c1","c5","f55",125,18,3,0.0290542518207331,3.53859044423463
"c1 c5 g7",1,"c1","c5","g7",125,18,3,0.0290542518207331,3.53859044423463
"c1 c6 f55",1,"c1","c6","f55",125,3,3,0.00484237530345552,5.33034991346268
"c1 c6 g1",2,"c1","c6","g1",125,3,97,0.156570134811728,2.54739840418735
"c1 c6 g7",1,"c1","c6","g7",125,3,3,0.00484237530345552,5.33034991346268
"c1 f55 g7",1,"c1","f55","g7",125,3,3,0.00484237530345552,5.33034991346268
"c1 g1 g7",2,"c1","g1","g7",125,97,3,0.156570134811728,2.54739840418735
"c5 c6 f55",1,"c5","c6","f55",18,3,3,0.000697302043697595,7.26829189286882
"c5 c6 g1",2,"c5","c6","g1",18,3,97,0.0225460994128889,4.48534038359349
"c5 c6 g7",1,"c5","c6","g7",18,3,3,0.000697302043697595,7.26829189286882
"c5 f55 g1",1,"c5","f55","g1",18,3,97,0.0225460994128889,3.79219320303354
"c5 f55 g7",1,"c5","f55","g7",18,3,3,0.000697302043697595,7.26829189286882
"c5 g1 g7",1,"c5","g1","g7",18,97,3,0.0225460994128889,3.79219320303354
"c6 f55 g1",1,"c6","f55","g1",3,3,97,0.00375768323548148,5.5839526722616
"c6 f55 g7",1,"c6","f55","g7",3,3,3,0.000116217007282932,9.06005136209687
"c6 g1 g7",1,"c6","g1","g7",3,97,3,0.00375768323548148,5.5839526722616
"f55 g1 g7",1,"f55","g1","g7",3,97,3,0.00375768323548148,5.5839526722616
"a1 a24 e3",1,"a1","a24","e3",136,69,2,0.0807837330624473,2.51597965720794
"a1 a24 f14",3,"a1","a24","f14",136,69,16,0.646269864499578,1.53515040419622
"a1 a24 f35",1,"a1","a24","f35",136,69,4,0.161567466124895,1.822832476648
"a1 e3 f5",1,"a1","e3","f5",136,2,36,0.0421480346412768,3.16656722334909
"a1 e3 f14",2,"a1","e3","f14",136,2,16,0.0187324598405675,4.67064462012537
"a1 e3 f35",1,"a1","e3","f35",136,2,4,0.00468311496014187,5.36379180068531
"a1 e3 h1",1,"a1","e3","h1",136,2,49,0.0573681582617379,2.85826586369458
"a1 f5 f35",1,"a1","f5","f35",136,36,4,0.0842960692825537,2.47342004278915
"a1 f14 f35",2,"a1","f14","f35",136,16,4,0.037464919681135,3.97749743956542
"a1 f14 h1",2,"a1","f14","h1",136,16,49,0.458945266093903,1.47197150257469
"a1 f35 h1",2,"a1","f35","h1",136,4,49,0.114736316523476,2.85826586369458
"a24 e3 f5",1,"a24","e3","f5",69,2,36,0.0213839293400596,3.84511560448789
"a24 e3 f14",1,"a24","e3","f14",69,2,16,0.00950396859558203,4.65604582070421
"a24 e3 f35",1,"a24","e3","f35",69,2,4,0.00237599214889551,6.04234018182411
"a24 e3 h1",1,"a24","e3","h1",69,2,49,0.02910590382397,3.53681424483337
"a24 f5 f14",1,"a24","f5","f14",69,36,16,0.171071434720477,1.76567406280805
"a24 f5 f35",1,"a24","f5","f35",69,36,4,0.0427678586801191,3.15196842392794
"a24 f14 f35",2,"a24","f14","f35",69,16,4,0.0190079371911641,4.65604582070421
"a24 f14 h1",1,"a24","f14","h1",69,16,49,0.23284723059176,1.45737270315353
"a24 f35 h1",1,"a24","f35","h1",69,4,49,0.0582118076479399,2.84366706427342
"e3 f5 f14",1,"e3","f5","f14",2,36,16,0.00495859231073845,5.30663338684536
"e3 f5 f35",1,"e3","f5","f35",2,36,4,0.00123964807768461,6.69292774796526
"e3 f5 h1",1,"e3","f5","h1",2,36,49,0.0151856889516365,4.18740181097452
"e3 f14 f35",1,"e3","f14","f35",2,16,4,0.000550954701193161,7.50385796418158
"e3 f14 h1",1,"e3","f14","h1",2,16,49,0.00674919508961623,4.99833202719085
"e3 f35 h1",1,"e3","f35","h1",2,4,49,0.00168729877240406,6.38462638831074
"f5 f14 f35",1,"f5","f14","f35",36,16,4,0.0099171846214769,4.61348620628542
"f5 f14 h1",1,"f5","f14","h1",36,16,49,0.121485511613092,2.10796026929468
"f5 f35 h1",1,"f5","f35","h1",36,4,49,0.030371377903273,3.49425463041457
"f14 f35 h1",2,"f14","f35","h1",16,4,49,0.0134983901792325,4.99833202719085
"b2 b10 e8",1,"b2","b10","e8",28,50,2,0.0120521340886004,4.41851353193791
"b2 b10 f5",3,"b2","b10","f5",28,50,36,0.216938413594807,2.62675406270985
"b2 b10 h1",2,"b2","b10","h1",28,50,49,0.29527728517071,1.91298759494717
"b2 e8 f5",1,"b2","e8","f5",28,2,36,0.00867753654379229,4.74701759890994
"b2 e8 h1",1,"b2","e8","h1",28,2,49,0.0118110914068284,4.43871623925542
"b2 f5 h1",2,"b2","f5","h1",28,36,49,0.212599645322911,2.24149166191921
"b10 e8 f5",1,"b10","e8","f5",50,2,36,0.0154956009710577,4.167199103657
"b10 e8 h1",1,"b10","e8","h1",50,2,49,0.0210912346550507,3.85889774400248
"e8 f5 h1",1,"e8","f5","h1",2,36,49,0.0151856889516365,4.18740181097452
"a1 b4 f14",1,"a1","b4","f14",136,8,16,0.0749298393622699,2.59120307844553
"a1 b4 f15",1,"a1","b4","f15",136,8,4,0.0187324598405675,3.97749743956542
"a1 b4 f35",1,"a1","b4","f35",136,8,4,0.0187324598405675,3.97749743956542
"a1 b4 f45",1,"a1","b4","f45",136,8,1,0.00468311496014187,5.36379180068531
"a1 b4 g1",2,"a1","b4","g1",136,8,97,0.454262151133762,1.48222800274188
"a1 b4 h1",2,"a1","b4","h1",136,8,49,0.229472633046952,2.16511868313463
"a1 f14 f15",2,"a1","f14","f15",136,16,4,0.037464919681135,3.97749743956542
"a1 f14 f45",1,"a1","f14","f45",136,16,1,0.00936622992028374,4.67064462012537
"a1 f14 g1",4,"a1","f14","g1",136,16,97,0.908524302267523,1.48222800274188
"a1 f15 f35",1,"a1","f15","f35",136,4,4,0.00936622992028374,4.67064462012537
"a1 f15 f45",1,"a1","f15","f45",136,4,1,0.00234155748007094,6.05693898124526
"a1 f15 g1",3,"a1","f15","g1",136,4,97,0.227131075566881,2.58084029140998
"a1 f15 h1",2,"a1","f15","h1",136,4,49,0.114736316523476,2.85826586369458
"a1 f35 f45",1,"a1","f35","f45",136,4,1,0.00234155748007094,6.05693898124526
"a1 f35 g1",1,"a1","f35","g1",136,4,97,0.227131075566881,1.48222800274188
"a1 f45 g1",1,"a1","f45","g1",136,1,97,0.0567827688917202,2.86852236386177
"a1 f45 h1",1,"a1","f45","h1",136,1,49,0.028684079130869,3.55141304425452
"a1 g1 h1",5,"a1","g1","h1",136,97,49,2.78235567569429,0.58613997818524
"b4 f14 f15",1,"b4","f14","f15",8,16,4,0.00220381880477264,6.11756360306169
"b4 f14 f35",1,"b4","f14","f35",8,16,4,0.00220381880477264,6.11756360306169
"b4 f14 f45",1,"b4","f14","f45",8,16,1,0.000550954701193161,7.50385796418158
"b4 f14 g1",1,"b4","f14","g1",8,16,97,0.0534426060157366,2.9291469856782
"b4 f14 h1",1,"b4","f14","h1",8,16,49,0.0269967803584649,3.61203766607096
"b4 f15 f35",1,"b4","f15","f35",8,4,4,0.000550954701193161,7.50385796418158
"b4 f15 f45",1,"b4","f15","f45",8,4,1,0.00013773867529829,8.89015232530147
"b4 f15 g1",1,"b4","f15","g1",8,4,97,0.0133606515039342,4.31544134679809
"b4 f15 h1",1,"b4","f15","h1",8,4,49,0.00674919508961623,4.99833202719085
"b4 f35 f45",1,"b4","f35","f45",8,4,1,0.00013773867529829,8.89015232530147
"b4 f35 g1",1,"b4","f35","g1",8,4,97,0.0133606515039342,4.31544134679809
"b4 f35 h1",1,"b4","f35","h1",8,4,49,0.00674919508961623,4.99833202719085
"b4 f45 g1",1,"b4","f45","g1",8,1,97,0.00334016287598354,5.70173570791798
"b4 f45 h1",1,"b4","f45","h1",8,1,49,0.00168729877240406,6.38462638831074
"b4 g1 h1",2,"b4","g1","h1",8,97,49,0.163667980923193,2.5030625903673
"f14 f15 f35",1,"f14","f15","f35",16,4,4,0.00110190940238632,6.81071078362164
"f14 f15 f45",1,"f14","f15","f45",16,4,1,0.000275477350596581,8.19700514474153
"f14 f15 g1",2,"f14","f15","g1",16,4,97,0.0267213030078683,4.31544134679809
"f14 f15 h1",1,"f14","f15","h1",16,4,49,0.0134983901792325,4.3051848466309
"f14 f35 f45",1,"f14","f35","f45",16,4,1,0.000275477350596581,8.19700514474153
"f14 f35 g1",1,"f14","f35","g1",16,4,97,0.0267213030078683,3.62229416623815
"f14 f45 g1",1,"f14","f45","g1",16,1,97,0.00668032575196708,5.00858852735804
"f14 f45 h1",1,"f14","f45","h1",16,1,49,0.00337459754480811,5.69147920775079
"f14 g1 h1",1,"f14","g1","h1",16,97,49,0.327335961846387,1.11676822924741
"f15 f35 f45",1,"f15","f35","f45",4,4,1,6.88693376491452e-05,9.58329950586142
"f15 f35 g1",1,"f15","f35","g1",4,4,97,0.00668032575196708,5.00858852735804
"f15 f35 h1",1,"f15","f35","h1",4,4,49,0.00337459754480811,5.69147920775079
"f15 f45 g1",1,"f15","f45","g1",4,1,97,0.00167008143799177,6.39488288847793
"f15 f45 h1",1,"f15","f45","h1",4,1,49,0.000843649386202028,7.07777356887068
"f15 g1 h1",2,"f15","g1","h1",4,97,49,0.0818339904615967,3.19620977092725
"f35 f45 g1",1,"f35","f45","g1",4,1,97,0.00167008143799177,6.39488288847793
"f35 f45 h1",1,"f35","f45","h1",4,1,49,0.000843649386202028,7.07777356887068
"f35 g1 h1",1,"f35","g1","h1",4,97,49,0.0818339904615967,2.5030625903673
"f45 g1 h1",1,"f45","g1","h1",1,97,49,0.0204584976153992,3.88935695148719
"c1 d3 f5",2,"c1","d3","f5",125,8,36,0.154956009710577,2.5577611912229
"c1 d3 f12",1,"c1","d3","f12",125,8,22,0.0946953392675746,2.35709049576075
"d3 f5 f12",1,"d3","f5","f12",8,36,22,0.0272722577090615,3.60188529460694
"a1 a24 b1",4,"a1","a24","b1",136,69,13,0.525094264905907,2.03047184142624
"a1 a24 b7",1,"a1","a24","b7",136,69,5,0.201959332656118,1.59968892533379
"a1 a24 b8",2,"a1","a24","b8",136,69,6,0.242351199187342,2.11051454909978
"a1 b1 b7",1,"a1","b1","b7",136,13,5,0.0380503090511527,3.26884607246951
"a1 b1 b8",2,"a1","b1","b8",136,13,6,0.0456603708613832,3.7796716962355
"a1 b7 b8",1,"a1","b7","b8",136,5,6,0.017561681100532,4.04203596070299
"a24 b1 b7",1,"a24","b1","b7",69,13,5,0.019304936209776,3.9473944536083
"a24 b1 b8",2,"a24","b1","b8",69,13,6,0.0231659234517312,4.4582200773743
"a24 b7 b8",1,"a24","b7","b8",69,5,6,0.00890997055835815,4.72058434184179
"b1 b7 b8",1,"b1","b7","b8",13,5,6,0.00167869010519791,6.38974148897751
"f5 f12 f16",1,"f5","f12","f16",36,22,3,0.0102270966408981,4.58271454761867
"f5 f12 f27",1,"f5","f12","f27",36,22,2,0.00681806442726537,4.98817965572683
"f5 f16 f27",1,"f5","f16","f27",36,3,2,0.00092973605826346,6.98060982041704
"f12 f16 f27",1,"f12","f16","f27",22,3,2,0.000568172035605447,7.47308630551483
"b4 b10 b13",1,"b4","b10","b13",8,50,11,0.0189390678535149,3.96652840819485
"b4 b10 c1",1,"b4","b10","c1",8,50,125,0.215216680153579,1.53610994369092
"b4 b10 e1",1,"b4","b10","e1",8,50,17,0.0292694685008867,3.531210336937
"b4 b10 e5",1,"b4","b10","e5",8,50,7,0.0120521340886004,4.41851353193791
"b4 b10 f5",2,"b4","b10","f5",8,50,36,0.0619824038842307,3.47405192309705
"b4 b10 f12",1,"b4","b10","f12",8,50,22,0.0378781357070298,3.2733812276349
"b4 b10 f13",1,"b4","b10","f13",8,50,9,0.0154956009710577,4.167199103657
"b4 b10 f37",1,"b4","b10","f37",8,50,2,0.00344346688245726,5.67127650043327
"b4 b10 f38",1,"b4","b10","f38",8,50,3,0.00516520032368589,5.26581139232511
"b4 b10 f40",1,"b4","b10","f40",8,50,1,0.00172173344122863,6.36442368099322
"b4 b10 g1",1,"b4","b10","g1",8,50,97,0.167008143799177,1.78971270248984
"b4 b13 c1",1,"b4","b13","c1",8,11,125,0.0473476696337873,3.05023767632069
"b4 b13 e1",1,"b4","b13","e1",8,11,17,0.00643928307019507,5.04533806956678
"b4 b13 e5",1,"b4","b13","e5",8,11,7,0.00265146949949209,5.93264126456768
"b4 b13 f5",1,"b4","b13","f5",8,11,36,0.0136361288545307,4.29503247516688
"b4 b13 f12",1,"b4","b13","f12",8,11,22,0.00833318985554656,4.78750896026468
"b4 b13 f13",1,"b4","b13","f13",8,11,9,0.00340903221363269,5.68132683628678
"b4 b13 f37",1,"b4","b13","f37",8,11,2,0.000757562714140597,7.18540423306305
"b4 b13 f38",1,"b4","b13","f38",8,11,3,0.00113634407121089,6.77993912495488
"b4 b13 f40",1,"b4","b13","f40",8,11,1,0.000378781357070298,7.87855141362299
"b4 b13 g1",1,"b4","b13","g1",8,11,97,0.0367417916358189,3.30384043511961
"b4 c1 e1",1,"b4","c1","e1",8,125,17,0.0731736712522167,2.61491960506285
"b4 c1 e5",1,"b4","c1","e5",8,125,7,0.030130335221501,3.50222280006375
"b4 c1 f5",2,"b4","c1","f5",8,125,36,0.154956009710577,2.5577611912229
"b4 c1 f12",3,"b4","c1","f12",8,125,22,0.0946953392675746,3.45570278442886
"b4 c1 f13",1,"b4","c1","f13",8,125,9,0.0387390024276442,3.25090837178284
"b4 c1 f37",1,"b4","c1","f37",8,125,2,0.00860866720614315,4.75498576855912
"b4 c1 f38",1,"b4","c1","f38",8,125,3,0.0129130008092147,4.34952066045095
"b4 c1 f40",1,"b4","c1","f40",8,125,1,0.00430433360307157,5.44813294911906
"b4 c1 g1",2,"b4","c1","g1",8,125,97,0.417520359497943,1.56656915117563
"b4 e1 e5",1,"b4","e1","e5",8,17,7,0.00409772559012414,5.49732319330984
"b4 e1 f5",1,"b4","e1","f5",8,17,36,0.0210740173206384,3.85971440390904
"b4 e1 f12",1,"b4","e1","f12",8,17,22,0.0128785661403901,4.35219088900683
"b4 e1 f13",1,"b4","e1","f13",8,17,9,0.0052685043301596,5.24600876502893
"b4 e1 f37",1,"b4","e1","f37",8,17,2,0.00117077874003547,6.7500861618052
"b4 e1 f38",1,"b4","e1","f38",8,17,3,0.0017561681100532,6.34462105369704
"b4 e1 f40",1,"b4","e1","f40",8,17,1,0.000585389370017734,7.44323334236515
"b4 e1 g1",1,"b4","e1","g1",8,17,97,0.0567827688917202,2.86852236386177
"b4 e5 f5",1,"b4","e5","f5",8,7,36,0.00867753654379229,4.74701759890994
"b4 e5 f12",1,"b4","e5","f12",8,7,22,0.00530293899898418,5.23949408400774
"b4 e5 f13",1,"b4","e5","f13",8,7,9,0.00216938413594807,6.13331196002983
"b4 e5 f37",1,"b4","e5","f37",8,7,2,0.000482085363544016,7.63738935680611
"b4 e5 f38",1,"b4","e5","f38",8,7,3,0.000723128045316024,7.23192424869794
"b4 e5 f40",1,"b4","e5","f40",8,7,1,0.000241042681772008,8.33053653736605
"b4 e5 g1",1,"b4","e5","g1",8,7,97,0.0233811401318848,3.75582555886267
"b4 f5 f12",2,"b4","f5","f12",8,36,22,0.0272722577090615,4.29503247516688
"b4 f5 f13",1,"b4","f5","f13",8,36,9,0.0111568326991615,4.49570317062904
"b4 f5 f37",1,"b4","f5","f37",8,36,2,0.00247929615536923,5.99978056740531
"b4 f5 f38",1,"b4","f5","f38",8,36,3,0.00371894423305384,5.59431545929715
"b4 f5 f40",1,"b4","f5","f40",8,36,1,0.00123964807768461,6.69292774796526
"b4 f5 g1",2,"b4","f5","g1",8,36,97,0.120245863535407,2.81136395002182
"b4 f12 f13",1,"b4","f12","f13",8,22,9,0.00681806442726537,4.98817965572683
"b4 f12 f37",1,"b4","f12","f37",8,22,2,0.00151512542828119,6.4922570525031
"b4 f12 f38",1,"b4","f12","f38",8,22,3,0.00227268814242179,6.08679194439494
"b4 f12 f40",1,"b4","f12","f40",8,22,1,0.000757562714140597,7.18540423306305
"b4 f12 g1",2,"b4","f12","g1",8,22,97,0.0734835832716379,3.30384043511961
"b4 f13 f37",1,"b4","f13","f37",8,9,2,0.000619824038842306,7.3860749285252
"b4 f13 f38",1,"b4","f13","f38",8,9,3,0.00092973605826346,6.98060982041704
"b4 f13 f40",1,"b4","f13","f40",8,9,1,0.000309912019421153,8.07922210908515
"b4 f13 g1",1,"b4","f13","g1",8,9,97,0.0300614658838519,3.50451113058176
"b4 f37 f38",1,"b4","f37","f38",8,2,3,0.000206608012947435,8.48468721719331
"b4 f37 f40",1,"b4","f37","f40",8,2,1,6.88693376491452e-05,9.58329950586142
"b4 f37 g1",1,"b4","f37","g1",8,2,97,0.00668032575196708,5.00858852735804
"b4 f38 f40",1,"b4","f38","f40",8,3,1,0.000103304006473718,9.17783439775326
"b4 f38 g1",1,"b4","f38","g1",8,3,97,0.0100204886279506,4.60312341924987
"b4 f40 g1",1,"b4","f40","g1",8,1,97,0.00334016287598354,5.70173570791798
"b10 b13 c1",2,"b10","b13","c1",50,11,125,0.295922935211171,1.91080339313233
"b10 b13 e1",2,"b10","b13","e1",50,11,17,0.0402455191887192,3.90590378637841
"b10 b13 e5",2,"b10","b13","e5",50,11,7,0.0165716843718256,4.79320698137932
"b10 b13 f5",1,"b10","b13","f5",50,11,36,0.0852258053408171,2.46245101141857
"b10 b13 f12",1,"b10","b13","f12",50,11,22,0.052082436597166,2.95492749651637
"b10 b13 f13",1,"b10","b13","f13",50,11,9,0.0213064513352043,3.84874537253846
"b10 b13 f37",1,"b10","b13","f37",50,11,2,0.00473476696337873,5.35282276931474
"b10 b13 f38",1,"b10","b13","f38",50,11,3,0.00710215044506809,4.94735766120657
"b10 b13 f40",1,"b10","b13","f40",50,11,1,0.00236738348168936,6.04596994987468
"b10 b13 g1",2,"b10","b13","g1",50,11,97,0.229636197723868,2.16440615193125
"b10 c1 e5",2,"b10","c1","e5",50,125,7,0.188314595134381,2.36278851687539
"b10 c1 f13",1,"b10","c1","f13",50,125,9,0.242118765172776,1.41832690803453
"b10 c1 f37",1,"b10","c1","f37",50,125,2,0.0538041700383947,2.92240430481081
"b10 c1 f38",1,"b10","c1","f38",50,125,3,0.080706255057592,2.51693919670264
"b10 c1 f40",1,"b10","c1","f40",50,125,1,0.0269020850191973,3.61555148537075
"b10 c1 g1",2,"b10","c1","g1",50,125,97,2.60950224686214,-0.266012312572684
"b10 e1 e5",2,"b10","e1","e5",50,17,7,0.0256107849382759,4.35788891012147
"b10 e1 f13",1,"b10","e1","f13",50,17,9,0.0329281520634975,3.41342730128062
"b10 e1 f37",1,"b10","e1","f37",50,17,2,0.00731736712522167,4.91750469805689
"b10 e1 f38",1,"b10","e1","f38",50,17,3,0.0109760506878325,4.51203958994873
"b10 e1 f40",1,"b10","e1","f40",50,17,1,0.00365868356261084,5.61065187861684
"b10 e1 g1",1,"b10","e1","g1",50,17,97,0.354892305573251,1.03594090011346
"b10 e5 f5",1,"b10","e5","f5",50,7,36,0.0542346033987018,2.91443613516163
"b10 e5 f12",1,"b10","e5","f12",50,7,22,0.0331433687436511,3.40691262025943
"b10 e5 f13",1,"b10","e5","f13",50,7,9,0.0135586508496755,4.30073049628152
"b10 e5 f37",1,"b10","e5","f37",50,7,2,0.0030130335221501,5.8048078930578
"b10 e5 f38",1,"b10","e5","f38",50,7,3,0.00451955028322515,5.39934278494963
"b10 e5 f40",1,"b10","e5","f40",50,7,1,0.00150651676107505,6.49795507361774
"b10 e5 g1",2,"b10","e5","g1",50,7,97,0.14613212582428,2.6163912756743
"b10 f5 f13",1,"b10","f5","f13",50,36,9,0.0697302043697595,2.66312170688072
"b10 f5 f37",1,"b10","f5","f37",50,36,2,0.0154956009710577,4.167199103657
"b10 f5 f38",1,"b10","f5","f38",50,36,3,0.0232434014565865,3.76173399554883
"b10 f5 f40",1,"b10","f5","f40",50,36,1,0.00774780048552883,4.86034628421694
"b10 f5 g1",2,"b10","f5","g1",50,36,97,0.751536647096297,0.978782486273507
"b10 f12 f13",1,"b10","f12","f13",50,22,9,0.0426129026704086,3.15559819197852
"b10 f12 f37",2,"b10","f12","f37",50,22,2,0.00946953392675746,5.35282276931474
"b10 f12 f38",2,"b10","f12","f38",50,22,3,0.0142043008901362,4.94735766120657
"b10 f12 f40",1,"b10","f12","f40",50,22,1,0.00473476696337873,5.35282276931474
"b10 f12 g1",1,"b10","f12","g1",50,22,97,0.459272395447737,0.778111790811356
"b10 f13 f37",1,"b10","f13","f37",50,9,2,0.00387390024276441,5.55349346477689
"b10 f13 f38",1,"b10","f13","f38",50,9,3,0.00581085036414662,5.14802835666873
"b10 f13 f40",1,"b10","f13","f40",50,9,1,0.00193695012138221,6.24664064533683
"b10 f13 g1",1,"b10","f13","g1",50,9,97,0.187884161774074,1.67192966683345
"b10 f37 f38",2,"b10","f37","f38",50,2,3,0.00129130008092147,7.34525293400494
"b10 f37 f40",1,"b10","f37","f40",50,2,1,0.000430433360307157,7.75071804211311
"b10 f37 g1",1,"b10","f37","g1",50,2,97,0.0417520359497943,3.17600706360973
"b10 f38 f40",1,"b10","f38","f40",50,3,1,0.000645650040460736,7.34525293400494
"b10 f38 g1",1,"b10","f38","g1",50,3,97,0.0626280539246914,2.77054195550156
"b10 f40 g1",1,"b10","f40","g1",50,1,97,0.0208760179748971,3.86915424416967
"b13 c1 e1",2,"b13","c1","e1",11,125,17,0.100613797971798,2.98961305450426
"b13 c1 e5",1,"b13","c1","e5",11,125,7,0.0414292109295639,3.18376906894522
"b13 c1 f5",1,"b13","c1","f5",11,125,36,0.213064513352043,1.54616027954442
"b13 c1 f12",1,"b13","c1","f12",11,125,22,0.130206091492915,2.03863676464221
"b13 c1 f13",1,"b13","c1","f13",11,125,9,0.0532661283380107,2.93245464066431
"b13 c1 f37",1,"b13","c1","f37",11,125,2,0.0118369174084468,4.43653203744058
"b13 c1 f38",1,"b13","c1","f38",11,125,3,0.0177553761126702,4.03106692933242
"b13 c1 f40",1,"b13","c1","f40",11,125,1,0.00591845870422341,5.12967921800053
"b13 c1 g1",2,"b13","c1","g1",11,125,97,0.574090494309671,1.24811542005709
"b13 e1 e5",1,"b13","e1","e5",11,17,7,0.00563437268642069,5.1788694621913
"b13 e1 f5",2,"b13","e1","f5",11,17,36,0.0289767738158778,4.23440785335045
"b13 e1 f12",1,"b13","e1","f12",11,17,22,0.0177080284430364,4.0337371578883
"b13 e1 f13",1,"b13","e1","f13",11,17,9,0.00724419345396946,4.92755503391039
"b13 e1 f37",1,"b13","e1","f37",11,17,2,0.00160982076754877,6.43163243068667
"b13 e1 f38",1,"b13","e1","f38",11,17,3,0.00241473115132315,6.0261673225785
"b13 e1 f40",1,"b13","e1","f40",11,17,1,0.000804910383774384,7.12477961124661
"b13 e1 g1",1,"b13","e1","g1",11,17,97,0.0780763072261152,2.55006863274323
"b13 e5 f5",1,"b13","e5","f5",11,7,36,0.0119316127477144,4.42856386779141
"b13 e5 f12",1,"b13","e5","f12",11,7,22,0.00729154112360324,4.9210403528892
"b13 e5 f13",1,"b13","e5","f13",11,7,9,0.0029829031869286,5.8148582289113
"b13 e5 f37",1,"b13","e5","f37",11,7,2,0.000662867374873022,7.31893562568757
"b13 e5 f38",1,"b13","e5","f38",11,7,3,0.000994301062309533,6.91347051757941
"b13 e5 f40",1,"b13","e5","f40",11,7,1,0.000331433687436511,8.01208280624752
"b13 e5 g1",2,"b13","e5","g1",11,7,97,0.0321490676813416,4.13051900830408
"b13 f5 f12",1,"b13","f5","f12",11,36,22,0.0374993543499595,3.2834315634884
"b13 f5 f13",1,"b13","f5","f13",11,36,9,0.0153406449613471,4.1772494395105
"b13 f5 f37",1,"b13","f5","f37",11,36,2,0.00340903221363269,5.68132683628678
"b13 f5 f38",1,"b13","f5","f38",11,36,3,0.00511354832044903,5.27586172817861
"b13 f5 f40",1,"b13","f5","f40",11,36,1,0.00170451610681634,6.37447401684672
"b13 f5 g1",1,"b13","f5","g1",11,36,97,0.165338062361185,1.79976303834334
"b13 f12 f13",1,"b13","f12","f13",11,22,9,0.00937483858748988,4.66972592460829
"b13 f12 f37",1,"b13","f12","f37",11,22,2,0.00208329746388664,6.17380332138457
"b13 f12 f38",1,"b13","f12","f38",11,22,3,0.00312494619582996,5.7683382132764
"b13 f12 f40",1,"b13","f12","f40",11,22,1,0.00104164873194332,6.86695050194451
"b13 f12 g1",1,"b13","f12","g1",11,22,97,0.101039926998502,2.29223952344113
"b13 f13 f37",1,"b13","f13","f37",11,9,2,0.000852258053408171,7.06762119740667
"b13 f13 f38",1,"b13","f13","f38",11,9,3,0.00127838708011226,6.6621560892985
"b13 f13 f40",1,"b13","f13","f40",11,9,1,0.000426129026704086,7.76076837796661
"b13 f13 g1",1,"b13","f13","g1",11,9,97,0.0413345155902963,3.18605739946323
"b13 f37 f38",1,"b13","f37","f38",11,2,3,0.000284086017802724,8.16623348607478
"b13 f37 f40",1,"b13","f37","f40",11,2,1,9.46953392675746e-05,9.26484577474288
"b13 f37 g1",1,"b13","f37","g1",11,2,97,0.00918544790895474,4.6901347962395
"b13 f38 f40",1,"b13","f38","f40",11,3,1,0.000142043008901362,8.85938066663472
"b13 f38 g1",1,"b13","f38","g1",11,3,97,0.0137781718634321,4.28466968813134
"b13 f40 g1",1,"b13","f40","g1",11,1,97,0.00459272395447737,5.38328197679945
"c1 e1 e5",2,"c1","e1","e5",125,17,7,0.0640269623456897,3.44159817824732
"c1 e1 f13",1,"c1","e1","f13",125,17,9,0.0823203801587438,2.49713656940646
"c1 e1 f37",1,"c1","e1","f37",125,17,2,0.0182934178130542,4.00121396618274
"c1 e1 f38",1,"c1","e1","f38",125,17,3,0.0274401267195813,3.59574885807457
"c1 e1 f40",1,"c1","e1","f40",125,17,1,0.00914670890652709,4.69436114674268
"c1 e1 g1",2,"c1","e1","g1",125,17,97,0.887230763933128,0.812797348799246
"c1 e5 f5",1,"c1","e5","f5",125,7,36,0.135586508496755,1.99814540328748
"c1 e5 f12",1,"c1","e5","f12",125,7,22,0.0828584218591278,2.49062188838527
"c1 e5 f13",1,"c1","e5","f13",125,7,9,0.0338966271241886,3.38443976440737
"c1 e5 f37",1,"c1","e5","f37",125,7,2,0.00753258380537525,4.88851716118364
"c1 e5 f38",1,"c1","e5","f38",125,7,3,0.0112988757080629,4.48305205307548
"c1 e5 f40",1,"c1","e5","f40",125,7,1,0.00376629190268763,5.58166434174359
"c1 e5 g1",1,"c1","e5","g1",125,7,97,0.3653303145607,1.0069533632402
"c1 f5 f13",1,"c1","f5","f13",125,36,9,0.174325510924399,1.74683097500657
"c1 f5 f37",1,"c1","f5","f37",125,36,2,0.0387390024276442,3.25090837178284
"c1 f5 f38",1,"c1","f5","f38",125,36,3,0.0581085036414662,2.84544326367468
"c1 f5 f40",1,"c1","f5","f40",125,36,1,0.0193695012138221,3.94405555234279
"c1 f5 g1",4,"c1","f5","g1",125,36,97,1.87884161774074,0.755638934959297
"c1 f12 f37",1,"c1","f12","f37",125,22,2,0.0236738348168936,3.74338485688064
"c1 f12 f38",1,"c1","f12","f38",125,22,3,0.0355107522253405,3.33791974877247
"c1 f12 f40",1,"c1","f12","f40",125,22,1,0.0118369174084468,4.43653203744058
"c1 f13 f37",1,"c1","f13","f37",125,9,2,0.00968475060691104,4.63720273290273
"c1 f13 f38",1,"c1","f13","f38",125,9,3,0.0145271259103666,4.23173762479457
"c1 f13 f40",1,"c1","f13","f40",125,9,1,0.00484237530345552,5.33034991346268
"c1 f37 f38",1,"c1","f37","f38",125,2,3,0.00322825020230368,5.73581502157084
"c1 f37 f40",1,"c1","f37","f40",125,2,1,0.00107608340076789,6.83442731023895
"c1 f37 g1",1,"c1","f37","g1",125,2,97,0.104380089874486,2.25971633173557
"c1 f38 f40",1,"c1","f38","f40",125,3,1,0.00161412510115184,6.42896220213079
"c1 f38 g1",1,"c1","f38","g1",125,3,97,0.156570134811728,1.85425122362741
"c1 f40 g1",1,"c1","f40","g1",125,1,97,0.0521900449372428,2.95286351229552
"e1 e5 f5",1,"e1","e5","f5",17,7,36,0.0184397651555586,3.99324579653356
"e1 e5 f12",2,"e1","e5","f12",17,7,22,0.0112687453728414,5.1788694621913
"e1 e5 f13",1,"e1","e5","f13",17,7,9,0.00460994128888965,5.37954015765345
"e1 e5 f37",1,"e1","e5","f37",17,7,2,0.00102443139753103,6.88361755442973
"e1 e5 f38",1,"e1","e5","f38",17,7,3,0.00153664709629655,6.47815244632156
"e1 e5 f40",1,"e1","e5","f40",17,7,1,0.000512215698765517,7.57676473498967
"e1 e5 g1",2,"e1","e5","g1",17,7,97,0.0496849227802552,3.69520093704623
"e1 f5 f13",1,"e1","f5","f13",17,36,9,0.0237082694857182,3.74193136825266
"e1 f5 f37",1,"e1","f5","f37",17,36,2,0.0052685043301596,5.24600876502893
"e1 f5 f38",1,"e1","f5","f38",17,36,3,0.00790275649523941,4.84054365692077
"e1 f5 f40",1,"e1","f5","f40",17,36,1,0.0026342521650798,5.93915594558887
"e1 f5 g1",1,"e1","f5","g1",17,36,97,0.255522460012741,1.36444496708549
"e1 f12 f13",1,"e1","f12","f13",17,22,9,0.0144883869079389,4.23440785335045
"e1 f12 f37",1,"e1","f12","f37",17,22,2,0.00321964153509754,5.73848525012672
"e1 f12 f38",1,"e1","f12","f38",17,22,3,0.0048294623026463,5.33302014201856
"e1 f12 f40",1,"e1","f12","f40",17,22,1,0.00160982076754877,6.43163243068667
"e1 f12 g1",2,"e1","f12","g1",17,22,97,0.15615261445223,2.55006863274323
"e1 f13 f37",1,"e1","f13","f37",17,9,2,0.0013171260825399,6.63230312614882
"e1 f13 f38",1,"e1","f13","f38",17,9,3,0.00197568912380985,6.22683801804066
"e1 f13 f40",1,"e1","f13","f40",17,9,1,0.000658563041269951,7.32545030670877
"e1 f13 g1",1,"e1","f13","g1",17,9,97,0.0638806150031852,2.75073932820538
"e1 f37 f38",1,"e1","f37","f38",17,2,3,0.0004390420275133,7.73091541481693
"e1 f37 f40",1,"e1","f37","f40",17,2,1,0.000146347342504433,8.82952770348504
"e1 f37 g1",1,"e1","f37","g1",17,2,97,0.01419569222293,4.25481672498166
"e1 f38 f40",1,"e1","f38","f40",17,3,1,0.00021952101375665,8.42406259537687
"e1 f38 g1",1,"e1","f38","g1",17,3,97,0.0212935383343951,3.84935161687349
"e1 f40 g1",1,"e1","f40","g1",17,1,97,0.00709784611146502,4.9479639055416
"e5 f5 f12",1,"e5","f5","f12",7,36,22,0.0238632254954288,3.73541668723146
"e5 f5 f13",1,"e5","f5","f13",7,36,9,0.00976222861176633,4.62923456325356
"e5 f5 f37",1,"e5","f5","f37",7,36,2,0.00216938413594807,6.13331196002983
"e5 f5 f38",1,"e5","f5","f38",7,36,3,0.00325407620392211,5.72784685192167
"e5 f5 f40",1,"e5","f5","f40",7,36,1,0.00108469206797404,6.82645914058978
"e5 f5 g1",1,"e5","f5","g1",7,36,97,0.105215130593482,2.25174816208639
"e5 f12 f13",1,"e5","f12","f13",7,22,9,0.0059658063738572,5.12171104835135
"e5 f12 f37",1,"e5","f12","f37",7,22,2,0.00132573474974604,6.62578844512763
"e5 f12 f38",1,"e5","f12","f38",7,22,3,0.00198860212461907,6.22032333701946
"e5 f12 f40",1,"e5","f12","f40",7,22,1,0.000662867374873022,7.31893562568757
"e5 f12 g1",2,"e5","f12","g1",7,22,97,0.0642981353626831,3.43737182774413
"e5 f13 f37",1,"e5","f13","f37",7,9,2,0.000542346033987018,7.51960632114972
"e5 f13 f38",1,"e5","f13","f38",7,9,3,0.000813519050980527,7.11414121304156
"e5 f13 f40",1,"e5","f13","f40",7,9,1,0.000271173016993509,8.21275350170967
"e5 f13 g1",1,"e5","f13","g1",7,9,97,0.0263037826483704,3.63804252320628
"e5 f37 f38",1,"e5","f37","f38",7,2,3,0.000180782011329006,8.61821860981783
"e5 f37 f40",1,"e5","f37","f40",7,2,1,6.0260670443002e-05,9.71683089848594
"e5 f37 g1",1,"e5","f37","g1",7,2,97,0.0058452850329712,5.14211991998256
"e5 f38 f40",1,"e5","f38","f40",7,3,1,9.0391005664503e-05,9.31136579037778
"e5 f38 g1",1,"e5","f38","g1",7,3,97,0.00876792754945679,4.73665481187439
"e5 f40 g1",1,"e5","f40","g1",7,1,97,0.0029226425164856,5.8352671005425
"f5 f12 f13",1,"f5","f12","f13",36,22,9,0.0306812899226942,3.48410225895056
"f5 f12 f37",1,"f5","f12","f37",36,22,2,0.00681806442726537,4.98817965572683
"f5 f12 f38",1,"f5","f12","f38",36,22,3,0.0102270966408981,4.58271454761867
"f5 f12 f40",1,"f5","f12","f40",36,22,1,0.00340903221363269,5.68132683628678
"f5 f12 g1",2,"f5","f12","g1",36,22,97,0.33067612472237,1.79976303834334
"f5 f13 f37",1,"f5","f13","f37",36,9,2,0.00278920817479038,5.88199753174893
"f5 f13 f38",1,"f5","f13","f38",36,9,3,0.00418381226218557,5.47653242364076
"f5 f13 f40",1,"f5","f13","f40",36,9,1,0.00139460408739519,6.57514471230887
"f5 f13 g1",1,"f5","f13","g1",36,9,97,0.135276596477333,2.00043373380549
"f5 f37 f38",1,"f5","f37","f38",36,2,3,0.00092973605826346,6.98060982041704
"f5 f37 f40",1,"f5","f37","f40",36,2,1,0.000309912019421153,8.07922210908515
"f5 f37 g1",1,"f5","f37","g1",36,2,97,0.0300614658838519,3.50451113058176
"f5 f38 f40",1,"f5","f38","f40",36,3,1,0.00046486802913173,7.67375700097698
"f5 f38 g1",1,"f5","f38","g1",36,3,97,0.0450921988257778,3.0990460224736
"f5 f40 g1",1,"f5","f40","g1",36,1,97,0.0150307329419259,4.19765831114171
"f12 f13 f37",1,"f12","f13","f37",22,9,2,0.00170451610681634,6.37447401684672
"f12 f13 f38",1,"f12","f13","f38",22,9,3,0.00255677416022451,5.96900890873856
"f12 f13 f40",1,"f12","f13","f40",22,9,1,0.000852258053408171,7.06762119740667
"f12 f37 f38",2,"f12","f37","f38",22,2,3,0.000568172035605447,8.16623348607478
"f12 f37 f40",1,"f12","f37","f40",22,2,1,0.000189390678535149,8.57169859418294
"f12 f37 g1",1,"f12","f37","g1",22,2,97,0.0183708958179095,3.99698761567956
"f12 f38 f40",1,"f12","f38","f40",22,3,1,0.000284086017802724,8.16623348607478
"f12 f38 g1",1,"f12","f38","g1",22,3,97,0.0275563437268642,3.59152250757139
"f12 f40 g1",1,"f12","f40","g1",22,1,97,0.00918544790895474,4.6901347962395
"f13 f37 f38",1,"f13","f37","f38",9,2,3,0.000232434014565865,8.36690418153693
"f13 f37 f40",1,"f13","f37","f40",9,2,1,7.74780048552883e-05,9.46551647020504
"f13 f37 g1",1,"f13","f37","g1",9,2,97,0.00751536647096296,4.89080549170165
"f13 f38 f40",1,"f13","f38","f40",9,3,1,0.000116217007282932,9.06005136209687
"f13 f38 g1",1,"f13","f38","g1",9,3,97,0.0112730497064444,4.48534038359349
"f13 f40 g1",1,"f13","f40","g1",9,1,97,0.00375768323548148,5.5839526722616
"f37 f38 f40",1,"f37","f38","f40",2,3,1,2.58260016184294e-05,10.5641287588731
"f37 f38 g1",1,"f37","f38","g1",2,3,97,0.00250512215698765,5.98941778036976
"f37 f40 g1",1,"f37","f40","g1",2,1,97,0.000835040718995885,7.08803006903787
"f38 f40 g1",1,"f38","f40","g1",3,1,97,0.00125256107849383,6.68256496092971
"b1 c1 d11",1,"b1","c1","d11",13,125,4,0.0279781684199652,3.57633077221747
"b1 c1 f63",1,"b1","c1","f63",13,125,1,0.00699454210499131,4.96262513333736
"b1 c1 g1",2,"b1","c1","g1",13,125,97,0.678470584184157,1.08106133539393
"b1 d11 f63",1,"b1","d11","f63",13,4,1,0.000223825347359722,8.40464450951977
"b1 d11 g1",1,"b1","d11","g1",13,4,97,0.021711058693893,3.82993353101639
"b1 f63 g1",1,"b1","f63","g1",13,1,97,0.00542776467347325,5.21622789213628
"c1 d11 f63",1,"c1","d11","f63",125,4,1,0.00215216680153579,6.14128012967901
"c1 d11 g1",1,"c1","d11","g1",125,4,97,0.208760179748971,1.56656915117563
"c1 f63 g1",1,"c1","f63","g1",125,1,97,0.0521900449372428,2.95286351229552
"d11 f63 g1",1,"d11","f63","g1",4,1,97,0.00167008143799177,6.39488288847793
"a1 b1 c1",2,"a1","b1","c1",136,13,125,0.951257726278818,0.743117428161256
"a1 b1 f5",1,"a1","b1","f5",136,13,36,0.273962225168299,1.2947650464475
"b1 c1 f5",1,"b1","c1","f5",13,125,36,0.251803515779687,1.37910619488125
"c1 g12 g23",1,"c1","g12","g23",125,2,1,0.00107608340076789,6.83442731023895
"c1 g12 h1",1,"c1","g12","h1",125,2,49,0.0527280866376268,2.94260701212833
"c1 g23 h1",1,"c1","g23","h1",125,1,49,0.0263640433188134,3.63575419268827
"g12 g23 h1",1,"g12","g23","h1",2,1,49,0.000421824693101014,7.77092074943063
"i1 i8 i13",1,"i1","i8","i13",34,1,4,0.000585389370017734,7.44323334236515
"i1 i8 i15",1,"i1","i8","i15",34,1,2,0.000292694685008867,8.13638052292509
"i1 i13 i15",1,"i1","i13","i15",34,4,2,0.00117077874003547,6.7500861618052
"i8 i13 i15",1,"i8","i13","i15",1,4,2,3.44346688245726e-05,10.2764466864214
"a1 b10 b11",1,"a1","b10","b11",136,50,3,0.0878084055026601,2.43259804826889
"a1 b10 d22",1,"a1","b10","d22",136,50,5,0.146347342504433,1.9217724245029
"a1 b10 g6",1,"a1","b10","g6",136,50,1,0.0292694685008867,3.531210336937
"a1 b11 b12",1,"a1","b11","b12",136,3,6,0.0105370086603192,4.55286158446898
"a1 b11 d22",1,"a1","b11","d22",136,3,5,0.00878084055026601,4.73518314126294
"a1 b11 f14",1,"a1","b11","f14",136,3,16,0.0280986897608512,3.57203233145726
"a1 b11 g6",1,"a1","b11","g6",136,3,1,0.0017561681100532,6.34462105369704
"a1 b12 d22",1,"a1","b12","d22",136,6,5,0.017561681100532,4.04203596070299
"a1 b12 f14",1,"a1","b12","f14",136,6,16,0.0561973795217024,2.87888515089731
"a1 b12 g6",1,"a1","b12","g6",136,6,1,0.0035123362201064,5.65147387313709
"a1 d22 f14",1,"a1","d22","f14",136,5,16,0.0468311496014187,3.06120670769127
"a1 d22 g6",1,"a1","d22","g6",136,5,1,0.00292694685008867,5.83379542993105
"a1 f14 g6",1,"a1","f14","g6",136,16,1,0.00936622992028374,4.67064462012537
"b10 b11 b12",1,"b10","b11","b12",50,3,6,0.00387390024276441,5.55349346477689
"b10 b11 d22",1,"b10","b11","d22",50,3,5,0.00322825020230368,5.73581502157084
"b10 b11 f14",1,"b10","b11","f14",50,3,16,0.0103304006473718,4.57266421176516
"b10 b11 g6",1,"b10","b11","g6",50,3,1,0.000645650040460736,7.34525293400494
"b10 b12 d22",1,"b10","b12","d22",50,6,5,0.00645650040460736,5.0426678410109
"b10 b12 f14",1,"b10","b12","f14",50,6,16,0.0206608012947435,3.87951703120522
"b10 b12 g6",1,"b10","b12","g6",50,6,1,0.00129130008092147,6.652105753445
"b10 d22 f14",1,"b10","d22","f14",50,5,16,0.0172173344122863,4.06183858799917
"b10 d22 g6",1,"b10","d22","g6",50,5,1,0.00107608340076789,6.83442731023895
"b10 f14 g6",1,"b10","f14","g6",50,16,1,0.00344346688245726,5.67127650043327
"b11 b12 d22",1,"b11","b12","d22",3,6,5,0.000387390024276441,7.85607855777094
"b11 b12 f14",1,"b11","b12","f14",3,6,16,0.00123964807768461,6.69292774796526
"b11 b12 g6",1,"b11","b12","g6",3,6,1,7.74780048552883e-05,9.46551647020504
"b11 d22 f14",1,"b11","d22","f14",3,5,16,0.00103304006473718,6.87524930475921
"b11 d22 g6",1,"b11","d22","g6",3,5,1,6.45650040460736e-05,9.64783802699899
"b11 f14 g6",1,"b11","f14","g6",3,16,1,0.000206608012947435,8.48468721719331
"b12 d22 f14",1,"b12","d22","f14",6,5,16,0.00206608012947435,6.18210212419926
"b12 d22 g6",1,"b12","d22","g6",6,5,1,0.000129130008092147,8.95469084643904
"b12 f14 g6",1,"b12","f14","g6",6,16,1,0.000413216025894871,7.79154003663336
"d22 f14 g6",1,"d22","f14","g6",5,16,1,0.000344346688245726,7.97386159342732
"i1 i5 i15",1,"i1","i5","i15",34,6,2,0.0017561681100532,6.34462105369704
"b6 b7 b13",1,"b6","b7","b13",14,5,11,0.00331433687436511,5.70949771325347
"b6 b7 d19",1,"b6","b7","d19",14,5,10,0.0030130335221501,5.8048078930578
"b6 b7 d21",1,"b6","b7","d21",14,5,2,0.00060260670443002,7.4142458054919
"b6 b7 d23",1,"b6","b7","d23",14,5,2,0.00060260670443002,7.4142458054919
"b6 b7 f4",1,"b6","b7","f4",14,5,2,0.00060260670443002,7.4142458054919
"b6 b13 d19",1,"b6","b13","d19",14,11,10,0.00662867374873022,5.01635053269353
"b6 b13 d21",1,"b6","b13","d21",14,11,2,0.00132573474974604,6.62578844512763
"b6 b13 d23",1,"b6","b13","d23",14,11,2,0.00132573474974604,6.62578844512763
"b6 b13 f4",1,"b6","b13","f4",14,11,2,0.00132573474974604,6.62578844512763
"b6 d19 d21",1,"b6","d19","d21",14,10,2,0.00120521340886004,6.72109862493195
"b6 d19 d23",1,"b6","d19","d23",14,10,2,0.00120521340886004,6.72109862493195
"b6 d19 f4",1,"b6","d19","f4",14,10,2,0.00120521340886004,6.72109862493195
"b6 d21 d23",1,"b6","d21","d23",14,2,2,0.000241042681772008,8.33053653736605
"b6 d21 f4",1,"b6","d21","f4",14,2,2,0.000241042681772008,8.33053653736605
"b6 d23 f4",1,"b6","d23","f4",14,2,2,0.000241042681772008,8.33053653736605
"b7 b13 d19",1,"b7","b13","d19",5,11,10,0.00236738348168936,6.04596994987468
"b7 b13 d21",1,"b7","b13","d21",5,11,2,0.000473476696337873,7.65540786230878
"b7 b13 d23",1,"b7","b13","d23",5,11,2,0.000473476696337873,7.65540786230878
"b7 b13 f4",1,"b7","b13","f4",5,11,2,0.000473476696337873,7.65540786230878
"b7 d19 d21",1,"b7","d19","d21",5,10,2,0.000430433360307157,7.75071804211311
"b7 d19 d23",1,"b7","d19","d23",5,10,2,0.000430433360307157,7.75071804211311
"b7 d19 f4",1,"b7","d19","f4",5,10,2,0.000430433360307157,7.75071804211311
"b7 d21 d23",1,"b7","d21","d23",5,2,2,8.60866720614315e-05,9.36015595454721
"b7 d21 f4",1,"b7","d21","f4",5,2,2,8.60866720614315e-05,9.36015595454721
"b7 d23 f4",1,"b7","d23","f4",5,2,2,8.60866720614315e-05,9.36015595454721
"b13 d19 d21",1,"b13","d19","d21",11,10,2,0.000946953392675746,6.96226068174884
"b13 d19 d23",1,"b13","d19","d23",11,10,2,0.000946953392675746,6.96226068174884
"b13 d19 f4",1,"b13","d19","f4",11,10,2,0.000946953392675746,6.96226068174884
"b13 d21 d23",1,"b13","d21","d23",11,2,2,0.000189390678535149,8.57169859418294
"b13 d21 f4",1,"b13","d21","f4",11,2,2,0.000189390678535149,8.57169859418294
"b13 d23 f4",1,"b13","d23","f4",11,2,2,0.000189390678535149,8.57169859418294
"d19 d21 d23",1,"d19","d21","d23",10,2,2,0.000172173344122863,8.66700877398726
"d19 d21 f4",1,"d19","d21","f4",10,2,2,0.000172173344122863,8.66700877398726
"d19 d23 f4",1,"d19","d23","f4",10,2,2,0.000172173344122863,8.66700877398726
"d21 d23 f4",1,"d21","d23","f4",2,2,2,3.44346688245726e-05,10.2764466864214
"a1 c5 h1",1,"a1","c5","h1",136,18,49,0.516313424355641,0.661041286358357
"a1 c1 c4",1,"a1","c1","c4",136,125,6,0.4390420275133,0.823160135834792
"a1 c1 d14",1,"a1","c1","d14",136,125,2,0.146347342504433,1.9217724245029
"a1 c4 c5",1,"a1","c4","c5",136,6,18,0.0632220519619152,2.76110211524093
"a1 c4 d14",1,"a1","c4","d14",136,6,2,0.00702467244021281,4.95832669257715
"a1 c5 d14",1,"a1","c5","d14",136,18,2,0.0210740173206384,3.85971440390904
"c1 c4 d14",1,"c1","c4","d14",125,6,2,0.00645650040460736,5.0426678410109
"c1 c5 d14",1,"c1","c5","d14",125,18,2,0.0193695012138221,3.94405555234279
"c4 c5 d14",1,"c4","c5","d14",6,18,2,0.00092973605826346,6.98060982041704
"a1 b4 d10",1,"a1","b4","d10",136,8,2,0.00936622992028374,4.67064462012537
"a1 b4 d14",1,"a1","b4","d14",136,8,2,0.00936622992028374,4.67064462012537
"a1 b4 g21",1,"a1","b4","g21",136,8,1,0.00468311496014187,5.36379180068531
"a1 d10 d14",1,"a1","d10","d14",136,2,2,0.00234155748007094,6.05693898124526
"a1 d10 g21",1,"a1","d10","g21",136,2,1,0.00117077874003547,6.7500861618052
"a1 d14 g21",1,"a1","d14","g21",136,2,1,0.00117077874003547,6.7500861618052
"b4 d10 d14",1,"b4","d10","d14",8,2,2,0.00013773867529829,8.89015232530147
"b4 d10 g21",1,"b4","d10","g21",8,2,1,6.88693376491452e-05,9.58329950586142
"b4 d14 g21",1,"b4","d14","g21",8,2,1,6.88693376491452e-05,9.58329950586142
"d10 d14 g21",1,"d10","d14","g21",2,2,1,1.72173344122863e-05,10.9695938669813
"a1 a24 b2",5,"a1","a24","b2",136,69,28,1.13097226287426,1.48636024002679
"a1 a24 d4",1,"a1","a24","d4",136,69,2,0.0807837330624473,2.51597965720794
"a1 a24 d5",4,"a1","a24","d5",136,69,5,0.201959332656118,2.98598328645368
"a1 a24 d21",1,"a1","a24","d21",136,69,2,0.0807837330624473,2.51597965720794
"a1 a24 d29",1,"a1","a24","d29",136,69,7,0.282743065718565,1.26321668871258
"a1 a24 d30",1,"a1","a24","d30",136,69,2,0.0807837330624473,2.51597965720794
"a1 b2 d4",1,"a1","b2","d4",136,28,2,0.0327818047209931,3.41788165163
"a1 b2 d5",1,"a1","b2","d5",136,28,5,0.0819545118024827,2.50159091975584
"a1 b2 d21",1,"a1","b2","d21",136,28,2,0.0327818047209931,3.41788165163
"a1 b2 d29",1,"a1","b2","d29",136,28,7,0.114736316523476,2.16511868313463
"a1 b2 d30",1,"a1","b2","d30",136,28,2,0.0327818047209931,3.41788165163
"a1 b2 h1",3,"a1","b2","h1",136,28,49,0.803154215664331,1.31782082274743
"a1 b2 ant",1,"a1","b2","ant",136,28,26,0.42616346137291,0.852932294168463
"a1 d4 d5",1,"a1","d4","d5",136,2,5,0.00585389370017734,5.1406482493711
"a1 d4 d21",1,"a1","d4","d21",136,2,2,0.00234155748007094,6.05693898124526
"a1 d4 d29",1,"a1","d4","d29",136,2,7,0.00819545118024827,4.80417601274989
"a1 d4 d30",2,"a1","d4","d30",136,2,2,0.00234155748007094,6.7500861618052
"a1 d4 h1",1,"a1","d4","h1",136,2,49,0.0573681582617379,2.85826586369458
"a1 d4 ant",1,"a1","d4","ant",136,2,26,0.0304402472409222,3.49198962378372
"a1 d5 d21",1,"a1","d5","d21",136,5,2,0.00585389370017734,5.1406482493711
"a1 d5 d29",1,"a1","d5","d29",136,5,7,0.0204886279506207,3.88788528087573
"a1 d5 d30",1,"a1","d5","d30",136,5,2,0.00585389370017734,5.1406482493711
"a1 d5 h1",1,"a1","d5","h1",136,5,49,0.143420395654345,1.94197513182042
"a1 d5 ant",4,"a1","d5","ant",136,5,26,0.0761006181023054,3.96199325302946
"a1 d21 d29",1,"a1","d21","d29",136,2,7,0.00819545118024827,4.80417601274989
"a1 d21 d30",1,"a1","d21","d30",136,2,2,0.00234155748007094,6.05693898124526
"a1 d21 h1",1,"a1","d21","h1",136,2,49,0.0573681582617379,2.85826586369458
"a1 d21 ant",1,"a1","d21","ant",136,2,26,0.0304402472409222,3.49198962378372
"a1 d29 d30",1,"a1","d29","d30",136,7,2,0.00819545118024827,4.80417601274989
"a1 d29 h1",2,"a1","d29","h1",136,7,49,0.200788553916083,2.29865007575915
"a1 d29 ant",1,"a1","d29","ant",136,7,26,0.106540865343228,2.23922665528835
"a1 d30 h1",1,"a1","d30","h1",136,2,49,0.0573681582617379,2.85826586369458
"a1 d30 ant",1,"a1","d30","ant",136,2,26,0.0304402472409222,3.49198962378372
"a24 b2 d4",1,"a24","b2","d4",69,28,2,0.0166319450422686,4.09643003276879
"a24 b2 d5",1,"a24","b2","d5",69,28,5,0.0415798626056714,3.18013930089464
"a24 b2 d21",1,"a24","b2","d21",69,28,2,0.0166319450422686,4.09643003276879
"a24 b2 d29",1,"a24","b2","d29",69,28,7,0.0582118076479399,2.84366706427342
"a24 b2 d30",1,"a24","b2","d30",69,28,2,0.0166319450422686,4.09643003276879
"a24 b2 h1",3,"a24","b2","h1",69,28,49,0.40748265353558,1.99636920388622
"a24 b2 ant",2,"a24","b2","ant",69,28,26,0.216215285549491,2.2246278558672
"a24 d4 d5",1,"a24","d4","d5",69,2,5,0.00296999018611938,5.8191966305099
"a24 d4 d21",1,"a24","d4","d21",69,2,2,0.00118799607444775,6.73548736238405
"a24 d4 d29",1,"a24","d4","d29",69,2,7,0.00415798626056714,5.48272439388868
"a24 d4 d30",1,"a24","d4","d30",69,2,2,0.00118799607444775,6.73548736238405
"a24 d4 h1",1,"a24","d4","h1",69,2,49,0.02910590382397,3.53681424483337
"a24 d4 ant",1,"a24","d4","ant",69,2,26,0.0154439489678208,4.17053800492251
"a24 d5 d21",1,"a24","d5","d21",69,5,2,0.00296999018611938,5.8191966305099
"a24 d5 d29",1,"a24","d5","d29",69,5,7,0.0103949656514178,4.56643366201453
"a24 d5 d30",1,"a24","d5","d30",69,5,2,0.00296999018611938,5.8191966305099
"a24 d5 h1",1,"a24","d5","h1",69,5,49,0.0727647595599249,2.62052351295921
"a24 d5 ant",3,"a24","d5","ant",69,5,26,0.038609872419552,4.35285956171647
"a24 d21 d29",1,"a24","d21","d29",69,2,7,0.00415798626056714,5.48272439388868
"a24 d21 d30",1,"a24","d21","d30",69,2,2,0.00118799607444775,6.73548736238405
"a24 d21 h1",1,"a24","d21","h1",69,2,49,0.02910590382397,3.53681424483337
"a24 d21 ant",1,"a24","d21","ant",69,2,26,0.0154439489678208,4.17053800492251
"a24 d29 d30",1,"a24","d29","d30",69,7,2,0.00415798626056714,5.48272439388868
"a24 d29 h1",1,"a24","d29","h1",69,7,49,0.101870663383895,2.284051276338
"a24 d29 ant",1,"a24","d29","ant",69,7,26,0.0540538213873728,2.91777503642715
"a24 d30 h1",1,"a24","d30","h1",69,2,49,0.02910590382397,3.53681424483337
"a24 d30 ant",1,"a24","d30","ant",69,2,26,0.0154439489678208,4.17053800492251
"b2 d4 d5",1,"b2","d4","d5",28,2,5,0.00120521340886004,6.72109862493195
"b2 d4 d21",1,"b2","d4","d21",28,2,2,0.000482085363544016,7.63738935680611
"b2 d4 d29",1,"b2","d4","d29",28,2,7,0.00168729877240406,6.38462638831074
"b2 d4 d30",1,"b2","d4","d30",28,2,2,0.000482085363544016,7.63738935680611
"b2 d4 h1",1,"b2","d4","h1",28,2,49,0.0118110914068284,4.43871623925542
"b2 d4 ant",1,"b2","d4","ant",28,2,26,0.00626710972607221,5.07243999934457
"b2 d5 d21",1,"b2","d5","d21",28,5,2,0.00120521340886004,6.72109862493195
"b2 d5 d29",1,"b2","d5","d29",28,5,7,0.00421824693101014,5.46833565643658
"b2 d5 d30",1,"b2","d5","d30",28,5,2,0.00120521340886004,6.72109862493195
"b2 d5 h1",1,"b2","d5","h1",28,5,49,0.029527728517071,3.52242550738127
"b2 d5 ant",1,"b2","d5","ant",28,5,26,0.0156677743151805,4.15614926747041
"b2 d21 d29",1,"b2","d21","d29",28,2,7,0.00168729877240406,6.38462638831074
"b2 d21 d30",1,"b2","d21","d30",28,2,2,0.000482085363544016,7.63738935680611
"b2 d21 h1",1,"b2","d21","h1",28,2,49,0.0118110914068284,4.43871623925542
"b2 d21 ant",1,"b2","d21","ant",28,2,26,0.00626710972607221,5.07243999934457
"b2 d29 d30",1,"b2","d29","d30",28,7,2,0.00168729877240406,6.38462638831074
"b2 d29 h1",1,"b2","d29","h1",28,7,49,0.0413388199238994,3.18595327076006
"b2 d29 ant",1,"b2","d29","ant",28,7,26,0.0219348840412527,3.8196770308492
"b2 d30 h1",1,"b2","d30","h1",28,2,49,0.0118110914068284,4.43871623925542
"b2 d30 ant",1,"b2","d30","ant",28,2,26,0.00626710972607221,5.07243999934457
"b2 h1 ant",2,"b2","h1","ant",28,49,26,0.153544188288769,2.56691406235383
"d4 d5 d21",1,"d4","d5","d21",2,5,2,8.60866720614315e-05,9.36015595454721
"d4 d5 d29",1,"d4","d5","d29",2,5,7,0.00030130335221501,8.10739298605184
"d4 d5 d30",1,"d4","d5","d30",2,5,2,8.60866720614315e-05,9.36015595454721
"d4 d5 h1",1,"d4","d5","h1",2,5,49,0.00210912346550507,6.16148283699653
"d4 d5 ant",1,"d4","d5","ant",2,5,26,0.00111912673679861,6.79520659708567
"d4 d21 d29",1,"d4","d21","d29",2,2,7,0.000120521340886004,9.023683717926
"d4 d21 d30",1,"d4","d21","d30",2,2,2,3.44346688245726e-05,10.2764466864214
"d4 d21 h1",1,"d4","d21","h1",2,2,49,0.000843649386202028,7.07777356887068
"d4 d21 ant",1,"d4","d21","ant",2,2,26,0.000447650694719444,7.71149732895983
"d4 d29 d30",1,"d4","d29","d30",2,7,2,0.000120521340886004,9.023683717926
"d4 d29 h1",1,"d4","d29","h1",2,7,49,0.0029527728517071,5.82501060037532
"d4 d29 ant",1,"d4","d29","ant",2,7,26,0.00156677743151805,6.45873436046446
"d4 d30 h1",1,"d4","d30","h1",2,2,49,0.000843649386202028,7.07777356887068
"d4 d30 ant",1,"d4","d30","ant",2,2,26,0.000447650694719444,7.71149732895983
"d4 h1 ant",1,"d4","h1","ant",2,49,26,0.0109674420206264,4.51282421140915
"d5 d21 d29",1,"d5","d21","d29",5,2,7,0.00030130335221501,8.10739298605184
"d5 d21 d30",1,"d5","d21","d30",5,2,2,8.60866720614315e-05,9.36015595454721
"d5 d21 h1",1,"d5","d21","h1",5,2,49,0.00210912346550507,6.16148283699653
"d5 d21 ant",1,"d5","d21","ant",5,2,26,0.00111912673679861,6.79520659708567
"d5 d29 d30",1,"d5","d29","d30",5,7,2,0.00030130335221501,8.10739298605184
"d5 d29 h1",1,"d5","d29","h1",5,7,49,0.00738193212926775,4.90871986850116
"d5 d29 ant",1,"d5","d29","ant",5,7,26,0.00391694357879513,5.5424436285903
"d5 d30 h1",1,"d5","d30","h1",5,2,49,0.00210912346550507,6.16148283699653
"d5 d30 ant",1,"d5","d30","ant",5,2,26,0.00111912673679861,6.79520659708567
"d5 h1 ant",1,"d5","h1","ant",5,49,26,0.0274186050515659,3.59653347953499
"d21 d29 d30",1,"d21","d29","d30",2,7,2,0.000120521340886004,9.023683717926
"d21 d29 h1",1,"d21","d29","h1",2,7,49,0.0029527728517071,5.82501060037532
"d21 d29 ant",1,"d21","d29","ant",2,7,26,0.00156677743151805,6.45873436046446
"d21 d30 h1",1,"d21","d30","h1",2,2,49,0.000843649386202028,7.07777356887068
"d21 d30 ant",1,"d21","d30","ant",2,2,26,0.000447650694719444,7.71149732895983
"d21 h1 ant",1,"d21","h1","ant",2,49,26,0.0109674420206264,4.51282421140915
"d29 d30 h1",1,"d29","d30","h1",7,2,49,0.0029527728517071,5.82501060037532
"d29 d30 ant",1,"d29","d30","ant",7,2,26,0.00156677743151805,6.45873436046446
"d29 h1 ant",1,"d29","h1","ant",7,49,26,0.0383860470721923,3.26006124291378
"d30 h1 ant",1,"d30","h1","ant",2,49,26,0.0109674420206264,4.51282421140915
"a1 c1 f15",2,"a1","c1","f15",136,125,4,0.292694685008867,1.9217724245029
"a1 c5 f12",1,"a1","c5","f12",136,18,22,0.231814190527023,1.46181913111067
"a1 c5 f13",1,"a1","c5","f13",136,18,9,0.0948330779428729,2.35563700713276
"a1 c5 f14",1,"a1","c5","f14",136,18,16,0.168592138565107,1.7802728622292
"a1 c5 f15",1,"a1","c5","f15",136,18,4,0.0421480346412768,3.16656722334909
"a1 f12 f15",1,"a1","f12","f15",136,22,4,0.0515142645615606,2.96589652788694
"a1 f13 f14",1,"a1","f13","f14",136,9,16,0.0842960692825537,2.47342004278915
"a1 f13 f15",2,"a1","f13","f15",136,9,4,0.0210740173206384,4.55286158446898
"c1 c5 f12",1,"c1","c5","f12",125,18,22,0.213064513352043,1.54616027954442
"c1 c5 f13",1,"c1","c5","f13",125,18,9,0.0871627554621994,2.43997815556652
"c1 c5 f14",1,"c1","c5","f14",125,18,16,0.154956009710577,1.86461401066295
"c1 c5 f15",1,"c1","c5","f15",125,18,4,0.0387390024276442,3.25090837178284
"c1 f12 f15",1,"c1","f12","f15",125,22,4,0.0473476696337873,3.05023767632069
"c1 f13 f14",1,"c1","f13","f14",125,9,16,0.0774780048552883,2.5577611912229
"c1 f13 f15",2,"c1","f13","f15",125,9,4,0.0193695012138221,4.63720273290273
"c1 f14 f15",1,"c1","f14","f15",125,16,4,0.0344346688245726,3.36869140743923
"c1 f14 g1",3,"c1","f14","g1",125,16,97,0.835040718995885,1.27888707872384
"c5 f12 f13",1,"c5","f12","f13",18,22,9,0.0153406449613471,4.1772494395105
"c5 f12 f14",1,"c5","f12","f14",18,22,16,0.0272722577090615,3.60188529460694
"c5 f12 f15",1,"c5","f12","f15",18,22,4,0.00681806442726537,4.98817965572683
"c5 f12 g1",1,"c5","f12","g1",18,22,97,0.165338062361185,1.79976303834334
"c5 f13 f14",1,"c5","f13","f14",18,9,16,0.0111568326991615,4.49570317062904
"c5 f13 f15",1,"c5","f13","f15",18,9,4,0.00278920817479038,5.88199753174893
"c5 f13 g1",1,"c5","f13","g1",18,9,97,0.0676382982386667,2.69358091436543
"c5 f14 f15",1,"c5","f14","f15",18,16,4,0.00495859231073845,5.30663338684536
"c5 f14 g1",1,"c5","f14","g1",18,16,97,0.120245863535407,2.11821676946187
"c5 f15 g1",1,"c5","f15","g1",18,4,97,0.0300614658838519,3.50451113058176
"f12 f13 f14",1,"f12","f13","f14",22,9,16,0.0136361288545307,4.29503247516688
"f12 f13 f15",1,"f12","f13","f15",22,9,4,0.00340903221363269,5.68132683628678
"f12 f14 f15",1,"f12","f14","f15",22,16,4,0.00606050171312477,5.10596269138321
"f12 f14 g1",1,"f12","f14","g1",22,16,97,0.146967166543276,1.91754607399972
"f12 f15 g1",1,"f12","f15","g1",22,4,97,0.0367417916358189,3.30384043511961
"f13 f14 f15",1,"f13","f14","f15",9,16,4,0.00247929615536923,5.99978056740531
"f13 f14 g1",1,"f13","f14","g1",9,16,97,0.0601229317677037,2.81136395002182
"f13 f15 g1",2,"f13","f15","g1",9,4,97,0.0150307329419259,4.89080549170165
"a1 b1 b5",1,"a1","b1","b5",136,13,3,0.0228301854306916,3.7796716962355
"a1 b1 d15",1,"a1","b1","d15",136,13,11,0.0837106799125359,2.48038871210524
"a1 b1 g1",1,"a1","b1","g1",136,13,97,0.738175995592362,0.303573006400229
"a1 b1 g7",1,"a1","b1","g7",136,13,3,0.0228301854306916,3.7796716962355
"a1 b1 zoo",1,"a1","b1","zoo",136,13,21,0.159811298014841,1.83376154718019
"a1 b5 d15",1,"a1","b5","d15",136,3,11,0.0193178492105852,3.94672578089867
"a1 b5 g1",1,"a1","b5","g1",136,3,97,0.170348306675161,1.76991007519366
"a1 b5 g7",1,"a1","b5","g7",136,3,3,0.0052685043301596,5.24600876502893
"a1 b5 zoo",1,"a1","b5","zoo",136,3,21,0.0368795303111172,3.30009861597362
"a1 d15 g1",3,"a1","d15","g1",136,11,97,0.624610457808922,1.5692393797315
"a1 d15 g7",2,"a1","d15","g7",136,11,3,0.0193178492105852,4.63987296145861
"a1 d15 zoo",2,"a1","d15","zoo",136,11,21,0.135224944474096,2.6939628124033
"a1 g1 zoo",3,"a1","g1","zoo",136,97,21,1.19243814672612,0.922612214806453
"a1 g7 zoo",1,"a1","g7","zoo",136,3,21,0.0368795303111172,3.30009861597362
"b1 b5 d15",1,"b1","b5","d15",13,3,11,0.0018465591157177,6.29443130917318
"b1 b5 g1",1,"b1","b5","g1",13,3,97,0.0162832940204198,4.11761560346817
"b1 b5 g7",1,"b1","b5","g7",13,3,3,0.000503607031559374,7.59371429330344
"b1 b5 zoo",1,"b1","b5","zoo",13,3,21,0.00352524922091562,5.64780414424813
"b1 d15 g1",1,"b1","d15","g1",13,11,97,0.0597054114082058,2.81833261933791
"b1 d15 g7",1,"b1","d15","g7",13,11,3,0.0018465591157177,6.29443130917318
"b1 d15 zoo",1,"b1","d15","zoo",13,11,21,0.0129259138100239,4.34852116011787
"b1 g1 g7",1,"b1","g1","g7",13,97,3,0.0162832940204198,4.11761560346817
"b1 g1 zoo",1,"b1","g1","zoo",13,97,21,0.113983058142938,2.17170545441286
"b1 g7 zoo",1,"b1","g7","zoo",13,3,21,0.00352524922091562,5.64780414424813
"b5 d15 g1",1,"b5","d15","g1",3,11,97,0.0137781718634321,4.28466968813134
"b5 d15 g7",1,"b5","d15","g7",3,11,3,0.000426129026704086,7.76076837796661
"b5 d15 zoo",1,"b5","d15","zoo",3,11,21,0.0029829031869286,5.8148582289113
"b5 g1 g7",1,"b5","g1","g7",3,97,3,0.00375768323548148,5.5839526722616
"b5 g1 zoo",1,"b5","g1","zoo",3,97,21,0.0263037826483704,3.63804252320629
"b5 g7 zoo",1,"b5","g7","zoo",3,3,21,0.000813519050980527,7.11414121304156
"d15 g1 g7",2,"d15","g1","g7",11,97,3,0.0137781718634321,4.97781686869128
"d15 g1 zoo",2,"d15","g1","zoo",11,97,21,0.0964472030440247,3.03190671963597
"d15 g7 zoo",1,"d15","g7","zoo",11,3,21,0.0029829031869286,5.8148582289113
"g1 g7 zoo",1,"g1","g7","zoo",97,3,21,0.0263037826483704,3.63804252320629
"c1 c12 ant",1,"c1","c12","ant",125,9,26,0.125901757889844,2.0722533754412
"c12 g1 ant",1,"c12","g1","ant",9,97,26,0.0976997641225186,2.32585613424012
"d26 f5 ant",1,"d26","f5","ant",1,36,26,0.00402885625247499,5.51427275162361
"a1 c1 h9",1,"a1","c1","h9",136,125,1,0.0731736712522167,2.61491960506285
"a1 c1 h10",1,"a1","c1","h10",136,125,1,0.0731736712522167,2.61491960506285
"a1 h9 h10",1,"a1","h9","h10",136,1,1,0.000585389370017734,7.44323334236515
"c1 h9 h10",1,"c1","h9","h10",125,1,1,0.000538041700383947,7.5275744907989
"a1 a3 a22",1,"a1","a3","a22",136,22,1,0.0128785661403901,4.35219088900683
"a1 a3 b6",1,"a1","a3","b6",136,22,14,0.180299925965462,1.71313355939157
"a1 a22 b6",1,"a1","a22","b6",136,1,14,0.00819545118024827,4.80417601274989
"a1 a22 ant",1,"a1","a22","ant",136,1,26,0.0152201236204611,4.18513680434367
"a1 b6 ant",1,"a1","b6","ant",136,14,26,0.213081730686455,1.54607947472841
"a3 a22 b6",1,"a3","a22","b6",22,1,14,0.00132573474974604,6.62578844512763
"a3 a22 ant",1,"a3","a22","ant",22,1,26,0.00246207882095694,6.0067492367214
"a3 b6 ant",1,"a3","b6","ant",22,14,26,0.0344691034933972,3.36769190710614
"a22 b6 ant",1,"a22","b6","ant",1,14,26,0.00156677743151805,6.45873436046446
"a1 c1 h1",5,"a1","c1","h1",136,125,49,3.58550989135862,0.332537219386321
"a1 f13 h1",2,"a1","f13","h1",136,9,49,0.258156712177821,2.04733564747825
"c1 f13 h1",2,"c1","f13","h1",125,9,49,0.23727638986932,2.131676795912
"c1 f15 h1",1,"c1","f15","h1",125,4,49,0.105456173275254,2.24945983156838
"f13 f15 h1",1,"f13","f15","h1",9,4,49,0.00759284447581825,4.88054899153446
"f13 g1 h1",2,"f13","g1","h1",9,97,49,0.184126478538593,2.38527955471092
"c1 i2 i3",1,"c1","i2","i3",125,2,2,0.00215216680153579,6.14128012967901
"c1 i2 i4",1,"c1","i2","i4",125,2,1,0.00107608340076789,6.83442731023895
"c1 i3 i4",1,"c1","i3","i4",125,2,1,0.00107608340076789,6.83442731023895
"i2 i3 i4",1,"i2","i3","i4",2,2,1,1.72173344122863e-05,10.9695938669813
"i5 i9 i18",1,"i5","i9","i18",6,2,1,5.16520032368589e-05,9.8709815783132
"c1 f55 f57",1,"c1","f55","f57",125,3,1,0.00161412510115184,6.42896220213079
"c1 f55 g2",1,"c1","f55","g2",125,3,23,0.0371248773264923,3.29346798620164
"c1 f57 g2",1,"c1","f57","g2",125,1,23,0.0123749591088308,4.39208027486975
"f55 f57 g2",1,"f55","f57","g2",3,1,23,0.000296999018611938,8.12178172350394
"c1 c5 g2",1,"c1","c5","g2",125,18,23,0.222749263958954,1.50170851697358
"c5 g1 g2",1,"c5","g1","g2",18,97,23,0.172853428832148,1.7553112757725
"a3 c1 f5",2,"a3","c1","f5",22,125,36,0.426129026704086,1.54616027954442
"c5 d7 g1",1,"c5","d7","g1",18,3,97,0.0225460994128889,3.79219320303354
"d10 f5 f33",1,"d10","f5","f33",2,36,1,0.000309912019421153,8.07922210908515
"b6 b10 d17",1,"b6","b10","d17",14,50,1,0.0030130335221501,5.8048078930578
"b6 b10 d18",1,"b6","b10","d18",14,50,1,0.0030130335221501,5.8048078930578
"b6 b10 d25",1,"b6","b10","d25",14,50,1,0.0030130335221501,5.8048078930578
"b6 b10 e17",1,"b6","b10","e17",14,50,1,0.0030130335221501,5.8048078930578
"b6 b10 e18",1,"b6","b10","e18",14,50,1,0.0030130335221501,5.8048078930578
"b6 b10 f38",1,"b6","b10","f38",14,50,3,0.0090391005664503,4.70619560438969
"b6 b10 h1",2,"b6","b10","h1",14,50,49,0.147638642585355,2.60613477550711
"b6 d17 d18",1,"b6","d17","d18",14,1,1,6.0260670443002e-05,9.71683089848594
"b6 d17 d25",1,"b6","d17","d25",14,1,1,6.0260670443002e-05,9.71683089848594
"b6 d17 e17",1,"b6","d17","e17",14,1,1,6.0260670443002e-05,9.71683089848594
"b6 d17 e18",1,"b6","d17","e18",14,1,1,6.0260670443002e-05,9.71683089848594
"b6 d17 f38",1,"b6","d17","f38",14,1,3,0.000180782011329006,8.61821860981783
"b6 d17 h1",1,"b6","d17","h1",14,1,49,0.0029527728517071,5.82501060037532
"b6 d18 d25",1,"b6","d18","d25",14,1,1,6.0260670443002e-05,9.71683089848594
"b6 d18 e17",1,"b6","d18","e17",14,1,1,6.0260670443002e-05,9.71683089848594
"b6 d18 e18",1,"b6","d18","e18",14,1,1,6.0260670443002e-05,9.71683089848594
"b6 d18 f38",1,"b6","d18","f38",14,1,3,0.000180782011329006,8.61821860981783
"b6 d18 h1",1,"b6","d18","h1",14,1,49,0.0029527728517071,5.82501060037532
"b6 d25 e17",1,"b6","d25","e17",14,1,1,6.0260670443002e-05,9.71683089848594
"b6 d25 e18",1,"b6","d25","e18",14,1,1,6.0260670443002e-05,9.71683089848594
"b6 d25 f38",1,"b6","d25","f38",14,1,3,0.000180782011329006,8.61821860981783
"b6 d25 h1",1,"b6","d25","h1",14,1,49,0.0029527728517071,5.82501060037532
"b6 e17 e18",1,"b6","e17","e18",14,1,1,6.0260670443002e-05,9.71683089848594
"b6 e17 f38",1,"b6","e17","f38",14,1,3,0.000180782011329006,8.61821860981783
"b6 e17 h1",1,"b6","e17","h1",14,1,49,0.0029527728517071,5.82501060037532
"b6 e18 f38",1,"b6","e18","f38",14,1,3,0.000180782011329006,8.61821860981783
"b6 e18 h1",1,"b6","e18","h1",14,1,49,0.0029527728517071,5.82501060037532
"b6 f38 h1",1,"b6","f38","h1",14,3,49,0.00885831855512129,4.72639831170721
"b10 d17 d18",1,"b10","d17","d18",50,1,1,0.000215216680153579,8.44386522267305
"b10 d17 d25",1,"b10","d17","d25",50,1,1,0.000215216680153579,8.44386522267305
"b10 d17 e17",1,"b10","d17","e17",50,1,1,0.000215216680153579,8.44386522267305
"b10 d17 e18",1,"b10","d17","e18",50,1,1,0.000215216680153579,8.44386522267305
"b10 d17 f38",1,"b10","d17","f38",50,1,3,0.000645650040460736,7.34525293400494
"b10 d17 h1",1,"b10","d17","h1",50,1,49,0.0105456173275254,4.55204492456243
"b10 d18 d25",1,"b10","d18","d25",50,1,1,0.000215216680153579,8.44386522267305
"b10 d18 e17",1,"b10","d18","e17",50,1,1,0.000215216680153579,8.44386522267305
"b10 d18 e18",1,"b10","d18","e18",50,1,1,0.000215216680153579,8.44386522267305
"b10 d18 f38",1,"b10","d18","f38",50,1,3,0.000645650040460736,7.34525293400494
"b10 d18 h1",1,"b10","d18","h1",50,1,49,0.0105456173275254,4.55204492456243
"b10 d25 e17",1,"b10","d25","e17",50,1,1,0.000215216680153579,8.44386522267305
"b10 d25 e18",1,"b10","d25","e18",50,1,1,0.000215216680153579,8.44386522267305
"b10 d25 f38",1,"b10","d25","f38",50,1,3,0.000645650040460736,7.34525293400494
"b10 d25 h1",1,"b10","d25","h1",50,1,49,0.0105456173275254,4.55204492456243
"b10 e17 e18",1,"b10","e17","e18",50,1,1,0.000215216680153579,8.44386522267305
"b10 e17 f38",1,"b10","e17","f38",50,1,3,0.000645650040460736,7.34525293400494
"b10 e17 h1",1,"b10","e17","h1",50,1,49,0.0105456173275254,4.55204492456243
"b10 e18 f38",1,"b10","e18","f38",50,1,3,0.000645650040460736,7.34525293400494
"b10 e18 h1",1,"b10","e18","h1",50,1,49,0.0105456173275254,4.55204492456243
"b10 f38 h1",1,"b10","f38","h1",50,3,49,0.0316368519825761,3.45343263589432
"d17 d18 d25",1,"d17","d18","d25",1,1,1,4.30433360307157e-06,12.3558882281012
"d17 d18 e17",1,"d17","d18","e17",1,1,1,4.30433360307157e-06,12.3558882281012
"d17 d18 e18",1,"d17","d18","e18",1,1,1,4.30433360307157e-06,12.3558882281012
"d17 d18 f38",1,"d17","d18","f38",1,1,3,1.29130008092147e-05,11.2572759394331
"d17 d18 h1",1,"d17","d18","h1",1,1,49,0.000210912346550507,8.46406792999057
"d17 d25 e17",1,"d17","d25","e17",1,1,1,4.30433360307157e-06,12.3558882281012
"d17 d25 e18",1,"d17","d25","e18",1,1,1,4.30433360307157e-06,12.3558882281012
"d17 d25 f38",1,"d17","d25","f38",1,1,3,1.29130008092147e-05,11.2572759394331
"d17 d25 h1",1,"d17","d25","h1",1,1,49,0.000210912346550507,8.46406792999057
"d17 e17 e18",1,"d17","e17","e18",1,1,1,4.30433360307157e-06,12.3558882281012
"d17 e17 f38",1,"d17","e17","f38",1,1,3,1.29130008092147e-05,11.2572759394331
"d17 e17 h1",1,"d17","e17","h1",1,1,49,0.000210912346550507,8.46406792999057
"d17 e18 f38",1,"d17","e18","f38",1,1,3,1.29130008092147e-05,11.2572759394331
"d17 e18 h1",1,"d17","e18","h1",1,1,49,0.000210912346550507,8.46406792999057
"d17 f38 h1",1,"d17","f38","h1",1,3,49,0.000632737039651521,7.36545564132246
"d18 d25 e17",1,"d18","d25","e17",1,1,1,4.30433360307157e-06,12.3558882281012
"d18 d25 e18",1,"d18","d25","e18",1,1,1,4.30433360307157e-06,12.3558882281012
"d18 d25 f38",1,"d18","d25","f38",1,1,3,1.29130008092147e-05,11.2572759394331
"d18 d25 h1",1,"d18","d25","h1",1,1,49,0.000210912346550507,8.46406792999057
"d18 e17 e18",1,"d18","e17","e18",1,1,1,4.30433360307157e-06,12.3558882281012
"d18 e17 f38",1,"d18","e17","f38",1,1,3,1.29130008092147e-05,11.2572759394331
"d18 e17 h1",1,"d18","e17","h1",1,1,49,0.000210912346550507,8.46406792999057
"d18 e18 f38",1,"d18","e18","f38",1,1,3,1.29130008092147e-05,11.2572759394331
"d18 e18 h1",1,"d18","e18","h1",1,1,49,0.000210912346550507,8.46406792999057
"d18 f38 h1",1,"d18","f38","h1",1,3,49,0.000632737039651521,7.36545564132246
"d25 e17 e18",1,"d25","e17","e18",1,1,1,4.30433360307157e-06,12.3558882281012
"d25 e17 f38",1,"d25","e17","f38",1,1,3,1.29130008092147e-05,11.2572759394331
"d25 e17 h1",1,"d25","e17","h1",1,1,49,0.000210912346550507,8.46406792999057
"d25 e18 f38",1,"d25","e18","f38",1,1,3,1.29130008092147e-05,11.2572759394331
"d25 e18 h1",1,"d25","e18","h1",1,1,49,0.000210912346550507,8.46406792999057
"d25 f38 h1",1,"d25","f38","h1",1,3,49,0.000632737039651521,7.36545564132246
"e17 e18 f38",1,"e17","e18","f38",1,1,3,1.29130008092147e-05,11.2572759394331
"e17 e18 h1",1,"e17","e18","h1",1,1,49,0.000210912346550507,8.46406792999057
"e17 f38 h1",1,"e17","f38","h1",1,3,49,0.000632737039651521,7.36545564132246
"e18 f38 h1",1,"e18","f38","h1",1,3,49,0.000632737039651521,7.36545564132246
"b6 b7 b9",1,"b6","b7","b9",14,5,1,0.00030130335221501,8.10739298605184
"b6 b7 e1",1,"b6","b7","e1",14,5,17,0.00512215698765517,5.27417964199563
"b6 b7 f12",1,"b6","b7","f12",14,5,22,0.00662867374873022,5.01635053269353
"b6 b7 g30",1,"b6","b7","g30",14,5,1,0.00030130335221501,8.10739298605184
"b6 b7 h1",1,"b6","b7","h1",14,5,49,0.0147638642585355,4.21557268794121
"b6 b9 e1",1,"b6","b9","e1",14,1,17,0.00102443139753103,6.88361755442973
"b6 b9 f12",1,"b6","b9","f12",14,1,22,0.00132573474974604,6.62578844512763
"b6 b9 g30",1,"b6","b9","g30",14,1,1,6.0260670443002e-05,9.71683089848594
"b6 b9 h1",1,"b6","b9","h1",14,1,49,0.0029527728517071,5.82501060037532
"b6 e1 f12",1,"b6","e1","f12",14,17,22,0.0225374907456828,3.79257510107141
"b6 e1 g30",1,"b6","e1","g30",14,17,1,0.00102443139753103,6.88361755442973
"b6 e1 h1",1,"b6","e1","h1",14,17,49,0.0501971384790207,2.9917972563191
"b6 f12 g30",1,"b6","f12","g30",14,22,1,0.00132573474974604,6.62578844512763
"b6 f12 h1",1,"b6","f12","h1",14,22,49,0.0649610027375562,2.733968147017
"b6 g30 h1",1,"b6","g30","h1",14,1,49,0.0029527728517071,5.82501060037532
"b7 b9 e1",1,"b7","b9","e1",5,1,17,0.000365868356261084,7.91323697161088
"b7 b9 f12",1,"b7","b9","f12",5,1,22,0.000473476696337873,7.65540786230878
"b7 b9 g30",1,"b7","b9","g30",5,1,1,2.15216680153579e-05,10.7464503156671
"b7 b9 h1",1,"b7","b9","h1",5,1,49,0.00105456173275254,6.85463001755647
"b7 e1 f12",1,"b7","e1","f12",5,17,22,0.00804910383774384,4.82219451825257
"b7 e1 g30",1,"b7","e1","g30",5,17,1,0.000365868356261084,7.91323697161088
"b7 e1 h1",1,"b7","e1","h1",5,17,49,0.0179275494567931,4.02141667350026
"b7 f12 g30",1,"b7","f12","g30",5,22,1,0.000473476696337873,7.65540786230878
"b7 f12 h1",1,"b7","f12","h1",5,22,49,0.0232003581205558,3.76358756419816
"b7 g30 h1",1,"b7","g30","h1",5,1,49,0.00105456173275254,6.85463001755647
"b9 e1 f12",1,"b9","e1","f12",1,17,22,0.00160982076754877,6.43163243068667
"b9 e1 g30",1,"b9","e1","g30",1,17,1,7.31736712522167e-05,9.52267488404499
"b9 e1 h1",1,"b9","e1","h1",1,17,49,0.00358550989135862,5.63085458593436
"b9 f12 g30",1,"b9","f12","g30",1,22,1,9.46953392675746e-05,9.26484577474288
"b9 f12 h1",1,"b9","f12","h1",1,22,49,0.00464007162411116,5.37302547663226
"b9 g30 h1",1,"b9","g30","h1",1,1,49,0.000210912346550507,8.46406792999057
"e1 f12 g30",1,"e1","f12","g30",17,22,1,0.00160982076754877,6.43163243068667
"e1 f12 h1",1,"e1","f12","h1",17,22,49,0.0788812176098896,2.53981213257604
"e1 g30 h1",1,"e1","g30","h1",17,1,49,0.00358550989135862,5.63085458593436
"f12 g30 h1",1,"f12","g30","h1",22,1,49,0.00464007162411116,5.37302547663226
"a1 d28 d33",1,"a1","d28","d33",136,1,5,0.00292694685008867,5.83379542993105
"a1 d28 e1",1,"a1","d28","e1",136,1,17,0.00995161929030148,4.61001999830893
"a1 d28 e2",1,"a1","d28","e2",136,1,3,0.0017561681100532,6.34462105369704
"a1 d28 f47",1,"a1","d28","f47",136,1,1,0.000585389370017734,7.44323334236515
"a1 d28 g1",1,"a1","d28","g1",136,1,97,0.0567827688917202,2.86852236386177
"a1 d28 h1",1,"a1","d28","h1",136,1,49,0.028684079130869,3.55141304425452
"a1 d33 e1",1,"a1","d33","e1",136,5,17,0.0497580964515074,3.00058208587483
"a1 d33 e2",1,"a1","d33","e2",136,5,3,0.00878084055026601,4.73518314126294
"a1 d33 f47",1,"a1","d33","f47",136,5,1,0.00292694685008867,5.83379542993105
"a1 d33 g1",1,"a1","d33","g1",136,5,97,0.283913844458601,1.25908445142767
"a1 d33 h1",3,"a1","d33","h1",136,5,49,0.143420395654345,3.04058742048853
"a1 e1 e2",1,"a1","e1","e2",136,17,3,0.0298548578709044,3.51140770964082
"a1 e1 f47",1,"a1","e1","f47",136,17,1,0.00995161929030148,4.61001999830893
"a1 e1 g1",3,"a1","e1","g1",136,17,97,0.965307071159243,1.13392130847366
"a1 e1 h1",1,"a1","e1","h1",136,17,49,0.487629345224772,0.718199700198306
"a1 e2 f47",1,"a1","e2","f47",136,3,1,0.0017561681100532,6.34462105369704
"a1 e2 g1",1,"a1","e2","g1",136,3,97,0.170348306675161,1.76991007519366
"a1 e2 h1",1,"a1","e2","h1",136,3,49,0.0860522373926069,2.45280075558641
"a1 f47 g1",1,"a1","f47","g1",136,1,97,0.0567827688917202,2.86852236386177
"a1 f47 h1",1,"a1","f47","h1",136,1,49,0.028684079130869,3.55141304425452
"d28 d33 e1",1,"d28","d33","e1",1,5,17,0.000365868356261084,7.91323697161088
"d28 d33 e2",1,"d28","d33","e2",1,5,3,6.45650040460736e-05,9.64783802699899
"d28 d33 f47",1,"d28","d33","f47",1,5,1,2.15216680153579e-05,10.7464503156671
"d28 d33 g1",1,"d28","d33","g1",1,5,97,0.00208760179748971,6.17173933716372
"d28 d33 h1",1,"d28","d33","h1",1,5,49,0.00105456173275254,6.85463001755647
"d28 e1 e2",1,"d28","e1","e2",1,17,3,0.00021952101375665,8.42406259537687
"d28 e1 f47",1,"d28","e1","f47",1,17,1,7.31736712522167e-05,9.52267488404499
"d28 e1 g1",1,"d28","e1","g1",1,17,97,0.00709784611146502,4.9479639055416
"d28 e1 h1",1,"d28","e1","h1",1,17,49,0.00358550989135862,5.63085458593436
"d28 e2 f47",1,"d28","e2","f47",1,3,1,1.29130008092147e-05,11.2572759394331
"d28 e2 g1",1,"d28","e2","g1",1,3,97,0.00125256107849383,6.68256496092971
"d28 e2 h1",1,"d28","e2","h1",1,3,49,0.000632737039651521,7.36545564132246
"d28 f47 g1",1,"d28","f47","g1",1,1,97,0.000417520359497942,7.78117724959782
"d28 f47 h1",1,"d28","f47","h1",1,1,49,0.000210912346550507,8.46406792999057
"d28 g1 h1",1,"d28","g1","h1",1,97,49,0.0204584976153992,3.88935695148719
"d33 e1 e2",1,"d33","e1","e2",5,17,3,0.00109760506878325,6.81462468294277
"d33 e1 f47",1,"d33","e1","f47",5,17,1,0.000365868356261084,7.91323697161088
"d33 e1 g1",1,"d33","e1","g1",5,17,97,0.0354892305573251,3.3385259931075
"d33 e1 h1",1,"d33","e1","h1",5,17,49,0.0179275494567931,4.02141667350026
"d33 e2 f47",1,"d33","e2","f47",5,3,1,6.45650040460736e-05,9.64783802699899
"d33 e2 g1",1,"d33","e2","g1",5,3,97,0.00626280539246914,5.07312704849561
"d33 e2 h1",1,"d33","e2","h1",5,3,49,0.00316368519825761,5.75601772888836
"d33 f47 g1",1,"d33","f47","g1",5,1,97,0.00208760179748971,6.17173933716372
"d33 f47 h1",1,"d33","f47","h1",5,1,49,0.00105456173275254,6.85463001755647
"d33 g1 h1",1,"d33","g1","h1",5,97,49,0.102292488076996,2.27991903905309
"e1 e2 f47",1,"e1","e2","f47",17,3,1,0.00021952101375665,8.42406259537687
"e1 e2 g1",1,"e1","e2","g1",17,3,97,0.0212935383343951,3.84935161687349
"e1 e2 h1",1,"e1","e2","h1",17,3,49,0.0107565296740759,4.53224229726625
"e1 f47 g1",1,"e1","f47","g1",17,1,97,0.00709784611146502,4.9479639055416
"e1 f47 h1",1,"e1","f47","h1",17,1,49,0.00358550989135862,5.63085458593436
"e1 g1 h1",1,"e1","g1","h1",17,97,49,0.347794459461786,1.05614360743098
"e2 f47 g1",1,"e2","f47","g1",3,1,97,0.00125256107849383,6.68256496092971
"e2 f47 h1",1,"e2","f47","h1",3,1,49,0.000632737039651521,7.36545564132246
"e2 g1 h1",1,"e2","g1","h1",3,97,49,0.0613754928461975,2.79074466281908
"f47 g1 h1",1,"f47","g1","h1",1,97,49,0.0204584976153992,3.88935695148719
"a1 a5 c1",1,"a1","a5","c1",136,19,125,1.39029975379212,-0.329519374103593
"a1 a5 d29",1,"a1","a5","d29",136,19,7,0.0778567862123586,2.55288421414339
"a1 a5 d33",1,"a1","a5","d33",136,19,5,0.0556119901516847,2.88935645076461
"a1 c1 d29",1,"a1","c1","d29",136,125,7,0.512215698765517,0.669009456007534
"a1 c1 d33",1,"a1","c1","d33",136,125,5,0.365868356261084,1.00548169262875
"a1 d29 d33",1,"a1","d29","d33",136,7,5,0.0204886279506207,3.88788528087573
"a5 c1 d29",1,"a5","c1","d29",19,125,7,0.0715595461510649,2.63722536257715
"a5 c1 d33",1,"a5","c1","d33",19,125,5,0.0511139615364749,2.97369759919836
"a5 c1 h1",1,"a5","c1","h1",19,125,49,0.500916823057454,0.691315213521832
"a5 d29 d33",1,"a5","d29","d33",19,7,5,0.0028623818460426,5.85610118744535
"a5 d29 h1",1,"a5","d29","h1",19,7,49,0.0280513420912174,3.57371880176882
"a5 d33 h1",1,"a5","d33","h1",19,5,49,0.0200366729222982,3.91019103839003
"c1 d29 d33",1,"c1","d29","d33",125,7,5,0.0188314595134381,3.97222642930949
"c1 d29 h1",1,"c1","d29","h1",125,7,49,0.184548303231694,1.68984404363296
"c1 d33 h1",1,"c1","d33","h1",125,5,49,0.131820216594067,2.02631628025417
"d29 d33 h1",1,"d29","d33","h1",7,5,49,0.00738193212926775,4.90871986850116
"a1 c1 c12",1,"a1","c1","c12",136,125,9,0.658563041269951,0.417695027726628
"a1 c1 d3",2,"a1","c1","d3",136,125,8,0.585389370017734,1.22862524394296
"a1 c1 g2",2,"a1","c1","g2",136,125,23,1.68299443880098,0.172572569693643
"a1 c12 d3",1,"a1","c12","d3",136,9,8,0.0421480346412768,3.16656722334909
"a1 c12 g1",1,"a1","c12","g1",136,9,97,0.511044920025482,0.671297786525546
"a1 c12 g2",1,"a1","c12","g2",136,9,23,0.121175599593671,2.11051454909978
"a1 d3 g1",2,"a1","d3","g1",136,8,97,0.454262151133762,1.48222800274188
"a1 d3 g2",1,"a1","d3","g2",136,8,23,0.107711644083263,2.22829758475616
"a1 g1 g2",3,"a1","g1","g2",136,97,23,1.30600368450956,0.831640436600726
"c1 c12 d3",1,"c1","c12","d3",125,9,8,0.0387390024276442,3.25090837178284
"c1 c12 g2",1,"c1","c12","g2",125,9,23,0.111374631979477,2.19485569753353
"c1 d3 g1",2,"c1","d3","g1",125,8,97,0.417520359497943,1.56656915117563
"c1 d3 g2",1,"c1","d3","g2",125,8,23,0.0989996728706462,2.31263873318991
"c12 d3 g1",1,"c12","d3","g1",9,8,97,0.0300614658838519,3.50451113058176
"c12 d3 g2",1,"c12","d3","g2",9,8,23,0.00712797644668652,4.943727893156
"c12 g1 g2",1,"c12","g1","g2",9,97,23,0.0864267144160741,2.44845845633245
"d3 g1 g2",1,"d3","g1","g2",8,97,23,0.0768237461476214,2.56624149198883
"a1 a3 b8",1,"a1","a3","b8",136,22,6,0.0772713968423409,2.56043141977878
"a1 a3 c1",4,"a1","a3","c1",136,22,125,1.60982076754877,0.910171512824422
"a1 a3 f13",1,"a1","a3","f13",136,22,9,0.115907095263511,2.15496631167061
"a1 a3 g1",3,"a1","a3","g1",136,22,97,1.24922091561784,0.87609219917156
"a1 b8 c1",2,"a1","b8","c1",136,6,125,0.4390420275133,1.51630731639474
"a1 b8 f13",1,"a1","b8","f13",136,6,9,0.0316110259809576,3.45424929580087
"a1 b8 g1",1,"a1","b8","g1",136,6,97,0.340696613350321,1.07676289463371
"a1 b8 h1",1,"a1","b8","h1",136,6,49,0.172104474785214,1.75965357502647
"a3 b8 c1",1,"a3","b8","c1",22,6,125,0.0710215044506809,2.64477256821253
"a3 b8 f13",1,"a3","b8","f13",22,6,9,0.00511354832044903,5.27586172817861
"a3 b8 g1",1,"a3","b8","g1",22,6,97,0.0551126874537284,2.89837532701145
"a3 b8 h1",1,"a3","b8","h1",22,6,49,0.0278404297446669,3.5812660074042
"a3 c1 f13",1,"a3","c1","f13",22,125,9,0.106532256676021,2.23930746010436
"a3 f13 g1",1,"a3","f13","g1",22,9,97,0.0826690311805926,2.49291021890328
"a3 f13 h1",1,"a3","f13","h1",22,9,49,0.0417606446170004,3.17580089929604
"b8 c1 f13",1,"b8","c1","f13",6,125,9,0.0290542518207331,3.53859044423463
"b8 c1 g1",1,"b8","c1","g1",6,125,97,0.313140269623457,1.16110404306746
"b8 c1 h1",1,"b8","c1","h1",6,125,49,0.15818425991288,1.84399472346022
"b8 f13 g1",1,"b8","f13","g1",6,9,97,0.0225460994128889,3.79219320303354
"b8 f13 h1",1,"b8","f13","h1",6,9,49,0.0113892667137274,4.4750838834263
"b8 g1 h1",1,"b8","g1","h1",6,97,49,0.122750985692395,2.09759748225914
"c1 c13 g2",2,"c1","c13","g2",125,8,23,0.0989996728706462,3.00578591374986
"a1 c1 i1",1,"a1","c1","i1",136,125,34,2.48790482257537,-0.911440919553314
"b5 c1 h1",1,"b5","c1","h1",3,125,49,0.0790921299564401,2.53714190402016
"a24 c1 c4",1,"a24","c1","c4",69,125,6,0.222749263958954,1.50170851697359
"a24 c1 c5",1,"a24","c1","c5",69,125,18,0.668247791876862,0.403096228305475
"a24 c4 c5",1,"a24","c4","c5",69,6,18,0.0320758940100894,3.43965049637972
"a1 c1 e3",1,"a1","c1","e3",136,125,2,0.146347342504433,1.9217724245029
"a1 e1 e3",1,"a1","e1","e3",136,17,2,0.019903238580603,3.91687281774899
"a1 e3 g1",1,"a1","e3","g1",136,2,97,0.11356553778344,2.17537518330182
"c1 e1 e3",1,"c1","e1","e3",125,17,2,0.0182934178130542,4.00121396618274
"c1 e3 f14",1,"c1","e3","f14",125,2,16,0.0172173344122863,4.06183858799917
"c1 e3 g1",1,"c1","e3","g1",125,2,97,0.104380089874486,2.25971633173557
"e1 e3 f14",1,"e1","e3","f14",17,2,16,0.00234155748007094,6.05693898124526
"e1 e3 g1",1,"e1","e3","g1",17,2,97,0.01419569222293,4.25481672498166
"e1 f14 g1",1,"e1","f14","g1",17,16,97,0.11356553778344,2.17537518330182
"e3 f14 g1",1,"e3","f14","g1",2,16,97,0.0133606515039342,4.31544134679809
"b2 b10 b13",2,"b2","b10","b13",28,50,11,0.0662867374873022,3.40691262025943
"b2 b10 d15",2,"b2","b10","d15",28,50,11,0.0662867374873022,3.40691262025943
"b2 b10 e5",1,"b2","b10","e5",28,50,7,0.0421824693101014,3.16575056344254
"b2 b10 e12",1,"b2","b10","e12",28,50,1,0.0060260670443002,5.11166071249785
"b2 b10 f56",1,"b2","b10","f56",28,50,1,0.0060260670443002,5.11166071249785
"b2 b10 g1",3,"b2","b10","g1",28,50,97,0.58452850329712,1.63556202266258
"b2 b10 g2",1,"b2","b10","g2",28,50,23,0.138599542018905,1.9761664965687
"b2 b10 g9",1,"b2","b10","g9",28,50,3,0.0180782011329006,4.01304842382974
"b2 b10 ant",2,"b2","b10","ant",28,50,26,0.156677743151805,2.54671135503631
"b2 b13 d15",1,"b2","b13","d15",28,11,11,0.0145830822472065,4.22789317232926
"b2 b13 e5",1,"b2","b13","e5",28,11,7,0.00928014324822231,4.67987829607231
"b2 b13 e12",1,"b2","b13","e12",28,11,1,0.00132573474974604,6.62578844512763
"b2 b13 f56",1,"b2","b13","f56",28,11,1,0.00132573474974604,6.62578844512763
"b2 b13 g1",2,"b2","b13","g1",28,11,97,0.128596270725366,2.74422464718419
"b2 b13 g2",2,"b2","b13","g2",28,11,23,0.030491899244159,4.18344140975842
"b2 b13 g9",1,"b2","b13","g9",28,11,3,0.00397720424923813,5.52717615645952
"b2 b13 ant",1,"b2","b13","ant",28,11,26,0.0344691034933972,3.36769190710614
"b2 d15 e5",1,"b2","d15","e5",28,11,7,0.00928014324822231,4.67987829607231
"b2 d15 e12",1,"b2","d15","e12",28,11,1,0.00132573474974604,6.62578844512763
"b2 d15 f56",1,"b2","d15","f56",28,11,1,0.00132573474974604,6.62578844512763
"b2 d15 g1",2,"b2","d15","g1",28,11,97,0.128596270725366,2.74422464718419
"b2 d15 g2",1,"b2","d15","g2",28,11,23,0.030491899244159,3.49029422919848
"b2 d15 g9",1,"b2","d15","g9",28,11,3,0.00397720424923813,5.52717615645952
"b2 d15 ant",1,"b2","d15","ant",28,11,26,0.0344691034933972,3.36769190710614
"b2 e5 e12",1,"b2","e5","e12",28,7,1,0.000843649386202028,7.07777356887068
"b2 e5 f56",1,"b2","e5","f56",28,7,1,0.000843649386202028,7.07777356887068
"b2 e5 g1",1,"b2","e5","g1",28,7,97,0.0818339904615967,2.5030625903673
"b2 e5 g2",1,"b2","e5","g2",28,7,23,0.0194039358826466,3.94227935294153
"b2 e5 g9",1,"b2","e5","g9",28,7,3,0.00253094815860608,5.97916128020257
"b2 e5 ant",1,"b2","e5","ant",28,7,26,0.0219348840412527,3.8196770308492
"b2 e12 f56",1,"b2","e12","f56",28,1,1,0.000120521340886004,9.023683717926
"b2 e12 g1",1,"b2","e12","g1",28,1,97,0.0116905700659424,4.44897273942261
"b2 e12 g2",1,"b2","e12","g2",28,1,23,0.00277199084037809,5.88818950199685
"b2 e12 g9",1,"b2","e12","g9",28,1,3,0.000361564022658012,7.92507142925789
"b2 e12 ant",1,"b2","e12","ant",28,1,26,0.00313355486303611,5.76558717990451
"b2 f56 g1",1,"b2","f56","g1",28,1,97,0.0116905700659424,4.44897273942261
"b2 f56 g2",1,"b2","f56","g2",28,1,23,0.00277199084037809,5.88818950199685
"b2 f56 g9",1,"b2","f56","g9",28,1,3,0.000361564022658012,7.92507142925789
"b2 f56 ant",1,"b2","f56","ant",28,1,26,0.00313355486303611,5.76558717990451
"b2 g1 g2",2,"b2","g1","g2",28,97,23,0.268883111516675,2.00662570405341
"b2 g1 g9",1,"b2","g1","g9",28,97,3,0.0350717101978272,3.3503604507545
"b2 g1 ant",2,"b2","g1","ant",28,97,26,0.303954821714502,1.88402338196108
"b2 g2 g9",1,"b2","g2","g9",28,23,3,0.00831597252113428,4.78957721332874
"b2 g2 ant",1,"b2","g2","ant",28,23,26,0.0720717618498304,2.63009296397536
"b2 g9 ant",1,"b2","g9","ant",28,3,26,0.00940066458910831,4.66697489123641
"b10 b13 d15",1,"b10","b13","d15",50,11,11,0.026041218298583,3.64807467707631
"b10 b13 e12",1,"b10","b13","e12",50,11,1,0.00236738348168936,6.04596994987468
"b10 b13 f56",1,"b10","b13","f56",50,11,1,0.00236738348168936,6.04596994987468
"b10 b13 g2",1,"b10","b13","g2",50,11,23,0.0544498200788554,2.91047573394553
"b10 b13 g9",1,"b10","b13","g9",50,11,3,0.00710215044506809,4.94735766120657
"b10 b13 ant",1,"b10","b13","ant",50,11,26,0.0615519705239235,2.7878734118532
"b10 d15 e5",1,"b10","d15","e5",50,11,7,0.0165716843718256,4.10005980081937
"b10 d15 e12",1,"b10","d15","e12",50,11,1,0.00236738348168936,6.04596994987468
"b10 d15 f56",1,"b10","d15","f56",50,11,1,0.00236738348168936,6.04596994987468
"b10 d15 g1",2,"b10","d15","g1",50,11,97,0.229636197723868,2.16440615193125
"b10 d15 g2",1,"b10","d15","g2",50,11,23,0.0544498200788554,2.91047573394553
"b10 d15 g9",1,"b10","d15","g9",50,11,3,0.00710215044506809,4.94735766120657
"b10 d15 ant",1,"b10","d15","ant",50,11,26,0.0615519705239235,2.7878734118532
"b10 e5 e12",1,"b10","e5","e12",50,7,1,0.00150651676107505,6.49795507361774
"b10 e5 f56",1,"b10","e5","f56",50,7,1,0.00150651676107505,6.49795507361774
"b10 e5 g2",1,"b10","e5","g2",50,7,23,0.0346498855047262,3.36246085768859
"b10 e5 g9",1,"b10","e5","g9",50,7,3,0.00451955028322515,5.39934278494963
"b10 e5 ant",2,"b10","e5","ant",50,7,26,0.0391694357879513,3.9330057161562
"b10 e12 f56",1,"b10","e12","f56",50,1,1,0.000215216680153579,8.44386522267305
"b10 e12 g1",1,"b10","e12","g1",50,1,97,0.0208760179748971,3.86915424416967
"b10 e12 g2",1,"b10","e12","g2",50,1,23,0.00494998364353231,5.30837100674391
"b10 e12 g9",1,"b10","e12","g9",50,1,3,0.000645650040460736,7.34525293400494
"b10 e12 ant",1,"b10","e12","ant",50,1,26,0.00559563368399304,5.18576868465157
"b10 f56 g1",1,"b10","f56","g1",50,1,97,0.0208760179748971,3.86915424416967
"b10 f56 g2",1,"b10","f56","g2",50,1,23,0.00494998364353231,5.30837100674391
"b10 f56 g9",1,"b10","f56","g9",50,1,3,0.000645650040460736,7.34525293400494
"b10 f56 ant",1,"b10","f56","ant",50,1,26,0.00559563368399304,5.18576868465157
"b10 g1 g2",1,"b10","g1","g2",50,97,23,0.480148413422634,0.733660028240522
"b10 g1 g9",2,"b10","g1","g9",50,97,3,0.0626280539246914,3.46368913606151
"b10 g1 ant",1,"b10","g1","ant",50,97,26,0.542776467347325,0.61105770614819
"b10 g2 g9",1,"b10","g2","g9",50,23,3,0.0148499509305969,4.2097587180758
"b10 g2 ant",1,"b10","g2","ant",50,23,26,0.12869957473184,2.05027446872242
"b10 g9 ant",1,"b10","g9","ant",50,3,26,0.0167869010519791,4.08715639598346
"b13 d15 e5",1,"b13","d15","e5",11,11,7,0.00364577056180162,5.61418753344915
"b13 d15 e12",1,"b13","d15","e12",11,11,1,0.00052082436597166,7.56009768250446
"b13 d15 f56",1,"b13","d15","f56",11,11,1,0.00052082436597166,7.56009768250446
"b13 d15 g1",1,"b13","d15","g1",11,11,97,0.050519963499251,2.98538670400108
"b13 d15 g2",1,"b13","d15","g2",11,11,23,0.0119789604173482,4.42460346657531
"b13 d15 g9",1,"b13","d15","g9",11,11,3,0.00156247309791498,6.46148539383635
"b13 d15 ant",1,"b13","d15","ant",11,11,26,0.0135414335152632,4.30200114448298
"b13 e5 e12",1,"b13","e5","e12",11,7,1,0.000331433687436511,8.01208280624752
"b13 e5 f56",1,"b13","e5","f56",11,7,1,0.000331433687436511,8.01208280624752
"b13 e5 g2",1,"b13","e5","g2",11,7,23,0.00762297481103975,4.87658859031837
"b13 e5 g9",1,"b13","e5","g9",11,7,3,0.000994301062309533,6.91347051757941
"b13 e5 ant",1,"b13","e5","ant",11,7,26,0.00861727587334929,4.75398626822603
"b13 e12 f56",1,"b13","e12","f56",11,1,1,4.73476696337873e-05,9.95799295530283
"b13 e12 g1",1,"b13","e12","g1",11,1,97,0.00459272395447737,5.38328197679945
"b13 e12 g2",1,"b13","e12","g2",11,1,23,0.00108899640157711,6.82249873937368
"b13 e12 g9",1,"b13","e12","g9",11,1,3,0.000142043008901362,8.85938066663472
"b13 e12 ant",1,"b13","e12","ant",11,1,26,0.00123103941047847,6.69989641728135
"b13 f56 g1",1,"b13","f56","g1",11,1,97,0.00459272395447737,5.38328197679945
"b13 f56 g2",1,"b13","f56","g2",11,1,23,0.00108899640157711,6.82249873937368
"b13 f56 g9",1,"b13","f56","g9",11,1,3,0.000142043008901362,8.85938066663472
"b13 f56 ant",1,"b13","f56","ant",11,1,26,0.00123103941047847,6.69989641728135
"b13 g1 g2",2,"b13","g1","g2",11,97,23,0.105632650952979,2.94093494143024
"b13 g1 g9",1,"b13","g1","g9",11,97,3,0.0137781718634321,4.28466968813134
"b13 g1 ant",1,"b13","g1","ant",11,97,26,0.119410822816412,2.12518543877797
"b13 g2 g9",1,"b13","g2","g9",11,23,3,0.00326698920473132,5.72388645070557
"b13 g2 ant",1,"b13","g2","ant",11,23,26,0.0283139064410048,3.5644022013522
"b13 g9 ant",1,"b13","g9","ant",11,3,26,0.00369311823143541,5.60128412861324
"d15 e5 e12",1,"d15","e5","e12",11,7,1,0.000331433687436511,8.01208280624752
"d15 e5 f56",1,"d15","e5","f56",11,7,1,0.000331433687436511,8.01208280624752
"d15 e5 g1",1,"d15","e5","g1",11,7,97,0.0321490676813416,3.43737182774413
"d15 e5 g2",1,"d15","e5","g2",11,7,23,0.00762297481103975,4.87658859031837
"d15 e5 g9",1,"d15","e5","g9",11,7,3,0.000994301062309533,6.91347051757941
"d15 e5 ant",1,"d15","e5","ant",11,7,26,0.00861727587334929,4.75398626822603
"d15 e12 f56",1,"d15","e12","f56",11,1,1,4.73476696337873e-05,9.95799295530283
"d15 e12 g1",1,"d15","e12","g1",11,1,97,0.00459272395447737,5.38328197679945
"d15 e12 g2",1,"d15","e12","g2",11,1,23,0.00108899640157711,6.82249873937368
"d15 e12 g9",1,"d15","e12","g9",11,1,3,0.000142043008901362,8.85938066663472
"d15 e12 ant",1,"d15","e12","ant",11,1,26,0.00123103941047847,6.69989641728135
"d15 f56 g1",1,"d15","f56","g1",11,1,97,0.00459272395447737,5.38328197679945
"d15 f56 g2",1,"d15","f56","g2",11,1,23,0.00108899640157711,6.82249873937368
"d15 f56 g9",1,"d15","f56","g9",11,1,3,0.000142043008901362,8.85938066663472
"d15 f56 ant",1,"d15","f56","ant",11,1,26,0.00123103941047847,6.69989641728135
"d15 g1 g2",3,"d15","g1","g2",11,97,23,0.105632650952979,3.34640004953841
"d15 g1 g9",1,"d15","g1","g9",11,97,3,0.0137781718634321,4.28466968813134
"d15 g1 ant",1,"d15","g1","ant",11,97,26,0.119410822816412,2.12518543877797
"d15 g2 g9",1,"d15","g2","g9",11,23,3,0.00326698920473132,5.72388645070557
"d15 g2 ant",1,"d15","g2","ant",11,23,26,0.0283139064410048,3.5644022013522
"d15 g9 ant",1,"d15","g9","ant",11,3,26,0.00369311823143541,5.60128412861324
"e5 e12 f56",1,"e5","e12","f56",7,1,1,3.0130335221501e-05,10.4099780790459
"e5 e12 g1",1,"e5","e12","g1",7,1,97,0.0029226425164856,5.8352671005425
"e5 e12 g2",1,"e5","e12","g2",7,1,23,0.000692997710094523,7.27448386311674
"e5 e12 g9",1,"e5","e12","g9",7,1,3,9.0391005664503e-05,9.31136579037778
"e5 e12 ant",1,"e5","e12","ant",7,1,26,0.000783388715759026,7.15188154102441
"e5 f56 g1",1,"e5","f56","g1",7,1,97,0.0029226425164856,5.8352671005425
"e5 f56 g2",1,"e5","f56","g2",7,1,23,0.000692997710094523,7.27448386311674
"e5 f56 g9",1,"e5","f56","g9",7,1,3,9.0391005664503e-05,9.31136579037778
"e5 f56 ant",1,"e5","f56","ant",7,1,26,0.000783388715759026,7.15188154102441
"e5 g1 g2",1,"e5","g1","g2",7,97,23,0.0672207778791687,2.69977288461335
"e5 g1 g9",1,"e5","g1","g9",7,97,3,0.00876792754945679,4.73665481187439
"e5 g1 ant",1,"e5","g1","ant",7,97,26,0.0759887054286256,2.57717056252102
"e5 g2 g9",1,"e5","g2","g9",7,23,3,0.00207899313028357,6.17587157444863
"e5 g2 ant",1,"e5","g2","ant",7,23,26,0.0180179404624576,4.01638732509526
"e5 g9 ant",1,"e5","g9","ant",7,3,26,0.00235016614727708,6.0532692523563
"e12 f56 g1",1,"e12","f56","g1",1,1,97,0.000417520359497942,7.78117724959782
"e12 f56 g2",1,"e12","f56","g2",1,1,23,9.89996728706462e-05,9.22039401217205
"e12 f56 g9",1,"e12","f56","g9",1,1,3,1.29130008092147e-05,11.2572759394331
"e12 f56 ant",1,"e12","f56","ant",1,1,26,0.000111912673679861,9.09779169007972
"e12 g1 g2",1,"e12","g1","g2",1,97,23,0.00960296826845268,4.64568303366867
"e12 g1 g9",1,"e12","g1","g9",1,97,3,0.00125256107849383,6.68256496092971
"e12 g1 ant",1,"e12","g1","ant",1,97,26,0.0108555293469465,4.52308071157634
"e12 g2 g9",1,"e12","g2","g9",1,23,3,0.000296999018611938,8.12178172350394
"e12 g2 ant",1,"e12","g2","ant",1,23,26,0.0025739914946368,5.96229747415057
"e12 g9 ant",1,"e12","g9","ant",1,3,26,0.000335738021039583,7.99917940141161
"f56 g1 g2",1,"f56","g1","g2",1,97,23,0.00960296826845268,4.64568303366867
"f56 g1 g9",1,"f56","g1","g9",1,97,3,0.00125256107849383,6.68256496092971
"f56 g1 ant",1,"f56","g1","ant",1,97,26,0.0108555293469465,4.52308071157634
"f56 g2 g9",1,"f56","g2","g9",1,23,3,0.000296999018611938,8.12178172350394
"f56 g2 ant",1,"f56","g2","ant",1,23,26,0.0025739914946368,5.96229747415057
"f56 g9 ant",1,"f56","g9","ant",1,3,26,0.000335738021039583,7.99917940141161
"g1 g2 g9",1,"g1","g2","g9",97,23,3,0.028808904805358,3.54707074500056
"g1 g2 ant",1,"g1","g2","ant",97,23,26,0.24967717497977,1.38758649564719
"g1 g9 ant",1,"g1","g9","ant",97,3,26,0.0325665880408395,3.42446842290823
"g2 g9 ant",1,"g2","g9","ant",23,3,26,0.0077219744839104,4.86368518548246
"d34 e2 f9",1,"d34","e2","f9",1,3,1,1.29130008092147e-05,11.2572759394331
"d34 e2 f16",1,"d34","e2","f16",1,3,3,3.87390024276441e-05,10.158663650765
"d34 e2 ant",1,"d34","e2","ant",1,3,26,0.000335738021039583,7.99917940141161
"d34 f9 f16",1,"d34","f9","f16",1,1,3,1.29130008092147e-05,11.2572759394331
"d34 f9 ant",1,"d34","f9","ant",1,1,26,0.000111912673679861,9.09779169007972
"d34 f16 ant",1,"d34","f16","ant",1,3,26,0.000335738021039583,7.99917940141161
"e2 f9 f16",1,"e2","f9","f16",3,1,3,3.87390024276441e-05,10.158663650765
"e2 f9 ant",1,"e2","f9","ant",3,1,26,0.000335738021039583,7.99917940141161
"e2 f16 ant",1,"e2","f16","ant",3,3,26,0.00100721406311875,6.9005671127435
"f9 f16 ant",1,"f9","f16","ant",1,3,26,0.000335738021039583,7.99917940141161
"a1 d4 d12",1,"a1","d4","d12",136,2,1,0.00117077874003547,6.7500861618052
"a1 d4 d33",1,"a1","d4","d33",136,2,5,0.00585389370017734,5.1406482493711
"a1 d4 g2",1,"a1","d4","g2",136,2,23,0.0269279110208158,3.61459194587605
"a1 d12 d30",1,"a1","d12","d30",136,1,2,0.00117077874003547,6.7500861618052
"a1 d12 d33",1,"a1","d12","d33",136,1,5,0.00292694685008867,5.83379542993105
"a1 d12 g2",1,"a1","d12","g2",136,1,23,0.0134639555104079,4.307739126436
"a1 d30 d33",1,"a1","d30","d33",136,2,5,0.00585389370017734,5.1406482493711
"a1 d30 g2",1,"a1","d30","g2",136,2,23,0.0269279110208158,3.61459194587605
"a1 d33 g2",1,"a1","d33","g2",136,5,23,0.0673197775520394,2.6983012140019
"d4 d12 d30",1,"d4","d12","d30",2,1,2,1.72173344122863e-05,10.9695938669813
"d4 d12 d33",1,"d4","d12","d33",2,1,5,4.30433360307157e-05,10.0533031351072
"d4 d12 g2",1,"d4","d12","g2",2,1,23,0.000197999345741292,8.52724683161211
"d4 d30 d33",1,"d4","d30","d33",2,2,5,8.60866720614314e-05,9.36015595454721
"d4 d30 g2",1,"d4","d30","g2",2,2,23,0.000395998691482585,7.83409965105216
"d4 d33 g2",1,"d4","d33","g2",2,5,23,0.000989996728706462,6.91780891917801
"d12 d30 d33",1,"d12","d30","d33",1,2,5,4.30433360307157e-05,10.0533031351072
"d12 d30 g2",1,"d12","d30","g2",1,2,23,0.000197999345741292,8.52724683161211
"d12 d33 g2",1,"d12","d33","g2",1,5,23,0.000494998364353231,7.61095609973795
"d30 d33 g2",1,"d30","d33","g2",2,5,23,0.000989996728706462,6.91780891917801
"e4 f5 f8",1,"e4","f5","f8",12,36,1,0.00185947211652692,6.28746263985709
"e4 f5 f41",1,"e4","f5","f41",12,36,1,0.00185947211652692,6.28746263985709
"e4 f5 f42",1,"e4","f5","f42",12,36,1,0.00185947211652692,6.28746263985709
"e4 f5 f43",1,"e4","f5","f43",12,36,1,0.00185947211652692,6.28746263985709
"e4 f5 f51",1,"e4","f5","f51",12,36,3,0.00557841634958076,5.18885035118898
"e4 f8 f41",1,"e4","f8","f41",12,1,1,5.16520032368589e-05,9.8709815783132
"e4 f8 f42",1,"e4","f8","f42",12,1,1,5.16520032368589e-05,9.8709815783132
"e4 f8 f43",1,"e4","f8","f43",12,1,1,5.16520032368589e-05,9.8709815783132
"e4 f8 f51",1,"e4","f8","f51",12,1,3,0.000154956009710577,8.77236928964509
"e4 f41 f42",1,"e4","f41","f42",12,1,1,5.16520032368589e-05,9.8709815783132
"e4 f41 f43",1,"e4","f41","f43",12,1,1,5.16520032368589e-05,9.8709815783132
"e4 f41 f51",1,"e4","f41","f51",12,1,3,0.000154956009710577,8.77236928964509
"e4 f42 f43",1,"e4","f42","f43",12,1,1,5.16520032368589e-05,9.8709815783132
"e4 f42 f51",1,"e4","f42","f51",12,1,3,0.000154956009710577,8.77236928964509
"e4 f43 f51",1,"e4","f43","f51",12,1,3,0.000154956009710577,8.77236928964509
"f5 f8 f41",1,"f5","f8","f41",36,1,1,0.000154956009710577,8.77236928964509
"f5 f8 f42",1,"f5","f8","f42",36,1,1,0.000154956009710577,8.77236928964509
"f5 f8 f43",1,"f5","f8","f43",36,1,1,0.000154956009710577,8.77236928964509
"f5 f8 f51",1,"f5","f8","f51",36,1,3,0.00046486802913173,7.67375700097698
"f5 f41 f42",1,"f5","f41","f42",36,1,1,0.000154956009710577,8.77236928964509
"f5 f41 f43",1,"f5","f41","f43",36,1,1,0.000154956009710577,8.77236928964509
"f5 f41 f51",1,"f5","f41","f51",36,1,3,0.00046486802913173,7.67375700097698
"f5 f42 f43",1,"f5","f42","f43",36,1,1,0.000154956009710577,8.77236928964509
"f5 f42 f51",1,"f5","f42","f51",36,1,3,0.00046486802913173,7.67375700097698
"f5 f43 f51",1,"f5","f43","f51",36,1,3,0.00046486802913173,7.67375700097698
"f8 f41 f42",1,"f8","f41","f42",1,1,1,4.30433360307157e-06,12.3558882281012
"f8 f41 f43",1,"f8","f41","f43",1,1,1,4.30433360307157e-06,12.3558882281012
"f8 f41 f51",1,"f8","f41","f51",1,1,3,1.29130008092147e-05,11.2572759394331
"f8 f42 f43",1,"f8","f42","f43",1,1,1,4.30433360307157e-06,12.3558882281012
"f8 f42 f51",1,"f8","f42","f51",1,1,3,1.29130008092147e-05,11.2572759394331
"f8 f43 f51",1,"f8","f43","f51",1,1,3,1.29130008092147e-05,11.2572759394331
"f41 f42 f43",1,"f41","f42","f43",1,1,1,4.30433360307157e-06,12.3558882281012
"f41 f42 f51",1,"f41","f42","f51",1,1,3,1.29130008092147e-05,11.2572759394331
"f41 f43 f51",1,"f41","f43","f51",1,1,3,1.29130008092147e-05,11.2572759394331
"f42 f43 f51",1,"f42","f43","f51",1,1,3,1.29130008092147e-05,11.2572759394331
"a6 f12 f14",1,"a6","f12","f14",1,22,16,0.00151512542828119,6.4922570525031
"a1 b2 b3",2,"a1","b2","b3",136,28,16,0.262254437767945,2.03158729051011
"a1 b2 b5",1,"a1","b2","b5",136,28,3,0.0491727070814896,3.01241654352184
"a1 b2 b11",1,"a1","b2","b11",136,28,3,0.0491727070814896,3.01241654352184
"a1 b2 c1",8,"a1","b2","c1",136,28,125,2.04886279506207,1.36215663656748
"a1 b3 b5",1,"a1","b3","b5",136,16,3,0.0280986897608512,3.57203233145726
"a1 b3 b11",1,"a1","b3","b11",136,16,3,0.0280986897608512,3.57203233145726
"a1 b3 c1",2,"a1","b3","c1",136,16,125,1.17077874003547,0.535478063383012
"a1 b5 b11",1,"a1","b5","b11",136,3,3,0.0052685043301596,5.24600876502893
"a1 b5 c1",1,"a1","b5","c1",136,3,125,0.21952101375665,1.51630731639474
"a1 b11 c1",1,"a1","b11","c1",136,3,125,0.21952101375665,1.51630731639474
"b2 b3 b5",1,"b2","b3","b5",28,16,3,0.00578502436252819,5.15248270701811
"b2 b3 b11",1,"b2","b3","b11",28,16,3,0.00578502436252819,5.15248270701811
"b2 b3 c1",2,"b2","b3","c1",28,16,125,0.241042681772008,2.11592843894386
"b2 b5 b11",1,"b2","b5","b11",28,3,3,0.00108469206797404,6.82645914058978
"b2 b5 c1",1,"b2","b5","c1",28,3,125,0.0451955028322515,3.09675769195559
"b2 b11 c1",1,"b2","b11","c1",28,3,125,0.0451955028322515,3.09675769195559
"b3 b5 b11",1,"b3","b5","b11",16,3,3,0.000619824038842306,7.3860749285252
"b3 b5 c1",1,"b3","b5","c1",16,3,125,0.0258260016184294,3.65637347989101
"b3 b11 c1",1,"b3","b11","c1",16,3,125,0.0258260016184294,3.65637347989101
"b5 b11 c1",1,"b5","b11","c1",3,3,125,0.00484237530345552,5.33034991346268
"a1 b2 b13",2,"a1","b2","b13",136,28,11,0.180299925965462,2.40628073995152
"a1 b2 g1",4,"a1","b2","g1",136,28,97,1.58991752896817,0.922612214806453
"a1 b2 g2",1,"a1","b2","g2",136,28,23,0.376990754291421,0.975534616260795
"a1 b13 c1",2,"a1","b13","c1",136,11,125,0.804910383774384,0.910171512824422
"a1 b13 g1",1,"a1","b13","g1",136,11,97,0.624610457808922,0.470627091063395
"a1 b13 g2",1,"a1","b13","g2",136,11,23,0.148103510614487,1.90984385363763
"b2 b13 c1",2,"b2","b13","c1",28,11,125,0.165716843718256,2.49062188838527
"b2 c1 g1",4,"b2","c1","g1",28,125,97,1.4613212582428,1.0069533632402
"b2 c1 g2",1,"b2","c1","g2",28,125,23,0.346498855047262,1.05987576469455
"b13 c1 g2",1,"b13","c1","g2",11,125,23,0.136124550197138,1.99418500207138
"e1 e2 f17",1,"e1","e2","f17",17,3,1,0.00021952101375665,8.42406259537687
"e1 e2 f58",1,"e1","e2","f58",17,3,1,0.00021952101375665,8.42406259537687
"e1 e2 f59",1,"e1","e2","f59",17,3,1,0.00021952101375665,8.42406259537687
"e1 f17 f58",1,"e1","f17","f58",17,1,1,7.31736712522167e-05,9.52267488404499
"e1 f17 f59",1,"e1","f17","f59",17,1,1,7.31736712522167e-05,9.52267488404499
"e1 f58 f59",1,"e1","f58","f59",17,1,1,7.31736712522167e-05,9.52267488404499
"e2 f17 f58",1,"e2","f17","f58",3,1,1,1.29130008092147e-05,11.2572759394331
"e2 f17 f59",1,"e2","f17","f59",3,1,1,1.29130008092147e-05,11.2572759394331
"e2 f58 f59",1,"e2","f58","f59",3,1,1,1.29130008092147e-05,11.2572759394331
"f17 f58 f59",1,"f17","f58","f59",1,1,1,4.30433360307157e-06,12.3558882281012
"f14 g11 h1",1,"f14","g11","h1",16,2,49,0.00674919508961623,4.99833202719085
"a1 a5 d3",1,"a1","a5","d3",136,19,8,0.0889791842426955,2.41935282151887
"a1 a5 e1",1,"a1","a5","e1",136,19,17,0.189080766515728,1.66558101914249
"a1 a5 e4",1,"a1","a5","e4",136,19,12,0.133468776364043,2.01388771341071
"a1 a5 e5",1,"a1","a5","e5",136,19,7,0.0778567862123586,2.55288421414339
"a1 a5 f12",1,"a1","a5","f12",136,19,22,0.244692756667413,1.40775190984039
"a1 a5 g1",1,"a1","a5","g1",136,19,97,1.07887260894268,-0.0759166153046747
"a1 a5 zoo",1,"a1","a5","zoo",136,19,21,0.233570358637076,1.45427192547529
"a1 d3 e1",2,"a1","d3","e1",136,8,17,0.0796129543224118,3.22372563718904
"a1 d3 e4",1,"a1","d3","e4",136,8,12,0.0561973795217024,2.87888515089731
"a1 d3 e5",2,"a1","d3","e5",136,8,7,0.0327818047209931,4.11102883218994
"a1 d3 f12",1,"a1","d3","f12",136,8,22,0.103028529123121,2.272749347327
"a1 d3 zoo",1,"a1","d3","zoo",136,8,21,0.0983454141629793,2.31926936296189
"a1 e1 e4",1,"a1","e1","e4",136,17,12,0.119419431483618,2.12511334852093
"a1 e1 e5",2,"a1","e1","e5",136,17,7,0.0696613350321103,3.35725702981356
"a1 e1 zoo",1,"a1","e1","zoo",136,17,21,0.208984005096331,1.56549756058551
"a1 e4 e5",1,"a1","e4","e5",136,12,7,0.0491727070814896,3.01241654352184
"a1 e4 f12",1,"a1","e4","f12",136,12,22,0.154542793684682,1.86728423921883
"a1 e4 g1",1,"a1","e4","g1",136,12,97,0.681393226700642,0.383615714073766
"a1 e4 zoo",1,"a1","e4","zoo",136,12,21,0.147518121244469,1.91380425485373
"a1 e5 f12",1,"a1","e5","f12",136,7,22,0.090149962982731,2.40628073995152
"a1 e5 g1",1,"a1","e5","g1",136,7,97,0.397479382242041,0.922612214806453
"a1 e5 zoo",1,"a1","e5","zoo",136,7,21,0.0860522373926069,2.45280075558641
"a1 f12 zoo",1,"a1","f12","zoo",136,22,21,0.270449888948193,1.30766845128341
"a5 d3 e1",1,"a5","d3","e1",19,8,17,0.0111223980303369,4.49879436319871
"a5 d3 e4",1,"a5","d3","e4",19,8,12,0.00785110449200255,4.84710105746692
"a5 d3 e5",1,"a5","d3","e5",19,8,7,0.00457981095366815,5.38609755819961
"a5 d3 f12",1,"a5","d3","f12",19,8,22,0.0143936915686713,4.24096525389661
"a5 d3 g1",2,"a5","d3","g1",19,8,97,0.0634630946436873,3.45044390931149
"a5 d3 zoo",1,"a5","d3","zoo",19,8,21,0.0137394328610045,4.2874852695315
"a5 e1 e4",2,"a5","e1","e4",19,17,12,0.0166835970455054,4.78647643565049
"a5 e1 e5",1,"a5","e1","e5",19,17,7,0.00973209827654483,4.63232575582323
"a5 e1 f12",1,"a5","e1","f12",19,17,22,0.0305865945834266,3.48719345152023
"a5 e1 g1",1,"a5","e1","g1",19,17,97,0.134859076117835,2.00352492637516
"a5 e1 zoo",1,"a5","e1","zoo",19,17,21,0.0291962948296345,3.53371346715512
"a5 e4 e5",1,"a5","e4","e5",19,12,7,0.00686971643050223,4.98063245009145
"a5 e4 f12",1,"a5","e4","f12",19,12,22,0.021590537353007,3.83550014578844
"a5 e4 g1",1,"a5","e4","g1",19,12,97,0.0951946419655309,2.35183162064338
"a5 e4 zoo",1,"a5","e4","zoo",19,12,21,0.0206091492915067,3.88202016142334
"a5 e5 f12",1,"a5","e5","f12",19,7,22,0.0125944801225874,4.37449664652113
"a5 e5 g1",1,"a5","e5","g1",19,7,97,0.0555302078132264,2.89082812137606
"a5 e5 zoo",1,"a5","e5","zoo",19,7,21,0.0120220037533789,4.42101666215602
"a5 f12 g1",1,"a5","f12","g1",19,22,97,0.17452351027014,1.74569581707306
"a5 f12 zoo",1,"a5","f12","zoo",19,22,21,0.0377834403677623,3.27588435785302
"a5 g1 zoo",1,"a5","g1","zoo",19,97,21,0.166590623439679,1.79221583270795
"d3 e1 e4",1,"d3","e1","e4",8,17,12,0.00702467244021281,4.95832669257715
"d3 e1 e5",2,"d3","e1","e5",8,17,7,0.00409772559012414,6.19047037386978
"d3 e1 f12",1,"d3","e1","f12",8,17,22,0.0128785661403901,4.35219088900683
"d3 e1 g1",1,"d3","e1","g1",8,17,97,0.0567827688917202,2.86852236386177
"d3 e1 zoo",1,"d3","e1","zoo",8,17,21,0.0122931767703724,4.39871090464173
"d3 e4 e5",1,"d3","e4","e5",8,12,7,0.0028925121812641,5.84562988757805
"d3 e4 f12",1,"d3","e4","f12",8,12,22,0.00909075256968716,4.70049758327505
"d3 e4 g1",1,"d3","e4","g1",8,12,97,0.0400819545118025,3.21682905812998
"d3 e4 zoo",1,"d3","e4","zoo",8,12,21,0.00867753654379229,4.74701759890994
"d3 e5 f12",1,"d3","e5","f12",8,7,22,0.00530293899898418,5.23949408400774
"d3 e5 g1",1,"d3","e5","g1",8,7,97,0.0233811401318848,3.75582555886267
"d3 e5 zoo",1,"d3","e5","zoo",8,7,21,0.00506189631721217,5.28601409964263
"d3 f12 g1",1,"d3","f12","g1",8,22,97,0.0734835832716379,2.61069325455967
"d3 f12 zoo",1,"d3","f12","zoo",8,22,21,0.0159088169969525,4.14088179533963
"d3 g1 zoo",2,"d3","g1","zoo",8,97,21,0.0701434203956543,3.3503604507545
"e1 e4 e5",1,"e1","e4","e5",17,12,7,0.00614658838518621,5.09185808520167
"e1 e4 f12",1,"e1","e4","f12",17,12,22,0.0193178492105852,3.94672578089867
"e1 e4 g1",1,"e1","e4","g1",17,12,97,0.0851741533375803,2.4630572557536
"e1 e4 zoo",1,"e1","e4","zoo",17,12,21,0.0184397651555586,3.99324579653356
"e1 e5 zoo",1,"e1","e5","zoo",17,7,21,0.0107565296740759,4.53224229726625
"e1 f12 zoo",2,"e1","f12","zoo",17,22,21,0.0338062361185241,4.08025717352319
"e1 g1 zoo",1,"e1","g1","zoo",17,97,21,0.149054768340765,1.90344146781818
"e4 e5 f12",1,"e4","e5","f12",12,7,22,0.00795440849847627,4.83402897589957
"e4 e5 g1",2,"e4","e5","g1",12,7,97,0.0350717101978272,4.04350763131445
"e4 e5 zoo",1,"e4","e5","zoo",12,7,21,0.00759284447581825,4.88054899153446
"e4 f12 g1",1,"e4","f12","g1",12,22,97,0.110225374907457,2.2052281464515
"e4 f12 zoo",1,"e4","f12","zoo",12,22,21,0.0238632254954288,3.73541668723146
"e4 g1 zoo",1,"e4","g1","zoo",12,97,21,0.105215130593482,2.25174816208639
"e5 f12 zoo",1,"e5","f12","zoo",7,22,21,0.0139202148723335,4.27441318796415
"e5 g1 zoo",1,"e5","g1","zoo",7,97,21,0.0613754928461976,2.79074466281908
"f12 g1 zoo",1,"f12","g1","zoo",22,97,21,0.192894406088049,1.64561235851608
"a1 a24 c1",7,"a1","a24","c1",136,69,125,5.04898331640296,0.326723249520901
"a1 a24 d15",1,"a1","a24","d15",136,69,11,0.44431053184346,0.811231564969519
"a1 a24 e11",1,"a1","a24","e11",136,69,2,0.0807837330624473,2.51597965720794
"a1 a24 g1",2,"a1","a24","g1",136,69,97,3.91801105352869,-0.672436960175548
"a1 a24 g18",1,"a1","a24","g18",136,69,1,0.0403918665312236,3.20912683776789
"a1 a24 zoo",1,"a1","a24","zoo",136,69,21,0.848229197155696,0.164604400044466
"a1 c1 d15",2,"a1","c1","d15",136,125,11,0.804910383774384,0.910171512824422
"a1 c1 e11",1,"a1","c1","e11",136,125,2,0.146347342504433,1.9217724245029
"a1 c1 g18",1,"a1","c1","g18",136,125,1,0.0731736712522167,2.61491960506285
"a1 c1 zoo",1,"a1","c1","zoo",136,125,21,1.53664709629655,-0.429602832660576
"a1 d15 e11",1,"a1","d15","e11",136,11,2,0.0128785661403901,4.35219088900683
"a1 d15 f14",1,"a1","d15","f14",136,11,16,0.103028529123121,2.272749347327
"a1 d15 g18",1,"a1","d15","g18",136,11,1,0.00643928307019507,5.04533806956678
"a1 e11 f14",1,"a1","e11","f14",136,2,16,0.0187324598405675,3.97749743956542
"a1 e11 g1",1,"a1","e11","g1",136,2,97,0.11356553778344,2.17537518330182
"a1 e11 g18",1,"a1","e11","g18",136,2,1,0.00117077874003547,6.7500861618052
"a1 e11 zoo",1,"a1","e11","zoo",136,2,21,0.0245863535407448,3.70556372408178
"a1 f14 g18",1,"a1","f14","g18",136,16,1,0.00936622992028374,4.67064462012537
"a1 f14 zoo",1,"a1","f14","zoo",136,16,21,0.196690828325959,1.62612218240194
"a1 g1 g18",1,"a1","g1","g18",136,97,1,0.0567827688917202,2.86852236386177
"a1 g18 zoo",1,"a1","g18","zoo",136,1,21,0.0122931767703724,4.39871090464173
"a24 c1 d15",1,"a24","c1","d15",69,125,11,0.408373650591415,0.895572713403269
"a24 c1 e11",1,"a24","c1","e11",69,125,2,0.0742497546529846,2.60032080564169
"a24 c1 f14",3,"a24","c1","f14",69,125,16,0.593998037223877,1.61949155262997
"a24 c1 g18",1,"a24","c1","g18",69,125,1,0.0371248773264923,3.29346798620164
"a24 c1 zoo",2,"a24","c1","zoo",69,125,21,0.779622423856339,0.942092729038163
"a24 d15 e11",1,"a24","d15","e11",69,11,2,0.00653397840946265,5.03073927014563
"a24 d15 f14",1,"a24","d15","f14",69,11,16,0.0522718272757012,2.95129772846579
"a24 d15 g1",1,"a24","d15","g1",69,11,97,0.316897952858938,1.14917547220219
"a24 d15 g18",1,"a24","d15","g18",69,11,1,0.00326698920473132,5.72388645070557
"a24 d15 zoo",1,"a24","d15","zoo",69,11,21,0.0686067732993578,2.67936401298215
"a24 e11 f14",1,"a24","e11","f14",69,2,16,0.00950396859558203,4.65604582070421
"a24 e11 g1",1,"a24","e11","g1",69,2,97,0.0576178096107161,2.85392356444061
"a24 e11 g18",1,"a24","e11","g18",69,2,1,0.000593998037223877,7.428634542944
"a24 e11 zoo",1,"a24","e11","zoo",69,2,21,0.0124739587817014,4.38411210522057
"a24 f14 g1",1,"a24","f14","g1",69,16,97,0.460942476885729,0.774482022760777
"a24 f14 g18",1,"a24","f14","g18",69,16,1,0.00475198429779102,5.34919300126416
"a24 f14 zoo",1,"a24","f14","zoo",69,16,21,0.0997916702536113,2.30467056354074
"a24 g1 g18",1,"a24","g1","g18",69,97,1,0.028808904805358,3.54707074500056
"a24 g1 zoo",2,"a24","g1","zoo",69,97,21,0.604987000912519,1.19569548783708
"a24 g18 zoo",1,"a24","g18","zoo",69,1,21,0.00623697939085071,5.07725928578052
"c1 d15 e11",1,"c1","d15","e11",125,11,2,0.0118369174084468,4.43653203744058
"c1 d15 f14",1,"c1","d15","f14",125,11,16,0.0946953392675746,2.35709049576075
"c1 d15 g18",1,"c1","d15","g18",125,11,1,0.00591845870422341,5.12967921800053
"c1 d15 zoo",1,"c1","d15","zoo",125,11,21,0.124287632788692,2.08515678027711
"c1 e11 f14",1,"c1","e11","f14",125,2,16,0.0172173344122863,4.06183858799917
"c1 e11 g1",1,"c1","e11","g1",125,2,97,0.104380089874486,2.25971633173557
"c1 e11 g18",1,"c1","e11","g18",125,2,1,0.00107608340076789,6.83442731023895
"c1 e11 zoo",1,"c1","e11","zoo",125,2,21,0.0225977514161258,3.78990487251553
"c1 f14 g18",1,"c1","f14","g18",125,16,1,0.00860866720614315,4.75498576855912
"c1 f14 zoo",1,"c1","f14","zoo",125,16,21,0.180782011329006,1.7104633308357
"c1 g1 g18",1,"c1","g1","g18",125,97,1,0.0521900449372428,2.95286351229552
"c1 g1 zoo",3,"c1","g1","zoo",125,97,21,1.0959909436821,1.0069533632402
"c1 g18 zoo",1,"c1","g18","zoo",125,1,21,0.0112988757080629,4.48305205307548
"d15 e11 f14",1,"d15","e11","f14",11,2,16,0.00151512542828119,6.4922570525031
"d15 e11 g1",1,"d15","e11","g1",11,2,97,0.00918544790895474,4.6901347962395
"d15 e11 g18",1,"d15","e11","g18",11,2,1,9.46953392675746e-05,9.26484577474288
"d15 e11 zoo",1,"d15","e11","zoo",11,2,21,0.00198860212461907,6.22032333701946
"d15 f14 g1",1,"d15","f14","g1",11,16,97,0.0734835832716379,2.61069325455967
"d15 f14 g18",1,"d15","f14","g18",11,16,1,0.000757562714140597,7.18540423306305
"d15 f14 zoo",1,"d15","f14","zoo",11,16,21,0.0159088169969525,4.14088179533963
"d15 g1 g18",1,"d15","g1","g18",11,97,1,0.00459272395447737,5.38328197679945
"d15 g18 zoo",1,"d15","g18","zoo",11,1,21,0.000994301062309533,6.91347051757941
"e11 f14 g1",1,"e11","f14","g1",2,16,97,0.0133606515039342,4.31544134679809
"e11 f14 g18",1,"e11","f14","g18",2,16,1,0.00013773867529829,8.89015232530147
"e11 f14 zoo",1,"e11","f14","zoo",2,16,21,0.0028925121812641,5.84562988757805
"e11 g1 g18",1,"e11","g1","g18",2,97,1,0.000835040718995885,7.08803006903787
"e11 g1 zoo",1,"e11","g1","zoo",2,97,21,0.0175358550989136,4.04350763131445
"e11 g18 zoo",1,"e11","g18","zoo",2,1,21,0.000180782011329006,8.61821860981783
"f14 g1 g18",1,"f14","g1","g18",16,97,1,0.00668032575196708,5.00858852735804
"f14 g1 zoo",1,"f14","g1","zoo",16,97,21,0.140286840791309,1.96406608963461
"f14 g18 zoo",1,"f14","g18","zoo",16,1,21,0.00144625609063205,6.538777068138
"g1 g18 zoo",1,"g1","g18","zoo",97,1,21,0.00876792754945679,4.73665481187439
"c1 c7 c12",2,"c1","c7","c12",125,3,9,0.0145271259103666,4.92488480535452
"c1 c7 c13",1,"c1","c7","c13",125,3,8,0.0129130008092147,4.34952066045095
"c1 c7 c14",2,"c1","c7","c14",125,3,6,0.00968475060691104,5.33034991346268
"c1 c7 g1",1,"c1","c7","g1",125,3,97,0.156570134811728,1.85425122362741
"c1 c12 c14",2,"c1","c12","c14",125,9,6,0.0290542518207331,4.23173762479457
"c1 c13 c14",1,"c1","c13","c14",125,8,6,0.0258260016184294,3.65637347989101
"c1 c14 g1",2,"c1","c14","g1",125,6,97,0.313140269623457,1.85425122362741
"c7 c12 c13",1,"c7","c12","c13",3,9,8,0.00092973605826346,6.98060982041704
"c7 c12 c14",2,"c7","c12","c14",3,9,6,0.000697302043697595,7.96143907342876
"c7 c12 g1",1,"c7","c12","g1",3,9,97,0.0112730497064444,4.48534038359349
"c7 c13 c14",1,"c7","c13","c14",3,8,6,0.000619824038842306,7.3860749285252
"c7 c13 g1",1,"c7","c13","g1",3,8,97,0.0100204886279506,4.60312341924987
"c7 c14 g1",1,"c7","c14","g1",3,6,97,0.00751536647096296,4.89080549170165
"c12 c13 c14",1,"c12","c13","c14",9,8,6,0.00185947211652692,6.28746263985709
"c12 c14 g1",1,"c12","c14","g1",9,6,97,0.0225460994128889,3.79219320303354
"c13 c14 g1",1,"c13","c14","g1",8,6,97,0.0200409772559012,3.90997623868993
"a1 a24 c10",2,"a1","a24","c10",136,69,3,0.121175599593671,2.80366172965973
"a1 b2 c10",1,"a1","b2","c10",136,28,3,0.0491727070814896,3.01241654352184
"a1 c1 c10",2,"a1","c1","c10",136,125,3,0.21952101375665,2.20945449695468
"a1 c10 h1",1,"a1","c10","h1",136,3,49,0.0860522373926069,2.45280075558641
"a24 b2 c1",4,"a24","b2","c1",69,28,125,1.03949656514178,1.34755783714633
"a24 b2 c10",1,"a24","b2","c10",69,28,3,0.0249479175634028,3.69096492466063
"a24 c1 c10",2,"a24","c1","c10",69,125,3,0.111374631979477,2.88800287809348
"a24 c10 h1",1,"a24","c10","h1",69,3,49,0.043658855735955,3.13134913672521
"b2 c1 c10",1,"b2","c1","c10",28,125,3,0.0451955028322515,3.09675769195559
"b2 c1 h1",2,"b2","c1","h1",28,125,49,0.738193212926775,0.996696863073014
"b2 c10 h1",1,"b2","c10","h1",28,3,49,0.0177166371102426,4.03325113114726
"c1 c10 h1",1,"c1","c10","h1",125,3,49,0.0790921299564401,2.53714190402016
"i1 i5 i6",1,"i1","i5","i6",34,6,1,0.000878084055026601,7.03776823425698
"i1 i5 i7",1,"i1","i5","i7",34,6,2,0.0017561681100532,6.34462105369704
"i1 i5 i9",1,"i1","i5","i9",34,6,2,0.0017561681100532,6.34462105369704
"i1 i5 i10",1,"i1","i5","i10",34,6,1,0.000878084055026601,7.03776823425698
"i1 i5 i13",2,"i1","i5","i13",34,6,4,0.0035123362201064,6.34462105369704
"i1 i5 i16",1,"i1","i5","i16",34,6,1,0.000878084055026601,7.03776823425698
"i1 i6 i7",1,"i1","i6","i7",34,1,2,0.000292694685008867,8.13638052292509
"i1 i6 i9",1,"i1","i6","i9",34,1,2,0.000292694685008867,8.13638052292509
"i1 i6 i10",1,"i1","i6","i10",34,1,1,0.000146347342504433,8.82952770348504
"i1 i6 i13",1,"i1","i6","i13",34,1,4,0.000585389370017734,7.44323334236515
"i1 i6 i16",1,"i1","i6","i16",34,1,1,0.000146347342504433,8.82952770348504
"i1 i7 i9",1,"i1","i7","i9",34,2,2,0.000585389370017734,7.44323334236515
"i1 i7 i10",1,"i1","i7","i10",34,2,1,0.000292694685008867,8.13638052292509
"i1 i7 i13",1,"i1","i7","i13",34,2,4,0.00117077874003547,6.7500861618052
"i1 i7 i16",1,"i1","i7","i16",34,2,1,0.000292694685008867,8.13638052292509
"i1 i9 i10",1,"i1","i9","i10",34,2,1,0.000292694685008867,8.13638052292509
"i1 i9 i13",1,"i1","i9","i13",34,2,4,0.00117077874003547,6.7500861618052
"i1 i9 i16",1,"i1","i9","i16",34,2,1,0.000292694685008867,8.13638052292509
"i1 i10 i13",1,"i1","i10","i13",34,1,4,0.000585389370017734,7.44323334236515
"i1 i10 i16",1,"i1","i10","i16",34,1,1,0.000146347342504433,8.82952770348504
"i1 i13 i16",1,"i1","i13","i16",34,4,1,0.000585389370017734,7.44323334236515
"i5 i6 i7",1,"i5","i6","i7",6,1,2,5.16520032368589e-05,9.8709815783132
"i5 i6 i9",1,"i5","i6","i9",6,1,2,5.16520032368589e-05,9.8709815783132
"i5 i6 i10",1,"i5","i6","i10",6,1,1,2.58260016184294e-05,10.5641287588731
"i5 i6 i13",1,"i5","i6","i13",6,1,4,0.000103304006473718,9.17783439775326
"i5 i6 i16",1,"i5","i6","i16",6,1,1,2.58260016184294e-05,10.5641287588731
"i5 i7 i9",1,"i5","i7","i9",6,2,2,0.000103304006473718,9.17783439775326
"i5 i7 i10",1,"i5","i7","i10",6,2,1,5.16520032368589e-05,9.8709815783132
"i5 i7 i13",1,"i5","i7","i13",6,2,4,0.000206608012947435,8.48468721719331
"i5 i7 i16",1,"i5","i7","i16",6,2,1,5.16520032368589e-05,9.8709815783132
"i5 i9 i10",1,"i5","i9","i10",6,2,1,5.16520032368589e-05,9.8709815783132
"i5 i9 i13",1,"i5","i9","i13",6,2,4,0.000206608012947435,8.48468721719331
"i5 i9 i16",1,"i5","i9","i16",6,2,1,5.16520032368589e-05,9.8709815783132
"i5 i10 i13",1,"i5","i10","i13",6,1,4,0.000103304006473718,9.17783439775326
"i5 i10 i16",1,"i5","i10","i16",6,1,1,2.58260016184294e-05,10.5641287588731
"i5 i13 i16",1,"i5","i13","i16",6,4,1,0.000103304006473718,9.17783439775326
"i6 i7 i9",1,"i6","i7","i9",1,2,2,1.72173344122863e-05,10.9695938669813
"i6 i7 i10",1,"i6","i7","i10",1,2,1,8.60866720614314e-06,11.6627410475413
"i6 i7 i13",1,"i6","i7","i13",1,2,4,3.44346688245726e-05,10.2764466864214
"i6 i7 i16",1,"i6","i7","i16",1,2,1,8.60866720614314e-06,11.6627410475413
"i6 i9 i10",1,"i6","i9","i10",1,2,1,8.60866720614314e-06,11.6627410475413
"i6 i9 i13",1,"i6","i9","i13",1,2,4,3.44346688245726e-05,10.2764466864214
"i6 i9 i16",1,"i6","i9","i16",1,2,1,8.60866720614314e-06,11.6627410475413
"i6 i10 i13",1,"i6","i10","i13",1,1,4,1.72173344122863e-05,10.9695938669813
"i6 i10 i16",1,"i6","i10","i16",1,1,1,4.30433360307157e-06,12.3558882281012
"i6 i13 i16",1,"i6","i13","i16",1,4,1,1.72173344122863e-05,10.9695938669813
"i7 i9 i10",1,"i7","i9","i10",2,2,1,1.72173344122863e-05,10.9695938669813
"i7 i9 i13",1,"i7","i9","i13",2,2,4,6.88693376491452e-05,9.58329950586142
"i7 i9 i16",1,"i7","i9","i16",2,2,1,1.72173344122863e-05,10.9695938669813
"i7 i10 i13",1,"i7","i10","i13",2,1,4,3.44346688245726e-05,10.2764466864214
"i7 i10 i16",1,"i7","i10","i16",2,1,1,8.60866720614314e-06,11.6627410475413
"i7 i13 i16",1,"i7","i13","i16",2,4,1,3.44346688245726e-05,10.2764466864214
"i9 i10 i13",1,"i9","i10","i13",2,1,4,3.44346688245726e-05,10.2764466864214
"i9 i10 i16",1,"i9","i10","i16",2,1,1,8.60866720614314e-06,11.6627410475413
"i9 i13 i16",1,"i9","i13","i16",2,4,1,3.44346688245726e-05,10.2764466864214
"i10 i13 i16",1,"i10","i13","i16",1,4,1,1.72173344122863e-05,10.9695938669813
"d11 d15 d19",1,"d11","d15","d19",4,11,10,0.00189390678535149,6.26911350118889
"d11 d15 g1",1,"d11","d15","g1",4,11,97,0.0183708958179095,3.99698761567956
"d11 d15 g2",1,"d11","d15","g2",4,11,23,0.00435598560630843,5.43620437825379
"d11 d15 g13",1,"d11","d15","g13",4,11,1,0.000189390678535149,8.57169859418294
"d11 d15 g15",1,"d11","d15","g15",4,11,1,0.000189390678535149,8.57169859418294
"d11 d15 g16",1,"d11","d15","g16",4,11,1,0.000189390678535149,8.57169859418294
"d11 d15 g19",1,"d11","d15","g19",4,11,1,0.000189390678535149,8.57169859418294
"d11 d19 g1",1,"d11","d19","g1",4,10,97,0.0167008143799177,4.09229779548388
"d11 d19 g2",1,"d11","d19","g2",4,10,23,0.00395998691482585,5.53151455805811
"d11 d19 g13",1,"d11","d19","g13",4,10,1,0.000172173344122863,8.66700877398726
"d11 d19 g15",1,"d11","d19","g15",4,10,1,0.000172173344122863,8.66700877398726
"d11 d19 g16",1,"d11","d19","g16",4,10,1,0.000172173344122863,8.66700877398726
"d11 d19 g19",1,"d11","d19","g19",4,10,1,0.000172173344122863,8.66700877398726
"d11 g1 g2",1,"d11","g1","g2",4,97,23,0.0384118730738107,3.25938867254878
"d11 g1 g13",1,"d11","g1","g13",4,97,1,0.00167008143799177,6.39488288847793
"d11 g1 g15",1,"d11","g1","g15",4,97,1,0.00167008143799177,6.39488288847793
"d11 g1 g16",1,"d11","g1","g16",4,97,1,0.00167008143799177,6.39488288847793
"d11 g1 g19",1,"d11","g1","g19",4,97,1,0.00167008143799177,6.39488288847793
"d11 g2 g13",1,"d11","g2","g13",4,23,1,0.000395998691482585,7.83409965105216
"d11 g2 g15",1,"d11","g2","g15",4,23,1,0.000395998691482585,7.83409965105216
"d11 g2 g16",1,"d11","g2","g16",4,23,1,0.000395998691482585,7.83409965105216
"d11 g2 g19",1,"d11","g2","g19",4,23,1,0.000395998691482585,7.83409965105216
"d11 g13 g15",1,"d11","g13","g15",4,1,1,1.72173344122863e-05,10.9695938669813
"d11 g13 g16",1,"d11","g13","g16",4,1,1,1.72173344122863e-05,10.9695938669813
"d11 g13 g19",1,"d11","g13","g19",4,1,1,1.72173344122863e-05,10.9695938669813
"d11 g15 g16",1,"d11","g15","g16",4,1,1,1.72173344122863e-05,10.9695938669813
"d11 g15 g19",1,"d11","g15","g19",4,1,1,1.72173344122863e-05,10.9695938669813
"d11 g16 g19",1,"d11","g16","g19",4,1,1,1.72173344122863e-05,10.9695938669813
"d15 d19 g1",1,"d15","d19","g1",11,10,97,0.0459272395447737,3.0806968838054
"d15 d19 g2",1,"d15","d19","g2",11,10,23,0.0108899640157711,4.51991364637963
"d15 d19 g13",1,"d15","d19","g13",11,10,1,0.000473476696337873,7.65540786230878
"d15 d19 g15",1,"d15","d19","g15",11,10,1,0.000473476696337873,7.65540786230878
"d15 d19 g16",1,"d15","d19","g16",11,10,1,0.000473476696337873,7.65540786230878
"d15 d19 g19",1,"d15","d19","g19",11,10,1,0.000473476696337873,7.65540786230878
"d15 g1 g13",1,"d15","g1","g13",11,97,1,0.00459272395447737,5.38328197679945
"d15 g1 g15",1,"d15","g1","g15",11,97,1,0.00459272395447737,5.38328197679945
"d15 g1 g16",1,"d15","g1","g16",11,97,1,0.00459272395447737,5.38328197679945
"d15 g1 g19",1,"d15","g1","g19",11,97,1,0.00459272395447737,5.38328197679945
"d15 g2 g13",1,"d15","g2","g13",11,23,1,0.00108899640157711,6.82249873937368
"d15 g2 g15",1,"d15","g2","g15",11,23,1,0.00108899640157711,6.82249873937368
"d15 g2 g16",1,"d15","g2","g16",11,23,1,0.00108899640157711,6.82249873937368
"d15 g2 g19",1,"d15","g2","g19",11,23,1,0.00108899640157711,6.82249873937368
"d15 g13 g15",1,"d15","g13","g15",11,1,1,4.73476696337873e-05,9.95799295530283
"d15 g13 g16",1,"d15","g13","g16",11,1,1,4.73476696337873e-05,9.95799295530283
"d15 g13 g19",1,"d15","g13","g19",11,1,1,4.73476696337873e-05,9.95799295530283
"d15 g15 g16",1,"d15","g15","g16",11,1,1,4.73476696337873e-05,9.95799295530283
"d15 g15 g19",1,"d15","g15","g19",11,1,1,4.73476696337873e-05,9.95799295530283
"d15 g16 g19",1,"d15","g16","g19",11,1,1,4.73476696337873e-05,9.95799295530283
"d19 g1 g2",1,"d19","g1","g2",10,97,23,0.0960296826845268,2.34309794067462
"d19 g1 g13",1,"d19","g1","g13",10,97,1,0.00417520359497942,5.47859215660377
"d19 g1 g15",1,"d19","g1","g15",10,97,1,0.00417520359497942,5.47859215660377
"d19 g1 g16",1,"d19","g1","g16",10,97,1,0.00417520359497942,5.47859215660377
"d19 g1 g19",1,"d19","g1","g19",10,97,1,0.00417520359497942,5.47859215660377
"d19 g2 g13",1,"d19","g2","g13",10,23,1,0.000989996728706462,6.91780891917801
"d19 g2 g15",1,"d19","g2","g15",10,23,1,0.000989996728706462,6.91780891917801
"d19 g2 g16",1,"d19","g2","g16",10,23,1,0.000989996728706462,6.91780891917801
"d19 g2 g19",1,"d19","g2","g19",10,23,1,0.000989996728706462,6.91780891917801
"d19 g13 g15",1,"d19","g13","g15",10,1,1,4.30433360307157e-05,10.0533031351072
"d19 g13 g16",1,"d19","g13","g16",10,1,1,4.30433360307157e-05,10.0533031351072
"d19 g13 g19",1,"d19","g13","g19",10,1,1,4.30433360307157e-05,10.0533031351072
"d19 g15 g16",1,"d19","g15","g16",10,1,1,4.30433360307157e-05,10.0533031351072
"d19 g15 g19",1,"d19","g15","g19",10,1,1,4.30433360307157e-05,10.0533031351072
"d19 g16 g19",1,"d19","g16","g19",10,1,1,4.30433360307157e-05,10.0533031351072
"g1 g2 g13",1,"g1","g2","g13",97,23,1,0.00960296826845268,4.64568303366867
"g1 g2 g15",1,"g1","g2","g15",97,23,1,0.00960296826845268,4.64568303366867
"g1 g2 g16",1,"g1","g2","g16",97,23,1,0.00960296826845268,4.64568303366867
"g1 g2 g19",1,"g1","g2","g19",97,23,1,0.00960296826845268,4.64568303366867
"g1 g13 g15",1,"g1","g13","g15",97,1,1,0.000417520359497943,7.78117724959782
"g1 g13 g16",1,"g1","g13","g16",97,1,1,0.000417520359497943,7.78117724959782
"g1 g13 g19",1,"g1","g13","g19",97,1,1,0.000417520359497943,7.78117724959782
"g1 g15 g16",1,"g1","g15","g16",97,1,1,0.000417520359497943,7.78117724959782
"g1 g15 g19",1,"g1","g15","g19",97,1,1,0.000417520359497943,7.78117724959782
"g1 g16 g19",1,"g1","g16","g19",97,1,1,0.000417520359497943,7.78117724959782
"g2 g13 g15",1,"g2","g13","g15",23,1,1,9.89996728706462e-05,9.22039401217205
"g2 g13 g16",1,"g2","g13","g16",23,1,1,9.89996728706462e-05,9.22039401217205
"g2 g13 g19",1,"g2","g13","g19",23,1,1,9.89996728706462e-05,9.22039401217205
"g2 g15 g16",1,"g2","g15","g16",23,1,1,9.89996728706462e-05,9.22039401217205
"g2 g15 g19",1,"g2","g15","g19",23,1,1,9.89996728706462e-05,9.22039401217205
"g2 g16 g19",1,"g2","g16","g19",23,1,1,9.89996728706462e-05,9.22039401217205
"g13 g15 g16",1,"g13","g15","g16",1,1,1,4.30433360307157e-06,12.3558882281012
"g13 g15 g19",1,"g13","g15","g19",1,1,1,4.30433360307157e-06,12.3558882281012
"g13 g16 g19",1,"g13","g16","g19",1,1,1,4.30433360307157e-06,12.3558882281012
"g15 g16 g19",1,"g15","g16","g19",1,1,1,4.30433360307157e-06,12.3558882281012
"b1 c1 g28",1,"b1","c1","g28",13,125,1,0.00699454210499131,4.96262513333736
"b1 c1 g29",1,"b1","c1","g29",13,125,1,0.00699454210499131,4.96262513333736
"b1 g1 g28",1,"b1","g1","g28",13,97,1,0.00542776467347325,5.21622789213628
"b1 g1 g29",1,"b1","g1","g29",13,97,1,0.00542776467347325,5.21622789213628
"b1 g28 g29",1,"b1","g28","g29",13,1,1,5.59563368399304e-05,9.79093887063966
"c1 g1 g28",1,"c1","g1","g28",125,97,1,0.0521900449372428,2.95286351229552
"c1 g1 g29",1,"c1","g1","g29",125,97,1,0.0521900449372428,2.95286351229552
"c1 g28 g29",1,"c1","g28","g29",125,1,1,0.000538041700383947,7.5275744907989
"g1 g28 g29",1,"g1","g28","g29",97,1,1,0.000417520359497943,7.78117724959782
"d16 d24 e1",1,"d16","d24","e1",1,1,17,7.31736712522167e-05,9.52267488404499
"d16 d24 e19",1,"d16","d24","e19",1,1,3,1.29130008092147e-05,11.2572759394331
"d16 d24 e21",1,"d16","d24","e21",1,1,1,4.30433360307157e-06,12.3558882281012
"d16 d24 f5",1,"d16","d24","f5",1,1,36,0.000154956009710577,8.77236928964509
"d16 d24 f12",1,"d16","d24","f12",1,1,22,9.46953392675746e-05,9.26484577474288
"d16 d24 f39",1,"d16","d24","f39",1,1,2,8.60866720614314e-06,11.6627410475413
"d16 d24 g17",1,"d16","d24","g17",1,1,1,4.30433360307157e-06,12.3558882281012
"d16 d24 g25",1,"d16","d24","g25",1,1,1,4.30433360307157e-06,12.3558882281012
"d16 d24 g26",1,"d16","d24","g26",1,1,2,8.60866720614314e-06,11.6627410475413
"d16 d24 g27",1,"d16","d24","g27",1,1,1,4.30433360307157e-06,12.3558882281012
"d16 d24 zoo",1,"d16","d24","zoo",1,1,21,9.0391005664503e-05,9.31136579037778
"d16 e1 e19",1,"d16","e1","e19",1,17,3,0.00021952101375665,8.42406259537687
"d16 e1 e21",1,"d16","e1","e21",1,17,1,7.31736712522167e-05,9.52267488404499
"d16 e1 f5",1,"d16","e1","f5",1,17,36,0.0026342521650798,5.93915594558887
"d16 e1 f12",1,"d16","e1","f12",1,17,22,0.00160982076754877,6.43163243068667
"d16 e1 f39",1,"d16","e1","f39",1,17,2,0.000146347342504433,8.82952770348504
"d16 e1 g17",1,"d16","e1","g17",1,17,1,7.31736712522167e-05,9.52267488404499
"d16 e1 g25",1,"d16","e1","g25",1,17,1,7.31736712522167e-05,9.52267488404499
"d16 e1 g26",1,"d16","e1","g26",1,17,2,0.000146347342504433,8.82952770348504
"d16 e1 g27",1,"d16","e1","g27",1,17,1,7.31736712522167e-05,9.52267488404499
"d16 e1 zoo",1,"d16","e1","zoo",1,17,21,0.00153664709629655,6.47815244632156
"d16 e19 e21",1,"d16","e19","e21",1,3,1,1.29130008092147e-05,11.2572759394331
"d16 e19 f5",1,"d16","e19","f5",1,3,36,0.00046486802913173,7.67375700097698
"d16 e19 f12",1,"d16","e19","f12",1,3,22,0.000284086017802724,8.16623348607478
"d16 e19 f39",1,"d16","e19","f39",1,3,2,2.58260016184294e-05,10.5641287588731
"d16 e19 g17",1,"d16","e19","g17",1,3,1,1.29130008092147e-05,11.2572759394331
"d16 e19 g25",1,"d16","e19","g25",1,3,1,1.29130008092147e-05,11.2572759394331
"d16 e19 g26",1,"d16","e19","g26",1,3,2,2.58260016184294e-05,10.5641287588731
"d16 e19 g27",1,"d16","e19","g27",1,3,1,1.29130008092147e-05,11.2572759394331
"d16 e19 zoo",1,"d16","e19","zoo",1,3,21,0.000271173016993509,8.21275350170967
"d16 e21 f5",1,"d16","e21","f5",1,1,36,0.000154956009710577,8.77236928964509
"d16 e21 f12",1,"d16","e21","f12",1,1,22,9.46953392675746e-05,9.26484577474288
"d16 e21 f39",1,"d16","e21","f39",1,1,2,8.60866720614314e-06,11.6627410475413
"d16 e21 g17",1,"d16","e21","g17",1,1,1,4.30433360307157e-06,12.3558882281012
"d16 e21 g25",1,"d16","e21","g25",1,1,1,4.30433360307157e-06,12.3558882281012
"d16 e21 g26",1,"d16","e21","g26",1,1,2,8.60866720614314e-06,11.6627410475413
"d16 e21 g27",1,"d16","e21","g27",1,1,1,4.30433360307157e-06,12.3558882281012
"d16 e21 zoo",1,"d16","e21","zoo",1,1,21,9.0391005664503e-05,9.31136579037778
"d16 f5 f12",1,"d16","f5","f12",1,36,22,0.00340903221363268,5.68132683628678
"d16 f5 f39",1,"d16","f5","f39",1,36,2,0.000309912019421153,8.07922210908515
"d16 f5 g17",1,"d16","f5","g17",1,36,1,0.000154956009710577,8.77236928964509
"d16 f5 g25",1,"d16","f5","g25",1,36,1,0.000154956009710577,8.77236928964509
"d16 f5 g26",1,"d16","f5","g26",1,36,2,0.000309912019421153,8.07922210908515
"d16 f5 g27",1,"d16","f5","g27",1,36,1,0.000154956009710577,8.77236928964509
"d16 f5 zoo",1,"d16","f5","zoo",1,36,21,0.00325407620392211,5.72784685192167
"d16 f12 f39",1,"d16","f12","f39",1,22,2,0.000189390678535149,8.57169859418294
"d16 f12 g17",1,"d16","f12","g17",1,22,1,9.46953392675746e-05,9.26484577474288
"d16 f12 g25",1,"d16","f12","g25",1,22,1,9.46953392675746e-05,9.26484577474288
"d16 f12 g26",1,"d16","f12","g26",1,22,2,0.000189390678535149,8.57169859418294
"d16 f12 g27",1,"d16","f12","g27",1,22,1,9.46953392675746e-05,9.26484577474288
"d16 f12 zoo",1,"d16","f12","zoo",1,22,21,0.00198860212461907,6.22032333701946
"d16 f39 g17",1,"d16","f39","g17",1,2,1,8.60866720614314e-06,11.6627410475413
"d16 f39 g25",1,"d16","f39","g25",1,2,1,8.60866720614314e-06,11.6627410475413
"d16 f39 g26",1,"d16","f39","g26",1,2,2,1.72173344122863e-05,10.9695938669813
"d16 f39 g27",1,"d16","f39","g27",1,2,1,8.60866720614314e-06,11.6627410475413
"d16 f39 zoo",1,"d16","f39","zoo",1,2,21,0.000180782011329006,8.61821860981783
"d16 g17 g25",1,"d16","g17","g25",1,1,1,4.30433360307157e-06,12.3558882281012
"d16 g17 g26",1,"d16","g17","g26",1,1,2,8.60866720614314e-06,11.6627410475413
"d16 g17 g27",1,"d16","g17","g27",1,1,1,4.30433360307157e-06,12.3558882281012
"d16 g17 zoo",1,"d16","g17","zoo",1,1,21,9.0391005664503e-05,9.31136579037778
"d16 g25 g26",1,"d16","g25","g26",1,1,2,8.60866720614314e-06,11.6627410475413
"d16 g25 g27",1,"d16","g25","g27",1,1,1,4.30433360307157e-06,12.3558882281012
"d16 g25 zoo",1,"d16","g25","zoo",1,1,21,9.0391005664503e-05,9.31136579037778
"d16 g26 g27",1,"d16","g26","g27",1,2,1,8.60866720614314e-06,11.6627410475413
"d16 g26 zoo",1,"d16","g26","zoo",1,2,21,0.000180782011329006,8.61821860981783
"d16 g27 zoo",1,"d16","g27","zoo",1,1,21,9.0391005664503e-05,9.31136579037778
"d24 e1 e19",1,"d24","e1","e19",1,17,3,0.00021952101375665,8.42406259537687
"d24 e1 e21",1,"d24","e1","e21",1,17,1,7.31736712522167e-05,9.52267488404499
"d24 e1 f5",1,"d24","e1","f5",1,17,36,0.0026342521650798,5.93915594558887
"d24 e1 f12",1,"d24","e1","f12",1,17,22,0.00160982076754877,6.43163243068667
"d24 e1 f39",1,"d24","e1","f39",1,17,2,0.000146347342504433,8.82952770348504
"d24 e1 g17",1,"d24","e1","g17",1,17,1,7.31736712522167e-05,9.52267488404499
"d24 e1 g25",1,"d24","e1","g25",1,17,1,7.31736712522167e-05,9.52267488404499
"d24 e1 g26",1,"d24","e1","g26",1,17,2,0.000146347342504433,8.82952770348504
"d24 e1 g27",1,"d24","e1","g27",1,17,1,7.31736712522167e-05,9.52267488404499
"d24 e1 zoo",1,"d24","e1","zoo",1,17,21,0.00153664709629655,6.47815244632156
"d24 e19 e21",1,"d24","e19","e21",1,3,1,1.29130008092147e-05,11.2572759394331
"d24 e19 f5",1,"d24","e19","f5",1,3,36,0.00046486802913173,7.67375700097698
"d24 e19 f12",1,"d24","e19","f12",1,3,22,0.000284086017802724,8.16623348607478
"d24 e19 f39",1,"d24","e19","f39",1,3,2,2.58260016184294e-05,10.5641287588731
"d24 e19 g17",1,"d24","e19","g17",1,3,1,1.29130008092147e-05,11.2572759394331
"d24 e19 g25",1,"d24","e19","g25",1,3,1,1.29130008092147e-05,11.2572759394331
"d24 e19 g26",1,"d24","e19","g26",1,3,2,2.58260016184294e-05,10.5641287588731
"d24 e19 g27",1,"d24","e19","g27",1,3,1,1.29130008092147e-05,11.2572759394331
"d24 e19 zoo",1,"d24","e19","zoo",1,3,21,0.000271173016993509,8.21275350170967
"d24 e21 f5",1,"d24","e21","f5",1,1,36,0.000154956009710577,8.77236928964509
"d24 e21 f12",1,"d24","e21","f12",1,1,22,9.46953392675746e-05,9.26484577474288
"d24 e21 f39",1,"d24","e21","f39",1,1,2,8.60866720614314e-06,11.6627410475413
"d24 e21 g17",1,"d24","e21","g17",1,1,1,4.30433360307157e-06,12.3558882281012
"d24 e21 g25",1,"d24","e21","g25",1,1,1,4.30433360307157e-06,12.3558882281012
"d24 e21 g26",1,"d24","e21","g26",1,1,2,8.60866720614314e-06,11.6627410475413
"d24 e21 g27",1,"d24","e21","g27",1,1,1,4.30433360307157e-06,12.3558882281012
"d24 e21 zoo",1,"d24","e21","zoo",1,1,21,9.0391005664503e-05,9.31136579037778
"d24 f5 f12",1,"d24","f5","f12",1,36,22,0.00340903221363268,5.68132683628678
"d24 f5 f39",1,"d24","f5","f39",1,36,2,0.000309912019421153,8.07922210908515
"d24 f5 g17",1,"d24","f5","g17",1,36,1,0.000154956009710577,8.77236928964509
"d24 f5 g25",1,"d24","f5","g25",1,36,1,0.000154956009710577,8.77236928964509
"d24 f5 g26",1,"d24","f5","g26",1,36,2,0.000309912019421153,8.07922210908515
"d24 f5 g27",1,"d24","f5","g27",1,36,1,0.000154956009710577,8.77236928964509
"d24 f5 zoo",1,"d24","f5","zoo",1,36,21,0.00325407620392211,5.72784685192167
"d24 f12 f39",1,"d24","f12","f39",1,22,2,0.000189390678535149,8.57169859418294
"d24 f12 g17",1,"d24","f12","g17",1,22,1,9.46953392675746e-05,9.26484577474288
"d24 f12 g25",1,"d24","f12","g25",1,22,1,9.46953392675746e-05,9.26484577474288
"d24 f12 g26",1,"d24","f12","g26",1,22,2,0.000189390678535149,8.57169859418294
"d24 f12 g27",1,"d24","f12","g27",1,22,1,9.46953392675746e-05,9.26484577474288
"d24 f12 zoo",1,"d24","f12","zoo",1,22,21,0.00198860212461907,6.22032333701946
"d24 f39 g17",1,"d24","f39","g17",1,2,1,8.60866720614314e-06,11.6627410475413
"d24 f39 g25",1,"d24","f39","g25",1,2,1,8.60866720614314e-06,11.6627410475413
"d24 f39 g26",1,"d24","f39","g26",1,2,2,1.72173344122863e-05,10.9695938669813
"d24 f39 g27",1,"d24","f39","g27",1,2,1,8.60866720614314e-06,11.6627410475413
"d24 f39 zoo",1,"d24","f39","zoo",1,2,21,0.000180782011329006,8.61821860981783
"d24 g17 g25",1,"d24","g17","g25",1,1,1,4.30433360307157e-06,12.3558882281012
"d24 g17 g26",1,"d24","g17","g26",1,1,2,8.60866720614314e-06,11.6627410475413
"d24 g17 g27",1,"d24","g17","g27",1,1,1,4.30433360307157e-06,12.3558882281012
"d24 g17 zoo",1,"d24","g17","zoo",1,1,21,9.0391005664503e-05,9.31136579037778
"d24 g25 g26",1,"d24","g25","g26",1,1,2,8.60866720614314e-06,11.6627410475413
"d24 g25 g27",1,"d24","g25","g27",1,1,1,4.30433360307157e-06,12.3558882281012
"d24 g25 zoo",1,"d24","g25","zoo",1,1,21,9.0391005664503e-05,9.31136579037778
"d24 g26 g27",1,"d24","g26","g27",1,2,1,8.60866720614314e-06,11.6627410475413
"d24 g26 zoo",1,"d24","g26","zoo",1,2,21,0.000180782011329006,8.61821860981783
"d24 g27 zoo",1,"d24","g27","zoo",1,1,21,9.0391005664503e-05,9.31136579037778
"e1 e19 e21",1,"e1","e19","e21",17,3,1,0.00021952101375665,8.42406259537687
"e1 e19 f5",1,"e1","e19","f5",17,3,36,0.00790275649523941,4.84054365692077
"e1 e19 f12",1,"e1","e19","f12",17,3,22,0.0048294623026463,5.33302014201856
"e1 e19 f39",1,"e1","e19","f39",17,3,2,0.0004390420275133,7.73091541481693
"e1 e19 g17",1,"e1","e19","g17",17,3,1,0.00021952101375665,8.42406259537687
"e1 e19 g25",1,"e1","e19","g25",17,3,1,0.00021952101375665,8.42406259537687
"e1 e19 g26",1,"e1","e19","g26",17,3,2,0.0004390420275133,7.73091541481693
"e1 e19 g27",1,"e1","e19","g27",17,3,1,0.00021952101375665,8.42406259537687
"e1 e19 zoo",1,"e1","e19","zoo",17,3,21,0.00460994128888965,5.37954015765345
"e1 e21 f5",1,"e1","e21","f5",17,1,36,0.0026342521650798,5.93915594558887
"e1 e21 f12",1,"e1","e21","f12",17,1,22,0.00160982076754877,6.43163243068667
"e1 e21 f39",1,"e1","e21","f39",17,1,2,0.000146347342504433,8.82952770348504
"e1 e21 g17",1,"e1","e21","g17",17,1,1,7.31736712522167e-05,9.52267488404499
"e1 e21 g25",1,"e1","e21","g25",17,1,1,7.31736712522167e-05,9.52267488404499
"e1 e21 g26",1,"e1","e21","g26",17,1,2,0.000146347342504433,8.82952770348504
"e1 e21 g27",1,"e1","e21","g27",17,1,1,7.31736712522167e-05,9.52267488404499
"e1 e21 zoo",1,"e1","e21","zoo",17,1,21,0.00153664709629655,6.47815244632156
"e1 f5 f39",1,"e1","f5","f39",17,36,2,0.0052685043301596,5.24600876502893
"e1 f5 g17",1,"e1","f5","g17",17,36,1,0.0026342521650798,5.93915594558887
"e1 f5 g25",1,"e1","f5","g25",17,36,1,0.0026342521650798,5.93915594558887
"e1 f5 g26",1,"e1","f5","g26",17,36,2,0.0052685043301596,5.24600876502893
"e1 f5 g27",1,"e1","f5","g27",17,36,1,0.0026342521650798,5.93915594558887
"e1 f5 zoo",1,"e1","f5","zoo",17,36,21,0.0553192954666758,2.89463350786545
"e1 f12 f39",1,"e1","f12","f39",17,22,2,0.00321964153509754,5.73848525012672
"e1 f12 g17",1,"e1","f12","g17",17,22,1,0.00160982076754877,6.43163243068667
"e1 f12 g25",1,"e1","f12","g25",17,22,1,0.00160982076754877,6.43163243068667
"e1 f12 g26",1,"e1","f12","g26",17,22,2,0.00321964153509754,5.73848525012672
"e1 f12 g27",1,"e1","f12","g27",17,22,1,0.00160982076754877,6.43163243068667
"e1 f39 g17",1,"e1","f39","g17",17,2,1,0.000146347342504433,8.82952770348504
"e1 f39 g25",1,"e1","f39","g25",17,2,1,0.000146347342504433,8.82952770348504
"e1 f39 g26",1,"e1","f39","g26",17,2,2,0.000292694685008867,8.13638052292509
"e1 f39 g27",1,"e1","f39","g27",17,2,1,0.000146347342504433,8.82952770348504
"e1 f39 zoo",1,"e1","f39","zoo",17,2,21,0.0030732941925931,5.78500526576162
"e1 g17 g25",1,"e1","g17","g25",17,1,1,7.31736712522167e-05,9.52267488404499
"e1 g17 g26",1,"e1","g17","g26",17,1,2,0.000146347342504433,8.82952770348504
"e1 g17 g27",1,"e1","g17","g27",17,1,1,7.31736712522167e-05,9.52267488404499
"e1 g17 zoo",1,"e1","g17","zoo",17,1,21,0.00153664709629655,6.47815244632156
"e1 g25 g26",1,"e1","g25","g26",17,1,2,0.000146347342504433,8.82952770348504
"e1 g25 g27",1,"e1","g25","g27",17,1,1,7.31736712522167e-05,9.52267488404499
"e1 g25 zoo",1,"e1","g25","zoo",17,1,21,0.00153664709629655,6.47815244632156
"e1 g26 g27",1,"e1","g26","g27",17,2,1,0.000146347342504433,8.82952770348504
"e1 g26 zoo",1,"e1","g26","zoo",17,2,21,0.0030732941925931,5.78500526576162
"e1 g27 zoo",1,"e1","g27","zoo",17,1,21,0.00153664709629655,6.47815244632156
"e19 e21 f5",1,"e19","e21","f5",3,1,36,0.00046486802913173,7.67375700097698
"e19 e21 f12",1,"e19","e21","f12",3,1,22,0.000284086017802724,8.16623348607478
"e19 e21 f39",1,"e19","e21","f39",3,1,2,2.58260016184294e-05,10.5641287588731
"e19 e21 g17",1,"e19","e21","g17",3,1,1,1.29130008092147e-05,11.2572759394331
"e19 e21 g25",1,"e19","e21","g25",3,1,1,1.29130008092147e-05,11.2572759394331
"e19 e21 g26",1,"e19","e21","g26",3,1,2,2.58260016184294e-05,10.5641287588731
"e19 e21 g27",1,"e19","e21","g27",3,1,1,1.29130008092147e-05,11.2572759394331
"e19 e21 zoo",1,"e19","e21","zoo",3,1,21,0.000271173016993509,8.21275350170967
"e19 f5 f12",1,"e19","f5","f12",3,36,22,0.0102270966408981,4.58271454761867
"e19 f5 f39",1,"e19","f5","f39",3,36,2,0.00092973605826346,6.98060982041704
"e19 f5 g17",1,"e19","f5","g17",3,36,1,0.00046486802913173,7.67375700097698
"e19 f5 g25",1,"e19","f5","g25",3,36,1,0.00046486802913173,7.67375700097698
"e19 f5 g26",1,"e19","f5","g26",3,36,2,0.00092973605826346,6.98060982041704
"e19 f5 g27",1,"e19","f5","g27",3,36,1,0.00046486802913173,7.67375700097698
"e19 f5 zoo",1,"e19","f5","zoo",3,36,21,0.00976222861176633,4.62923456325356
"e19 f12 f39",1,"e19","f12","f39",3,22,2,0.000568172035605447,7.47308630551483
"e19 f12 g17",1,"e19","f12","g17",3,22,1,0.000284086017802724,8.16623348607478
"e19 f12 g25",1,"e19","f12","g25",3,22,1,0.000284086017802724,8.16623348607478
"e19 f12 g26",1,"e19","f12","g26",3,22,2,0.000568172035605447,7.47308630551483
"e19 f12 g27",1,"e19","f12","g27",3,22,1,0.000284086017802724,8.16623348607478
"e19 f12 zoo",1,"e19","f12","zoo",3,22,21,0.0059658063738572,5.12171104835135
"e19 f39 g17",1,"e19","f39","g17",3,2,1,2.58260016184294e-05,10.5641287588731
"e19 f39 g25",1,"e19","f39","g25",3,2,1,2.58260016184294e-05,10.5641287588731
"e19 f39 g26",1,"e19","f39","g26",3,2,2,5.16520032368589e-05,9.8709815783132
"e19 f39 g27",1,"e19","f39","g27",3,2,1,2.58260016184294e-05,10.5641287588731
"e19 f39 zoo",1,"e19","f39","zoo",3,2,21,0.000542346033987018,7.51960632114972
"e19 g17 g25",1,"e19","g17","g25",3,1,1,1.29130008092147e-05,11.2572759394331
"e19 g17 g26",1,"e19","g17","g26",3,1,2,2.58260016184294e-05,10.5641287588731
"e19 g17 g27",1,"e19","g17","g27",3,1,1,1.29130008092147e-05,11.2572759394331
"e19 g17 zoo",1,"e19","g17","zoo",3,1,21,0.000271173016993509,8.21275350170967
"e19 g25 g26",1,"e19","g25","g26",3,1,2,2.58260016184294e-05,10.5641287588731
"e19 g25 g27",1,"e19","g25","g27",3,1,1,1.29130008092147e-05,11.2572759394331
"e19 g25 zoo",1,"e19","g25","zoo",3,1,21,0.000271173016993509,8.21275350170967
"e19 g26 g27",1,"e19","g26","g27",3,2,1,2.58260016184294e-05,10.5641287588731
"e19 g26 zoo",1,"e19","g26","zoo",3,2,21,0.000542346033987018,7.51960632114972
"e19 g27 zoo",1,"e19","g27","zoo",3,1,21,0.000271173016993509,8.21275350170967
"e21 f5 f12",1,"e21","f5","f12",1,36,22,0.00340903221363268,5.68132683628678
"e21 f5 f39",1,"e21","f5","f39",1,36,2,0.000309912019421153,8.07922210908515
"e21 f5 g17",1,"e21","f5","g17",1,36,1,0.000154956009710577,8.77236928964509
"e21 f5 g25",1,"e21","f5","g25",1,36,1,0.000154956009710577,8.77236928964509
"e21 f5 g26",1,"e21","f5","g26",1,36,2,0.000309912019421153,8.07922210908515
"e21 f5 g27",1,"e21","f5","g27",1,36,1,0.000154956009710577,8.77236928964509
"e21 f5 zoo",1,"e21","f5","zoo",1,36,21,0.00325407620392211,5.72784685192167
"e21 f12 f39",1,"e21","f12","f39",1,22,2,0.000189390678535149,8.57169859418294
"e21 f12 g17",1,"e21","f12","g17",1,22,1,9.46953392675746e-05,9.26484577474288
"e21 f12 g25",1,"e21","f12","g25",1,22,1,9.46953392675746e-05,9.26484577474288
"e21 f12 g26",1,"e21","f12","g26",1,22,2,0.000189390678535149,8.57169859418294
"e21 f12 g27",1,"e21","f12","g27",1,22,1,9.46953392675746e-05,9.26484577474288
"e21 f12 zoo",1,"e21","f12","zoo",1,22,21,0.00198860212461907,6.22032333701946
"e21 f39 g17",1,"e21","f39","g17",1,2,1,8.60866720614314e-06,11.6627410475413
"e21 f39 g25",1,"e21","f39","g25",1,2,1,8.60866720614314e-06,11.6627410475413
"e21 f39 g26",1,"e21","f39","g26",1,2,2,1.72173344122863e-05,10.9695938669813
"e21 f39 g27",1,"e21","f39","g27",1,2,1,8.60866720614314e-06,11.6627410475413
"e21 f39 zoo",1,"e21","f39","zoo",1,2,21,0.000180782011329006,8.61821860981783
"e21 g17 g25",1,"e21","g17","g25",1,1,1,4.30433360307157e-06,12.3558882281012
"e21 g17 g26",1,"e21","g17","g26",1,1,2,8.60866720614314e-06,11.6627410475413
"e21 g17 g27",1,"e21","g17","g27",1,1,1,4.30433360307157e-06,12.3558882281012
"e21 g17 zoo",1,"e21","g17","zoo",1,1,21,9.0391005664503e-05,9.31136579037778
"e21 g25 g26",1,"e21","g25","g26",1,1,2,8.60866720614314e-06,11.6627410475413
"e21 g25 g27",1,"e21","g25","g27",1,1,1,4.30433360307157e-06,12.3558882281012
"e21 g25 zoo",1,"e21","g25","zoo",1,1,21,9.0391005664503e-05,9.31136579037778
"e21 g26 g27",1,"e21","g26","g27",1,2,1,8.60866720614314e-06,11.6627410475413
"e21 g26 zoo",1,"e21","g26","zoo",1,2,21,0.000180782011329006,8.61821860981783
"e21 g27 zoo",1,"e21","g27","zoo",1,1,21,9.0391005664503e-05,9.31136579037778
"f5 f12 f39",1,"f5","f12","f39",36,22,2,0.00681806442726537,4.98817965572683
"f5 f12 g17",1,"f5","f12","g17",36,22,1,0.00340903221363269,5.68132683628678
"f5 f12 g25",1,"f5","f12","g25",36,22,1,0.00340903221363269,5.68132683628678
"f5 f12 g26",1,"f5","f12","g26",36,22,2,0.00681806442726537,4.98817965572683
"f5 f12 g27",1,"f5","f12","g27",36,22,1,0.00340903221363269,5.68132683628678
"f5 f12 zoo",1,"f5","f12","zoo",36,22,21,0.0715896764862864,2.63680439856335
"f5 f39 g17",1,"f5","f39","g17",36,2,1,0.000309912019421153,8.07922210908515
"f5 f39 g25",1,"f5","f39","g25",36,2,1,0.000309912019421153,8.07922210908515
"f5 f39 g26",1,"f5","f39","g26",36,2,2,0.000619824038842306,7.3860749285252
"f5 f39 g27",1,"f5","f39","g27",36,2,1,0.000309912019421153,8.07922210908515
"f5 f39 zoo",1,"f5","f39","zoo",36,2,21,0.00650815240784422,5.03469967136172
"f5 g17 g25",1,"f5","g17","g25",36,1,1,0.000154956009710577,8.77236928964509
"f5 g17 g26",1,"f5","g17","g26",36,1,2,0.000309912019421153,8.07922210908515
"f5 g17 g27",1,"f5","g17","g27",36,1,1,0.000154956009710577,8.77236928964509
"f5 g17 zoo",1,"f5","g17","zoo",36,1,21,0.00325407620392211,5.72784685192167
"f5 g25 g26",1,"f5","g25","g26",36,1,2,0.000309912019421153,8.07922210908515
"f5 g25 g27",1,"f5","g25","g27",36,1,1,0.000154956009710577,8.77236928964509
"f5 g25 zoo",1,"f5","g25","zoo",36,1,21,0.00325407620392211,5.72784685192167
"f5 g26 g27",1,"f5","g26","g27",36,2,1,0.000309912019421153,8.07922210908515
"f5 g26 zoo",1,"f5","g26","zoo",36,2,21,0.00650815240784422,5.03469967136172
"f5 g27 zoo",1,"f5","g27","zoo",36,1,21,0.00325407620392211,5.72784685192167
"f12 f39 g17",1,"f12","f39","g17",22,2,1,0.000189390678535149,8.57169859418294
"f12 f39 g25",1,"f12","f39","g25",22,2,1,0.000189390678535149,8.57169859418294
"f12 f39 g26",1,"f12","f39","g26",22,2,2,0.000378781357070298,7.87855141362299
"f12 f39 g27",1,"f12","f39","g27",22,2,1,0.000189390678535149,8.57169859418294
"f12 f39 zoo",1,"f12","f39","zoo",22,2,21,0.00397720424923813,5.52717615645952
"f12 g17 g25",1,"f12","g17","g25",22,1,1,9.46953392675746e-05,9.26484577474288
"f12 g17 g26",1,"f12","g17","g26",22,1,2,0.000189390678535149,8.57169859418294
"f12 g17 g27",1,"f12","g17","g27",22,1,1,9.46953392675746e-05,9.26484577474288
"f12 g17 zoo",1,"f12","g17","zoo",22,1,21,0.00198860212461907,6.22032333701946
"f12 g25 g26",1,"f12","g25","g26",22,1,2,0.000189390678535149,8.57169859418294
"f12 g25 g27",1,"f12","g25","g27",22,1,1,9.46953392675746e-05,9.26484577474288
"f12 g25 zoo",1,"f12","g25","zoo",22,1,21,0.00198860212461907,6.22032333701946
"f12 g26 g27",1,"f12","g26","g27",22,2,1,0.000189390678535149,8.57169859418294
"f12 g26 zoo",1,"f12","g26","zoo",22,2,21,0.00397720424923813,5.52717615645952
"f12 g27 zoo",1,"f12","g27","zoo",22,1,21,0.00198860212461907,6.22032333701946
"f39 g17 g25",1,"f39","g17","g25",2,1,1,8.60866720614314e-06,11.6627410475413
"f39 g17 g26",1,"f39","g17","g26",2,1,2,1.72173344122863e-05,10.9695938669813
"f39 g17 g27",1,"f39","g17","g27",2,1,1,8.60866720614314e-06,11.6627410475413
"f39 g17 zoo",1,"f39","g17","zoo",2,1,21,0.000180782011329006,8.61821860981783
"f39 g25 g26",1,"f39","g25","g26",2,1,2,1.72173344122863e-05,10.9695938669813
"f39 g25 g27",1,"f39","g25","g27",2,1,1,8.60866720614314e-06,11.6627410475413
"f39 g25 zoo",1,"f39","g25","zoo",2,1,21,0.000180782011329006,8.61821860981783
"f39 g26 g27",1,"f39","g26","g27",2,2,1,1.72173344122863e-05,10.9695938669813
"f39 g26 zoo",1,"f39","g26","zoo",2,2,21,0.000361564022658012,7.92507142925789
"f39 g27 zoo",1,"f39","g27","zoo",2,1,21,0.000180782011329006,8.61821860981783
"g17 g25 g26",1,"g17","g25","g26",1,1,2,8.60866720614314e-06,11.6627410475413
"g17 g25 g27",1,"g17","g25","g27",1,1,1,4.30433360307157e-06,12.3558882281012
"g17 g25 zoo",1,"g17","g25","zoo",1,1,21,9.0391005664503e-05,9.31136579037778
"g17 g26 g27",1,"g17","g26","g27",1,2,1,8.60866720614314e-06,11.6627410475413
"g17 g26 zoo",1,"g17","g26","zoo",1,2,21,0.000180782011329006,8.61821860981783
"g17 g27 zoo",1,"g17","g27","zoo",1,1,21,9.0391005664503e-05,9.31136579037778
"g25 g26 g27",1,"g25","g26","g27",1,2,1,8.60866720614314e-06,11.6627410475413
"g25 g26 zoo",1,"g25","g26","zoo",1,2,21,0.000180782011329006,8.61821860981783
"g25 g27 zoo",1,"g25","g27","zoo",1,1,21,9.0391005664503e-05,9.31136579037778
"g26 g27 zoo",1,"g26","g27","zoo",2,1,21,0.000180782011329006,8.61821860981783
"b8 h1 i1",1,"b8","h1","i1",6,49,34,0.0430261186963034,3.14594793614636
"a1 c1 d32",1,"a1","c1","d32",136,125,1,0.0731736712522167,2.61491960506285
"a1 c1 f48",1,"a1","c1","f48",136,125,2,0.146347342504433,1.9217724245029
"a1 c1 g3",1,"a1","c1","g3",136,125,1,0.0731736712522167,2.61491960506285
"a1 c1 g8",1,"a1","c1","g8",136,125,1,0.0731736712522167,2.61491960506285
"a1 d15 d32",1,"a1","d15","d32",136,11,1,0.00643928307019507,5.04533806956678
"a1 d15 f13",1,"a1","d15","f13",136,11,9,0.0579535476317556,2.84811349223056
"a1 d15 f48",1,"a1","d15","f48",136,11,2,0.0128785661403901,4.35219088900683
"a1 d15 g3",1,"a1","d15","g3",136,11,1,0.00643928307019507,5.04533806956678
"a1 d15 g8",1,"a1","d15","g8",136,11,1,0.00643928307019507,5.04533806956678
"a1 d32 f13",1,"a1","d32","f13",136,1,9,0.0052685043301596,5.24600876502893
"a1 d32 f48",1,"a1","d32","f48",136,1,2,0.00117077874003547,6.7500861618052
"a1 d32 g1",1,"a1","d32","g1",136,1,97,0.0567827688917202,2.86852236386177
"a1 d32 g3",1,"a1","d32","g3",136,1,1,0.000585389370017734,7.44323334236515
"a1 d32 g7",1,"a1","d32","g7",136,1,3,0.0017561681100532,6.34462105369704
"a1 d32 g8",1,"a1","d32","g8",136,1,1,0.000585389370017734,7.44323334236515
"a1 f13 f48",1,"a1","f13","f48",136,9,2,0.0105370086603192,4.55286158446898
"a1 f13 g3",1,"a1","f13","g3",136,9,1,0.0052685043301596,5.24600876502893
"a1 f13 g7",1,"a1","f13","g7",136,9,3,0.0158055129904788,4.14739647636082
"a1 f13 g8",1,"a1","f13","g8",136,9,1,0.0052685043301596,5.24600876502893
"a1 f48 g1",1,"a1","f48","g1",136,2,97,0.11356553778344,2.17537518330182
"a1 f48 g3",1,"a1","f48","g3",136,2,1,0.00117077874003547,6.7500861618052
"a1 f48 g7",1,"a1","f48","g7",136,2,3,0.0035123362201064,5.65147387313709
"a1 f48 g8",1,"a1","f48","g8",136,2,1,0.00117077874003547,6.7500861618052
"a1 g1 g3",1,"a1","g1","g3",136,97,1,0.0567827688917202,2.86852236386177
"a1 g1 g8",1,"a1","g1","g8",136,97,1,0.0567827688917202,2.86852236386177
"a1 g3 g7",1,"a1","g3","g7",136,1,3,0.0017561681100532,6.34462105369704
"a1 g3 g8",1,"a1","g3","g8",136,1,1,0.000585389370017734,7.44323334236515
"a1 g7 g8",1,"a1","g7","g8",136,3,1,0.0017561681100532,6.34462105369704
"c1 d15 d32",1,"c1","d15","d32",125,11,1,0.00591845870422341,5.12967921800053
"c1 d15 f13",1,"c1","d15","f13",125,11,9,0.0532661283380107,2.93245464066431
"c1 d15 f48",1,"c1","d15","f48",125,11,2,0.0118369174084468,4.43653203744058
"c1 d15 g3",1,"c1","d15","g3",125,11,1,0.00591845870422341,5.12967921800053
"c1 d15 g7",1,"c1","d15","g7",125,11,3,0.0177553761126702,4.03106692933242
"c1 d15 g8",1,"c1","d15","g8",125,11,1,0.00591845870422341,5.12967921800053
"c1 d32 f13",1,"c1","d32","f13",125,1,9,0.00484237530345552,5.33034991346268
"c1 d32 f48",1,"c1","d32","f48",125,1,2,0.00107608340076789,6.83442731023895
"c1 d32 g1",1,"c1","d32","g1",125,1,97,0.0521900449372428,2.95286351229552
"c1 d32 g3",1,"c1","d32","g3",125,1,1,0.000538041700383947,7.5275744907989
"c1 d32 g7",1,"c1","d32","g7",125,1,3,0.00161412510115184,6.42896220213079
"c1 d32 g8",1,"c1","d32","g8",125,1,1,0.000538041700383947,7.5275744907989
"c1 f13 f48",1,"c1","f13","f48",125,9,2,0.00968475060691104,4.63720273290273
"c1 f13 g3",1,"c1","f13","g3",125,9,1,0.00484237530345552,5.33034991346268
"c1 f13 g7",1,"c1","f13","g7",125,9,3,0.0145271259103666,4.23173762479457
"c1 f13 g8",1,"c1","f13","g8",125,9,1,0.00484237530345552,5.33034991346268
"c1 f48 g1",1,"c1","f48","g1",125,2,97,0.104380089874486,2.25971633173557
"c1 f48 g3",1,"c1","f48","g3",125,2,1,0.00107608340076789,6.83442731023895
"c1 f48 g7",1,"c1","f48","g7",125,2,3,0.00322825020230368,5.73581502157084
"c1 f48 g8",1,"c1","f48","g8",125,2,1,0.00107608340076789,6.83442731023895
"c1 g1 g3",1,"c1","g1","g3",125,97,1,0.0521900449372428,2.95286351229552
"c1 g1 g8",1,"c1","g1","g8",125,97,1,0.0521900449372428,2.95286351229552
"c1 g3 g7",1,"c1","g3","g7",125,1,3,0.00161412510115184,6.42896220213079
"c1 g3 g8",1,"c1","g3","g8",125,1,1,0.000538041700383947,7.5275744907989
"c1 g7 g8",1,"c1","g7","g8",125,3,1,0.00161412510115184,6.42896220213079
"d15 d32 f13",1,"d15","d32","f13",11,1,9,0.000426129026704086,7.76076837796661
"d15 d32 f48",1,"d15","d32","f48",11,1,2,9.46953392675746e-05,9.26484577474288
"d15 d32 g1",1,"d15","d32","g1",11,1,97,0.00459272395447737,5.38328197679945
"d15 d32 g3",1,"d15","d32","g3",11,1,1,4.73476696337873e-05,9.95799295530283
"d15 d32 g7",1,"d15","d32","g7",11,1,3,0.000142043008901362,8.85938066663472
"d15 d32 g8",1,"d15","d32","g8",11,1,1,4.73476696337873e-05,9.95799295530283
"d15 f13 f48",1,"d15","f13","f48",11,9,2,0.000852258053408171,7.06762119740667
"d15 f13 g1",1,"d15","f13","g1",11,9,97,0.0413345155902963,3.18605739946323
"d15 f13 g3",1,"d15","f13","g3",11,9,1,0.000426129026704086,7.76076837796661
"d15 f13 g7",1,"d15","f13","g7",11,9,3,0.00127838708011226,6.6621560892985
"d15 f13 g8",1,"d15","f13","g8",11,9,1,0.000426129026704086,7.76076837796661
"d15 f48 g1",1,"d15","f48","g1",11,2,97,0.00918544790895474,4.6901347962395
"d15 f48 g3",1,"d15","f48","g3",11,2,1,9.46953392675746e-05,9.26484577474288
"d15 f48 g7",1,"d15","f48","g7",11,2,3,0.000284086017802724,8.16623348607478
"d15 f48 g8",1,"d15","f48","g8",11,2,1,9.46953392675746e-05,9.26484577474288
"d15 g1 g3",1,"d15","g1","g3",11,97,1,0.00459272395447737,5.38328197679945
"d15 g1 g8",1,"d15","g1","g8",11,97,1,0.00459272395447737,5.38328197679945
"d15 g3 g7",1,"d15","g3","g7",11,1,3,0.000142043008901362,8.85938066663472
"d15 g3 g8",1,"d15","g3","g8",11,1,1,4.73476696337873e-05,9.95799295530283
"d15 g7 g8",1,"d15","g7","g8",11,3,1,0.000142043008901362,8.85938066663472
"d32 f13 f48",1,"d32","f13","f48",1,9,2,7.74780048552883e-05,9.46551647020504
"d32 f13 g1",1,"d32","f13","g1",1,9,97,0.00375768323548148,5.5839526722616
"d32 f13 g3",1,"d32","f13","g3",1,9,1,3.87390024276441e-05,10.158663650765
"d32 f13 g7",1,"d32","f13","g7",1,9,3,0.000116217007282932,9.06005136209687
"d32 f13 g8",1,"d32","f13","g8",1,9,1,3.87390024276441e-05,10.158663650765
"d32 f48 g1",1,"d32","f48","g1",1,2,97,0.000835040718995885,7.08803006903787
"d32 f48 g3",1,"d32","f48","g3",1,2,1,8.60866720614314e-06,11.6627410475413
"d32 f48 g7",1,"d32","f48","g7",1,2,3,2.58260016184294e-05,10.5641287588731
"d32 f48 g8",1,"d32","f48","g8",1,2,1,8.60866720614314e-06,11.6627410475413
"d32 g1 g3",1,"d32","g1","g3",1,97,1,0.000417520359497943,7.78117724959782
"d32 g1 g7",1,"d32","g1","g7",1,97,3,0.00125256107849383,6.68256496092971
"d32 g1 g8",1,"d32","g1","g8",1,97,1,0.000417520359497943,7.78117724959782
"d32 g3 g7",1,"d32","g3","g7",1,1,3,1.29130008092147e-05,11.2572759394331
"d32 g3 g8",1,"d32","g3","g8",1,1,1,4.30433360307157e-06,12.3558882281012
"d32 g7 g8",1,"d32","g7","g8",1,3,1,1.29130008092147e-05,11.2572759394331
"f13 f48 g1",1,"f13","f48","g1",9,2,97,0.00751536647096296,4.89080549170165
"f13 f48 g3",1,"f13","f48","g3",9,2,1,7.74780048552883e-05,9.46551647020504
"f13 f48 g7",1,"f13","f48","g7",9,2,3,0.000232434014565865,8.36690418153693
"f13 f48 g8",1,"f13","f48","g8",9,2,1,7.74780048552883e-05,9.46551647020504
"f13 g1 g3",1,"f13","g1","g3",9,97,1,0.00375768323548148,5.5839526722616
"f13 g1 g7",1,"f13","g1","g7",9,97,3,0.0112730497064444,4.48534038359349
"f13 g1 g8",1,"f13","g1","g8",9,97,1,0.00375768323548148,5.5839526722616
"f13 g3 g7",1,"f13","g3","g7",9,1,3,0.000116217007282932,9.06005136209687
"f13 g3 g8",1,"f13","g3","g8",9,1,1,3.87390024276441e-05,10.158663650765
"f13 g7 g8",1,"f13","g7","g8",9,3,1,0.000116217007282932,9.06005136209687
"f48 g1 g3",1,"f48","g1","g3",2,97,1,0.000835040718995885,7.08803006903787
"f48 g1 g7",1,"f48","g1","g7",2,97,3,0.00250512215698765,5.98941778036976
"f48 g1 g8",1,"f48","g1","g8",2,97,1,0.000835040718995885,7.08803006903787
"f48 g3 g7",1,"f48","g3","g7",2,1,3,2.58260016184294e-05,10.5641287588731
"f48 g3 g8",1,"f48","g3","g8",2,1,1,8.60866720614314e-06,11.6627410475413
"f48 g7 g8",1,"f48","g7","g8",2,3,1,2.58260016184294e-05,10.5641287588731
"g1 g3 g7",1,"g1","g3","g7",97,1,3,0.00125256107849383,6.68256496092971
"g1 g3 g8",1,"g1","g3","g8",97,1,1,0.000417520359497943,7.78117724959782
"g1 g7 g8",1,"g1","g7","g8",97,3,1,0.00125256107849383,6.68256496092971
"g3 g7 g8",1,"g3","g7","g8",1,3,1,1.29130008092147e-05,11.2572759394331
"b11 c1 d3",1,"b11","c1","d3",3,125,8,0.0129130008092147,4.34952066045095
"b11 c1 f5",1,"b11","c1","f5",3,125,36,0.0581085036414662,2.84544326367468
"b11 c1 f51",1,"b11","c1","f51",3,125,3,0.00484237530345552,5.33034991346268
"b11 c1 f52",1,"b11","c1","f52",3,125,2,0.00322825020230368,5.73581502157084
"b11 c1 g1",1,"b11","c1","g1",3,125,97,0.156570134811728,1.85425122362741
"b11 c1 zoo",1,"b11","c1","zoo",3,125,21,0.0338966271241886,3.38443976440737
"b11 d3 f5",1,"b11","d3","f5",3,8,36,0.00371894423305384,5.59431545929715
"b11 d3 f51",1,"b11","d3","f51",3,8,3,0.000309912019421153,8.07922210908515
"b11 d3 f52",1,"b11","d3","f52",3,8,2,0.000206608012947435,8.48468721719331
"b11 d3 g1",1,"b11","d3","g1",3,8,97,0.0100204886279506,4.60312341924987
"b11 d3 zoo",1,"b11","d3","zoo",3,8,21,0.00216938413594807,6.13331196002983
"b11 f5 f51",1,"b11","f5","f51",3,36,3,0.00139460408739519,6.57514471230887
"b11 f5 f52",1,"b11","f5","f52",3,36,2,0.00092973605826346,6.98060982041704
"b11 f5 g1",1,"b11","f5","g1",3,36,97,0.0450921988257778,3.0990460224736
"b11 f5 zoo",1,"b11","f5","zoo",3,36,21,0.00976222861176633,4.62923456325356
"b11 f51 f52",1,"b11","f51","f52",3,3,2,7.74780048552883e-05,9.46551647020504
"b11 f51 g1",1,"b11","f51","g1",3,3,97,0.00375768323548148,5.5839526722616
"b11 f51 zoo",1,"b11","f51","zoo",3,3,21,0.000813519050980527,7.11414121304156
"b11 f52 g1",1,"b11","f52","g1",3,2,97,0.00250512215698765,5.98941778036976
"b11 f52 zoo",1,"b11","f52","zoo",3,2,21,0.000542346033987018,7.51960632114972
"b11 g1 zoo",1,"b11","g1","zoo",3,97,21,0.0263037826483704,3.63804252320629
"c1 d3 f51",1,"c1","d3","f51",125,8,3,0.0129130008092147,4.34952066045095
"c1 d3 f52",1,"c1","d3","f52",125,8,2,0.00860866720614315,4.75498576855912
"c1 d3 zoo",1,"c1","d3","zoo",125,8,21,0.090391005664503,2.40361051139564
"c1 f5 f51",1,"c1","f5","f51",125,36,3,0.0581085036414662,2.84544326367468
"c1 f5 f52",1,"c1","f5","f52",125,36,2,0.0387390024276442,3.25090837178284
"c1 f5 zoo",1,"c1","f5","zoo",125,36,21,0.406759525490264,0.899533114619366
"c1 f51 f52",1,"c1","f51","f52",125,3,2,0.00322825020230368,5.73581502157084
"c1 f51 g1",1,"c1","f51","g1",125,3,97,0.156570134811728,1.85425122362741
"c1 f51 zoo",1,"c1","f51","zoo",125,3,21,0.0338966271241886,3.38443976440737
"c1 f52 zoo",1,"c1","f52","zoo",125,2,21,0.0225977514161258,3.78990487251553
"d3 f5 f51",1,"d3","f5","f51",8,36,3,0.00371894423305384,5.59431545929715
"d3 f5 f52",1,"d3","f5","f52",8,36,2,0.00247929615536923,5.99978056740531
"d3 f5 g1",1,"d3","f5","g1",8,36,97,0.120245863535407,2.11821676946187
"d3 f5 zoo",1,"d3","f5","zoo",8,36,21,0.0260326096313769,3.64840531024183
"d3 f51 f52",1,"d3","f51","f52",8,3,2,0.000206608012947435,8.48468721719331
"d3 f51 g1",1,"d3","f51","g1",8,3,97,0.0100204886279506,4.60312341924987
"d3 f51 zoo",1,"d3","f51","zoo",8,3,21,0.00216938413594807,6.13331196002983
"d3 f52 g1",1,"d3","f52","g1",8,2,97,0.00668032575196708,5.00858852735804
"d3 f52 zoo",1,"d3","f52","zoo",8,2,21,0.00144625609063205,6.538777068138
"f5 f51 f52",1,"f5","f51","f52",36,3,2,0.00092973605826346,6.98060982041704
"f5 f51 g1",1,"f5","f51","g1",36,3,97,0.0450921988257778,3.0990460224736
"f5 f51 zoo",1,"f5","f51","zoo",36,3,21,0.00976222861176633,4.62923456325356
"f5 f52 g1",1,"f5","f52","g1",36,2,97,0.0300614658838519,3.50451113058176
"f5 f52 zoo",1,"f5","f52","zoo",36,2,21,0.00650815240784422,5.03469967136172
"f5 g1 zoo",1,"f5","g1","zoo",36,97,21,0.315645391780445,1.15313587341828
"f51 f52 g1",1,"f51","f52","g1",3,2,97,0.00250512215698765,5.98941778036976
"f51 f52 zoo",1,"f51","f52","zoo",3,2,21,0.000542346033987018,7.51960632114972
"f51 g1 zoo",1,"f51","g1","zoo",3,97,21,0.0263037826483704,3.63804252320629
"f52 g1 zoo",1,"f52","g1","zoo",2,97,21,0.0175358550989136,4.04350763131445
"c1 c4 d7",1,"c1","c4","d7",125,6,3,0.00968475060691104,4.63720273290274
"c1 c4 e4",1,"c1","c4","e4",125,6,12,0.0387390024276441,3.25090837178284
"c1 c4 e15",1,"c1","c4","e15",125,6,1,0.00322825020230368,5.73581502157084
"c1 c4 f34",1,"c1","c4","f34",125,6,1,0.00322825020230368,5.73581502157084
"c1 c5 d7",1,"c1","c5","d7",125,18,3,0.0290542518207331,3.53859044423463
"c1 c5 e4",1,"c1","c5","e4",125,18,12,0.116217007282932,2.15229608311473
"c1 c5 e15",1,"c1","c5","e15",125,18,1,0.00968475060691104,4.63720273290273
"c1 c5 f34",1,"c1","c5","f34",125,18,1,0.00968475060691104,4.63720273290273
"c1 c12 d7",1,"c1","c12","d7",125,9,3,0.0145271259103666,4.23173762479457
"c1 c12 e4",1,"c1","c12","e4",125,9,12,0.0581085036414662,2.84544326367468
"c1 c12 e15",1,"c1","c12","e15",125,9,1,0.00484237530345552,5.33034991346268
"c1 c12 f34",1,"c1","c12","f34",125,9,1,0.00484237530345552,5.33034991346268
"c1 c13 d7",1,"c1","c13","d7",125,8,3,0.0129130008092147,4.34952066045095
"c1 c13 e4",1,"c1","c13","e4",125,8,12,0.0516520032368589,2.96322629933106
"c1 c13 e15",1,"c1","c13","e15",125,8,1,0.00430433360307157,5.44813294911906
"c1 c13 f34",1,"c1","c13","f34",125,8,1,0.00430433360307157,5.44813294911906
"c1 d7 e4",1,"c1","d7","e4",125,3,12,0.0193695012138221,3.94405555234279
"c1 d7 e15",1,"c1","d7","e15",125,3,1,0.00161412510115184,6.42896220213079
"c1 d7 f34",1,"c1","d7","f34",125,3,1,0.00161412510115184,6.42896220213079
"c1 e4 e15",1,"c1","e4","e15",125,12,1,0.00645650040460736,5.0426678410109
"c1 e4 f34",1,"c1","e4","f34",125,12,1,0.00645650040460736,5.0426678410109
"c1 e15 f34",1,"c1","e15","f34",125,1,1,0.000538041700383947,7.5275744907989
"c4 c5 d7",1,"c4","c5","d7",6,18,3,0.00139460408739519,6.57514471230887
"c4 c5 e4",1,"c4","c5","e4",6,18,12,0.00557841634958076,5.18885035118898
"c4 c5 e15",1,"c4","c5","e15",6,18,1,0.00046486802913173,7.67375700097698
"c4 c5 f34",1,"c4","c5","f34",6,18,1,0.00046486802913173,7.67375700097698
"c4 c12 d7",1,"c4","c12","d7",6,9,3,0.000697302043697595,7.26829189286882
"c4 c12 e4",1,"c4","c12","e4",6,9,12,0.00278920817479038,5.88199753174893
"c4 c12 e15",1,"c4","c12","e15",6,9,1,0.000232434014565865,8.36690418153693
"c4 c12 f34",1,"c4","c12","f34",6,9,1,0.000232434014565865,8.36690418153693
"c4 c13 d7",1,"c4","c13","d7",6,8,3,0.000619824038842306,7.3860749285252
"c4 c13 e4",1,"c4","c13","e4",6,8,12,0.00247929615536923,5.99978056740531
"c4 c13 e15",1,"c4","c13","e15",6,8,1,0.000206608012947435,8.48468721719331
"c4 c13 f34",1,"c4","c13","f34",6,8,1,0.000206608012947435,8.48468721719331
"c4 d7 e4",1,"c4","d7","e4",6,3,12,0.00092973605826346,6.98060982041704
"c4 d7 e15",1,"c4","d7","e15",6,3,1,7.74780048552883e-05,9.46551647020504
"c4 d7 f34",1,"c4","d7","f34",6,3,1,7.74780048552883e-05,9.46551647020504
"c4 e4 e15",1,"c4","e4","e15",6,12,1,0.000309912019421153,8.07922210908515
"c4 e4 f34",1,"c4","e4","f34",6,12,1,0.000309912019421153,8.07922210908515
"c4 e15 f34",1,"c4","e15","f34",6,1,1,2.58260016184294e-05,10.5641287588731
"c5 c12 d7",1,"c5","c12","d7",18,9,3,0.00209190613109278,6.16967960420071
"c5 c12 e4",1,"c5","c12","e4",18,9,12,0.00836762452437114,4.78338524308082
"c5 c12 e15",1,"c5","c12","e15",18,9,1,0.000697302043697595,7.26829189286882
"c5 c12 f34",1,"c5","c12","f34",18,9,1,0.000697302043697595,7.26829189286882
"c5 c13 d7",1,"c5","c13","d7",18,8,3,0.00185947211652692,6.28746263985709
"c5 c13 e4",1,"c5","c13","e4",18,8,12,0.00743788846610768,4.9011682787372
"c5 c13 e15",1,"c5","c13","e15",18,8,1,0.000619824038842306,7.3860749285252
"c5 c13 f34",1,"c5","c13","f34",18,8,1,0.000619824038842306,7.3860749285252
"c5 d7 e4",1,"c5","d7","e4",18,3,12,0.00278920817479038,5.88199753174893
"c5 d7 e15",1,"c5","d7","e15",18,3,1,0.000232434014565865,8.36690418153693
"c5 d7 f34",1,"c5","d7","f34",18,3,1,0.000232434014565865,8.36690418153693
"c5 e4 e15",1,"c5","e4","e15",18,12,1,0.00092973605826346,6.98060982041704
"c5 e4 f34",1,"c5","e4","f34",18,12,1,0.00092973605826346,6.98060982041704
"c5 e15 f34",1,"c5","e15","f34",18,1,1,7.74780048552883e-05,9.46551647020504
"c12 c13 d7",1,"c12","c13","d7",9,8,3,0.00092973605826346,6.98060982041704
"c12 c13 e4",1,"c12","c13","e4",9,8,12,0.00371894423305384,5.59431545929715
"c12 c13 e15",1,"c12","c13","e15",9,8,1,0.000309912019421153,8.07922210908515
"c12 c13 f34",1,"c12","c13","f34",9,8,1,0.000309912019421153,8.07922210908515
"c12 d7 e4",1,"c12","d7","e4",9,3,12,0.00139460408739519,6.57514471230887
"c12 d7 e15",1,"c12","d7","e15",9,3,1,0.000116217007282932,9.06005136209687
"c12 d7 f34",1,"c12","d7","f34",9,3,1,0.000116217007282932,9.06005136209687
"c12 e4 e15",1,"c12","e4","e15",9,12,1,0.00046486802913173,7.67375700097698
"c12 e4 f34",1,"c12","e4","f34",9,12,1,0.00046486802913173,7.67375700097698
"c12 e15 f34",1,"c12","e15","f34",9,1,1,3.87390024276441e-05,10.158663650765
"c13 d7 e4",1,"c13","d7","e4",8,3,12,0.00123964807768461,6.69292774796526
"c13 d7 e15",1,"c13","d7","e15",8,3,1,0.000103304006473718,9.17783439775326
"c13 d7 f34",1,"c13","d7","f34",8,3,1,0.000103304006473718,9.17783439775326
"c13 e4 e15",1,"c13","e4","e15",8,12,1,0.000413216025894871,7.79154003663336
"c13 e4 f34",1,"c13","e4","f34",8,12,1,0.000413216025894871,7.79154003663336
"c13 e15 f34",1,"c13","e15","f34",8,1,1,3.44346688245726e-05,10.2764466864214
"d7 e4 e15",1,"d7","e4","e15",3,12,1,0.000154956009710577,8.77236928964509
"d7 e4 f34",1,"d7","e4","f34",3,12,1,0.000154956009710577,8.77236928964509
"d7 e15 f34",1,"d7","e15","f34",3,1,1,1.29130008092147e-05,11.2572759394331
"e4 e15 f34",1,"e4","e15","f34",12,1,1,5.16520032368589e-05,9.8709815783132
"a1 f5 g1",2,"a1","f5","g1",136,36,97,2.04417968010193,-0.0218493940343991
"b6 f5 f6",1,"b6","f5","f6",14,36,1,0.00216938413594807,6.13331196002983
"b6 f5 f16",1,"b6","f5","f16",14,36,3,0.00650815240784422,5.03469967136172
"b6 f5 f48",1,"b6","f5","f48",14,36,2,0.00433876827189615,5.44016477946989
"b6 f6 f16",1,"b6","f6","f16",14,1,3,0.000180782011329006,8.61821860981783
"b6 f6 f48",1,"b6","f6","f48",14,1,2,0.000120521340886004,9.023683717926
"b6 f16 f48",1,"b6","f16","f48",14,3,2,0.000361564022658012,7.92507142925789
"f5 f6 f16",1,"f5","f6","f16",36,1,3,0.00046486802913173,7.67375700097698
"f5 f6 f48",1,"f5","f6","f48",36,1,2,0.000309912019421153,8.07922210908515
"f5 f16 f48",1,"f5","f16","f48",36,3,2,0.00092973605826346,6.98060982041704
"f6 f16 f48",1,"f6","f16","f48",1,3,2,2.58260016184294e-05,10.5641287588731
"f27 g1 h1",1,"f27","g1","h1",2,97,49,0.0409169952307984,3.19620977092725
"c1 c13 d15",1,"c1","c13","d15",125,8,11,0.0473476696337873,3.05023767632069
"c1 d15 g2",1,"c1","d15","g2",125,11,23,0.136124550197138,1.99418500207138
"c13 d15 g1",1,"c13","d15","g1",8,11,97,0.0367417916358189,3.30384043511961
"c13 d15 g2",1,"c13","d15","g2",8,11,23,0.00871197121261686,4.74305719769384
"c13 g1 g2",1,"c13","g1","g2",8,97,23,0.0768237461476214,2.56624149198883
"a5 c1 c7",1,"a5","c1","c7",19,125,3,0.030668376921885,3.48452322296435
"a5 c1 c12",1,"a5","c1","c12",19,125,9,0.0920051307656549,2.38591093429624
"a5 c1 c14",1,"a5","c1","c14",19,125,6,0.0613367538437699,2.7913760424044
"a5 c1 d13",1,"a5","c1","d13",19,125,1,0.010222792307295,4.58313551163246
"a5 c1 f54",1,"a5","c1","f54",19,125,2,0.02044558461459,3.88998833107251
"a5 c7 c12",1,"a5","c7","c12",19,3,9,0.00220812313837572,6.11561238293043
"a5 c7 c14",1,"a5","c7","c14",19,3,6,0.00147208209225048,6.5210774910386
"a5 c7 d13",1,"a5","c7","d13",19,3,1,0.00024534701537508,8.31283696026665
"a5 c7 f54",1,"a5","c7","f54",19,3,2,0.000490694030750159,7.61968977970671
"a5 c12 c14",1,"a5","c12","c14",19,9,6,0.00441624627675143,5.42246520237049
"a5 c12 d13",1,"a5","c12","d13",19,9,1,0.000736041046125239,7.21422467159854
"a5 c12 f54",1,"a5","c12","f54",19,9,2,0.00147208209225048,6.5210774910386
"a5 c14 d13",1,"a5","c14","d13",19,6,1,0.000490694030750159,7.61968977970671
"a5 c14 f54",1,"a5","c14","f54",19,6,2,0.000981388061500318,6.92654259914676
"a5 d13 f54",1,"a5","d13","f54",19,1,2,0.00016356467691672,8.71830206837481
"c1 c7 d13",1,"c1","c7","d13",125,3,1,0.00161412510115184,6.42896220213079
"c1 c7 f54",1,"c1","c7","f54",125,3,2,0.00322825020230368,5.73581502157084
"c1 c12 d13",1,"c1","c12","d13",125,9,1,0.00484237530345552,5.33034991346268
"c1 c12 f54",1,"c1","c12","f54",125,9,2,0.00968475060691104,4.63720273290273
"c1 c14 d13",1,"c1","c14","d13",125,6,1,0.00322825020230368,5.73581502157084
"c1 c14 f54",1,"c1","c14","f54",125,6,2,0.00645650040460736,5.0426678410109
"c1 d13 f54",1,"c1","d13","f54",125,1,2,0.00107608340076789,6.83442731023895
"c7 c12 d13",1,"c7","c12","d13",3,9,1,0.000116217007282932,9.06005136209687
"c7 c12 f54",1,"c7","c12","f54",3,9,2,0.000232434014565865,8.36690418153693
"c7 c14 d13",1,"c7","c14","d13",3,6,1,7.74780048552883e-05,9.46551647020504
"c7 c14 f54",1,"c7","c14","f54",3,6,2,0.000154956009710577,8.77236928964509
"c7 d13 f54",1,"c7","d13","f54",3,1,2,2.58260016184294e-05,10.5641287588731
"c12 c14 d13",1,"c12","c14","d13",9,6,1,0.000232434014565865,8.36690418153693
"c12 c14 f54",1,"c12","c14","f54",9,6,2,0.00046486802913173,7.67375700097698
"c12 d13 f54",1,"c12","d13","f54",9,1,2,7.74780048552883e-05,9.46551647020504
"c14 d13 f54",1,"c14","d13","f54",6,1,2,5.16520032368589e-05,9.8709815783132
"c1 c2 c3",1,"c1","c2","c3",125,3,2,0.00322825020230368,5.73581502157084
"c1 c2 c4",1,"c1","c2","c4",125,3,6,0.00968475060691104,4.63720273290274
"c1 c2 c5",1,"c1","c2","c5",125,3,18,0.0290542518207331,3.53859044423463
"c1 c2 c6",1,"c1","c2","c6",125,3,3,0.00484237530345552,5.33034991346268
"c1 c2 c12",1,"c1","c2","c12",125,3,9,0.0145271259103666,4.23173762479457
"c1 c2 g1",1,"c1","c2","g1",125,3,97,0.156570134811728,1.85425122362741
"c1 c3 c4",1,"c1","c3","c4",125,2,6,0.00645650040460736,5.0426678410109
"c1 c3 c5",1,"c1","c3","c5",125,2,18,0.0193695012138221,3.94405555234279
"c1 c3 c6",1,"c1","c3","c6",125,2,3,0.00322825020230368,5.73581502157084
"c1 c3 c12",1,"c1","c3","c12",125,2,9,0.00968475060691104,4.63720273290273
"c1 c3 g1",1,"c1","c3","g1",125,2,97,0.104380089874486,2.25971633173557
"c1 c4 c6",1,"c1","c4","c6",125,6,3,0.00968475060691104,4.63720273290274
"c1 c6 c12",1,"c1","c6","c12",125,3,9,0.0145271259103666,4.23173762479457
"c2 c3 c4",1,"c2","c3","c4",3,2,6,0.000154956009710577,8.77236928964509
"c2 c3 c5",1,"c2","c3","c5",3,2,18,0.00046486802913173,7.67375700097698
"c2 c3 c6",1,"c2","c3","c6",3,2,3,7.74780048552883e-05,9.46551647020504
"c2 c3 c12",1,"c2","c3","c12",3,2,9,0.000232434014565865,8.36690418153693
"c2 c3 g1",1,"c2","c3","g1",3,2,97,0.00250512215698765,5.98941778036976
"c2 c4 c5",1,"c2","c4","c5",3,6,18,0.00139460408739519,6.57514471230887
"c2 c4 c6",1,"c2","c4","c6",3,6,3,0.000232434014565865,8.36690418153693
"c2 c4 c12",1,"c2","c4","c12",3,6,9,0.000697302043697595,7.26829189286882
"c2 c4 g1",1,"c2","c4","g1",3,6,97,0.00751536647096296,4.89080549170165
"c2 c5 c6",1,"c2","c5","c6",3,18,3,0.000697302043697595,7.26829189286882
"c2 c5 c12",1,"c2","c5","c12",3,18,9,0.00209190613109278,6.16967960420071
"c2 c5 g1",1,"c2","c5","g1",3,18,97,0.0225460994128889,3.79219320303354
"c2 c6 c12",1,"c2","c6","c12",3,3,9,0.000348651021848797,7.96143907342876
"c2 c6 g1",1,"c2","c6","g1",3,3,97,0.00375768323548148,5.5839526722616
"c2 c12 g1",1,"c2","c12","g1",3,9,97,0.0112730497064444,4.48534038359349
"c3 c4 c5",1,"c3","c4","c5",2,6,18,0.00092973605826346,6.98060982041704
"c3 c4 c6",1,"c3","c4","c6",2,6,3,0.000154956009710577,8.77236928964509
"c3 c4 c12",1,"c3","c4","c12",2,6,9,0.00046486802913173,7.67375700097698
"c3 c4 g1",1,"c3","c4","g1",2,6,97,0.00501024431397531,5.29627059980982
"c3 c5 c6",1,"c3","c5","c6",2,18,3,0.00046486802913173,7.67375700097698
"c3 c5 c12",1,"c3","c5","c12",2,18,9,0.00139460408739519,6.57514471230887
"c3 c5 g1",1,"c3","c5","g1",2,18,97,0.0150307329419259,4.19765831114171
"c3 c6 c12",1,"c3","c6","c12",2,3,9,0.000232434014565865,8.36690418153693
"c3 c6 g1",1,"c3","c6","g1",2,3,97,0.00250512215698765,5.98941778036976
"c3 c12 g1",1,"c3","c12","g1",2,9,97,0.00751536647096296,4.89080549170165
"c4 c5 c6",1,"c4","c5","c6",6,18,3,0.00139460408739519,6.57514471230887
"c4 c6 c12",1,"c4","c6","c12",6,3,9,0.000697302043697595,7.26829189286882
"c4 c6 g1",1,"c4","c6","g1",6,3,97,0.00751536647096296,4.89080549170165
"c5 c6 c12",1,"c5","c6","c12",18,3,9,0.00209190613109278,6.16967960420071
"c6 c12 g1",1,"c6","c12","g1",3,9,97,0.0112730497064444,4.48534038359349
"a5 e1 f5",1,"a5","e1","f5",19,17,36,0.0500507911365162,2.99471696642243
"a5 e1 f14",1,"a5","e1","f14",19,17,16,0.0222447960606739,3.80564718263876
"a5 e1 g9",1,"a5","e1","g9",19,17,3,0.00417089926137635,5.47962361621043
"a5 e4 f5",1,"a5","e4","f5",19,12,36,0.0353299702140115,3.34302366069065
"a5 e4 f14",2,"a5","e4","f14",19,12,16,0.0157022089840051,4.84710105746692
"a5 e4 g9",1,"a5","e4","g9",19,12,3,0.00294416418450096,5.82793031047865
"a5 f5 f14",1,"a5","f5","f14",19,36,16,0.0471066269520153,3.05534158823887
"a5 f5 g9",1,"a5","f5","g9",19,36,3,0.00883249255350287,4.72931802181054
"a5 f14 g9",1,"a5","f14","g9",19,16,3,0.00392555224600127,5.54024823802687
"e1 e4 f5",1,"e1","e4","f5",17,12,36,0.0316110259809576,3.45424929580087
"e1 e4 f14",1,"e1","e4","f14",17,12,16,0.0140493448804256,4.2651795120172
"e1 e4 g9",1,"e1","e4","g9",17,12,3,0.0026342521650798,5.93915594558887
"e1 f5 g9",1,"e1","f5","g9",17,36,3,0.00790275649523941,4.84054365692077
"e1 f14 g9",1,"e1","f14","g9",17,16,3,0.0035123362201064,5.65147387313709
"e4 f5 f14",1,"e4","f5","f14",12,36,16,0.0297515538644307,3.51487391761731
"e4 f5 g9",1,"e4","f5","g9",12,36,3,0.00557841634958076,5.18885035118898
"e4 f14 g9",1,"e4","f14","g9",12,16,3,0.00247929615536923,5.99978056740531
"f5 f14 g9",1,"f5","f14","g9",36,16,3,0.00743788846610768,4.9011682787372
"b6 e11 f3",1,"b6","e11","f3",14,2,4,0.000482085363544016,7.63738935680611
"c8 c14 d3",1,"c8","c14","d3",3,6,8,0.000619824038842306,7.3860749285252
"c8 c14 zoo",1,"c8","c14","zoo",3,6,21,0.00162703810196105,6.42099403248161
"c8 d3 zoo",1,"c8","d3","zoo",3,8,21,0.00216938413594807,6.13331196002983
"c14 d3 zoo",1,"c14","d3","zoo",6,8,21,0.00433876827189614,5.44016477946989
"c1 h1 relief",1,"c1","h1","relief",125,49,6,0.15818425991288,1.84399472346022
"i1 i5 i12",1,"i1","i5","i12",34,6,1,0.000878084055026601,7.03776823425698
"i1 i5 ant",1,"i1","i5","ant",34,6,26,0.0228301854306916,3.7796716962355
"i1 i12 i13",1,"i1","i12","i13",34,1,4,0.000585389370017734,7.44323334236515
"i1 i12 ant",1,"i1","i12","ant",34,1,26,0.00380503090511527,5.57143116546356
"i1 i13 ant",1,"i1","i13","ant",34,4,26,0.0152201236204611,4.18513680434367
"i5 i12 i13",1,"i5","i12","i13",6,1,4,0.000103304006473718,9.17783439775326
"i5 i12 ant",1,"i5","i12","ant",6,1,26,0.000671476042079165,7.30603222085166
"i12 i13 ant",1,"i12","i13","ant",1,4,26,0.000447650694719444,7.71149732895983
"b2 b10 d29",1,"b2","b10","d29",28,50,7,0.0421824693101014,3.16575056344254
"b2 b10 g10",1,"b2","b10","g10",28,50,2,0.0120521340886004,4.41851353193791
"b2 d15 d29",1,"b2","d15","d29",28,11,7,0.00928014324822231,4.67987829607231
"b2 d15 f5",1,"b2","d15","f5",28,11,36,0.0477264509908576,3.04226950667152
"b2 d15 g10",1,"b2","d15","g10",28,11,2,0.00265146949949209,5.93264126456768
"b2 d29 f5",1,"b2","d29","f5",28,7,36,0.030371377903273,3.49425463041457
"b2 d29 g1",1,"b2","d29","g1",28,7,97,0.0818339904615967,2.5030625903673
"b2 d29 g10",1,"b2","d29","g10",28,7,2,0.00168729877240406,6.38462638831074
"b2 f5 g1",2,"b2","f5","g1",28,36,97,0.420860522373926,1.55860098152645
"b2 f5 g10",1,"b2","f5","g10",28,36,2,0.00867753654379229,4.74701759890994
"b2 g1 g10",1,"b2","g1","g10",28,97,2,0.0233811401318848,3.75582555886267
"b10 d15 d29",1,"b10","d15","d29",50,11,7,0.0165716843718256,4.10005980081937
"b10 d15 f5",1,"b10","d15","f5",50,11,36,0.0852258053408171,2.46245101141857
"b10 d15 g10",1,"b10","d15","g10",50,11,2,0.00473476696337873,5.35282276931474
"b10 d29 f5",1,"b10","d29","f5",50,7,36,0.0542346033987018,2.91443613516163
"b10 d29 g1",1,"b10","d29","g1",50,7,97,0.14613212582428,1.92324409511436
"b10 d29 g10",1,"b10","d29","g10",50,7,2,0.0030130335221501,5.8048078930578
"b10 f5 g10",1,"b10","f5","g10",50,36,2,0.0154956009710577,4.167199103657
"b10 g1 g10",1,"b10","g1","g10",50,97,2,0.0417520359497943,3.17600706360973
"d15 d29 f5",1,"d15","d29","f5",11,7,36,0.0119316127477144,4.42856386779141
"d15 d29 g1",1,"d15","d29","g1",11,7,97,0.0321490676813416,3.43737182774413
"d15 d29 g10",1,"d15","d29","g10",11,7,2,0.000662867374873022,7.31893562568757
"d15 f5 g1",1,"d15","f5","g1",11,36,97,0.165338062361185,1.79976303834334
"d15 f5 g10",1,"d15","f5","g10",11,36,2,0.00340903221363269,5.68132683628678
"d15 g1 g10",1,"d15","g1","g10",11,97,2,0.00918544790895474,4.6901347962395
"d29 f5 g1",1,"d29","f5","g1",7,36,97,0.105215130593482,2.25174816208639
"d29 f5 g10",1,"d29","f5","g10",7,36,2,0.00216938413594807,6.13331196002983
"d29 g1 g10",1,"d29","g1","g10",7,97,2,0.0058452850329712,5.14211991998256
"f5 g1 g10",1,"f5","g1","g10",36,97,2,0.0300614658838519,3.50451113058176
"b2 c1 e5",1,"b2","c1","e5",28,125,7,0.105456173275254,2.24945983156838
"b2 c1 e9",1,"b2","c1","e9",28,125,1,0.0150651676107505,4.1953699806237
"b2 c1 e16",1,"b2","c1","e16",28,125,1,0.0150651676107505,4.1953699806237
"b2 c1 e22",1,"b2","c1","e22",28,125,1,0.0150651676107505,4.1953699806237
"b2 c1 e23",1,"b2","c1","e23",28,125,1,0.0150651676107505,4.1953699806237
"b2 c1 e24",1,"b2","c1","e24",28,125,2,0.030130335221501,3.50222280006375
"b2 c1 f30",1,"b2","c1","f30",28,125,1,0.0150651676107505,4.1953699806237
"b2 e5 e9",1,"b2","e5","e9",28,7,1,0.000843649386202028,7.07777356887068
"b2 e5 e16",1,"b2","e5","e16",28,7,1,0.000843649386202028,7.07777356887068
"b2 e5 e22",1,"b2","e5","e22",28,7,1,0.000843649386202028,7.07777356887068
"b2 e5 e23",1,"b2","e5","e23",28,7,1,0.000843649386202028,7.07777356887068
"b2 e5 e24",1,"b2","e5","e24",28,7,2,0.00168729877240406,6.38462638831074
"b2 e5 f30",1,"b2","e5","f30",28,7,1,0.000843649386202028,7.07777356887068
"b2 e9 e16",1,"b2","e9","e16",28,1,1,0.000120521340886004,9.023683717926
"b2 e9 e22",1,"b2","e9","e22",28,1,1,0.000120521340886004,9.023683717926
"b2 e9 e23",1,"b2","e9","e23",28,1,1,0.000120521340886004,9.023683717926
"b2 e9 e24",1,"b2","e9","e24",28,1,2,0.000241042681772008,8.33053653736605
"b2 e9 f30",1,"b2","e9","f30",28,1,1,0.000120521340886004,9.023683717926
"b2 e16 e22",1,"b2","e16","e22",28,1,1,0.000120521340886004,9.023683717926
"b2 e16 e23",1,"b2","e16","e23",28,1,1,0.000120521340886004,9.023683717926
"b2 e16 e24",1,"b2","e16","e24",28,1,2,0.000241042681772008,8.33053653736605
"b2 e16 f30",1,"b2","e16","f30",28,1,1,0.000120521340886004,9.023683717926
"b2 e22 e23",1,"b2","e22","e23",28,1,1,0.000120521340886004,9.023683717926
"b2 e22 e24",1,"b2","e22","e24",28,1,2,0.000241042681772008,8.33053653736605
"b2 e22 f30",1,"b2","e22","f30",28,1,1,0.000120521340886004,9.023683717926
"b2 e23 e24",1,"b2","e23","e24",28,1,2,0.000241042681772008,8.33053653736605
"b2 e23 f30",1,"b2","e23","f30",28,1,1,0.000120521340886004,9.023683717926
"b2 e24 f30",1,"b2","e24","f30",28,2,1,0.000241042681772008,8.33053653736605
"c1 e5 e9",1,"c1","e5","e9",125,7,1,0.00376629190268763,5.58166434174359
"c1 e5 e16",1,"c1","e5","e16",125,7,1,0.00376629190268763,5.58166434174359
"c1 e5 e22",1,"c1","e5","e22",125,7,1,0.00376629190268763,5.58166434174359
"c1 e5 e23",1,"c1","e5","e23",125,7,1,0.00376629190268763,5.58166434174359
"c1 e5 e24",1,"c1","e5","e24",125,7,2,0.00753258380537525,4.88851716118364
"c1 e5 f30",1,"c1","e5","f30",125,7,1,0.00376629190268763,5.58166434174359
"c1 e9 e16",1,"c1","e9","e16",125,1,1,0.000538041700383947,7.5275744907989
"c1 e9 e22",1,"c1","e9","e22",125,1,1,0.000538041700383947,7.5275744907989
"c1 e9 e23",1,"c1","e9","e23",125,1,1,0.000538041700383947,7.5275744907989
"c1 e9 e24",1,"c1","e9","e24",125,1,2,0.00107608340076789,6.83442731023895
"c1 e9 f30",1,"c1","e9","f30",125,1,1,0.000538041700383947,7.5275744907989
"c1 e16 e22",1,"c1","e16","e22",125,1,1,0.000538041700383947,7.5275744907989
"c1 e16 e23",1,"c1","e16","e23",125,1,1,0.000538041700383947,7.5275744907989
"c1 e16 e24",1,"c1","e16","e24",125,1,2,0.00107608340076789,6.83442731023895
"c1 e16 f30",1,"c1","e16","f30",125,1,1,0.000538041700383947,7.5275744907989
"c1 e22 e23",1,"c1","e22","e23",125,1,1,0.000538041700383947,7.5275744907989
"c1 e22 e24",1,"c1","e22","e24",125,1,2,0.00107608340076789,6.83442731023895
"c1 e22 f30",1,"c1","e22","f30",125,1,1,0.000538041700383947,7.5275744907989
"c1 e23 e24",1,"c1","e23","e24",125,1,2,0.00107608340076789,6.83442731023895
"c1 e23 f30",1,"c1","e23","f30",125,1,1,0.000538041700383947,7.5275744907989
"c1 e24 f30",1,"c1","e24","f30",125,2,1,0.00107608340076789,6.83442731023895
"e5 e9 e16",1,"e5","e9","e16",7,1,1,3.0130335221501e-05,10.4099780790459
"e5 e9 e22",1,"e5","e9","e22",7,1,1,3.0130335221501e-05,10.4099780790459
"e5 e9 e23",1,"e5","e9","e23",7,1,1,3.0130335221501e-05,10.4099780790459
"e5 e9 e24",1,"e5","e9","e24",7,1,2,6.0260670443002e-05,9.71683089848594
"e5 e9 f30",1,"e5","e9","f30",7,1,1,3.0130335221501e-05,10.4099780790459
"e5 e16 e22",1,"e5","e16","e22",7,1,1,3.0130335221501e-05,10.4099780790459
"e5 e16 e23",1,"e5","e16","e23",7,1,1,3.0130335221501e-05,10.4099780790459
"e5 e16 e24",1,"e5","e16","e24",7,1,2,6.0260670443002e-05,9.71683089848594
"e5 e16 f30",1,"e5","e16","f30",7,1,1,3.0130335221501e-05,10.4099780790459
"e5 e22 e23",1,"e5","e22","e23",7,1,1,3.0130335221501e-05,10.4099780790459
"e5 e22 e24",1,"e5","e22","e24",7,1,2,6.0260670443002e-05,9.71683089848594
"e5 e22 f30",1,"e5","e22","f30",7,1,1,3.0130335221501e-05,10.4099780790459
"e5 e23 e24",1,"e5","e23","e24",7,1,2,6.0260670443002e-05,9.71683089848594
"e5 e23 f30",1,"e5","e23","f30",7,1,1,3.0130335221501e-05,10.4099780790459
"e5 e24 f30",1,"e5","e24","f30",7,2,1,6.0260670443002e-05,9.71683089848594
"e9 e16 e22",1,"e9","e16","e22",1,1,1,4.30433360307157e-06,12.3558882281012
"e9 e16 e23",1,"e9","e16","e23",1,1,1,4.30433360307157e-06,12.3558882281012
"e9 e16 e24",1,"e9","e16","e24",1,1,2,8.60866720614314e-06,11.6627410475413
"e9 e16 f30",1,"e9","e16","f30",1,1,1,4.30433360307157e-06,12.3558882281012
"e9 e22 e23",1,"e9","e22","e23",1,1,1,4.30433360307157e-06,12.3558882281012
"e9 e22 e24",1,"e9","e22","e24",1,1,2,8.60866720614314e-06,11.6627410475413
"e9 e22 f30",1,"e9","e22","f30",1,1,1,4.30433360307157e-06,12.3558882281012
"e9 e23 e24",1,"e9","e23","e24",1,1,2,8.60866720614314e-06,11.6627410475413
"e9 e23 f30",1,"e9","e23","f30",1,1,1,4.30433360307157e-06,12.3558882281012
"e9 e24 f30",1,"e9","e24","f30",1,2,1,8.60866720614314e-06,11.6627410475413
"e16 e22 e23",1,"e16","e22","e23",1,1,1,4.30433360307157e-06,12.3558882281012
"e16 e22 e24",1,"e16","e22","e24",1,1,2,8.60866720614314e-06,11.6627410475413
"e16 e22 f30",1,"e16","e22","f30",1,1,1,4.30433360307157e-06,12.3558882281012
"e16 e23 e24",1,"e16","e23","e24",1,1,2,8.60866720614314e-06,11.6627410475413
"e16 e23 f30",1,"e16","e23","f30",1,1,1,4.30433360307157e-06,12.3558882281012
"e16 e24 f30",1,"e16","e24","f30",1,2,1,8.60866720614314e-06,11.6627410475413
"e22 e23 e24",1,"e22","e23","e24",1,1,2,8.60866720614314e-06,11.6627410475413
"e22 e23 f30",1,"e22","e23","f30",1,1,1,4.30433360307157e-06,12.3558882281012
"e22 e24 f30",1,"e22","e24","f30",1,2,1,8.60866720614314e-06,11.6627410475413
"e23 e24 f30",1,"e23","e24","f30",1,2,1,8.60866720614314e-06,11.6627410475413
"a1 b10 d9",1,"a1","b10","d9",136,50,1,0.0292694685008867,3.531210336937
"a1 b10 f21",1,"a1","b10","f21",136,50,1,0.0292694685008867,3.531210336937
"a1 d9 f5",1,"a1","d9","f5",136,1,36,0.0210740173206384,3.85971440390904
"a1 d9 f14",1,"a1","d9","f14",136,1,16,0.00936622992028374,4.67064462012537
"a1 d9 f21",1,"a1","d9","f21",136,1,1,0.000585389370017734,7.44323334236515
"a1 f5 f21",1,"a1","f5","f21",136,36,1,0.0210740173206384,3.85971440390904
"a1 f14 f21",1,"a1","f14","f21",136,16,1,0.00936622992028374,4.67064462012537
"b10 d9 f5",1,"b10","d9","f5",50,1,36,0.00774780048552883,4.86034628421694
"b10 d9 f14",1,"b10","d9","f14",50,1,16,0.00344346688245726,5.67127650043327
"b10 d9 f21",1,"b10","d9","f21",50,1,1,0.000215216680153579,8.44386522267305
"b10 f5 f21",1,"b10","f5","f21",50,36,1,0.00774780048552883,4.86034628421694
"b10 f14 f21",1,"b10","f14","f21",50,16,1,0.00344346688245726,5.67127650043327
"d9 f5 f14",1,"d9","f5","f14",1,36,16,0.00247929615536923,5.99978056740531
"d9 f5 f21",1,"d9","f5","f21",1,36,1,0.000154956009710577,8.77236928964509
"d9 f14 f21",1,"d9","f14","f21",1,16,1,6.88693376491452e-05,9.58329950586142
"f5 f14 f21",1,"f5","f14","f21",36,16,1,0.00247929615536923,5.99978056740531
"a1 a3 b2",2,"a1","a3","b2",136,22,28,0.360599851930924,1.71313355939157
"a1 a3 b4",1,"a1","a3","b4",136,22,8,0.103028529123121,2.272749347327
"a1 a3 c14",1,"a1","a3","c14",136,22,6,0.0772713968423409,2.56043141977878
"a1 a3 f12",1,"a1","a3","f12",136,22,22,0.283328455088583,1.26114843564852
"a1 a3 g11",1,"a1","a3","g11",136,22,2,0.0257571322807803,3.65904370844689
"a1 a3 g14",1,"a1","a3","g14",136,22,1,0.0128785661403901,4.35219088900683
"a1 a24 b4",1,"a1","a24","b4",136,69,8,0.323134932249789,1.12968529608805
"a1 a24 c14",1,"a1","a24","c14",136,69,6,0.242351199187342,1.41736736853983
"a1 a24 f12",1,"a1","a24","f12",136,69,22,0.88862106368692,0.118084384409573
"a1 a24 g11",1,"a1","a24","g11",136,69,2,0.0807837330624473,2.51597965720794
"a1 a24 g14",1,"a1","a24","g14",136,69,1,0.0403918665312236,3.20912683776789
"a1 b2 b4",1,"a1","b2","b4",136,28,8,0.131127218883972,2.03158729051011
"a1 b2 c14",1,"a1","b2","c14",136,28,6,0.0983454141629793,2.31926936296189
"a1 b2 f5",2,"a1","b2","f5",136,28,36,0.590072484977876,1.22065707429378
"a1 b2 f12",1,"a1","b2","f12",136,28,22,0.360599851930924,1.01998637883163
"a1 b2 g11",1,"a1","b2","g11",136,28,2,0.0327818047209931,3.41788165163
"a1 b2 g14",1,"a1","b2","g14",136,28,1,0.0163909023604965,4.11102883218994
"a1 b4 c1",1,"a1","b4","c1",136,8,125,0.585389370017734,0.535478063383012
"a1 b4 c14",1,"a1","b4","c14",136,8,6,0.0280986897608512,3.57203233145726
"a1 b4 f5",1,"a1","b4","f5",136,8,36,0.168592138565107,1.7802728622292
"a1 b4 f12",1,"a1","b4","f12",136,8,22,0.103028529123121,2.272749347327
"a1 b4 g11",1,"a1","b4","g11",136,8,2,0.00936622992028374,4.67064462012537
"a1 b4 g14",1,"a1","b4","g14",136,8,1,0.00468311496014187,5.36379180068531
"a1 c1 c14",1,"a1","c1","c14",136,125,6,0.4390420275133,0.823160135834792
"a1 c1 g11",1,"a1","c1","g11",136,125,2,0.146347342504433,1.9217724245029
"a1 c1 g14",1,"a1","c1","g14",136,125,1,0.0731736712522167,2.61491960506285
"a1 c14 f5",1,"a1","c14","f5",136,6,36,0.12644410392383,2.06795493468098
"a1 c14 f12",1,"a1","c14","f12",136,6,22,0.0772713968423409,2.56043141977878
"a1 c14 g1",1,"a1","c14","g1",136,6,97,0.340696613350321,1.07676289463371
"a1 c14 g11",1,"a1","c14","g11",136,6,2,0.00702467244021281,4.95832669257715
"a1 c14 g14",1,"a1","c14","g14",136,6,1,0.0035123362201064,5.65147387313709
"a1 c14 h1",1,"a1","c14","h1",136,6,49,0.172104474785214,1.75965357502647
"a1 f5 g11",1,"a1","f5","g11",136,36,2,0.0421480346412768,3.16656722334909
"a1 f5 g14",1,"a1","f5","g14",136,36,1,0.0210740173206384,3.85971440390904
"a1 f12 g11",1,"a1","f12","g11",136,22,2,0.0257571322807803,3.65904370844689
"a1 f12 g14",1,"a1","f12","g14",136,22,1,0.0128785661403901,4.35219088900683
"a1 f12 h1",1,"a1","f12","h1",136,22,49,0.631049740879117,0.460370590896206
"a1 g1 g11",1,"a1","g1","g11",136,97,2,0.11356553778344,2.17537518330182
"a1 g1 g14",1,"a1","g1","g14",136,97,1,0.0567827688917202,2.86852236386177
"a1 g11 g14",1,"a1","g11","g14",136,2,1,0.00117077874003547,6.7500861618052
"a1 g11 h1",1,"a1","g11","h1",136,2,49,0.0573681582617379,2.85826586369458
"a1 g14 h1",1,"a1","g14","h1",136,1,49,0.028684079130869,3.55141304425452
"a3 a24 b2",1,"a3","a24","b2",22,69,28,0.182951395464954,1.69853475997042
"a3 a24 b4",1,"a3","a24","b4",22,69,8,0.0522718272757012,2.95129772846579
"a3 a24 c14",1,"a3","a24","c14",22,69,6,0.0392038704567759,3.23897980091757
"a3 a24 f12",1,"a3","a24","f12",22,69,22,0.143747525008178,1.93969681678731
"a3 a24 g11",1,"a3","a24","g11",22,69,2,0.0130679568189253,4.33759208958568
"a3 a24 g14",1,"a3","a24","g14",22,69,1,0.00653397840946265,5.03073927014563
"a3 b2 b4",1,"a3","b2","b4",22,28,8,0.0212117559959367,3.85319972288785
"a3 b2 c1",2,"a3","b2","c1",22,28,125,0.331433687436511,1.79747470782533
"a3 b2 c14",1,"a3","b2","c14",22,28,6,0.0159088169969525,4.14088179533963
"a3 b2 f5",1,"a3","b2","f5",22,28,36,0.0954529019817152,2.34912232611157
"a3 b2 f12",1,"a3","b2","f12",22,28,22,0.0583323289888259,2.84159881120936
"a3 b2 g1",2,"a3","b2","g1",22,28,97,0.257192541450733,2.05107746662424
"a3 b2 g11",1,"a3","b2","g11",22,28,2,0.00530293899898418,5.23949408400774
"a3 b2 g14",1,"a3","b2","g14",22,28,1,0.00265146949949209,5.93264126456768
"a3 b2 h1",1,"a3","b2","h1",22,28,49,0.129922005475112,2.04082096645705
"a3 b4 c1",1,"a3","b4","c1",22,8,125,0.0946953392675746,2.35709049576075
"a3 b4 c14",1,"a3","b4","c14",22,8,6,0.00454537628484358,5.39364476383499
"a3 b4 f5",1,"a3","b4","f5",22,8,36,0.0272722577090615,3.60188529460694
"a3 b4 f12",1,"a3","b4","f12",22,8,22,0.0166663797110931,4.09436177970473
"a3 b4 g1",1,"a3","b4","g1",22,8,97,0.0734835832716379,2.61069325455967
"a3 b4 g11",1,"a3","b4","g11",22,8,2,0.00151512542828119,6.4922570525031
"a3 b4 g14",1,"a3","b4","g14",22,8,1,0.000757562714140597,7.18540423306305
"a3 b4 h1",1,"a3","b4","h1",22,8,49,0.0371205729928892,3.29358393495242
"a3 c1 c14",1,"a3","c1","c14",22,125,6,0.0710215044506809,2.64477256821253
"a3 c1 f12",1,"a3","c1","f12",22,125,22,0.26041218298583,1.34548958408227
"a3 c1 g11",1,"a3","c1","g11",22,125,2,0.0236738348168936,3.74338485688064
"a3 c1 g14",1,"a3","c1","g14",22,125,1,0.0118369174084468,4.43653203744058
"a3 c14 f5",1,"a3","c14","f5",22,6,36,0.0204541932817961,3.88956736705872
"a3 c14 f12",1,"a3","c14","f12",22,6,22,0.0124997847833198,4.38204385215651
"a3 c14 g1",1,"a3","c14","g1",22,6,97,0.0551126874537284,2.89837532701145
"a3 c14 g11",1,"a3","c14","g11",22,6,2,0.00113634407121089,6.77993912495488
"a3 c14 g14",1,"a3","c14","g14",22,6,1,0.000568172035605447,7.47308630551483
"a3 c14 h1",1,"a3","c14","h1",22,6,49,0.0278404297446669,3.5812660074042
"a3 f5 f12",1,"a3","f5","f12",22,36,22,0.0749987086999191,2.59028438292846
"a3 f5 g1",1,"a3","f5","g1",22,36,97,0.33067612472237,1.10661585778339
"a3 f5 g11",1,"a3","f5","g11",22,36,2,0.00681806442726537,4.98817965572683
"a3 f5 g14",1,"a3","f5","g14",22,36,1,0.00340903221363269,5.68132683628678
"a3 f12 g1",1,"a3","f12","g1",22,22,97,0.202079853997004,1.59909234288119
"a3 f12 g11",1,"a3","f12","g11",22,22,2,0.00416659492777328,5.48065614082462
"a3 f12 g14",1,"a3","f12","g14",22,22,1,0.00208329746388664,6.17380332138457
"a3 f12 h1",1,"a3","f12","h1",22,22,49,0.102081575730445,2.28198302327394
"a3 g1 g11",1,"a3","g1","g11",22,97,2,0.0183708958179095,3.99698761567956
"a3 g1 g14",1,"a3","g1","g14",22,97,1,0.00918544790895474,4.6901347962395
"a3 g11 g14",1,"a3","g11","g14",22,2,1,0.000189390678535149,8.57169859418294
"a3 g11 h1",1,"a3","g11","h1",22,2,49,0.00928014324822231,4.67987829607231
"a3 g14 h1",1,"a3","g14","h1",22,1,49,0.00464007162411116,5.37302547663226
"a24 b2 b4",1,"a24","b2","b4",69,28,8,0.0665277801690742,2.7101356716489
"a24 b2 c14",1,"a24","b2","c14",69,28,6,0.0498958351268057,2.99781774410068
"a24 b2 f5",1,"a24","b2","f5",69,28,36,0.299375010760834,1.20605827487263
"a24 b2 f12",1,"a24","b2","f12",69,28,22,0.182951395464954,1.69853475997042
"a24 b2 g1",2,"a24","b2","g1",69,28,97,0.806649334550025,0.9080134153853
"a24 b2 g11",1,"a24","b2","g11",69,28,2,0.0166319450422686,4.09643003276879
"a24 b2 g14",1,"a24","b2","g14",69,28,1,0.00831597252113428,4.78957721332874
"a24 b4 c1",1,"a24","b4","c1",69,8,125,0.296999018611939,1.2140264445218
"a24 b4 c14",1,"a24","b4","c14",69,8,6,0.014255952893373,4.25058071259605
"a24 b4 f5",1,"a24","b4","f5",69,8,36,0.0855357173602383,2.458821243368
"a24 b4 f12",1,"a24","b4","f12",69,8,22,0.0522718272757012,2.95129772846579
"a24 b4 g1",1,"a24","b4","g1",69,8,97,0.230471238442864,1.46762920332072
"a24 b4 g11",1,"a24","b4","g11",69,8,2,0.00475198429779102,5.34919300126416
"a24 b4 g14",1,"a24","b4","g14",69,8,1,0.00237599214889551,6.04234018182411
"a24 b4 h1",1,"a24","b4","h1",69,8,49,0.11642361529588,2.15051988371348
"a24 c1 c14",1,"a24","c1","c14",69,125,6,0.222749263958954,1.50170851697359
"a24 c1 f5",1,"a24","c1","f5",69,125,36,1.33649558375372,-0.29005095225447
"a24 c1 f12",2,"a24","c1","f12",69,125,22,0.816747301182831,0.895572713403269
"a24 c1 g11",1,"a24","c1","g11",69,125,2,0.0742497546529846,2.60032080564169
"a24 c1 g14",1,"a24","c1","g14",69,125,1,0.0371248773264923,3.29346798620164
"a24 c14 f5",1,"a24","c14","f5",69,6,36,0.0641517880201787,2.74650331581978
"a24 c14 f12",1,"a24","c14","f12",69,6,22,0.0392038704567759,3.23897980091757
"a24 c14 g1",1,"a24","c14","g1",69,6,97,0.172853428832148,1.7553112757725
"a24 c14 g11",1,"a24","c14","g11",69,6,2,0.00356398822334326,5.63687507371594
"a24 c14 g14",1,"a24","c14","g14",69,6,1,0.00178199411167163,6.33002225427589
"a24 c14 h1",1,"a24","c14","h1",69,6,49,0.0873177114719099,2.43820195616526
"a24 f5 f12",1,"a24","f5","f12",69,36,22,0.235223222740655,1.44722033168952
"a24 f5 g1",1,"a24","f5","g1",69,36,97,1.03712057299289,-0.0364481934555516
"a24 f5 g11",1,"a24","f5","g11",69,36,2,0.0213839293400596,3.84511560448789
"a24 f5 g14",1,"a24","f5","g14",69,36,1,0.0106919646700298,4.53826278504783
"a24 f12 g1",1,"a24","f12","g1",69,22,97,0.633795905717877,0.456028291642243
"a24 f12 g11",1,"a24","f12","g11",69,22,2,0.0130679568189253,4.33759208958568
"a24 f12 g14",1,"a24","f12","g14",69,22,1,0.00653397840946265,5.03073927014563
"a24 f12 h1",1,"a24","f12","h1",69,22,49,0.32016494206367,1.138918972035
"a24 g1 g11",1,"a24","g1","g11",69,97,2,0.0576178096107161,2.85392356444061
"a24 g1 g14",1,"a24","g1","g14",69,97,1,0.028808904805358,3.54707074500056
"a24 g11 g14",1,"a24","g11","g14",69,2,1,0.000593998037223877,7.428634542944
"a24 g11 h1",1,"a24","g11","h1",69,2,49,0.02910590382397,3.53681424483337
"a24 g14 h1",1,"a24","g14","h1",69,1,49,0.014552951911985,4.22996142539331
"b2 b4 c1",1,"b2","b4","c1",28,8,125,0.120521340886004,2.11592843894386
"b2 b4 c14",1,"b2","b4","c14",28,8,6,0.00578502436252819,5.15248270701811
"b2 b4 f5",2,"b2","b4","f5",28,8,36,0.0347101461751692,4.05387041835
"b2 b4 f12",1,"b2","b4","f12",28,8,22,0.0212117559959367,3.85319972288785
"b2 b4 g1",1,"b2","b4","g1",28,8,97,0.0935245605275391,2.36953119774278
"b2 b4 g11",1,"b2","b4","g11",28,8,2,0.00192834145417606,6.25109499568622
"b2 b4 g14",1,"b2","b4","g14",28,8,1,0.000964170727088032,6.94424217624616
"b2 b4 h1",1,"b2","b4","h1",28,8,49,0.0472443656273136,3.05242187813553
"b2 c1 c14",1,"b2","c1","c14",28,125,6,0.090391005664503,2.40361051139564
"b2 c1 f5",2,"b2","c1","f5",28,125,36,0.542346033987018,1.30499822272753
"b2 c1 f12",1,"b2","c1","f12",28,125,22,0.331433687436511,1.10432752726538
"b2 c1 g11",1,"b2","c1","g11",28,125,2,0.030130335221501,3.50222280006375
"b2 c1 g14",1,"b2","c1","g14",28,125,1,0.0150651676107505,4.1953699806237
"b2 c14 f5",1,"b2","c14","f5",28,6,36,0.0260326096313769,3.64840531024183
"b2 c14 f12",1,"b2","c14","f12",28,6,22,0.0159088169969525,4.14088179533963
"b2 c14 g1",1,"b2","c14","g1",28,6,97,0.0701434203956543,2.65721327019456
"b2 c14 g11",1,"b2","c14","g11",28,6,2,0.00144625609063205,6.538777068138
"b2 c14 g14",1,"b2","c14","g14",28,6,1,0.000723128045316024,7.23192424869794
"b2 c14 h1",1,"b2","c14","h1",28,6,49,0.0354332742204852,3.34010395058732
"b2 f5 f12",1,"b2","f5","f12",28,36,22,0.0954529019817152,2.34912232611157
"b2 f5 g11",1,"b2","f5","g11",28,36,2,0.00867753654379229,4.74701759890994
"b2 f5 g14",1,"b2","f5","g14",28,36,1,0.00433876827189615,5.44016477946989
"b2 f12 g1",1,"b2","f12","g1",28,22,97,0.257192541450733,1.3579302860643
"b2 f12 g11",1,"b2","f12","g11",28,22,2,0.00530293899898418,5.23949408400774
"b2 f12 g14",1,"b2","f12","g14",28,22,1,0.00265146949949209,5.93264126456768
"b2 f12 h1",1,"b2","f12","h1",28,22,49,0.129922005475112,2.04082096645705
"b2 g1 g11",1,"b2","g1","g11",28,97,2,0.0233811401318848,3.75582555886267
"b2 g1 g14",1,"b2","g1","g14",28,97,1,0.0116905700659424,4.44897273942261
"b2 g1 h1",1,"b2","g1","h1",28,97,49,0.572837933231177,0.557152441311987
"b2 g11 g14",1,"b2","g11","g14",28,2,1,0.000241042681772008,8.33053653736605
"b2 g11 h1",1,"b2","g11","h1",28,2,49,0.0118110914068284,4.43871623925542
"b2 g14 h1",1,"b2","g14","h1",28,1,49,0.0059055457034142,5.13186341981537
"b4 c1 c14",1,"b4","c1","c14",8,125,6,0.0258260016184294,3.65637347989101
"b4 c1 g11",1,"b4","c1","g11",8,125,2,0.00860866720614315,4.75498576855912
"b4 c1 g14",1,"b4","c1","g14",8,125,1,0.00430433360307157,5.44813294911906
"b4 c1 h1",1,"b4","c1","h1",8,125,49,0.210912346550507,1.55631265100844
"b4 c14 f5",1,"b4","c14","f5",8,6,36,0.00743788846610768,4.9011682787372
"b4 c14 f12",1,"b4","c14","f12",8,6,22,0.00454537628484358,5.39364476383499
"b4 c14 g1",1,"b4","c14","g1",8,6,97,0.0200409772559012,3.90997623868993
"b4 c14 g11",1,"b4","c14","g11",8,6,2,0.000413216025894871,7.79154003663336
"b4 c14 g14",1,"b4","c14","g14",8,6,1,0.000206608012947435,8.48468721719331
"b4 c14 h1",1,"b4","c14","h1",8,6,49,0.0101237926344243,4.59286691908268
"b4 f5 g11",1,"b4","f5","g11",8,36,2,0.00247929615536923,5.99978056740531
"b4 f5 g14",1,"b4","f5","g14",8,36,1,0.00123964807768461,6.69292774796526
"b4 f5 h1",1,"b4","f5","h1",8,36,49,0.060742755806546,2.80110744985463
"b4 f12 g11",1,"b4","f12","g11",8,22,2,0.00151512542828119,6.4922570525031
"b4 f12 g14",1,"b4","f12","g14",8,22,1,0.000757562714140597,7.18540423306305
"b4 f12 h1",1,"b4","f12","h1",8,22,49,0.0371205729928892,3.29358393495242
"b4 g1 g11",1,"b4","g1","g11",8,97,2,0.00668032575196708,5.00858852735804
"b4 g1 g14",1,"b4","g1","g14",8,97,1,0.00334016287598354,5.70173570791798
"b4 g11 g14",1,"b4","g11","g14",8,2,1,6.88693376491452e-05,9.58329950586142
"b4 g11 h1",1,"b4","g11","h1",8,2,49,0.00337459754480811,5.69147920775079
"b4 g14 h1",1,"b4","g14","h1",8,1,49,0.00168729877240406,6.38462638831074
"c1 c14 f5",1,"c1","c14","f5",125,6,36,0.116217007282932,2.15229608311473
"c1 c14 f12",1,"c1","c14","f12",125,6,22,0.0710215044506809,2.64477256821253
"c1 c14 g11",1,"c1","c14","g11",125,6,2,0.00645650040460736,5.0426678410109
"c1 c14 g14",1,"c1","c14","g14",125,6,1,0.00322825020230368,5.73581502157084
"c1 c14 h1",1,"c1","c14","h1",125,6,49,0.15818425991288,1.84399472346022
"c1 f5 g11",1,"c1","f5","g11",125,36,2,0.0387390024276442,3.25090837178284
"c1 f5 g14",1,"c1","f5","g14",125,36,1,0.0193695012138221,3.94405555234279
"c1 f5 h1",2,"c1","f5","h1",125,36,49,0.949105559477282,0.745382434792108
"c1 f12 g11",1,"c1","f12","g11",125,22,2,0.0236738348168936,3.74338485688064
"c1 f12 g14",1,"c1","f12","g14",125,22,1,0.0118369174084468,4.43653203744058
"c1 f12 h1",1,"c1","f12","h1",125,22,49,0.580008953013894,0.544711739329957
"c1 g1 g11",1,"c1","g1","g11",125,97,2,0.104380089874486,2.25971633173557
"c1 g1 g14",1,"c1","g1","g14",125,97,1,0.0521900449372428,2.95286351229552
"c1 g11 g14",1,"c1","g11","g14",125,2,1,0.00107608340076789,6.83442731023895
"c1 g11 h1",1,"c1","g11","h1",125,2,49,0.0527280866376268,2.94260701212833
"c1 g14 h1",1,"c1","g14","h1",125,1,49,0.0263640433188134,3.63575419268827
"c14 f5 f12",1,"c14","f5","f12",6,36,22,0.0204541932817961,3.88956736705872
"c14 f5 g1",1,"c14","f5","g1",6,36,97,0.0901843976515556,2.40589884191365
"c14 f5 g11",1,"c14","f5","g11",6,36,2,0.00185947211652692,6.28746263985709
"c14 f5 g14",1,"c14","f5","g14",6,36,1,0.00092973605826346,6.98060982041704
"c14 f5 h1",1,"c14","f5","h1",6,36,49,0.0455570668549095,3.08878952230641
"c14 f12 g1",1,"c14","f12","g1",6,22,97,0.0551126874537284,2.89837532701145
"c14 f12 g11",1,"c14","f12","g11",6,22,2,0.00113634407121089,6.77993912495488
"c14 f12 g14",1,"c14","f12","g14",6,22,1,0.000568172035605447,7.47308630551483
"c14 f12 h1",1,"c14","f12","h1",6,22,49,0.0278404297446669,3.5812660074042
"c14 g1 g11",1,"c14","g1","g11",6,97,2,0.00501024431397531,5.29627059980982
"c14 g1 g14",1,"c14","g1","g14",6,97,1,0.00250512215698765,5.98941778036976
"c14 g1 h1",1,"c14","g1","h1",6,97,49,0.122750985692395,2.09759748225914
"c14 g11 g14",1,"c14","g11","g14",6,2,1,5.16520032368589e-05,9.8709815783132
"c14 g11 h1",1,"c14","g11","h1",6,2,49,0.00253094815860608,5.97916128020257
"c14 g14 h1",1,"c14","g14","h1",6,1,49,0.00126547407930304,6.67230846076252
"f5 f12 g11",1,"f5","f12","g11",36,22,2,0.00681806442726537,4.98817965572683
"f5 f12 g14",1,"f5","f12","g14",36,22,1,0.00340903221363269,5.68132683628678
"f5 f12 h1",1,"f5","f12","h1",36,22,49,0.167042578468002,1.78950653817615
"f5 g1 g11",1,"f5","g1","g11",36,97,2,0.0300614658838519,3.50451113058176
"f5 g1 g14",1,"f5","g1","g14",36,97,1,0.0150307329419259,4.19765831114171
"f5 g1 h1",1,"f5","g1","h1",36,97,49,0.736505914154371,0.305838013031081
"f5 g11 g14",1,"f5","g11","g14",36,2,1,0.000309912019421153,8.07922210908515
"f5 g11 h1",1,"f5","g11","h1",36,2,49,0.0151856889516365,4.18740181097452
"f5 g14 h1",1,"f5","g14","h1",36,1,49,0.00759284447581825,4.88054899153446
"f12 g1 g11",1,"f12","g1","g11",22,97,2,0.0183708958179095,3.99698761567956
"f12 g1 g14",1,"f12","g1","g14",22,97,1,0.00918544790895474,4.6901347962395
"f12 g1 h1",1,"f12","g1","h1",22,97,49,0.450086947538782,0.798314498128875
"f12 g11 g14",1,"f12","g11","g14",22,2,1,0.000189390678535149,8.57169859418294
"f12 g11 h1",1,"f12","g11","h1",22,2,49,0.00928014324822231,4.67987829607231
"f12 g14 h1",1,"f12","g14","h1",22,1,49,0.00464007162411116,5.37302547663226
"g1 g11 g14",1,"g1","g11","g14",97,2,1,0.000835040718995885,7.08803006903787
"g1 g11 h1",1,"g1","g11","h1",97,2,49,0.0409169952307984,3.19620977092725
"g1 g14 h1",1,"g1","g14","h1",97,1,49,0.0204584976153992,3.88935695148719
"g11 g14 h1",1,"g11","g14","h1",2,1,49,0.000421824693101014,7.77092074943063
"a5 b10 c6",1,"a5","b10","c6",19,50,3,0.012267350768754,4.4008139548385
"a5 b10 c9",1,"a5","b10","c9",19,50,3,0.012267350768754,4.4008139548385
"a5 b10 d3",1,"a5","b10","d3",19,50,8,0.032712935383344,3.41998470182678
"a5 b10 d22",1,"a5","b10","d22",19,50,5,0.02044558461459,3.88998833107251
"a5 b10 e8",1,"a5","b10","e8",19,50,2,0.00817823384583599,4.80627906294667
"a5 b10 e10",1,"a5","b10","e10",19,50,1,0.00408911692291799,5.49942624350661
"a5 b10 e26",1,"a5","b10","e26",19,50,1,0.00408911692291799,5.49942624350661
"a5 b10 f31",1,"a5","b10","f31",19,50,1,0.00408911692291799,5.49942624350661
"a5 b10 f32",1,"a5","b10","f32",19,50,1,0.00408911692291799,5.49942624350661
"a5 b10 f53",1,"a5","b10","f53",19,50,2,0.00817823384583599,4.80627906294667
"a5 b10 f54",1,"a5","b10","f54",19,50,2,0.00817823384583599,4.80627906294667
"a5 b10 g1",1,"a5","b10","g1",19,50,97,0.396644341523045,0.924715265003231
"a5 b10 g9",1,"a5","b10","g9",19,50,3,0.012267350768754,4.4008139548385
"a5 c6 c9",1,"a5","c6","c9",19,3,3,0.000736041046125239,7.21422467159854
"a5 c6 d3",1,"a5","c6","d3",19,3,8,0.00196277612300064,6.23339541858681
"a5 c6 d22",1,"a5","c6","d22",19,3,5,0.0012267350768754,6.70339904783255
"a5 c6 e8",1,"a5","c6","e8",19,3,2,0.000490694030750159,7.61968977970671
"a5 c6 e10",1,"a5","c6","e10",19,3,1,0.00024534701537508,8.31283696026665
"a5 c6 e26",1,"a5","c6","e26",19,3,1,0.00024534701537508,8.31283696026665
"a5 c6 f31",1,"a5","c6","f31",19,3,1,0.00024534701537508,8.31283696026665
"a5 c6 f32",1,"a5","c6","f32",19,3,1,0.00024534701537508,8.31283696026665
"a5 c6 f53",1,"a5","c6","f53",19,3,2,0.000490694030750159,7.61968977970671
"a5 c6 f54",1,"a5","c6","f54",19,3,2,0.000490694030750159,7.61968977970671
"a5 c6 g1",1,"a5","c6","g1",19,3,97,0.0237986604913827,3.73812598176327
"a5 c6 g9",1,"a5","c6","g9",19,3,3,0.000736041046125239,7.21422467159854
"a5 c9 d3",1,"a5","c9","d3",19,3,8,0.00196277612300064,6.23339541858681
"a5 c9 d22",1,"a5","c9","d22",19,3,5,0.0012267350768754,6.70339904783255
"a5 c9 e8",1,"a5","c9","e8",19,3,2,0.000490694030750159,7.61968977970671
"a5 c9 e10",1,"a5","c9","e10",19,3,1,0.00024534701537508,8.31283696026665
"a5 c9 e26",1,"a5","c9","e26",19,3,1,0.00024534701537508,8.31283696026665
"a5 c9 f31",1,"a5","c9","f31",19,3,1,0.00024534701537508,8.31283696026665
"a5 c9 f32",1,"a5","c9","f32",19,3,1,0.00024534701537508,8.31283696026665
"a5 c9 f53",1,"a5","c9","f53",19,3,2,0.000490694030750159,7.61968977970671
"a5 c9 f54",1,"a5","c9","f54",19,3,2,0.000490694030750159,7.61968977970671
"a5 c9 g1",1,"a5","c9","g1",19,3,97,0.0237986604913827,3.73812598176327
"a5 c9 g9",1,"a5","c9","g9",19,3,3,0.000736041046125239,7.21422467159854
"a5 d3 d22",1,"a5","d3","d22",19,8,5,0.00327129353833439,5.72256979482082
"a5 d3 e8",1,"a5","d3","e8",19,8,2,0.00130851741533376,6.63886052669498
"a5 d3 e10",1,"a5","d3","e10",19,8,1,0.000654258707666879,7.33200770725492
"a5 d3 e26",1,"a5","d3","e26",19,8,1,0.000654258707666879,7.33200770725492
"a5 d3 f31",1,"a5","d3","f31",19,8,1,0.000654258707666879,7.33200770725492
"a5 d3 f32",1,"a5","d3","f32",19,8,1,0.000654258707666879,7.33200770725492
"a5 d3 f53",1,"a5","d3","f53",19,8,2,0.00130851741533376,6.63886052669498
"a5 d3 f54",1,"a5","d3","f54",19,8,2,0.00130851741533376,6.63886052669498
"a5 d3 g9",1,"a5","d3","g9",19,8,3,0.00196277612300064,6.23339541858681
"a5 d22 e8",1,"a5","d22","e8",19,5,2,0.000817823384583599,7.10886415594071
"a5 d22 e10",1,"a5","d22","e10",19,5,1,0.000408911692291799,7.80201133650066
"a5 d22 e26",1,"a5","d22","e26",19,5,1,0.000408911692291799,7.80201133650066
"a5 d22 f31",1,"a5","d22","f31",19,5,1,0.000408911692291799,7.80201133650066
"a5 d22 f32",1,"a5","d22","f32",19,5,1,0.000408911692291799,7.80201133650066
"a5 d22 f53",1,"a5","d22","f53",19,5,2,0.000817823384583599,7.10886415594071
"a5 d22 f54",1,"a5","d22","f54",19,5,2,0.000817823384583599,7.10886415594071
"a5 d22 g1",1,"a5","d22","g1",19,5,97,0.0396644341523045,3.22730035799728
"a5 d22 g9",1,"a5","d22","g9",19,5,3,0.0012267350768754,6.70339904783255
"a5 e8 e10",1,"a5","e8","e10",19,2,1,0.00016356467691672,8.71830206837481
"a5 e8 e26",1,"a5","e8","e26",19,2,1,0.00016356467691672,8.71830206837481
"a5 e8 f31",1,"a5","e8","f31",19,2,1,0.00016356467691672,8.71830206837481
"a5 e8 f32",1,"a5","e8","f32",19,2,1,0.00016356467691672,8.71830206837481
"a5 e8 f53",1,"a5","e8","f53",19,2,2,0.000327129353833439,8.02515488781487
"a5 e8 f54",1,"a5","e8","f54",19,2,2,0.000327129353833439,8.02515488781487
"a5 e8 g1",1,"a5","e8","g1",19,2,97,0.0158657736609218,4.14359108987143
"a5 e8 g9",1,"a5","e8","g9",19,2,3,0.000490694030750159,7.61968977970671
"a5 e10 e26",1,"a5","e10","e26",19,1,1,8.17823384583599e-05,9.41144924893476
"a5 e10 f31",1,"a5","e10","f31",19,1,1,8.17823384583599e-05,9.41144924893476
"a5 e10 f32",1,"a5","e10","f32",19,1,1,8.17823384583599e-05,9.41144924893476
"a5 e10 f53",1,"a5","e10","f53",19,1,2,0.00016356467691672,8.71830206837481
"a5 e10 f54",1,"a5","e10","f54",19,1,2,0.00016356467691672,8.71830206837481
"a5 e10 g1",1,"a5","e10","g1",19,1,97,0.00793288683046091,4.83673827043138
"a5 e10 g9",1,"a5","e10","g9",19,1,3,0.00024534701537508,8.31283696026665
"a5 e26 f31",1,"a5","e26","f31",19,1,1,8.17823384583599e-05,9.41144924893476
"a5 e26 f32",1,"a5","e26","f32",19,1,1,8.17823384583599e-05,9.41144924893476
"a5 e26 f53",1,"a5","e26","f53",19,1,2,0.00016356467691672,8.71830206837481
"a5 e26 f54",1,"a5","e26","f54",19,1,2,0.00016356467691672,8.71830206837481
"a5 e26 g1",1,"a5","e26","g1",19,1,97,0.00793288683046091,4.83673827043138
"a5 e26 g9",1,"a5","e26","g9",19,1,3,0.00024534701537508,8.31283696026665
"a5 f31 f32",1,"a5","f31","f32",19,1,1,8.17823384583599e-05,9.41144924893476
"a5 f31 f53",1,"a5","f31","f53",19,1,2,0.00016356467691672,8.71830206837481
"a5 f31 f54",1,"a5","f31","f54",19,1,2,0.00016356467691672,8.71830206837481
"a5 f31 g1",1,"a5","f31","g1",19,1,97,0.00793288683046091,4.83673827043138
"a5 f31 g9",1,"a5","f31","g9",19,1,3,0.00024534701537508,8.31283696026665
"a5 f32 f53",1,"a5","f32","f53",19,1,2,0.00016356467691672,8.71830206837481
"a5 f32 f54",1,"a5","f32","f54",19,1,2,0.00016356467691672,8.71830206837481
"a5 f32 g1",1,"a5","f32","g1",19,1,97,0.00793288683046091,4.83673827043138
"a5 f32 g9",1,"a5","f32","g9",19,1,3,0.00024534701537508,8.31283696026665
"a5 f53 f54",1,"a5","f53","f54",19,2,2,0.000327129353833439,8.02515488781487
"a5 f53 g1",1,"a5","f53","g1",19,2,97,0.0158657736609218,4.14359108987143
"a5 f53 g9",1,"a5","f53","g9",19,2,3,0.000490694030750159,7.61968977970671
"a5 f54 g1",1,"a5","f54","g1",19,2,97,0.0158657736609218,4.14359108987143
"a5 f54 g9",1,"a5","f54","g9",19,2,3,0.000490694030750159,7.61968977970671
"a5 g1 g9",1,"a5","g1","g9",19,97,3,0.0237986604913827,3.73812598176327
"b10 c6 c9",1,"b10","c6","c9",50,3,3,0.00193695012138221,6.24664064533683
"b10 c6 d3",1,"b10","c6","d3",50,3,8,0.00516520032368589,5.26581139232511
"b10 c6 d22",1,"b10","c6","d22",50,3,5,0.00322825020230368,5.73581502157084
"b10 c6 e8",1,"b10","c6","e8",50,3,2,0.00129130008092147,6.652105753445
"b10 c6 e10",1,"b10","c6","e10",50,3,1,0.000645650040460736,7.34525293400494
"b10 c6 e26",1,"b10","c6","e26",50,3,1,0.000645650040460736,7.34525293400494
"b10 c6 f31",1,"b10","c6","f31",50,3,1,0.000645650040460736,7.34525293400494
"b10 c6 f32",1,"b10","c6","f32",50,3,1,0.000645650040460736,7.34525293400494
"b10 c6 f53",1,"b10","c6","f53",50,3,2,0.00129130008092147,6.652105753445
"b10 c6 f54",1,"b10","c6","f54",50,3,2,0.00129130008092147,6.652105753445
"b10 c6 g1",1,"b10","c6","g1",50,3,97,0.0626280539246914,2.77054195550156
"b10 c6 g9",1,"b10","c6","g9",50,3,3,0.00193695012138221,6.24664064533683
"b10 c9 d3",1,"b10","c9","d3",50,3,8,0.00516520032368589,5.26581139232511
"b10 c9 d22",1,"b10","c9","d22",50,3,5,0.00322825020230368,5.73581502157084
"b10 c9 e8",1,"b10","c9","e8",50,3,2,0.00129130008092147,6.652105753445
"b10 c9 e10",1,"b10","c9","e10",50,3,1,0.000645650040460736,7.34525293400494
"b10 c9 e26",1,"b10","c9","e26",50,3,1,0.000645650040460736,7.34525293400494
"b10 c9 f31",1,"b10","c9","f31",50,3,1,0.000645650040460736,7.34525293400494
"b10 c9 f32",1,"b10","c9","f32",50,3,1,0.000645650040460736,7.34525293400494
"b10 c9 f53",1,"b10","c9","f53",50,3,2,0.00129130008092147,6.652105753445
"b10 c9 f54",1,"b10","c9","f54",50,3,2,0.00129130008092147,6.652105753445
"b10 c9 g1",1,"b10","c9","g1",50,3,97,0.0626280539246914,2.77054195550156
"b10 c9 g9",1,"b10","c9","g9",50,3,3,0.00193695012138221,6.24664064533683
"b10 d3 d22",1,"b10","d3","d22",50,8,5,0.00860866720614314,4.75498576855912
"b10 d3 e8",1,"b10","d3","e8",50,8,2,0.00344346688245726,5.67127650043327
"b10 d3 e10",1,"b10","d3","e10",50,8,1,0.00172173344122863,6.36442368099322
"b10 d3 e26",1,"b10","d3","e26",50,8,1,0.00172173344122863,6.36442368099322
"b10 d3 f31",1,"b10","d3","f31",50,8,1,0.00172173344122863,6.36442368099322
"b10 d3 f32",1,"b10","d3","f32",50,8,1,0.00172173344122863,6.36442368099322
"b10 d3 f53",1,"b10","d3","f53",50,8,2,0.00344346688245726,5.67127650043327
"b10 d3 f54",1,"b10","d3","f54",50,8,2,0.00344346688245726,5.67127650043327
"b10 d3 g1",1,"b10","d3","g1",50,8,97,0.167008143799177,1.78971270248984
"b10 d3 g9",1,"b10","d3","g9",50,8,3,0.00516520032368589,5.26581139232511
"b10 d22 e8",1,"b10","d22","e8",50,5,2,0.00215216680153579,6.14128012967901
"b10 d22 e10",1,"b10","d22","e10",50,5,1,0.00107608340076789,6.83442731023895
"b10 d22 e26",1,"b10","d22","e26",50,5,1,0.00107608340076789,6.83442731023895
"b10 d22 f31",1,"b10","d22","f31",50,5,1,0.00107608340076789,6.83442731023895
"b10 d22 f32",1,"b10","d22","f32",50,5,1,0.00107608340076789,6.83442731023895
"b10 d22 f53",1,"b10","d22","f53",50,5,2,0.00215216680153579,6.14128012967901
"b10 d22 f54",1,"b10","d22","f54",50,5,2,0.00215216680153579,6.14128012967901
"b10 d22 g1",1,"b10","d22","g1",50,5,97,0.104380089874486,2.25971633173557
"b10 d22 g9",1,"b10","d22","g9",50,5,3,0.00322825020230368,5.73581502157084
"b10 e8 e10",1,"b10","e8","e10",50,2,1,0.000430433360307157,7.75071804211311
"b10 e8 e26",1,"b10","e8","e26",50,2,1,0.000430433360307157,7.75071804211311
"b10 e8 f31",1,"b10","e8","f31",50,2,1,0.000430433360307157,7.75071804211311
"b10 e8 f32",1,"b10","e8","f32",50,2,1,0.000430433360307157,7.75071804211311
"b10 e8 f53",1,"b10","e8","f53",50,2,2,0.000860866720614315,7.05757086155316
"b10 e8 f54",1,"b10","e8","f54",50,2,2,0.000860866720614315,7.05757086155316
"b10 e8 g1",1,"b10","e8","g1",50,2,97,0.0417520359497943,3.17600706360973
"b10 e8 g9",1,"b10","e8","g9",50,2,3,0.00129130008092147,6.652105753445
"b10 e10 e26",1,"b10","e10","e26",50,1,1,0.000215216680153579,8.44386522267305
"b10 e10 f31",1,"b10","e10","f31",50,1,1,0.000215216680153579,8.44386522267305
"b10 e10 f32",1,"b10","e10","f32",50,1,1,0.000215216680153579,8.44386522267305
"b10 e10 f53",1,"b10","e10","f53",50,1,2,0.000430433360307157,7.75071804211311
"b10 e10 f54",1,"b10","e10","f54",50,1,2,0.000430433360307157,7.75071804211311
"b10 e10 g1",1,"b10","e10","g1",50,1,97,0.0208760179748971,3.86915424416967
"b10 e10 g9",1,"b10","e10","g9",50,1,3,0.000645650040460736,7.34525293400494
"b10 e26 f31",1,"b10","e26","f31",50,1,1,0.000215216680153579,8.44386522267305
"b10 e26 f32",1,"b10","e26","f32",50,1,1,0.000215216680153579,8.44386522267305
"b10 e26 f53",1,"b10","e26","f53",50,1,2,0.000430433360307157,7.75071804211311
"b10 e26 f54",1,"b10","e26","f54",50,1,2,0.000430433360307157,7.75071804211311
"b10 e26 g1",1,"b10","e26","g1",50,1,97,0.0208760179748971,3.86915424416967
"b10 e26 g9",1,"b10","e26","g9",50,1,3,0.000645650040460736,7.34525293400494
"b10 f31 f32",1,"b10","f31","f32",50,1,1,0.000215216680153579,8.44386522267305
"b10 f31 f53",1,"b10","f31","f53",50,1,2,0.000430433360307157,7.75071804211311
"b10 f31 f54",1,"b10","f31","f54",50,1,2,0.000430433360307157,7.75071804211311
"b10 f31 g1",1,"b10","f31","g1",50,1,97,0.0208760179748971,3.86915424416967
"b10 f31 g9",1,"b10","f31","g9",50,1,3,0.000645650040460736,7.34525293400494
"b10 f32 f53",1,"b10","f32","f53",50,1,2,0.000430433360307157,7.75071804211311
"b10 f32 f54",1,"b10","f32","f54",50,1,2,0.000430433360307157,7.75071804211311
"b10 f32 g1",1,"b10","f32","g1",50,1,97,0.0208760179748971,3.86915424416967
"b10 f32 g9",1,"b10","f32","g9",50,1,3,0.000645650040460736,7.34525293400494
"b10 f53 f54",1,"b10","f53","f54",50,2,2,0.000860866720614315,7.05757086155316
"b10 f53 g1",1,"b10","f53","g1",50,2,97,0.0417520359497943,3.17600706360973
"b10 f53 g9",1,"b10","f53","g9",50,2,3,0.00129130008092147,6.652105753445
"b10 f54 g1",1,"b10","f54","g1",50,2,97,0.0417520359497943,3.17600706360973
"b10 f54 g9",1,"b10","f54","g9",50,2,3,0.00129130008092147,6.652105753445
"c6 c9 d3",1,"c6","c9","d3",3,3,8,0.000309912019421153,8.07922210908515
"c6 c9 d22",1,"c6","c9","d22",3,3,5,0.000193695012138221,8.54922573833088
"c6 c9 e8",1,"c6","c9","e8",3,3,2,7.74780048552883e-05,9.46551647020504
"c6 c9 e10",1,"c6","c9","e10",3,3,1,3.87390024276441e-05,10.158663650765
"c6 c9 e26",1,"c6","c9","e26",3,3,1,3.87390024276441e-05,10.158663650765
"c6 c9 f31",1,"c6","c9","f31",3,3,1,3.87390024276441e-05,10.158663650765
"c6 c9 f32",1,"c6","c9","f32",3,3,1,3.87390024276441e-05,10.158663650765
"c6 c9 f53",1,"c6","c9","f53",3,3,2,7.74780048552883e-05,9.46551647020504
"c6 c9 f54",1,"c6","c9","f54",3,3,2,7.74780048552883e-05,9.46551647020504
"c6 c9 g1",1,"c6","c9","g1",3,3,97,0.00375768323548148,5.5839526722616
"c6 c9 g9",1,"c6","c9","g9",3,3,3,0.000116217007282932,9.06005136209687
"c6 d3 d22",1,"c6","d3","d22",3,8,5,0.000516520032368589,7.56839648531915
"c6 d3 e8",1,"c6","d3","e8",3,8,2,0.000206608012947435,8.48468721719331
"c6 d3 e10",1,"c6","d3","e10",3,8,1,0.000103304006473718,9.17783439775326
"c6 d3 e26",1,"c6","d3","e26",3,8,1,0.000103304006473718,9.17783439775326
"c6 d3 f31",1,"c6","d3","f31",3,8,1,0.000103304006473718,9.17783439775326
"c6 d3 f32",1,"c6","d3","f32",3,8,1,0.000103304006473718,9.17783439775326
"c6 d3 f53",1,"c6","d3","f53",3,8,2,0.000206608012947435,8.48468721719331
"c6 d3 f54",1,"c6","d3","f54",3,8,2,0.000206608012947435,8.48468721719331
"c6 d3 g1",1,"c6","d3","g1",3,8,97,0.0100204886279506,4.60312341924987
"c6 d3 g9",1,"c6","d3","g9",3,8,3,0.000309912019421153,8.07922210908515
"c6 d22 e8",1,"c6","d22","e8",3,5,2,0.000129130008092147,8.95469084643904
"c6 d22 e10",1,"c6","d22","e10",3,5,1,6.45650040460736e-05,9.64783802699899
"c6 d22 e26",1,"c6","d22","e26",3,5,1,6.45650040460736e-05,9.64783802699899
"c6 d22 f31",1,"c6","d22","f31",3,5,1,6.45650040460736e-05,9.64783802699899
"c6 d22 f32",1,"c6","d22","f32",3,5,1,6.45650040460736e-05,9.64783802699899
"c6 d22 f53",1,"c6","d22","f53",3,5,2,0.000129130008092147,8.95469084643904
"c6 d22 f54",1,"c6","d22","f54",3,5,2,0.000129130008092147,8.95469084643904
"c6 d22 g1",1,"c6","d22","g1",3,5,97,0.00626280539246914,5.07312704849561
"c6 d22 g9",1,"c6","d22","g9",3,5,3,0.000193695012138221,8.54922573833088
"c6 e8 e10",1,"c6","e8","e10",3,2,1,2.58260016184294e-05,10.5641287588731
"c6 e8 e26",1,"c6","e8","e26",3,2,1,2.58260016184294e-05,10.5641287588731
"c6 e8 f31",1,"c6","e8","f31",3,2,1,2.58260016184294e-05,10.5641287588731
"c6 e8 f32",1,"c6","e8","f32",3,2,1,2.58260016184294e-05,10.5641287588731
"c6 e8 f53",1,"c6","e8","f53",3,2,2,5.16520032368589e-05,9.8709815783132
"c6 e8 f54",1,"c6","e8","f54",3,2,2,5.16520032368589e-05,9.8709815783132
"c6 e8 g1",1,"c6","e8","g1",3,2,97,0.00250512215698765,5.98941778036976
"c6 e8 g9",1,"c6","e8","g9",3,2,3,7.74780048552883e-05,9.46551647020504
"c6 e10 e26",1,"c6","e10","e26",3,1,1,1.29130008092147e-05,11.2572759394331
"c6 e10 f31",1,"c6","e10","f31",3,1,1,1.29130008092147e-05,11.2572759394331
"c6 e10 f32",1,"c6","e10","f32",3,1,1,1.29130008092147e-05,11.2572759394331
"c6 e10 f53",1,"c6","e10","f53",3,1,2,2.58260016184294e-05,10.5641287588731
"c6 e10 f54",1,"c6","e10","f54",3,1,2,2.58260016184294e-05,10.5641287588731
"c6 e10 g1",1,"c6","e10","g1",3,1,97,0.00125256107849383,6.68256496092971
"c6 e10 g9",1,"c6","e10","g9",3,1,3,3.87390024276441e-05,10.158663650765
"c6 e26 f31",1,"c6","e26","f31",3,1,1,1.29130008092147e-05,11.2572759394331
"c6 e26 f32",1,"c6","e26","f32",3,1,1,1.29130008092147e-05,11.2572759394331
"c6 e26 f53",1,"c6","e26","f53",3,1,2,2.58260016184294e-05,10.5641287588731
"c6 e26 f54",1,"c6","e26","f54",3,1,2,2.58260016184294e-05,10.5641287588731
"c6 e26 g1",1,"c6","e26","g1",3,1,97,0.00125256107849383,6.68256496092971
"c6 e26 g9",1,"c6","e26","g9",3,1,3,3.87390024276441e-05,10.158663650765
"c6 f31 f32",1,"c6","f31","f32",3,1,1,1.29130008092147e-05,11.2572759394331
"c6 f31 f53",1,"c6","f31","f53",3,1,2,2.58260016184294e-05,10.5641287588731
"c6 f31 f54",1,"c6","f31","f54",3,1,2,2.58260016184294e-05,10.5641287588731
"c6 f31 g1",1,"c6","f31","g1",3,1,97,0.00125256107849383,6.68256496092971
"c6 f31 g9",1,"c6","f31","g9",3,1,3,3.87390024276441e-05,10.158663650765
"c6 f32 f53",1,"c6","f32","f53",3,1,2,2.58260016184294e-05,10.5641287588731
"c6 f32 f54",1,"c6","f32","f54",3,1,2,2.58260016184294e-05,10.5641287588731
"c6 f32 g1",1,"c6","f32","g1",3,1,97,0.00125256107849383,6.68256496092971
"c6 f32 g9",1,"c6","f32","g9",3,1,3,3.87390024276441e-05,10.158663650765
"c6 f53 f54",1,"c6","f53","f54",3,2,2,5.16520032368589e-05,9.8709815783132
"c6 f53 g1",1,"c6","f53","g1",3,2,97,0.00250512215698765,5.98941778036976
"c6 f53 g9",1,"c6","f53","g9",3,2,3,7.74780048552883e-05,9.46551647020504
"c6 f54 g1",1,"c6","f54","g1",3,2,97,0.00250512215698765,5.98941778036976
"c6 f54 g9",1,"c6","f54","g9",3,2,3,7.74780048552883e-05,9.46551647020504
"c6 g1 g9",1,"c6","g1","g9",3,97,3,0.00375768323548148,5.5839526722616
"c9 d3 d22",1,"c9","d3","d22",3,8,5,0.000516520032368589,7.56839648531915
"c9 d3 e8",1,"c9","d3","e8",3,8,2,0.000206608012947435,8.48468721719331
"c9 d3 e10",1,"c9","d3","e10",3,8,1,0.000103304006473718,9.17783439775326
"c9 d3 e26",1,"c9","d3","e26",3,8,1,0.000103304006473718,9.17783439775326
"c9 d3 f31",1,"c9","d3","f31",3,8,1,0.000103304006473718,9.17783439775326
"c9 d3 f32",1,"c9","d3","f32",3,8,1,0.000103304006473718,9.17783439775326
"c9 d3 f53",1,"c9","d3","f53",3,8,2,0.000206608012947435,8.48468721719331
"c9 d3 f54",1,"c9","d3","f54",3,8,2,0.000206608012947435,8.48468721719331
"c9 d3 g1",1,"c9","d3","g1",3,8,97,0.0100204886279506,4.60312341924987
"c9 d3 g9",1,"c9","d3","g9",3,8,3,0.000309912019421153,8.07922210908515
"c9 d22 e8",1,"c9","d22","e8",3,5,2,0.000129130008092147,8.95469084643904
"c9 d22 e10",1,"c9","d22","e10",3,5,1,6.45650040460736e-05,9.64783802699899
"c9 d22 e26",1,"c9","d22","e26",3,5,1,6.45650040460736e-05,9.64783802699899
"c9 d22 f31",1,"c9","d22","f31",3,5,1,6.45650040460736e-05,9.64783802699899
"c9 d22 f32",1,"c9","d22","f32",3,5,1,6.45650040460736e-05,9.64783802699899
"c9 d22 f53",1,"c9","d22","f53",3,5,2,0.000129130008092147,8.95469084643904
"c9 d22 f54",1,"c9","d22","f54",3,5,2,0.000129130008092147,8.95469084643904
"c9 d22 g9",1,"c9","d22","g9",3,5,3,0.000193695012138221,8.54922573833088
"c9 e8 e10",1,"c9","e8","e10",3,2,1,2.58260016184294e-05,10.5641287588731
"c9 e8 e26",1,"c9","e8","e26",3,2,1,2.58260016184294e-05,10.5641287588731
"c9 e8 f31",1,"c9","e8","f31",3,2,1,2.58260016184294e-05,10.5641287588731
"c9 e8 f32",1,"c9","e8","f32",3,2,1,2.58260016184294e-05,10.5641287588731
"c9 e8 f53",1,"c9","e8","f53",3,2,2,5.16520032368589e-05,9.8709815783132
"c9 e8 f54",1,"c9","e8","f54",3,2,2,5.16520032368589e-05,9.8709815783132
"c9 e8 g1",1,"c9","e8","g1",3,2,97,0.00250512215698765,5.98941778036976
"c9 e8 g9",1,"c9","e8","g9",3,2,3,7.74780048552883e-05,9.46551647020504
"c9 e10 e26",1,"c9","e10","e26",3,1,1,1.29130008092147e-05,11.2572759394331
"c9 e10 f31",1,"c9","e10","f31",3,1,1,1.29130008092147e-05,11.2572759394331
"c9 e10 f32",1,"c9","e10","f32",3,1,1,1.29130008092147e-05,11.2572759394331
"c9 e10 f53",1,"c9","e10","f53",3,1,2,2.58260016184294e-05,10.5641287588731
"c9 e10 f54",1,"c9","e10","f54",3,1,2,2.58260016184294e-05,10.5641287588731
"c9 e10 g1",1,"c9","e10","g1",3,1,97,0.00125256107849383,6.68256496092971
"c9 e10 g9",1,"c9","e10","g9",3,1,3,3.87390024276441e-05,10.158663650765
"c9 e26 f31",1,"c9","e26","f31",3,1,1,1.29130008092147e-05,11.2572759394331
"c9 e26 f32",1,"c9","e26","f32",3,1,1,1.29130008092147e-05,11.2572759394331
"c9 e26 f53",1,"c9","e26","f53",3,1,2,2.58260016184294e-05,10.5641287588731
"c9 e26 f54",1,"c9","e26","f54",3,1,2,2.58260016184294e-05,10.5641287588731
"c9 e26 g1",1,"c9","e26","g1",3,1,97,0.00125256107849383,6.68256496092971
"c9 e26 g9",1,"c9","e26","g9",3,1,3,3.87390024276441e-05,10.158663650765
"c9 f31 f32",1,"c9","f31","f32",3,1,1,1.29130008092147e-05,11.2572759394331
"c9 f31 f53",1,"c9","f31","f53",3,1,2,2.58260016184294e-05,10.5641287588731
"c9 f31 f54",1,"c9","f31","f54",3,1,2,2.58260016184294e-05,10.5641287588731
"c9 f31 g1",1,"c9","f31","g1",3,1,97,0.00125256107849383,6.68256496092971
"c9 f31 g9",1,"c9","f31","g9",3,1,3,3.87390024276441e-05,10.158663650765
"c9 f32 f53",1,"c9","f32","f53",3,1,2,2.58260016184294e-05,10.5641287588731
"c9 f32 f54",1,"c9","f32","f54",3,1,2,2.58260016184294e-05,10.5641287588731
"c9 f32 g1",1,"c9","f32","g1",3,1,97,0.00125256107849383,6.68256496092971
"c9 f32 g9",1,"c9","f32","g9",3,1,3,3.87390024276441e-05,10.158663650765
"c9 f53 f54",1,"c9","f53","f54",3,2,2,5.16520032368589e-05,9.8709815783132
"c9 f53 g1",1,"c9","f53","g1",3,2,97,0.00250512215698765,5.98941778036976
"c9 f53 g9",1,"c9","f53","g9",3,2,3,7.74780048552883e-05,9.46551647020504
"c9 f54 g1",1,"c9","f54","g1",3,2,97,0.00250512215698765,5.98941778036976
"c9 f54 g9",1,"c9","f54","g9",3,2,3,7.74780048552883e-05,9.46551647020504
"c9 g1 g9",1,"c9","g1","g9",3,97,3,0.00375768323548148,5.5839526722616
"d3 d22 e8",1,"d3","d22","e8",8,5,2,0.000344346688245726,7.97386159342732
"d3 d22 e10",1,"d3","d22","e10",8,5,1,0.000172173344122863,8.66700877398726
"d3 d22 e26",1,"d3","d22","e26",8,5,1,0.000172173344122863,8.66700877398726
"d3 d22 f31",1,"d3","d22","f31",8,5,1,0.000172173344122863,8.66700877398726
"d3 d22 f32",1,"d3","d22","f32",8,5,1,0.000172173344122863,8.66700877398726
"d3 d22 f53",1,"d3","d22","f53",8,5,2,0.000344346688245726,7.97386159342732
"d3 d22 f54",1,"d3","d22","f54",8,5,2,0.000344346688245726,7.97386159342732
"d3 d22 g1",1,"d3","d22","g1",8,5,97,0.0167008143799177,4.09229779548388
"d3 d22 g9",1,"d3","d22","g9",8,5,3,0.000516520032368589,7.56839648531915
"d3 e8 e10",1,"d3","e8","e10",8,2,1,6.88693376491452e-05,9.58329950586142
"d3 e8 e26",1,"d3","e8","e26",8,2,1,6.88693376491452e-05,9.58329950586142
"d3 e8 f31",1,"d3","e8","f31",8,2,1,6.88693376491452e-05,9.58329950586142
"d3 e8 f32",1,"d3","e8","f32",8,2,1,6.88693376491452e-05,9.58329950586142
"d3 e8 f53",1,"d3","e8","f53",8,2,2,0.00013773867529829,8.89015232530147
"d3 e8 f54",1,"d3","e8","f54",8,2,2,0.00013773867529829,8.89015232530147
"d3 e8 g1",1,"d3","e8","g1",8,2,97,0.00668032575196708,5.00858852735804
"d3 e8 g9",1,"d3","e8","g9",8,2,3,0.000206608012947435,8.48468721719331
"d3 e10 e26",1,"d3","e10","e26",8,1,1,3.44346688245726e-05,10.2764466864214
"d3 e10 f31",1,"d3","e10","f31",8,1,1,3.44346688245726e-05,10.2764466864214
"d3 e10 f32",1,"d3","e10","f32",8,1,1,3.44346688245726e-05,10.2764466864214
"d3 e10 f53",1,"d3","e10","f53",8,1,2,6.88693376491452e-05,9.58329950586142
"d3 e10 f54",1,"d3","e10","f54",8,1,2,6.88693376491452e-05,9.58329950586142
"d3 e10 g1",1,"d3","e10","g1",8,1,97,0.00334016287598354,5.70173570791798
"d3 e10 g9",1,"d3","e10","g9",8,1,3,0.000103304006473718,9.17783439775326
"d3 e26 f31",1,"d3","e26","f31",8,1,1,3.44346688245726e-05,10.2764466864214
"d3 e26 f32",1,"d3","e26","f32",8,1,1,3.44346688245726e-05,10.2764466864214
"d3 e26 f53",1,"d3","e26","f53",8,1,2,6.88693376491452e-05,9.58329950586142
"d3 e26 f54",1,"d3","e26","f54",8,1,2,6.88693376491452e-05,9.58329950586142
"d3 e26 g1",1,"d3","e26","g1",8,1,97,0.00334016287598354,5.70173570791798
"d3 e26 g9",1,"d3","e26","g9",8,1,3,0.000103304006473718,9.17783439775326
"d3 f31 f32",1,"d3","f31","f32",8,1,1,3.44346688245726e-05,10.2764466864214
"d3 f31 f53",1,"d3","f31","f53",8,1,2,6.88693376491452e-05,9.58329950586142
"d3 f31 f54",1,"d3","f31","f54",8,1,2,6.88693376491452e-05,9.58329950586142
"d3 f31 g1",1,"d3","f31","g1",8,1,97,0.00334016287598354,5.70173570791798
"d3 f31 g9",1,"d3","f31","g9",8,1,3,0.000103304006473718,9.17783439775326
"d3 f32 f53",1,"d3","f32","f53",8,1,2,6.88693376491452e-05,9.58329950586142
"d3 f32 f54",1,"d3","f32","f54",8,1,2,6.88693376491452e-05,9.58329950586142
"d3 f32 g1",1,"d3","f32","g1",8,1,97,0.00334016287598354,5.70173570791798
"d3 f32 g9",1,"d3","f32","g9",8,1,3,0.000103304006473718,9.17783439775326
"d3 f53 f54",1,"d3","f53","f54",8,2,2,0.00013773867529829,8.89015232530147
"d3 f53 g1",1,"d3","f53","g1",8,2,97,0.00668032575196708,5.00858852735804
"d3 f53 g9",1,"d3","f53","g9",8,2,3,0.000206608012947435,8.48468721719331
"d3 f54 g1",1,"d3","f54","g1",8,2,97,0.00668032575196708,5.00858852735804
"d3 f54 g9",1,"d3","f54","g9",8,2,3,0.000206608012947435,8.48468721719331
"d3 g1 g9",1,"d3","g1","g9",8,97,3,0.0100204886279506,4.60312341924987
"d22 e8 e10",1,"d22","e8","e10",5,2,1,4.30433360307157e-05,10.0533031351072
"d22 e8 e26",1,"d22","e8","e26",5,2,1,4.30433360307157e-05,10.0533031351072
"d22 e8 f31",1,"d22","e8","f31",5,2,1,4.30433360307157e-05,10.0533031351072
"d22 e8 f32",1,"d22","e8","f32",5,2,1,4.30433360307157e-05,10.0533031351072
"d22 e8 f53",1,"d22","e8","f53",5,2,2,8.60866720614315e-05,9.36015595454721
"d22 e8 f54",1,"d22","e8","f54",5,2,2,8.60866720614315e-05,9.36015595454721
"d22 e8 g1",1,"d22","e8","g1",5,2,97,0.00417520359497942,5.47859215660377
"d22 e8 g9",1,"d22","e8","g9",5,2,3,0.000129130008092147,8.95469084643904
"d22 e10 e26",1,"d22","e10","e26",5,1,1,2.15216680153579e-05,10.7464503156671
"d22 e10 f31",1,"d22","e10","f31",5,1,1,2.15216680153579e-05,10.7464503156671
"d22 e10 f32",1,"d22","e10","f32",5,1,1,2.15216680153579e-05,10.7464503156671
"d22 e10 f53",1,"d22","e10","f53",5,1,2,4.30433360307157e-05,10.0533031351072
"d22 e10 f54",1,"d22","e10","f54",5,1,2,4.30433360307157e-05,10.0533031351072
"d22 e10 g1",1,"d22","e10","g1",5,1,97,0.00208760179748971,6.17173933716372
"d22 e10 g9",1,"d22","e10","g9",5,1,3,6.45650040460736e-05,9.64783802699899
"d22 e26 f31",1,"d22","e26","f31",5,1,1,2.15216680153579e-05,10.7464503156671
"d22 e26 f32",1,"d22","e26","f32",5,1,1,2.15216680153579e-05,10.7464503156671
"d22 e26 f53",1,"d22","e26","f53",5,1,2,4.30433360307157e-05,10.0533031351072
"d22 e26 f54",1,"d22","e26","f54",5,1,2,4.30433360307157e-05,10.0533031351072
"d22 e26 g1",1,"d22","e26","g1",5,1,97,0.00208760179748971,6.17173933716372
"d22 e26 g9",1,"d22","e26","g9",5,1,3,6.45650040460736e-05,9.64783802699899
"d22 f31 f32",1,"d22","f31","f32",5,1,1,2.15216680153579e-05,10.7464503156671
"d22 f31 f53",1,"d22","f31","f53",5,1,2,4.30433360307157e-05,10.0533031351072
"d22 f31 f54",1,"d22","f31","f54",5,1,2,4.30433360307157e-05,10.0533031351072
"d22 f31 g1",1,"d22","f31","g1",5,1,97,0.00208760179748971,6.17173933716372
"d22 f31 g9",1,"d22","f31","g9",5,1,3,6.45650040460736e-05,9.64783802699899
"d22 f32 f53",1,"d22","f32","f53",5,1,2,4.30433360307157e-05,10.0533031351072
"d22 f32 f54",1,"d22","f32","f54",5,1,2,4.30433360307157e-05,10.0533031351072
"d22 f32 g1",1,"d22","f32","g1",5,1,97,0.00208760179748971,6.17173933716372
"d22 f32 g9",1,"d22","f32","g9",5,1,3,6.45650040460736e-05,9.64783802699899
"d22 f53 f54",1,"d22","f53","f54",5,2,2,8.60866720614315e-05,9.36015595454721
"d22 f53 g1",1,"d22","f53","g1",5,2,97,0.00417520359497942,5.47859215660377
"d22 f53 g9",1,"d22","f53","g9",5,2,3,0.000129130008092147,8.95469084643904
"d22 f54 g1",1,"d22","f54","g1",5,2,97,0.00417520359497942,5.47859215660377
"d22 f54 g9",1,"d22","f54","g9",5,2,3,0.000129130008092147,8.95469084643904
"d22 g1 g9",1,"d22","g1","g9",5,97,3,0.00626280539246914,5.07312704849561
"e8 e10 e26",1,"e8","e10","e26",2,1,1,8.60866720614314e-06,11.6627410475413
"e8 e10 f31",1,"e8","e10","f31",2,1,1,8.60866720614314e-06,11.6627410475413
"e8 e10 f32",1,"e8","e10","f32",2,1,1,8.60866720614314e-06,11.6627410475413
"e8 e10 f53",1,"e8","e10","f53",2,1,2,1.72173344122863e-05,10.9695938669813
"e8 e10 f54",1,"e8","e10","f54",2,1,2,1.72173344122863e-05,10.9695938669813
"e8 e10 g1",1,"e8","e10","g1",2,1,97,0.000835040718995885,7.08803006903787
"e8 e10 g9",1,"e8","e10","g9",2,1,3,2.58260016184294e-05,10.5641287588731
"e8 e26 f31",1,"e8","e26","f31",2,1,1,8.60866720614314e-06,11.6627410475413
"e8 e26 f32",1,"e8","e26","f32",2,1,1,8.60866720614314e-06,11.6627410475413
"e8 e26 f53",1,"e8","e26","f53",2,1,2,1.72173344122863e-05,10.9695938669813
"e8 e26 f54",1,"e8","e26","f54",2,1,2,1.72173344122863e-05,10.9695938669813
"e8 e26 g1",1,"e8","e26","g1",2,1,97,0.000835040718995885,7.08803006903787
"e8 e26 g9",1,"e8","e26","g9",2,1,3,2.58260016184294e-05,10.5641287588731
"e8 f31 f32",1,"e8","f31","f32",2,1,1,8.60866720614314e-06,11.6627410475413
"e8 f31 f53",1,"e8","f31","f53",2,1,2,1.72173344122863e-05,10.9695938669813
"e8 f31 f54",1,"e8","f31","f54",2,1,2,1.72173344122863e-05,10.9695938669813
"e8 f31 g1",1,"e8","f31","g1",2,1,97,0.000835040718995885,7.08803006903787
"e8 f31 g9",1,"e8","f31","g9",2,1,3,2.58260016184294e-05,10.5641287588731
"e8 f32 f53",1,"e8","f32","f53",2,1,2,1.72173344122863e-05,10.9695938669813
"e8 f32 f54",1,"e8","f32","f54",2,1,2,1.72173344122863e-05,10.9695938669813
"e8 f32 g1",1,"e8","f32","g1",2,1,97,0.000835040718995885,7.08803006903787
"e8 f32 g9",1,"e8","f32","g9",2,1,3,2.58260016184294e-05,10.5641287588731
"e8 f53 f54",1,"e8","f53","f54",2,2,2,3.44346688245726e-05,10.2764466864214
"e8 f53 g1",1,"e8","f53","g1",2,2,97,0.00167008143799177,6.39488288847793
"e8 f53 g9",1,"e8","f53","g9",2,2,3,5.16520032368589e-05,9.8709815783132
"e8 f54 g1",1,"e8","f54","g1",2,2,97,0.00167008143799177,6.39488288847793
"e8 f54 g9",1,"e8","f54","g9",2,2,3,5.16520032368589e-05,9.8709815783132
"e8 g1 g9",1,"e8","g1","g9",2,97,3,0.00250512215698765,5.98941778036976
"e10 e26 f31",1,"e10","e26","f31",1,1,1,4.30433360307157e-06,12.3558882281012
"e10 e26 f32",1,"e10","e26","f32",1,1,1,4.30433360307157e-06,12.3558882281012
"e10 e26 f53",1,"e10","e26","f53",1,1,2,8.60866720614314e-06,11.6627410475413
"e10 e26 f54",1,"e10","e26","f54",1,1,2,8.60866720614314e-06,11.6627410475413
"e10 e26 g1",1,"e10","e26","g1",1,1,97,0.000417520359497942,7.78117724959782
"e10 e26 g9",1,"e10","e26","g9",1,1,3,1.29130008092147e-05,11.2572759394331
"e10 f31 f32",1,"e10","f31","f32",1,1,1,4.30433360307157e-06,12.3558882281012
"e10 f31 f53",1,"e10","f31","f53",1,1,2,8.60866720614314e-06,11.6627410475413
"e10 f31 f54",1,"e10","f31","f54",1,1,2,8.60866720614314e-06,11.6627410475413
"e10 f31 g1",1,"e10","f31","g1",1,1,97,0.000417520359497942,7.78117724959782
"e10 f31 g9",1,"e10","f31","g9",1,1,3,1.29130008092147e-05,11.2572759394331
"e10 f32 f53",1,"e10","f32","f53",1,1,2,8.60866720614314e-06,11.6627410475413
"e10 f32 f54",1,"e10","f32","f54",1,1,2,8.60866720614314e-06,11.6627410475413
"e10 f32 g1",1,"e10","f32","g1",1,1,97,0.000417520359497942,7.78117724959782
"e10 f32 g9",1,"e10","f32","g9",1,1,3,1.29130008092147e-05,11.2572759394331
"e10 f53 f54",1,"e10","f53","f54",1,2,2,1.72173344122863e-05,10.9695938669813
"e10 f53 g1",1,"e10","f53","g1",1,2,97,0.000835040718995885,7.08803006903787
"e10 f53 g9",1,"e10","f53","g9",1,2,3,2.58260016184294e-05,10.5641287588731
"e10 f54 g1",1,"e10","f54","g1",1,2,97,0.000835040718995885,7.08803006903787
"e10 f54 g9",1,"e10","f54","g9",1,2,3,2.58260016184294e-05,10.5641287588731
"e10 g1 g9",1,"e10","g1","g9",1,97,3,0.00125256107849383,6.68256496092971
"e26 f31 f32",1,"e26","f31","f32",1,1,1,4.30433360307157e-06,12.3558882281012
"e26 f31 f53",1,"e26","f31","f53",1,1,2,8.60866720614314e-06,11.6627410475413
"e26 f31 f54",1,"e26","f31","f54",1,1,2,8.60866720614314e-06,11.6627410475413
"e26 f31 g1",1,"e26","f31","g1",1,1,97,0.000417520359497942,7.78117724959782
"e26 f31 g9",1,"e26","f31","g9",1,1,3,1.29130008092147e-05,11.2572759394331
"e26 f32 f53",1,"e26","f32","f53",1,1,2,8.60866720614314e-06,11.6627410475413
"e26 f32 f54",1,"e26","f32","f54",1,1,2,8.60866720614314e-06,11.6627410475413
"e26 f32 g1",1,"e26","f32","g1",1,1,97,0.000417520359497942,7.78117724959782
"e26 f32 g9",1,"e26","f32","g9",1,1,3,1.29130008092147e-05,11.2572759394331
"e26 f53 f54",1,"e26","f53","f54",1,2,2,1.72173344122863e-05,10.9695938669813
"e26 f53 g1",1,"e26","f53","g1",1,2,97,0.000835040718995885,7.08803006903787
"e26 f53 g9",1,"e26","f53","g9",1,2,3,2.58260016184294e-05,10.5641287588731
"e26 f54 g1",1,"e26","f54","g1",1,2,97,0.000835040718995885,7.08803006903787
"e26 f54 g9",1,"e26","f54","g9",1,2,3,2.58260016184294e-05,10.5641287588731
"e26 g1 g9",1,"e26","g1","g9",1,97,3,0.00125256107849383,6.68256496092971
"f31 f32 f53",1,"f31","f32","f53",1,1,2,8.60866720614314e-06,11.6627410475413
"f31 f32 f54",1,"f31","f32","f54",1,1,2,8.60866720614314e-06,11.6627410475413
"f31 f32 g1",1,"f31","f32","g1",1,1,97,0.000417520359497942,7.78117724959782
"f31 f32 g9",1,"f31","f32","g9",1,1,3,1.29130008092147e-05,11.2572759394331
"f31 f53 f54",1,"f31","f53","f54",1,2,2,1.72173344122863e-05,10.9695938669813
"f31 f53 g1",1,"f31","f53","g1",1,2,97,0.000835040718995885,7.08803006903787
"f31 f53 g9",1,"f31","f53","g9",1,2,3,2.58260016184294e-05,10.5641287588731
"f31 f54 g1",1,"f31","f54","g1",1,2,97,0.000835040718995885,7.08803006903787
"f31 f54 g9",1,"f31","f54","g9",1,2,3,2.58260016184294e-05,10.5641287588731
"f31 g1 g9",1,"f31","g1","g9",1,97,3,0.00125256107849383,6.68256496092971
"f32 f53 f54",1,"f32","f53","f54",1,2,2,1.72173344122863e-05,10.9695938669813
"f32 f53 g1",1,"f32","f53","g1",1,2,97,0.000835040718995885,7.08803006903787
"f32 f53 g9",1,"f32","f53","g9",1,2,3,2.58260016184294e-05,10.5641287588731
"f32 f54 g1",1,"f32","f54","g1",1,2,97,0.000835040718995885,7.08803006903787
"f32 f54 g9",1,"f32","f54","g9",1,2,3,2.58260016184294e-05,10.5641287588731
"f32 g1 g9",1,"f32","g1","g9",1,97,3,0.00125256107849383,6.68256496092971
"f53 f54 g1",1,"f53","f54","g1",2,2,97,0.00167008143799177,6.39488288847793
"f53 f54 g9",1,"f53","f54","g9",2,2,3,5.16520032368589e-05,9.8709815783132
"f53 g1 g9",1,"f53","g1","g9",2,97,3,0.00250512215698765,5.98941778036976
"f54 g1 g9",1,"f54","g1","g9",2,97,3,0.00250512215698765,5.98941778036976
"a1 b1 d5",1,"a1","b1","d5",136,13,5,0.0380503090511527,3.26884607246951
"a1 b8 d5",1,"a1","b8","d5",136,6,5,0.017561681100532,4.04203596070299
"a1 c1 d5",2,"a1","c1","d5",136,125,5,0.365868356261084,1.69862887318869
"a24 b1 c1",1,"a24","b1","c1",69,13,125,0.4826234052444,0.728518628740103
"a24 b1 d5",1,"a24","b1","d5",69,13,5,0.019304936209776,3.9473944536083
"a24 b8 c1",1,"a24","b8","c1",69,6,125,0.222749263958954,1.50170851697359
"a24 b8 d5",1,"a24","b8","d5",69,6,5,0.00890997055835815,4.72058434184179
"a24 c1 d5",2,"a24","c1","d5",69,125,5,0.185624386632462,2.37717725432748
"b1 b8 c1",1,"b1","b8","c1",13,6,125,0.0419672526299478,3.17086566410931
"b1 b8 d5",1,"b1","b8","d5",13,6,5,0.00167869010519791,6.38974148897751
"b1 c1 d5",1,"b1","c1","d5",13,125,5,0.0349727105249565,3.35318722090326
"b8 c1 d5",1,"b8","c1","d5",6,125,5,0.0161412510115184,4.12637710913674
"a24 b7 c1",1,"a24","b7","c1",69,5,125,0.185624386632462,1.68403007376754
"a24 b7 e13",1,"a24","b7","e13",69,5,2,0.00296999018611938,5.8191966305099
"a24 b7 g1",1,"a24","b7","g1",69,5,97,0.14404452402679,1.93763283256646
"a24 b7 g5",1,"a24","b7","g5",69,5,1,0.00148499509305969,6.51234381106984
"a24 b7 h1",1,"a24","b7","h1",69,5,49,0.0727647595599249,2.62052351295921
"a24 b7 zoo",1,"a24","b7","zoo",69,5,21,0.0311848969542535,3.46782137334642
"a24 c1 e13",1,"a24","c1","e13",69,125,2,0.0742497546529846,2.60032080564169
"a24 c1 g5",1,"a24","c1","g5",69,125,1,0.0371248773264923,3.29346798620164
"a24 e13 g1",1,"a24","e13","g1",69,2,97,0.0576178096107161,2.85392356444061
"a24 e13 g5",1,"a24","e13","g5",69,2,1,0.000593998037223877,7.428634542944
"a24 e13 h1",1,"a24","e13","h1",69,2,49,0.02910590382397,3.53681424483337
"a24 e13 zoo",1,"a24","e13","zoo",69,2,21,0.0124739587817014,4.38411210522057
"a24 g1 g5",1,"a24","g1","g5",69,97,1,0.028808904805358,3.54707074500056
"a24 g5 h1",1,"a24","g5","h1",69,1,49,0.014552951911985,4.22996142539331
"a24 g5 zoo",1,"a24","g5","zoo",69,1,21,0.00623697939085071,5.07725928578052
"a24 h1 zoo",1,"a24","h1","zoo",69,49,21,0.305611990151685,1.18543898766989
"b7 c1 e13",1,"b7","c1","e13",5,125,2,0.00538041700383947,5.22498939780485
"b7 c1 g1",1,"b7","c1","g1",5,125,97,0.260950224686214,1.34342559986142
"b7 c1 g5",1,"b7","c1","g5",5,125,1,0.00269020850191973,5.9181365783648
"b7 c1 h1",1,"b7","c1","h1",5,125,49,0.131820216594067,2.02631628025417
"b7 c1 zoo",1,"b7","c1","zoo",5,125,21,0.0564943785403144,2.87361414064138
"b7 e13 g1",1,"b7","e13","g1",5,2,97,0.00417520359497942,5.47859215660377
"b7 e13 g5",1,"b7","e13","g5",5,2,1,4.30433360307157e-05,10.0533031351072
"b7 e13 h1",1,"b7","e13","h1",5,2,49,0.00210912346550507,6.16148283699653
"b7 e13 zoo",1,"b7","e13","zoo",5,2,21,0.00090391005664503,7.00878069738373
"b7 g1 g5",1,"b7","g1","g5",5,97,1,0.00208760179748971,6.17173933716372
"b7 g1 h1",1,"b7","g1","h1",5,97,49,0.102292488076996,2.27991903905309
"b7 g1 zoo",1,"b7","g1","zoo",5,97,21,0.043839637747284,3.12721689944029
"b7 g5 h1",1,"b7","g5","h1",5,1,49,0.00105456173275254,6.85463001755647
"b7 g5 zoo",1,"b7","g5","zoo",5,1,21,0.000451955028322515,7.70192787794368
"b7 h1 zoo",1,"b7","h1","zoo",5,49,21,0.0221457963878032,3.81010757983305
"c1 e13 g1",1,"c1","e13","g1",125,2,97,0.104380089874486,2.25971633173557
"c1 e13 g5",1,"c1","e13","g5",125,2,1,0.00107608340076789,6.83442731023895
"c1 e13 h1",1,"c1","e13","h1",125,2,49,0.0527280866376268,2.94260701212833
"c1 e13 zoo",1,"c1","e13","zoo",125,2,21,0.0225977514161258,3.78990487251553
"c1 g1 g5",1,"c1","g1","g5",125,97,1,0.0521900449372428,2.95286351229552
"c1 g5 h1",1,"c1","g5","h1",125,1,49,0.0263640433188134,3.63575419268827
"c1 g5 zoo",1,"c1","g5","zoo",125,1,21,0.0112988757080629,4.48305205307548
"c1 h1 zoo",1,"c1","h1","zoo",125,49,21,0.553644909695081,0.59123175496485
"e13 g1 g5",1,"e13","g1","g5",2,97,1,0.000835040718995885,7.08803006903787
"e13 g1 h1",1,"e13","g1","h1",2,97,49,0.0409169952307984,3.19620977092725
"e13 g1 zoo",1,"e13","g1","zoo",2,97,21,0.0175358550989136,4.04350763131445
"e13 g5 h1",1,"e13","g5","h1",2,1,49,0.000421824693101014,7.77092074943063
"e13 g5 zoo",1,"e13","g5","zoo",2,1,21,0.000180782011329006,8.61821860981783
"e13 h1 zoo",1,"e13","h1","zoo",2,49,21,0.00885831855512129,4.72639831170721
"g1 g5 h1",1,"g1","g5","h1",97,1,49,0.0204584976153992,3.88935695148719
"g1 g5 zoo",1,"g1","g5","zoo",97,1,21,0.00876792754945679,4.73665481187439
"g1 h1 zoo",1,"g1","h1","zoo",97,49,21,0.429628449923383,0.844834513763768
"g5 h1 zoo",1,"g5","h1","zoo",1,49,21,0.00442915927756065,5.41954549226715
"a7 a24 b10",1,"a7","a24","b10",1,69,50,0.0148499509305969,4.2097587180758
"c1 f12 f22",1,"c1","f12","f22",125,22,1,0.0118369174084468,4.43653203744058
"e4 e5 h1",1,"e4","e5","h1",12,7,49,0.0177166371102426,4.03325113114726
"e4 e5 h3",1,"e4","e5","h3",12,7,1,0.000361564022658012,7.92507142925789
"e4 e5 h8",1,"e4","e5","h8",12,7,1,0.000361564022658012,7.92507142925789
"e4 h1 h3",1,"e4","h1","h3",12,49,1,0.00253094815860608,5.97916128020257
"e4 h1 h8",1,"e4","h1","h8",12,49,1,0.00253094815860608,5.97916128020257
"e4 h3 h8",1,"e4","h3","h8",12,1,1,5.16520032368589e-05,9.8709815783132
"e5 h1 h3",1,"e5","h1","h3",7,49,1,0.00147638642585355,6.51815778093526
"e5 h1 h8",1,"e5","h1","h8",7,49,1,0.00147638642585355,6.51815778093526
"e5 h3 h8",1,"e5","h3","h8",7,1,1,3.0130335221501e-05,10.4099780790459
"h1 h3 h8",1,"h1","h3","h8",49,1,1,0.000210912346550507,8.46406792999057
"a1 d5 e24",1,"a1","d5","e24",136,5,2,0.00585389370017734,5.1406482493711
"a1 d5 f24",1,"a1","d5","f24",136,5,1,0.00292694685008867,5.83379542993105
"a1 d5 zoo",1,"a1","d5","zoo",136,5,21,0.061465883851862,2.78927299220763
"a1 e24 f24",1,"a1","e24","f24",136,2,1,0.00117077874003547,6.7500861618052
"a1 e24 ant",1,"a1","e24","ant",136,2,26,0.0304402472409222,3.49198962378372
"a1 e24 zoo",1,"a1","e24","zoo",136,2,21,0.0245863535407448,3.70556372408178
"a1 f24 ant",1,"a1","f24","ant",136,1,26,0.0152201236204611,4.18513680434367
"a1 f24 zoo",1,"a1","f24","zoo",136,1,21,0.0122931767703724,4.39871090464173
"a1 ant zoo",1,"a1","ant","zoo",136,26,21,0.319622596029683,1.14061436662024
"d5 e24 f24",1,"d5","e24","f24",5,2,1,4.30433360307157e-05,10.0533031351072
"d5 e24 ant",1,"d5","e24","ant",5,2,26,0.00111912673679861,6.79520659708567
"d5 e24 zoo",1,"d5","e24","zoo",5,2,21,0.00090391005664503,7.00878069738373
"d5 f24 ant",1,"d5","f24","ant",5,1,26,0.000559563368399304,7.48835377764562
"d5 f24 zoo",1,"d5","f24","zoo",5,1,21,0.000451955028322515,7.70192787794368
"d5 ant zoo",1,"d5","ant","zoo",5,26,21,0.0117508307363854,4.44383133992219
"e24 f24 ant",1,"e24","f24","ant",2,1,26,0.000223825347359722,8.40464450951977
"e24 f24 zoo",1,"e24","f24","zoo",2,1,21,0.000180782011329006,8.61821860981783
"e24 ant zoo",1,"e24","ant","zoo",2,26,21,0.00470033229455416,5.36012207179635
"f24 ant zoo",1,"f24","ant","zoo",1,26,21,0.00235016614727708,6.0532692523563
"a24 b2 b10",3,"a24","b2","b10",69,28,50,0.415798626056714,1.9761664965687
"a24 b2 e19",1,"a24","b2","e19",69,28,3,0.0249479175634028,3.69096492466063
"a24 b10 c1",6,"a24","b10","c1",69,50,125,1.85624386632462,1.17320445000155
"a24 b10 e19",1,"a24","b10","e19",69,50,3,0.0445498527917908,3.11114642940769
"a24 c1 e19",2,"a24","c1","e19",69,125,3,0.111374631979477,2.88800287809348
"b2 b10 c1",4,"b2","b10","c1",28,50,125,0.753258380537525,1.66964133631544
"b2 b10 e19",1,"b2","b10","e19",28,50,3,0.0180782011329006,4.01304842382974
"b2 c1 e19",1,"b2","c1","e19",28,125,3,0.0451955028322515,3.09675769195559
"b10 c1 e19",1,"b10","c1","e19",50,125,3,0.080706255057592,2.51693919670264
"a24 c1 f29",1,"a24","c1","f29",69,125,1,0.0371248773264923,3.29346798620164
"a24 c1 ant",3,"a24","c1","ant",69,125,26,0.9652468104888,1.13398373684827
"a24 e19 f12",1,"a24","e19","f12",69,3,22,0.0196019352283879,3.93212698147752
"a24 e19 f29",1,"a24","e19","f29",69,3,1,0.000890997055835815,7.02316943483583
"a24 e19 ant",1,"a24","e19","ant",69,3,26,0.0231659234517312,3.76507289681435
"a24 f12 f29",1,"a24","f12","f29",69,22,1,0.00653397840946265,5.03073927014563
"a24 f12 ant",1,"a24","f12","ant",69,22,26,0.169883438646029,1.77264273212414
"a24 f29 ant",1,"a24","f29","ant",69,1,26,0.0077219744839104,4.86368518548246
"c1 e19 f12",1,"c1","e19","f12",125,3,22,0.0355107522253405,3.33791974877247
"c1 e19 f29",1,"c1","e19","f29",125,3,1,0.00161412510115184,6.42896220213079
"c1 e19 ant",1,"c1","e19","ant",125,3,26,0.0419672526299478,3.17086566410931
"c1 f12 f29",1,"c1","f12","f29",125,22,1,0.0118369174084468,4.43653203744058
"c1 f29 ant",1,"c1","f29","ant",125,1,26,0.0139890842099826,4.26947795277742
"e19 f12 f29",1,"e19","f12","f29",3,22,1,0.000284086017802724,8.16623348607478
"e19 f12 ant",1,"e19","f12","ant",3,22,26,0.00738623646287082,4.90813694805329
"e19 f29 ant",1,"e19","f29","ant",3,1,26,0.000335738021039583,7.99917940141161
"f12 f29 ant",1,"f12","f29","ant",22,1,26,0.00246207882095694,6.0067492367214
"b14 f3 f19",1,"b14","f3","f19",3,4,1,5.16520032368589e-05,9.8709815783132
"a14 a24 zoo",1,"a14","a24","zoo",6,69,21,0.0374218763451042,3.28549981655246
"a8 a24 a28",1,"a8","a24","a28",1,69,3,0.000890997055835815,7.02316943483583
"a8 a24 b3",1,"a8","a24","b3",1,69,16,0.00475198429779102,5.34919300126416
"a8 a24 b10",1,"a8","a24","b10",1,69,50,0.0148499509305969,4.2097587180758
"a8 a24 e4",1,"a8","a24","e4",1,69,12,0.00356398822334326,5.63687507371594
"a8 a28 b3",1,"a8","a28","b3",1,3,16,0.000206608012947435,8.48468721719331
"a8 a28 b10",1,"a8","a28","b10",1,3,50,0.000645650040460736,7.34525293400494
"a8 a28 e4",1,"a8","a28","e4",1,3,12,0.000154956009710577,8.77236928964509
"a8 b3 b10",1,"a8","b3","b10",1,16,50,0.00344346688245726,5.67127650043327
"a8 b3 e4",1,"a8","b3","e4",1,16,12,0.000826432051789742,7.09839285607342
"a8 b10 e4",1,"a8","b10","e4",1,50,12,0.00258260016184294,5.95895857288505
"a24 a28 b3",1,"a24","a28","b3",69,3,16,0.014255952893373,4.25058071259605
"a24 a28 b10",2,"a24","a28","b10",69,3,50,0.0445498527917908,3.80429360996763
"a24 a28 e4",1,"a24","a28","e4",69,3,12,0.0106919646700298,4.53826278504783
"a24 b3 b10",2,"a24","b3","b10",69,16,50,0.237599214889551,2.13031717639596
"a24 b3 e4",2,"a24","b3","e4",69,16,12,0.0570238115734922,3.55743353203611
"a24 b10 e4",2,"a24","b10","e4",69,50,12,0.178199411167163,2.41799924884774
"a28 b3 b10",1,"a28","b3","b10",3,16,50,0.0103304006473718,4.57266421176516
"a28 b3 e4",1,"a28","b3","e4",3,16,12,0.00247929615536923,5.99978056740531
"a28 b10 e4",1,"a28","b10","e4",3,50,12,0.00774780048552883,4.86034628421694
"b3 b10 e4",2,"b3","b10","e4",16,50,12,0.0413216025894871,3.87951703120522
"b10 b12 f3",1,"b10","b12","f3",50,6,4,0.00516520032368589,5.26581139232511
"a1 a3 d5",1,"a1","a3","d5",136,22,5,0.0643928307019507,2.74275297657273
"a1 a3 f11",1,"a1","a3","f11",136,22,1,0.0128785661403901,4.35219088900683
"a1 a24 f11",1,"a1","a24","f11",136,69,1,0.0403918665312236,3.20912683776789
"a1 b10 d5",2,"a1","b10","d5",136,50,5,0.146347342504433,2.61491960506285
"a1 b10 f11",1,"a1","b10","f11",136,50,1,0.0292694685008867,3.531210336937
"a1 d5 f11",1,"a1","d5","f11",136,5,1,0.00292694685008867,5.83379542993105
"a1 f11 ant",1,"a1","f11","ant",136,1,26,0.0152201236204611,4.18513680434367
"a3 a24 d5",1,"a3","a24","d5",22,69,5,0.0326698920473132,3.42130135771152
"a3 a24 f11",1,"a3","a24","f11",22,69,1,0.00653397840946265,5.03073927014563
"a3 b10 d5",1,"a3","b10","d5",22,50,5,0.0236738348168936,3.74338485688064
"a3 b10 f11",1,"a3","b10","f11",22,50,1,0.00473476696337873,5.35282276931474
"a3 d5 f11",1,"a3","d5","f11",22,5,1,0.000473476696337873,7.65540786230878
"a3 d5 ant",1,"a3","d5","ant",22,5,26,0.0123103941047847,4.3973113242873
"a3 f11 ant",1,"a3","f11","ant",22,1,26,0.00246207882095694,6.0067492367214
"a24 b10 d5",2,"a24","b10","d5",69,50,5,0.0742497546529846,3.29346798620164
"a24 b10 f11",1,"a24","b10","f11",69,50,1,0.0148499509305969,4.2097587180758
"a24 d5 f11",1,"a24","d5","f11",69,5,1,0.00148499509305969,6.51234381106984
"a24 f11 ant",1,"a24","f11","ant",69,1,26,0.0077219744839104,4.86368518548246
"b10 d5 f11",1,"b10","d5","f11",50,5,1,0.00107608340076789,6.83442731023895
"b10 d5 ant",2,"b10","d5","ant",50,5,26,0.0279781684199652,4.26947795277742
"b10 f11 ant",1,"b10","f11","ant",50,1,26,0.00559563368399304,5.18576868465157
"d5 f11 ant",1,"d5","f11","ant",5,1,26,0.000559563368399304,7.48835377764562
"a1 a9 a24",2,"a1","a9","a24",136,2,69,0.0807837330624473,3.20912683776789
"a1 a9 b3",1,"a1","a9","b3",136,2,16,0.0187324598405675,3.97749743956542
"a1 a9 b12",1,"a1","a9","b12",136,2,6,0.00702467244021281,4.95832669257715
"a1 a9 b13",1,"a1","a9","b13",136,2,11,0.0128785661403901,4.35219088900683
"a1 a9 b17",1,"a1","a9","b17",136,2,1,0.00117077874003547,6.7500861618052
"a1 a9 b18",1,"a1","a9","b18",136,2,2,0.00234155748007094,6.05693898124526
"a1 a9 d6",1,"a1","a9","d6",136,2,3,0.0035123362201064,5.65147387313709
"a1 a9 e1",2,"a1","a9","e1",136,2,17,0.019903238580603,4.61001999830893
"a1 a9 f5",1,"a1","a9","f5",136,2,36,0.0421480346412768,3.16656722334909
"a1 a9 ant",2,"a1","a9","ant",136,2,26,0.0304402472409222,4.18513680434367
"a1 a24 b3",2,"a1","a24","b3",136,69,16,0.646269864499578,1.12968529608805
"a1 a24 b13",3,"a1","a24","b13",136,69,11,0.44431053184346,1.90984385363763
"a1 a24 b17",1,"a1","a24","b17",136,69,1,0.0403918665312236,3.20912683776789
"a1 a24 b18",1,"a1","a24","b18",136,69,2,0.0807837330624473,2.51597965720794
"a1 a24 d6",1,"a1","a24","d6",136,69,3,0.121175599593671,2.11051454909978
"a1 a24 e1",3,"a1","a24","e1",136,69,17,0.686661731030802,1.47452578237978
"a1 b3 b12",1,"a1","b3","b12",136,16,6,0.0561973795217024,2.87888515089731
"a1 b3 b13",1,"a1","b3","b13",136,16,11,0.103028529123121,2.272749347327
"a1 b3 b17",1,"a1","b3","b17",136,16,1,0.00936622992028374,4.67064462012537
"a1 b3 b18",1,"a1","b3","b18",136,16,2,0.0187324598405675,3.97749743956542
"a1 b3 d6",1,"a1","b3","d6",136,16,3,0.0280986897608512,3.57203233145726
"a1 b3 e1",1,"a1","b3","e1",136,16,17,0.159225908644824,1.83743127606915
"a1 b3 f5",2,"a1","b3","f5",136,16,36,0.337184277130215,1.7802728622292
"a1 b3 ant",1,"a1","b3","ant",136,16,26,0.243521977927377,1.41254808210389
"a1 b12 b13",1,"a1","b12","b13",136,6,11,0.0386356984211704,3.25357860033872
"a1 b12 b17",1,"a1","b12","b17",136,6,1,0.0035123362201064,5.65147387313709
"a1 b12 b18",1,"a1","b12","b18",136,6,2,0.00702467244021281,4.95832669257715
"a1 b12 d6",1,"a1","b12","d6",136,6,3,0.0105370086603192,4.55286158446898
"a1 b12 e1",1,"a1","b12","e1",136,6,17,0.0597097157418088,2.81826052908088
"a1 b13 b17",1,"a1","b13","b17",136,11,1,0.00643928307019507,5.04533806956678
"a1 b13 b18",1,"a1","b13","b18",136,11,2,0.0128785661403901,4.35219088900683
"a1 b13 d6",1,"a1","b13","d6",136,11,3,0.0193178492105852,3.94672578089867
"a1 b13 e1",2,"a1","b13","e1",136,11,17,0.109467812193316,2.90527190607051
"a1 b13 f5",1,"a1","b13","f5",136,11,36,0.231814190527023,1.46181913111067
"a1 b13 ant",1,"a1","b13","ant",136,11,26,0.167421359825072,1.7872415315453
"a1 b17 b18",1,"a1","b17","b18",136,1,2,0.00117077874003547,6.7500861618052
"a1 b17 d6",1,"a1","b17","d6",136,1,3,0.0017561681100532,6.34462105369704
"a1 b17 e1",1,"a1","b17","e1",136,1,17,0.00995161929030148,4.61001999830893
"a1 b17 f5",1,"a1","b17","f5",136,1,36,0.0210740173206384,3.85971440390904
"a1 b17 ant",1,"a1","b17","ant",136,1,26,0.0152201236204611,4.18513680434367
"a1 b18 d6",1,"a1","b18","d6",136,2,3,0.0035123362201064,5.65147387313709
"a1 b18 e1",1,"a1","b18","e1",136,2,17,0.019903238580603,3.91687281774899
"a1 b18 f5",1,"a1","b18","f5",136,2,36,0.0421480346412768,3.16656722334909
"a1 b18 ant",1,"a1","b18","ant",136,2,26,0.0304402472409222,3.49198962378372
"a1 d6 e1",1,"a1","d6","e1",136,3,17,0.0298548578709044,3.51140770964082
"a1 d6 f5",1,"a1","d6","f5",136,3,36,0.0632220519619152,2.76110211524093
"a1 d6 ant",1,"a1","d6","ant",136,3,26,0.0456603708613832,3.08652451567556
"a1 e1 ant",2,"a1","e1","ant",136,17,26,0.258742101547838,2.0450706408474
"a9 a24 b3",1,"a9","a24","b3",2,69,16,0.00950396859558203,4.65604582070421
"a9 a24 b12",1,"a9","a24","b12",2,69,6,0.00356398822334326,5.63687507371594
"a9 a24 b13",1,"a9","a24","b13",2,69,11,0.00653397840946265,5.03073927014563
"a9 a24 b17",1,"a9","a24","b17",2,69,1,0.000593998037223877,7.428634542944
"a9 a24 b18",1,"a9","a24","b18",2,69,2,0.00118799607444775,6.73548736238405
"a9 a24 d6",1,"a9","a24","d6",2,69,3,0.00178199411167163,6.33002225427589
"a9 a24 e1",2,"a9","a24","e1",2,69,17,0.0100979666328059,5.28856837944773
"a9 a24 f5",1,"a9","a24","f5",2,69,36,0.0213839293400596,3.84511560448789
"a9 a24 ant",2,"a9","a24","ant",2,69,26,0.0154439489678208,4.86368518548246
"a9 b3 b12",1,"a9","b3","b12",2,16,6,0.000826432051789742,7.09839285607342
"a9 b3 b13",1,"a9","b3","b13",2,16,11,0.00151512542828119,6.4922570525031
"a9 b3 b17",1,"a9","b3","b17",2,16,1,0.00013773867529829,8.89015232530147
"a9 b3 b18",1,"a9","b3","b18",2,16,2,0.000275477350596581,8.19700514474153
"a9 b3 d6",1,"a9","b3","d6",2,16,3,0.000413216025894871,7.79154003663336
"a9 b3 e1",1,"a9","b3","e1",2,16,17,0.00234155748007094,6.05693898124526
"a9 b3 f5",1,"a9","b3","f5",2,16,36,0.00495859231073845,5.30663338684536
"a9 b3 ant",1,"a9","b3","ant",2,16,26,0.00358120555775555,5.63205578727999
"a9 b12 b13",1,"a9","b12","b13",2,6,11,0.000568172035605447,7.47308630551483
"a9 b12 b17",1,"a9","b12","b17",2,6,1,5.16520032368589e-05,9.8709815783132
"a9 b12 b18",1,"a9","b12","b18",2,6,2,0.000103304006473718,9.17783439775326
"a9 b12 d6",1,"a9","b12","d6",2,6,3,0.000154956009710577,8.77236928964509
"a9 b12 e1",1,"a9","b12","e1",2,6,17,0.000878084055026601,7.03776823425698
"a9 b12 f5",1,"a9","b12","f5",2,6,36,0.00185947211652692,6.28746263985709
"a9 b12 ant",1,"a9","b12","ant",2,6,26,0.00134295208415833,6.61288504029172
"a9 b13 b17",1,"a9","b13","b17",2,11,1,9.46953392675746e-05,9.26484577474288
"a9 b13 b18",1,"a9","b13","b18",2,11,2,0.000189390678535149,8.57169859418294
"a9 b13 d6",1,"a9","b13","d6",2,11,3,0.000284086017802724,8.16623348607478
"a9 b13 e1",1,"a9","b13","e1",2,11,17,0.00160982076754877,6.43163243068667
"a9 b13 f5",1,"a9","b13","f5",2,11,36,0.00340903221363269,5.68132683628678
"a9 b13 ant",1,"a9","b13","ant",2,11,26,0.00246207882095694,6.0067492367214
"a9 b17 b18",1,"a9","b17","b18",2,1,2,1.72173344122863e-05,10.9695938669813
"a9 b17 d6",1,"a9","b17","d6",2,1,3,2.58260016184294e-05,10.5641287588731
"a9 b17 e1",1,"a9","b17","e1",2,1,17,0.000146347342504433,8.82952770348504
"a9 b17 f5",1,"a9","b17","f5",2,1,36,0.000309912019421153,8.07922210908515
"a9 b17 ant",1,"a9","b17","ant",2,1,26,0.000223825347359722,8.40464450951977
"a9 b18 d6",1,"a9","b18","d6",2,2,3,5.16520032368589e-05,9.8709815783132
"a9 b18 e1",1,"a9","b18","e1",2,2,17,0.000292694685008867,8.13638052292509
"a9 b18 f5",1,"a9","b18","f5",2,2,36,0.000619824038842306,7.3860749285252
"a9 b18 ant",1,"a9","b18","ant",2,2,26,0.000447650694719444,7.71149732895983
"a9 d6 e1",1,"a9","d6","e1",2,3,17,0.0004390420275133,7.73091541481693
"a9 d6 f5",1,"a9","d6","f5",2,3,36,0.00092973605826346,6.98060982041704
"a9 d6 ant",1,"a9","d6","ant",2,3,26,0.000671476042079165,7.30603222085166
"a9 e1 f5",1,"a9","e1","f5",2,17,36,0.0052685043301596,5.24600876502893
"a9 e1 ant",2,"a9","e1","ant",2,17,26,0.00380503090511527,6.2645783460235
"a9 f5 ant",1,"a9","f5","ant",2,36,26,0.00805771250494998,4.82112557106366
"a24 b3 b12",1,"a24","b3","b12",69,16,6,0.0285119057867461,3.55743353203611
"a24 b3 b13",1,"a24","b3","b13",69,16,11,0.0522718272757012,2.95129772846579
"a24 b3 b17",1,"a24","b3","b17",69,16,1,0.00475198429779102,5.34919300126416
"a24 b3 b18",1,"a24","b3","b18",69,16,2,0.00950396859558203,4.65604582070421
"a24 b3 d6",1,"a24","b3","d6",69,16,3,0.014255952893373,4.25058071259605
"a24 b3 e1",1,"a24","b3","e1",69,16,17,0.0807837330624473,2.51597965720794
"a24 b3 f5",1,"a24","b3","f5",69,16,36,0.171071434720477,1.76567406280805
"a24 b3 ant",2,"a24","b3","ant",69,16,26,0.123551591742566,2.78424364380262
"a24 b12 b13",1,"a24","b12","b13",69,6,11,0.0196019352283879,3.93212698147752
"a24 b12 b17",1,"a24","b12","b17",69,6,1,0.00178199411167163,6.33002225427589
"a24 b12 b18",1,"a24","b12","b18",69,6,2,0.00356398822334326,5.63687507371594
"a24 b12 d6",1,"a24","b12","d6",69,6,3,0.00534598233501489,5.23140996560778
"a24 b12 e1",1,"a24","b12","e1",69,6,17,0.0302938998984177,3.49680891021967
"a24 b13 b17",1,"a24","b13","b17",69,11,1,0.00326698920473132,5.72388645070557
"a24 b13 b18",1,"a24","b13","b18",69,11,2,0.00653397840946265,5.03073927014563
"a24 b13 d6",1,"a24","b13","d6",69,11,3,0.00980096761419397,4.62527416203746
"a24 b13 e1",2,"a24","b13","e1",69,11,17,0.0555388164804325,3.5838202872093
"a24 b13 f5",1,"a24","b13","f5",69,11,36,0.117611611370328,2.14036751224946
"a24 b13 ant",1,"a24","b13","ant",69,11,26,0.0849417193230144,2.46578991268409
"a24 b17 b18",1,"a24","b17","b18",69,1,2,0.000593998037223877,7.428634542944
"a24 b17 d6",1,"a24","b17","d6",69,1,3,0.000890997055835815,7.02316943483583
"a24 b17 e1",1,"a24","b17","e1",69,1,17,0.00504898331640295,5.28856837944773
"a24 b17 f5",1,"a24","b17","f5",69,1,36,0.0106919646700298,4.53826278504783
"a24 b17 ant",1,"a24","b17","ant",69,1,26,0.0077219744839104,4.86368518548246
"a24 b18 d6",1,"a24","b18","d6",69,2,3,0.00178199411167163,6.33002225427589
"a24 b18 e1",1,"a24","b18","e1",69,2,17,0.0100979666328059,4.59542119888778
"a24 b18 f5",1,"a24","b18","f5",69,2,36,0.0213839293400596,3.84511560448789
"a24 b18 ant",1,"a24","b18","ant",69,2,26,0.0154439489678208,4.17053800492251
"a24 d6 e1",1,"a24","d6","e1",69,3,17,0.0151469499492089,4.18995609077962
"a24 d6 f5",1,"a24","d6","f5",69,3,36,0.0320758940100894,3.43965049637972
"a24 d6 ant",1,"a24","d6","ant",69,3,26,0.0231659234517312,3.76507289681435
"a24 e1 f5",1,"a24","e1","f5",69,17,36,0.181763399390506,1.70504944099162
"a24 e1 ant",2,"a24","e1","ant",69,17,26,0.131273566226477,2.72361902198619
"b3 b12 b13",1,"b3","b12","b13",16,6,11,0.00454537628484358,5.39364476383499
"b3 b12 b17",1,"b3","b12","b17",16,6,1,0.000413216025894871,7.79154003663336
"b3 b12 b18",1,"b3","b12","b18",16,6,2,0.000826432051789742,7.09839285607342
"b3 b12 d6",1,"b3","b12","d6",16,6,3,0.00123964807768461,6.69292774796526
"b3 b12 e1",1,"b3","b12","e1",16,6,17,0.00702467244021281,4.95832669257715
"b3 b12 f5",1,"b3","b12","f5",16,6,36,0.0148757769322154,4.20802109817725
"b3 b12 ant",1,"b3","b12","ant",16,6,26,0.0107436166732666,4.53344349861188
"b3 b13 b17",1,"b3","b13","b17",16,11,1,0.000757562714140597,7.18540423306305
"b3 b13 b18",1,"b3","b13","b18",16,11,2,0.00151512542828119,6.4922570525031
"b3 b13 d6",1,"b3","b13","d6",16,11,3,0.00227268814242179,6.08679194439494
"b3 b13 e1",1,"b3","b13","e1",16,11,17,0.0128785661403901,4.35219088900683
"b3 b13 f5",1,"b3","b13","f5",16,11,36,0.0272722577090615,3.60188529460694
"b3 b13 ant",1,"b3","b13","ant",16,11,26,0.0196966305676555,3.92730769504157
"b3 b17 b18",1,"b3","b17","b18",16,1,2,0.00013773867529829,8.89015232530147
"b3 b17 d6",1,"b3","b17","d6",16,1,3,0.000206608012947435,8.48468721719331
"b3 b17 e1",1,"b3","b17","e1",16,1,17,0.00117077874003547,6.7500861618052
"b3 b17 f5",1,"b3","b17","f5",16,1,36,0.00247929615536923,5.99978056740531
"b3 b17 ant",1,"b3","b17","ant",16,1,26,0.00179060277887777,6.32520296783994
"b3 b18 d6",1,"b3","b18","d6",16,2,3,0.000413216025894871,7.79154003663336
"b3 b18 e1",1,"b3","b18","e1",16,2,17,0.00234155748007094,6.05693898124526
"b3 b18 f5",1,"b3","b18","f5",16,2,36,0.00495859231073845,5.30663338684536
"b3 b18 ant",1,"b3","b18","ant",16,2,26,0.00358120555775555,5.63205578727999
"b3 d6 e1",1,"b3","d6","e1",16,3,17,0.0035123362201064,5.65147387313709
"b3 d6 f5",1,"b3","d6","f5",16,3,36,0.00743788846610768,4.9011682787372
"b3 d6 ant",1,"b3","d6","ant",16,3,26,0.00537180833663332,5.22659067917183
"b3 e1 f5",1,"b3","e1","f5",16,17,36,0.0421480346412768,3.16656722334909
"b3 e1 ant",1,"b3","e1","ant",16,17,26,0.0304402472409222,3.49198962378372
"b3 f5 ant",1,"b3","f5","ant",16,36,26,0.0644617000395999,2.74168402938383
"b12 b13 b17",1,"b12","b13","b17",6,11,1,0.000284086017802724,8.16623348607478
"b12 b13 b18",1,"b12","b13","b18",6,11,2,0.000568172035605447,7.47308630551483
"b12 b13 d6",1,"b12","b13","d6",6,11,3,0.000852258053408171,7.06762119740667
"b12 b13 e1",1,"b12","b13","e1",6,11,17,0.0048294623026463,5.33302014201856
"b12 b13 f5",1,"b12","b13","f5",6,11,36,0.0102270966408981,4.58271454761867
"b12 b13 ant",1,"b12","b13","ant",6,11,26,0.00738623646287082,4.90813694805329
"b12 b17 b18",1,"b12","b17","b18",6,1,2,5.16520032368589e-05,9.8709815783132
"b12 b17 d6",1,"b12","b17","d6",6,1,3,7.74780048552883e-05,9.46551647020504
"b12 b17 e1",1,"b12","b17","e1",6,1,17,0.0004390420275133,7.73091541481693
"b12 b17 f5",1,"b12","b17","f5",6,1,36,0.00092973605826346,6.98060982041704
"b12 b17 ant",1,"b12","b17","ant",6,1,26,0.000671476042079165,7.30603222085166
"b12 b18 d6",1,"b12","b18","d6",6,2,3,0.000154956009710577,8.77236928964509
"b12 b18 e1",1,"b12","b18","e1",6,2,17,0.000878084055026601,7.03776823425698
"b12 b18 f5",1,"b12","b18","f5",6,2,36,0.00185947211652692,6.28746263985709
"b12 b18 ant",1,"b12","b18","ant",6,2,26,0.00134295208415833,6.61288504029172
"b12 d6 e1",1,"b12","d6","e1",6,3,17,0.0013171260825399,6.63230312614882
"b12 d6 f5",1,"b12","d6","f5",6,3,36,0.00278920817479038,5.88199753174893
"b12 d6 ant",1,"b12","d6","ant",6,3,26,0.0020144281262375,6.20741993218355
"b12 e1 f5",1,"b12","e1","f5",6,17,36,0.0158055129904788,4.14739647636082
"b12 e1 ant",1,"b12","e1","ant",6,17,26,0.0114150927153458,4.47281887679545
"b13 b17 b18",1,"b13","b17","b18",11,1,2,9.46953392675746e-05,9.26484577474288
"b13 b17 d6",1,"b13","b17","d6",11,1,3,0.000142043008901362,8.85938066663472
"b13 b17 e1",1,"b13","b17","e1",11,1,17,0.000804910383774384,7.12477961124661
"b13 b17 f5",1,"b13","b17","f5",11,1,36,0.00170451610681634,6.37447401684672
"b13 b17 ant",1,"b13","b17","ant",11,1,26,0.00123103941047847,6.69989641728135
"b13 b18 d6",1,"b13","b18","d6",11,2,3,0.000284086017802724,8.16623348607478
"b13 b18 e1",1,"b13","b18","e1",11,2,17,0.00160982076754877,6.43163243068667
"b13 b18 f5",1,"b13","b18","f5",11,2,36,0.00340903221363269,5.68132683628678
"b13 b18 ant",1,"b13","b18","ant",11,2,26,0.00246207882095694,6.0067492367214
"b13 d6 e1",1,"b13","d6","e1",11,3,17,0.00241473115132315,6.0261673225785
"b13 d6 f5",1,"b13","d6","f5",11,3,36,0.00511354832044903,5.27586172817861
"b13 d6 ant",1,"b13","d6","ant",11,3,26,0.00369311823143541,5.60128412861324
"b13 e1 ant",1,"b13","e1","ant",11,17,26,0.020927669978134,3.86668307322513
"b13 f5 ant",1,"b13","f5","ant",11,36,26,0.0443174187772249,3.11637747882524
"b17 b18 d6",1,"b17","b18","d6",1,2,3,2.58260016184294e-05,10.5641287588731
"b17 b18 e1",1,"b17","b18","e1",1,2,17,0.000146347342504433,8.82952770348504
"b17 b18 f5",1,"b17","b18","f5",1,2,36,0.000309912019421153,8.07922210908515
"b17 b18 ant",1,"b17","b18","ant",1,2,26,0.000223825347359722,8.40464450951977
"b17 d6 e1",1,"b17","d6","e1",1,3,17,0.00021952101375665,8.42406259537687
"b17 d6 f5",1,"b17","d6","f5",1,3,36,0.00046486802913173,7.67375700097698
"b17 d6 ant",1,"b17","d6","ant",1,3,26,0.000335738021039583,7.99917940141161
"b17 e1 f5",1,"b17","e1","f5",1,17,36,0.0026342521650798,5.93915594558887
"b17 e1 ant",1,"b17","e1","ant",1,17,26,0.00190251545255764,6.2645783460235
"b17 f5 ant",1,"b17","f5","ant",1,36,26,0.00402885625247499,5.51427275162361
"b18 d6 e1",1,"b18","d6","e1",2,3,17,0.0004390420275133,7.73091541481693
"b18 d6 f5",1,"b18","d6","f5",2,3,36,0.00092973605826346,6.98060982041704
"b18 d6 ant",1,"b18","d6","ant",2,3,26,0.000671476042079165,7.30603222085166
"b18 e1 f5",1,"b18","e1","f5",2,17,36,0.0052685043301596,5.24600876502893
"b18 e1 ant",1,"b18","e1","ant",2,17,26,0.00380503090511527,5.57143116546356
"b18 f5 ant",1,"b18","f5","ant",2,36,26,0.00805771250494998,4.82112557106366
"d6 e1 f5",1,"d6","e1","f5",3,17,36,0.00790275649523941,4.84054365692077
"d6 e1 ant",1,"d6","e1","ant",3,17,26,0.0057075463576729,5.16596605735539
"d6 f5 ant",1,"d6","f5","ant",3,36,26,0.012086568757425,4.4156604629555
"e1 f5 ant",1,"e1","f5","ant",17,36,26,0.0684905562920749,2.68105940756739
"a24 a30 d19",1,"a24","a30","d19",69,1,10,0.00296999018611938,5.8191966305099
"a1 b2 b6",1,"a1","b2","b6",136,28,14,0.229472633046952,1.47197150257469
"a1 b6 c1",1,"a1","b6","c1",136,14,125,1.02443139753103,-0.0241377245524111
"a1 b6 g1",1,"a1","b6","g1",136,14,97,0.794958764484083,0.229465034246507
"b2 b6 c1",1,"b2","b6","c1",28,14,125,0.210912346550507,1.55631265100844
"b2 b6 g1",1,"b2","b6","g1",28,14,97,0.163667980923193,1.80991540980736
"b6 c1 g1",1,"b6","c1","g1",14,125,97,0.7306606291214,0.313806182680258
"a5 b1 c1",1,"a5","b1","c1",19,13,125,0.132896299994835,2.01818615417092
"a5 b1 f12",1,"a5","b1","f12",19,13,22,0.0233897487990909,3.75545743811491
"a5 c1 f12",1,"a5","c1","f12",19,125,22,0.22490143076049,1.49209305827414
"b1 c1 f12",1,"b1","c1","f12",13,125,22,0.153879926309809,1.87158267997905
"a1 a3 c11",1,"a1","a3","c11",136,22,2,0.0257571322807803,3.65904370844689
"a1 b2 b10",3,"a1","b2","b10",136,28,50,0.819545118024827,1.29761811542991
"a1 b2 c11",1,"a1","b2","c11",136,28,2,0.0327818047209931,3.41788165163
"a1 b10 c11",2,"a1","b10","c11",136,50,2,0.0585389370017734,3.531210336937
"a1 b10 g1",2,"a1","b10","g1",136,50,97,2.83913844458601,-0.350353461006435
"a1 c1 c11",2,"a1","c1","c11",136,125,2,0.146347342504433,2.61491960506285
"a1 c11 g1",1,"a1","c11","g1",136,2,97,0.11356553778344,2.17537518330182
"a3 b2 b10",1,"a3","b2","b10",22,28,50,0.132573474974604,2.02061825913953
"a3 b2 c11",1,"a3","b2","c11",22,28,2,0.00530293899898418,5.23949408400774
"a3 b10 c1",1,"a3","b10","c1",22,50,125,0.591845870422341,0.524509032012437
"a3 b10 c11",1,"a3","b10","c11",22,50,2,0.00946953392675746,4.65967558875479
"a3 b10 g1",1,"a3","b10","g1",22,50,97,0.459272395447737,0.778111790811356
"a3 c1 c11",1,"a3","c1","c11",22,125,2,0.0236738348168936,3.74338485688064
"a3 c11 g1",1,"a3","c11","g1",22,2,97,0.0183708958179095,3.99698761567956
"b2 b10 c11",1,"b2","b10","c11",28,50,2,0.0120521340886004,4.41851353193791
"b2 c1 c11",1,"b2","c1","c11",28,125,2,0.030130335221501,3.50222280006375
"b2 c11 g1",1,"b2","c11","g1",28,2,97,0.0233811401318848,3.75582555886267
"b10 c1 c11",2,"b10","c1","c11",50,125,2,0.0538041700383947,3.61555148537075
"b10 c11 g1",1,"b10","c11","g1",50,2,97,0.0417520359497943,3.17600706360973
"c1 c11 g1",1,"c1","c11","g1",125,2,97,0.104380089874486,2.25971633173557
"a1 a5 a28",1,"a1","a5","a28",136,19,3,0.0333671940910108,3.4001820745306
"a1 a5 b2",2,"a1","a5","b2",136,19,28,0.311427144849434,1.85973703358345
"a1 a24 a28",1,"a1","a24","a28",136,69,3,0.121175599593671,2.11051454909978
"a1 a28 b2",1,"a1","a28","b2",136,3,28,0.0491727070814896,3.01241654352184
"a1 a28 b10",1,"a1","a28","b10",136,3,50,0.0878084055026601,2.43259804826889
"a5 a24 a28",1,"a5","a24","a28",19,69,3,0.0169289440608805,4.07873045566939
"a5 a24 b2",1,"a5","a24","b2",19,69,28,0.158003477901551,1.8451382341623
"a5 a28 b2",1,"a5","a28","b2",19,3,28,0.00686971643050223,4.98063245009145
"a5 a28 b10",1,"a5","a28","b10",19,3,50,0.012267350768754,4.4008139548385
"a5 b2 b10",1,"a5","b2","b10",19,28,50,0.114495273841704,2.16722173333141
"a24 a28 b2",1,"a24","a28","b2",69,3,28,0.0249479175634028,3.69096492466063
"a28 b2 b10",1,"a28","b2","b10",3,28,50,0.0180782011329006,4.01304842382974
"a1 a9 b10",1,"a1","a9","b10",136,2,50,0.0585389370017734,2.83806315637706
"a1 a9 c1",1,"a1","a9","c1",136,2,125,0.146347342504433,1.9217724245029
"a1 a9 c10",1,"a1","a9","c10",136,2,3,0.0035123362201064,5.65147387313709
"a1 a9 c11",1,"a1","a9","c11",136,2,2,0.00234155748007094,6.05693898124526
"a1 a9 d3",1,"a1","a9","d3",136,2,8,0.00936622992028374,4.67064462012537
"a1 a9 d5",1,"a1","a9","d5",136,2,5,0.00585389370017734,5.1406482493711
"a1 a9 e5",1,"a1","a9","e5",136,2,7,0.00819545118024827,4.80417601274989
"a1 a9 f14",1,"a1","a9","f14",136,2,16,0.0187324598405675,3.97749743956542
"a1 a24 c11",1,"a1","a24","c11",136,69,2,0.0807837330624473,2.51597965720794
"a1 a24 d3",1,"a1","a24","d3",136,69,8,0.323134932249789,1.12968529608805
"a1 a24 e5",1,"a1","a24","e5",136,69,7,0.282743065718565,1.26321668871258
"a1 b10 c10",1,"a1","b10","c10",136,50,3,0.0878084055026601,2.43259804826889
"a1 b10 d3",1,"a1","b10","d3",136,50,8,0.234155748007094,1.45176879525717
"a1 b10 e5",1,"a1","b10","e5",136,50,7,0.204886279506207,1.58530018788169
"a1 c1 e5",1,"a1","c1","e5",136,125,7,0.512215698765517,0.669009456007534
"a1 c10 c11",1,"a1","c10","c11",136,3,2,0.0035123362201064,5.65147387313709
"a1 c10 d3",1,"a1","c10","d3",136,3,8,0.0140493448804256,4.2651795120172
"a1 c10 d5",1,"a1","c10","d5",136,3,5,0.00878084055026601,4.73518314126294
"a1 c10 e1",1,"a1","c10","e1",136,3,17,0.0298548578709044,3.51140770964082
"a1 c10 e5",1,"a1","c10","e5",136,3,7,0.0122931767703724,4.39871090464173
"a1 c10 f14",1,"a1","c10","f14",136,3,16,0.0280986897608512,3.57203233145726
"a1 c10 ant",1,"a1","c10","ant",136,3,26,0.0456603708613832,3.08652451567556
"a1 c11 d3",1,"a1","c11","d3",136,2,8,0.00936622992028374,4.67064462012537
"a1 c11 d5",1,"a1","c11","d5",136,2,5,0.00585389370017734,5.1406482493711
"a1 c11 e1",1,"a1","c11","e1",136,2,17,0.019903238580603,3.91687281774899
"a1 c11 e5",1,"a1","c11","e5",136,2,7,0.00819545118024827,4.80417601274989
"a1 c11 f14",1,"a1","c11","f14",136,2,16,0.0187324598405675,3.97749743956542
"a1 c11 ant",1,"a1","c11","ant",136,2,26,0.0304402472409222,3.49198962378372
"a1 d3 d5",1,"a1","d3","d5",136,8,5,0.0234155748007094,3.75435388825121
"a1 d3 f14",1,"a1","d3","f14",136,8,16,0.0749298393622699,2.59120307844553
"a1 d3 ant",1,"a1","d3","ant",136,8,26,0.121760988963689,2.10569526266383
"a1 d5 e1",1,"a1","d5","e1",136,5,17,0.0497580964515074,3.00058208587483
"a1 d5 e5",1,"a1","d5","e5",136,5,7,0.0204886279506207,3.88788528087573
"a1 d5 f14",1,"a1","d5","f14",136,5,16,0.0468311496014187,3.06120670769127
"a1 e5 f14",1,"a1","e5","f14",136,7,16,0.0655636094419862,2.72473447107005
"a1 e5 ant",1,"a1","e5","ant",136,7,26,0.106540865343228,2.23922665528835
"a1 f14 ant",1,"a1","f14","ant",136,16,26,0.243521977927377,1.41254808210389
"a9 a24 b10",1,"a9","a24","b10",2,69,50,0.0296999018611938,3.51661153751585
"a9 a24 c1",1,"a9","a24","c1",2,69,125,0.0742497546529846,2.60032080564169
"a9 a24 c10",1,"a9","a24","c10",2,69,3,0.00178199411167163,6.33002225427589
"a9 a24 c11",1,"a9","a24","c11",2,69,2,0.00118799607444775,6.73548736238405
"a9 a24 d3",1,"a9","a24","d3",2,69,8,0.00475198429779102,5.34919300126416
"a9 a24 d5",1,"a9","a24","d5",2,69,5,0.00296999018611938,5.8191966305099
"a9 a24 e5",1,"a9","a24","e5",2,69,7,0.00415798626056714,5.48272439388868
"a9 a24 f14",1,"a9","a24","f14",2,69,16,0.00950396859558203,4.65604582070421
"a9 b10 c1",1,"a9","b10","c1",2,50,125,0.0538041700383947,2.92240430481081
"a9 b10 c10",1,"a9","b10","c10",2,50,3,0.00129130008092147,6.652105753445
"a9 b10 c11",1,"a9","b10","c11",2,50,2,0.000860866720614315,7.05757086155316
"a9 b10 d3",1,"a9","b10","d3",2,50,8,0.00344346688245726,5.67127650043327
"a9 b10 d5",1,"a9","b10","d5",2,50,5,0.00215216680153579,6.14128012967901
"a9 b10 e1",1,"a9","b10","e1",2,50,17,0.00731736712522167,4.91750469805689
"a9 b10 e5",1,"a9","b10","e5",2,50,7,0.0030130335221501,5.8048078930578
"a9 b10 f14",1,"a9","b10","f14",2,50,16,0.00688693376491452,4.97812931987333
"a9 b10 ant",1,"a9","b10","ant",2,50,26,0.0111912673679861,4.49262150409163
"a9 c1 c10",1,"a9","c1","c10",2,125,3,0.00322825020230368,5.73581502157084
"a9 c1 c11",1,"a9","c1","c11",2,125,2,0.00215216680153579,6.14128012967901
"a9 c1 d3",1,"a9","c1","d3",2,125,8,0.00860866720614315,4.75498576855912
"a9 c1 d5",1,"a9","c1","d5",2,125,5,0.00538041700383947,5.22498939780485
"a9 c1 e1",1,"a9","c1","e1",2,125,17,0.0182934178130542,4.00121396618274
"a9 c1 e5",1,"a9","c1","e5",2,125,7,0.00753258380537525,4.88851716118364
"a9 c1 f14",1,"a9","c1","f14",2,125,16,0.0172173344122863,4.06183858799917
"a9 c1 ant",1,"a9","c1","ant",2,125,26,0.0279781684199652,3.57633077221747
"a9 c10 c11",1,"a9","c10","c11",2,3,2,5.16520032368589e-05,9.8709815783132
"a9 c10 d3",1,"a9","c10","d3",2,3,8,0.000206608012947435,8.48468721719331
"a9 c10 d5",1,"a9","c10","d5",2,3,5,0.000129130008092147,8.95469084643904
"a9 c10 e1",1,"a9","c10","e1",2,3,17,0.0004390420275133,7.73091541481693
"a9 c10 e5",1,"a9","c10","e5",2,3,7,0.000180782011329006,8.61821860981783
"a9 c10 f14",1,"a9","c10","f14",2,3,16,0.000413216025894871,7.79154003663336
"a9 c10 ant",1,"a9","c10","ant",2,3,26,0.000671476042079165,7.30603222085166
"a9 c11 d3",1,"a9","c11","d3",2,2,8,0.00013773867529829,8.89015232530147
"a9 c11 d5",1,"a9","c11","d5",2,2,5,8.60866720614314e-05,9.36015595454721
"a9 c11 e1",1,"a9","c11","e1",2,2,17,0.000292694685008867,8.13638052292509
"a9 c11 e5",1,"a9","c11","e5",2,2,7,0.000120521340886004,9.023683717926
"a9 c11 f14",1,"a9","c11","f14",2,2,16,0.000275477350596581,8.19700514474153
"a9 c11 ant",1,"a9","c11","ant",2,2,26,0.000447650694719444,7.71149732895983
"a9 d3 d5",1,"a9","d3","d5",2,8,5,0.000344346688245726,7.97386159342732
"a9 d3 e1",1,"a9","d3","e1",2,8,17,0.00117077874003547,6.7500861618052
"a9 d3 e5",1,"a9","d3","e5",2,8,7,0.000482085363544016,7.63738935680611
"a9 d3 f14",1,"a9","d3","f14",2,8,16,0.00110190940238632,6.81071078362164
"a9 d3 ant",1,"a9","d3","ant",2,8,26,0.00179060277887777,6.32520296783994
"a9 d5 e1",1,"a9","d5","e1",2,5,17,0.000731736712522167,7.22008979105094
"a9 d5 e5",1,"a9","d5","e5",2,5,7,0.00030130335221501,8.10739298605184
"a9 d5 f14",1,"a9","d5","f14",2,5,16,0.000688693376491452,7.28071441286737
"a9 d5 ant",1,"a9","d5","ant",2,5,26,0.00111912673679861,6.79520659708567
"a9 e1 e5",1,"a9","e1","e5",2,17,7,0.00102443139753103,6.88361755442973
"a9 e1 f14",1,"a9","e1","f14",2,17,16,0.00234155748007094,6.05693898124526
"a9 e5 f14",1,"a9","e5","f14",2,7,16,0.000964170727088032,6.94424217624616
"a9 e5 ant",1,"a9","e5","ant",2,7,26,0.00156677743151805,6.45873436046446
"a9 f14 ant",1,"a9","f14","ant",2,16,26,0.00358120555775555,5.63205578727999
"a24 b10 c10",1,"a24","b10","c10",69,50,3,0.0445498527917908,3.11114642940769
"a24 b10 c11",1,"a24","b10","c11",69,50,2,0.0296999018611938,3.51661153751585
"a24 b10 d3",1,"a24","b10","d3",69,50,8,0.118799607444775,2.13031717639596
"a24 b10 e1",2,"a24","b10","e1",69,50,17,0.252449165820148,2.06969255457952
"a24 b10 e5",1,"a24","b10","e5",69,50,7,0.103949656514178,2.26384856902048
"a24 b10 f14",1,"a24","b10","f14",69,50,16,0.237599214889551,1.43716999583601
"a24 c1 c11",1,"a24","c1","c11",69,125,2,0.0742497546529846,2.60032080564169
"a24 c1 d3",1,"a24","c1","d3",69,125,8,0.296999018611939,1.2140264445218
"a24 c1 e1",2,"a24","c1","e1",69,125,17,0.631122914550369,1.15340182270537
"a24 c1 e5",1,"a24","c1","e5",69,125,7,0.259874141285446,1.34755783714633
"a24 c10 c11",1,"a24","c10","c11",69,3,2,0.00178199411167163,6.33002225427589
"a24 c10 d3",1,"a24","c10","d3",69,3,8,0.00712797644668652,4.943727893156
"a24 c10 d5",1,"a24","c10","d5",69,3,5,0.00445498527917908,5.41373152240173
"a24 c10 e1",1,"a24","c10","e1",69,3,17,0.0151469499492089,4.18995609077962
"a24 c10 e5",1,"a24","c10","e5",69,3,7,0.00623697939085071,5.07725928578052
"a24 c10 f14",1,"a24","c10","f14",69,3,16,0.014255952893373,4.25058071259605
"a24 c10 ant",1,"a24","c10","ant",69,3,26,0.0231659234517312,3.76507289681435
"a24 c11 d3",1,"a24","c11","d3",69,2,8,0.00475198429779102,5.34919300126416
"a24 c11 d5",1,"a24","c11","d5",69,2,5,0.00296999018611938,5.8191966305099
"a24 c11 e1",1,"a24","c11","e1",69,2,17,0.0100979666328059,4.59542119888778
"a24 c11 e5",1,"a24","c11","e5",69,2,7,0.00415798626056714,5.48272439388868
"a24 c11 f14",1,"a24","c11","f14",69,2,16,0.00950396859558203,4.65604582070421
"a24 c11 ant",1,"a24","c11","ant",69,2,26,0.0154439489678208,4.17053800492251
"a24 d3 d5",1,"a24","d3","d5",69,8,5,0.0118799607444775,4.43290226939
"a24 d3 e1",1,"a24","d3","e1",69,8,17,0.0403918665312236,3.20912683776789
"a24 d3 e5",1,"a24","d3","e5",69,8,7,0.0166319450422686,4.09643003276879
"a24 d3 f14",1,"a24","d3","f14",69,8,16,0.0380158743823281,3.26975145958432
"a24 d3 ant",1,"a24","d3","ant",69,8,26,0.0617757958712832,2.78424364380262
"a24 d5 e1",1,"a24","d5","e1",69,5,17,0.0252449165820148,3.67913046701362
"a24 d5 e5",1,"a24","d5","e5",69,5,7,0.0103949656514178,4.56643366201453
"a24 d5 f14",1,"a24","d5","f14",69,5,16,0.0237599214889551,3.73975508883006
"a24 e1 e5",1,"a24","e1","e5",69,17,7,0.0353428832148207,3.34265823039241
"a24 e1 f14",1,"a24","e1","f14",69,17,16,0.0807837330624473,2.51597965720794
"a24 e5 f14",1,"a24","e5","f14",69,7,16,0.0332638900845371,3.40328285220885
"a24 e5 ant",1,"a24","e5","ant",69,7,26,0.0540538213873728,2.91777503642715
"a24 f14 ant",1,"a24","f14","ant",69,16,26,0.123551591742566,2.09109646324268
"b10 c1 c10",1,"b10","c1","c10",50,125,3,0.080706255057592,2.51693919670264
"b10 c1 d3",1,"b10","c1","d3",50,125,8,0.215216680153579,1.53610994369092
"b10 c1 d5",1,"b10","c1","d5",50,125,5,0.134510425095987,2.00611357293665
"b10 c1 ant",2,"b10","c1","ant",50,125,26,0.699454210499131,1.05060212790922
"b10 c10 c11",1,"b10","c10","c11",50,3,2,0.00129130008092147,6.652105753445
"b10 c10 d3",1,"b10","c10","d3",50,3,8,0.00516520032368589,5.26581139232511
"b10 c10 d5",1,"b10","c10","d5",50,3,5,0.00322825020230368,5.73581502157084
"b10 c10 e1",1,"b10","c10","e1",50,3,17,0.0109760506878325,4.51203958994873
"b10 c10 e5",1,"b10","c10","e5",50,3,7,0.00451955028322515,5.39934278494963
"b10 c10 f14",1,"b10","c10","f14",50,3,16,0.0103304006473718,4.57266421176516
"b10 c10 ant",1,"b10","c10","ant",50,3,26,0.0167869010519791,4.08715639598346
"b10 c11 d3",1,"b10","c11","d3",50,2,8,0.00344346688245726,5.67127650043327
"b10 c11 d5",1,"b10","c11","d5",50,2,5,0.00215216680153579,6.14128012967901
"b10 c11 e1",1,"b10","c11","e1",50,2,17,0.00731736712522167,4.91750469805689
"b10 c11 e5",1,"b10","c11","e5",50,2,7,0.0030130335221501,5.8048078930578
"b10 c11 f14",1,"b10","c11","f14",50,2,16,0.00688693376491452,4.97812931987333
"b10 c11 ant",1,"b10","c11","ant",50,2,26,0.0111912673679861,4.49262150409163
"b10 d3 d5",1,"b10","d3","d5",50,8,5,0.00860866720614314,4.75498576855912
"b10 d3 e1",1,"b10","d3","e1",50,8,17,0.0292694685008867,3.531210336937
"b10 d3 e5",1,"b10","d3","e5",50,8,7,0.0120521340886004,4.41851353193791
"b10 d3 f14",1,"b10","d3","f14",50,8,16,0.0275477350596581,3.59183495875344
"b10 d3 ant",1,"b10","d3","ant",50,8,26,0.0447650694719444,3.10632714297174
"b10 d5 e1",1,"b10","d5","e1",50,5,17,0.0182934178130542,4.00121396618274
"b10 d5 e5",1,"b10","d5","e5",50,5,7,0.00753258380537525,4.88851716118364
"b10 d5 f14",1,"b10","d5","f14",50,5,16,0.0172173344122863,4.06183858799917
"b10 e1 ant",1,"b10","e1","ant",50,17,26,0.0951257726278818,2.35255534059536
"b10 e5 f14",1,"b10","e5","f14",50,7,16,0.0241042681772008,3.72536635137796
"b10 f14 ant",1,"b10","f14","ant",50,16,26,0.0895301389438887,2.41317996241179
"c1 c10 c11",1,"c1","c10","c11",125,3,2,0.00322825020230368,5.73581502157084
"c1 c10 d3",1,"c1","c10","d3",125,3,8,0.0129130008092147,4.34952066045095
"c1 c10 d5",1,"c1","c10","d5",125,3,5,0.0080706255057592,4.81952428969669
"c1 c10 e1",1,"c1","c10","e1",125,3,17,0.0274401267195813,3.59574885807457
"c1 c10 e5",1,"c1","c10","e5",125,3,7,0.0112988757080629,4.48305205307548
"c1 c10 f14",1,"c1","c10","f14",125,3,16,0.0258260016184294,3.65637347989101
"c1 c10 ant",1,"c1","c10","ant",125,3,26,0.0419672526299478,3.17086566410931
"c1 c11 d3",1,"c1","c11","d3",125,2,8,0.00860866720614315,4.75498576855912
"c1 c11 d5",1,"c1","c11","d5",125,2,5,0.00538041700383947,5.22498939780485
"c1 c11 e1",1,"c1","c11","e1",125,2,17,0.0182934178130542,4.00121396618274
"c1 c11 e5",1,"c1","c11","e5",125,2,7,0.00753258380537525,4.88851716118364
"c1 c11 f14",1,"c1","c11","f14",125,2,16,0.0172173344122863,4.06183858799917
"c1 c11 ant",1,"c1","c11","ant",125,2,26,0.0279781684199652,3.57633077221747
"c1 d3 d5",1,"c1","d3","d5",125,8,5,0.0215216680153579,3.83869503668496
"c1 d3 e1",1,"c1","d3","e1",125,8,17,0.0731736712522167,2.61491960506285
"c1 d3 e5",1,"c1","d3","e5",125,8,7,0.030130335221501,3.50222280006375
"c1 d3 f14",1,"c1","d3","f14",125,8,16,0.0688693376491452,2.67554422687928
"c1 d3 ant",1,"c1","d3","ant",125,8,26,0.111912673679861,2.19003641109758
"c1 d5 e1",1,"c1","d5","e1",125,5,17,0.0457335445326355,3.08492323430858
"c1 d5 e5",1,"c1","d5","e5",125,5,7,0.0188314595134381,3.97222642930949
"c1 d5 f14",1,"c1","d5","f14",125,5,16,0.0430433360307157,3.14554785612502
"c1 d5 ant",1,"c1","d5","ant",125,5,26,0.0699454210499131,2.66004004034332
"c1 e1 ant",1,"c1","e1","ant",125,17,26,0.237814431569704,1.4362646087212
"c1 e5 f14",1,"c1","e5","f14",125,7,16,0.060260670443002,2.8090756195038
"c1 e5 ant",1,"c1","e5","ant",125,7,26,0.0979235894698783,2.3235678037221
"c1 f14 ant",1,"c1","f14","ant",125,16,26,0.223825347359722,1.49688923053764
"c10 c11 d3",1,"c10","c11","d3",3,2,8,0.000206608012947435,8.48468721719331
"c10 c11 d5",1,"c10","c11","d5",3,2,5,0.000129130008092147,8.95469084643904
"c10 c11 e1",1,"c10","c11","e1",3,2,17,0.0004390420275133,7.73091541481693
"c10 c11 e5",1,"c10","c11","e5",3,2,7,0.000180782011329006,8.61821860981783
"c10 c11 f14",1,"c10","c11","f14",3,2,16,0.000413216025894871,7.79154003663336
"c10 c11 ant",1,"c10","c11","ant",3,2,26,0.000671476042079165,7.30603222085166
"c10 d3 d5",1,"c10","d3","d5",3,8,5,0.000516520032368589,7.56839648531915
"c10 d3 e1",1,"c10","d3","e1",3,8,17,0.0017561681100532,6.34462105369704
"c10 d3 e5",1,"c10","d3","e5",3,8,7,0.000723128045316024,7.23192424869794
"c10 d3 f14",1,"c10","d3","f14",3,8,16,0.00165286410357948,6.40524567551347
"c10 d3 ant",1,"c10","d3","ant",3,8,26,0.00268590416831666,5.91973785973177
"c10 d5 e1",1,"c10","d5","e1",3,5,17,0.00109760506878325,6.81462468294277
"c10 d5 e5",1,"c10","d5","e5",3,5,7,0.000451955028322515,7.70192787794368
"c10 d5 f14",1,"c10","d5","f14",3,5,16,0.00103304006473718,6.87524930475921
"c10 d5 ant",1,"c10","d5","ant",3,5,26,0.00167869010519791,6.38974148897751
"c10 e1 e5",1,"c10","e1","e5",3,17,7,0.00153664709629655,6.47815244632156
"c10 e1 f14",1,"c10","e1","f14",3,17,16,0.0035123362201064,5.65147387313709
"c10 e1 ant",1,"c10","e1","ant",3,17,26,0.0057075463576729,5.16596605735539
"c10 e5 f14",1,"c10","e5","f14",3,7,16,0.00144625609063205,6.538777068138
"c10 e5 ant",1,"c10","e5","ant",3,7,26,0.00235016614727708,6.0532692523563
"c10 f14 ant",1,"c10","f14","ant",3,16,26,0.00537180833663332,5.22659067917183
"c11 d3 d5",1,"c11","d3","d5",2,8,5,0.000344346688245726,7.97386159342732
"c11 d3 e1",1,"c11","d3","e1",2,8,17,0.00117077874003547,6.7500861618052
"c11 d3 e5",1,"c11","d3","e5",2,8,7,0.000482085363544016,7.63738935680611
"c11 d3 f14",1,"c11","d3","f14",2,8,16,0.00110190940238632,6.81071078362164
"c11 d3 ant",1,"c11","d3","ant",2,8,26,0.00179060277887777,6.32520296783994
"c11 d5 e1",1,"c11","d5","e1",2,5,17,0.000731736712522167,7.22008979105094
"c11 d5 e5",1,"c11","d5","e5",2,5,7,0.00030130335221501,8.10739298605184
"c11 d5 f14",1,"c11","d5","f14",2,5,16,0.000688693376491452,7.28071441286737
"c11 d5 ant",1,"c11","d5","ant",2,5,26,0.00111912673679861,6.79520659708567
"c11 e1 e5",1,"c11","e1","e5",2,17,7,0.00102443139753103,6.88361755442973
"c11 e1 f14",1,"c11","e1","f14",2,17,16,0.00234155748007094,6.05693898124526
"c11 e1 ant",1,"c11","e1","ant",2,17,26,0.00380503090511527,5.57143116546356
"c11 e5 f14",1,"c11","e5","f14",2,7,16,0.000964170727088032,6.94424217624616
"c11 e5 ant",1,"c11","e5","ant",2,7,26,0.00156677743151805,6.45873436046446
"c11 f14 ant",1,"c11","f14","ant",2,16,26,0.00358120555775555,5.63205578727999
"d3 d5 e1",1,"d3","d5","e1",8,5,17,0.00292694685008867,5.83379542993105
"d3 d5 e5",1,"d3","d5","e5",8,5,7,0.00120521340886004,6.72109862493195
"d3 d5 f14",1,"d3","d5","f14",8,5,16,0.00275477350596581,5.89442005174748
"d3 d5 ant",1,"d3","d5","ant",8,5,26,0.00447650694719444,5.40891223596578
"d3 e1 f14",1,"d3","e1","f14",8,17,16,0.00936622992028374,4.67064462012537
"d3 e1 ant",1,"d3","e1","ant",8,17,26,0.0152201236204611,4.18513680434367
"d3 e5 f14",1,"d3","e5","f14",8,7,16,0.00385668290835213,5.55794781512627
"d3 e5 ant",1,"d3","e5","ant",8,7,26,0.00626710972607221,5.07243999934457
"d3 f14 ant",1,"d3","f14","ant",8,16,26,0.0143248222310222,4.2457614261601
"d5 e1 e5",1,"d5","e1","e5",5,17,7,0.00256107849382759,5.96732682255557
"d5 e1 f14",1,"d5","e1","f14",5,17,16,0.00585389370017734,5.1406482493711
"d5 e1 ant",1,"d5","e1","ant",5,17,26,0.00951257726278818,4.6551404335894
"d5 e5 f14",1,"d5","e5","f14",5,7,16,0.00241042681772008,6.02795144437201
"d5 e5 ant",1,"d5","e5","ant",5,7,26,0.00391694357879513,5.5424436285903
"d5 f14 ant",1,"d5","f14","ant",5,16,26,0.00895301389438887,4.71576505540584
"e1 e5 f14",1,"e1","e5","f14",17,7,16,0.00819545118024827,4.80417601274989
"e1 e5 ant",1,"e1","e5","ant",17,7,26,0.0133176081679034,4.31866819696819
"e1 f14 ant",1,"e1","f14","ant",17,16,26,0.0304402472409222,3.49198962378372
"e5 f14 ant",1,"e5","f14","ant",7,16,26,0.0125342194521444,4.37929281878462
"b3 c1 g1",1,"b3","c1","g1",16,125,97,0.835040718995885,0.180274790055735
"b2 b3 f5",1,"b2","b3","f5",28,16,36,0.0694202923503383,2.66757605723011
"b3 c1 f5",1,"b3","c1","f5",16,125,36,0.309912019421153,1.17146683010301
"a1 b10 b14",1,"a1","b10","b14",136,50,3,0.0878084055026601,2.43259804826889
"a1 b14 c1",1,"a1","b14","c1",136,3,125,0.21952101375665,1.51630731639474
"b10 b14 c1",1,"b10","b14","c1",50,3,125,0.080706255057592,2.51693919670264
"a24 b1 b2",1,"a24","b1","b2",69,13,28,0.108107642774746,2.2246278558672
"a24 b1 e1",1,"a24","b1","e1",69,13,17,0.0656367831132384,2.72361902198619
"a24 b2 e1",2,"a24","b2","e1",69,28,17,0.141371532859283,2.64951104983247
"b1 b2 e1",1,"b1","b2","e1",13,28,17,0.0266352163358069,3.62552101640824
"a5 a24 b6",1,"a5","a24","b6",19,69,14,0.0790017389507756,2.53828541472224
"a5 a24 e4",1,"a5","a24","e4",19,69,12,0.067715776243522,2.6924360945495
"a5 a24 e6",1,"a5","a24","e6",19,69,1,0.00564298135362683,5.1773427443375
"a5 a24 f14",1,"a5","a24","f14",19,69,16,0.0902877016580293,2.40475402209772
"a5 e4 e6",1,"a5","e4","e6",19,12,1,0.000981388061500318,6.92654259914676
"a5 e6 f14",1,"a5","e6","f14",19,1,16,0.00130851741533376,6.63886052669498
"a24 e4 e6",1,"a24","e4","e6",69,12,1,0.00356398822334326,5.63687507371594
"a24 e4 f14",1,"a24","e4","f14",69,12,16,0.0570238115734922,2.86428635147616
"a24 e6 f14",1,"a24","e6","f14",69,1,16,0.00475198429779102,5.34919300126416
"e4 e6 f14",1,"e4","e6","f14",12,1,16,0.000826432051789742,7.09839285607342
"a1 a14 a24",1,"a1","a14","a24",136,6,69,0.242351199187342,1.41736736853983
"a1 a14 b1",1,"a1","a14","b1",136,6,13,0.0456603708613832,3.08652451567556
"a14 a24 b1",2,"a14","a24","b1",6,69,13,0.0231659234517312,4.4582200773743
"b2 b4 b10",1,"b2","b4","b10",28,8,50,0.0482085363544016,3.03221917081801
"c1 d6 g1",1,"c1","d6","g1",125,3,97,0.156570134811728,1.85425122362741
"a1 a3 b15",1,"a1","a3","b15",136,22,1,0.0128785661403901,4.35219088900683
"a1 a3 e4",1,"a1","a3","e4",136,22,12,0.154542793684682,1.86728423921883
"a1 b15 e4",1,"a1","b15","e4",136,1,12,0.00702467244021281,4.95832669257715
"a3 b15 e4",1,"a3","b15","e4",22,1,12,0.00113634407121089,6.77993912495488
"b10 c1 h1",1,"b10","c1","h1",50,125,49,1.31820216594067,-0.276268812739873
"a1 a24 i1",1,"a1","a24","i1",136,69,34,1.3733234620616,-0.317233686848272
"a1 b3 i1",1,"a1","b3","i1",136,16,34,0.318451817289647,1.14428409550921
"a24 b3 i1",1,"a24","b3","i1",69,16,34,0.161567466124895,1.822832476648
"a24 b3 c1",1,"a24","b3","c1",69,16,125,0.593998037223877,0.520879263961859
"a24 c1 e4",1,"a24","c1","e4",69,125,12,0.445498527917908,0.80856133641364
"a24 e4 ant",1,"a24","e4","ant",69,12,26,0.0926636938069248,2.37877853569446
"b3 b10 c1",1,"b3","b10","c1",16,50,125,0.430433360307157,0.842962763130972
"b3 b10 ant",1,"b3","b10","ant",16,50,26,0.0895301389438887,2.41317996241179
"b3 c1 e4",1,"b3","c1","e4",16,125,12,0.103304006473718,2.27007911877112
"b3 c1 ant",1,"b3","c1","ant",16,125,26,0.223825347359722,1.49688923053764
"b3 e4 ant",1,"b3","e4","ant",16,12,26,0.0214872333465333,3.84029631805194
"b10 c1 e4",1,"b10","c1","e4",50,125,12,0.322825020230368,1.13064483558275
"b10 e4 ant",1,"b10","e4","ant",50,12,26,0.0671476042079165,2.70086203486357
"c1 e4 ant",1,"c1","e4","ant",125,12,26,0.167869010519791,1.78457130298942
"a1 a5 b1",1,"a1","a5","b1",136,19,13,0.14459117439438,1.93384500573717
"a1 a5 b13",1,"a1","a5","b13",136,19,11,0.122346378333706,2.10089909040034
"a1 b1 b13",1,"a1","b1","b13",136,13,11,0.0837106799125359,2.48038871210524
"a5 a24 b1",1,"a5","a24","b1",19,69,13,0.0733587575971488,2.61239338687596
"a5 a24 b13",1,"a5","a24","b13",19,69,11,0.0620727948898951,2.77944747153913
"a5 b1 b13",1,"a5","b1","b13",19,13,11,0.0116948743995455,4.44860461867485
"a24 b1 b13",1,"a24","b1","b13",69,13,11,0.0424708596615072,3.15893709324403
"b2 b3 b10",1,"b2","b3","b10",28,16,50,0.0964170727088032,2.33907199025807
"b2 b3 d19",1,"b2","b3","d19",28,16,10,0.0192834145417606,3.94850990269217
"b2 b10 d19",1,"b2","b10","d19",28,50,10,0.060260670443002,2.8090756195038
"b3 b10 d19",1,"b3","b10","d19",16,50,10,0.0344346688245726,3.36869140743923
"f5 f12 ant",1,"f5","f12","ant",36,22,26,0.0886348375544498,2.42323029826529
"a3 b1 c1",1,"a3","b1","c1",22,13,125,0.153879926309809,1.87158267997905
"a1 a2 a5",1,"a1","a2","a5",136,2,19,0.0222447960606739,3.80564718263876
"a1 a2 h1",1,"a1","a2","h1",136,2,49,0.0573681582617379,2.85826586369458
"a2 a5 h1",1,"a2","a5","h1",2,19,49,0.00801466916891927,4.82648177026419
"b2 c1 e4",1,"b2","c1","e4",28,125,12,0.180782011329006,1.7104633308357
"b2 c1 f1",1,"b2","c1","f1",28,125,1,0.0150651676107505,4.1953699806237
"b2 c1 zoo",1,"b2","c1","zoo",28,125,21,0.316368519825761,1.15084754290027
"b2 e4 f1",1,"b2","e4","f1",28,12,1,0.00144625609063205,6.538777068138
"b2 e4 zoo",1,"b2","e4","zoo",28,12,21,0.030371377903273,3.49425463041457
"b2 f1 zoo",1,"b2","f1","zoo",28,1,21,0.00253094815860608,5.97916128020257
"c1 e4 f1",1,"c1","e4","f1",125,12,1,0.00645650040460736,5.0426678410109
"c1 e4 zoo",1,"c1","e4","zoo",125,12,21,0.135586508496755,1.99814540328748
"c1 f1 zoo",1,"c1","f1","zoo",125,1,21,0.0112988757080629,4.48305205307548
"e4 f1 zoo",1,"e4","f1","zoo",12,1,21,0.00108469206797404,6.82645914058978
"a24 g1 ant",1,"a24","g1","ant",69,97,26,0.749031524939309,0.288974206979076
"a1 b2 e1",1,"a1","b2","e1",136,28,17,0.278645340128441,1.27781548813373
"a1 b10 b13",1,"a1","b10","b13",136,50,11,0.321964153509754,1.13331506413863
"a24 b2 b13",1,"a24","b2","b13",69,28,11,0.091475697732477,2.39168194053037
"a24 b10 b13",1,"a24","b10","b13",69,50,11,0.163349460236566,1.81186344527742
"a24 b13 c1",1,"a24","b13","c1",69,11,125,0.408373650591415,0.895572713403269
"b2 b10 e1",1,"b2","b10","e1",28,50,17,0.102443139753103,2.27844736844163
"b2 b13 e1",1,"b2","b13","e1",28,11,17,0.0225374907456828,3.79257510107141
"b2 c1 e1",1,"b2","c1","e1",28,125,17,0.256107849382759,1.36215663656748
"a24 c1 d6",1,"a24","c1","d6",69,125,3,0.111374631979477,2.19485569753353
"a24 c1 f35",1,"a24","c1","f35",69,125,4,0.148499509305969,1.90717362508175
"a24 d6 f14",1,"a24","d6","f14",69,3,16,0.014255952893373,4.25058071259605
"a24 d6 f35",1,"a24","d6","f35",69,3,4,0.00356398822334326,5.63687507371594
"c1 d6 f14",1,"c1","d6","f14",125,3,16,0.0258260016184294,3.65637347989101
"c1 d6 f35",1,"c1","d6","f35",125,3,4,0.00645650040460736,5.0426678410109
"c1 f14 f35",1,"c1","f14","f35",125,16,4,0.0344346688245726,3.36869140743923
"d6 f14 f35",1,"d6","f14","f35",3,16,4,0.000826432051789742,7.09839285607342
"a1 a28 d2",1,"a1","a28","d2",136,3,1,0.0017561681100532,6.34462105369704
"b2 b10 f3",1,"b2","b10","f3",28,50,4,0.0241042681772008,3.72536635137796
"b2 b10 f4",1,"b2","b10","f4",28,50,2,0.0120521340886004,4.41851353193791
"b2 f3 f4",1,"b2","f3","f4",28,4,2,0.000964170727088032,6.94424217624616
"b2 f3 h1",1,"b2","f3","h1",28,4,49,0.0236221828136568,3.74556905869548
"b2 f3 ant",1,"b2","f3","ant",28,4,26,0.0125342194521444,4.37929281878462
"b2 f4 h1",1,"b2","f4","h1",28,2,49,0.0118110914068284,4.43871623925542
"b2 f4 ant",1,"b2","f4","ant",28,2,26,0.00626710972607221,5.07243999934457
"b10 f3 f4",1,"b10","f3","f4",50,4,2,0.00172173344122863,6.36442368099322
"b10 f3 h1",1,"b10","f3","h1",50,4,49,0.0421824693101014,3.16575056344254
"b10 f3 ant",1,"b10","f3","ant",50,4,26,0.0223825347359722,3.79947432353168
"b10 f4 h1",1,"b10","f4","h1",50,2,49,0.0210912346550507,3.85889774400248
"b10 f4 ant",1,"b10","f4","ant",50,2,26,0.0111912673679861,4.49262150409163
"f3 f4 h1",1,"f3","f4","h1",4,2,49,0.00168729877240406,6.38462638831074
"f3 f4 ant",1,"f3","f4","ant",4,2,26,0.000895301389438887,7.01835014839988
"f3 h1 ant",1,"f3","h1","ant",4,49,26,0.0219348840412527,3.8196770308492
"f4 h1 ant",1,"f4","h1","ant",2,49,26,0.0109674420206264,4.51282421140915
