"bead_type","year","name","count","ci_hi","ci_lo"
"BE3.Amber",260.21,"BE3-Amber",0.000166666666666667,0,0
"BE3.Amber",260.517303651826,"BE3-Amber",0.000166666666666667,0,0
"BE3.Amber",260.824607303652,"BE3-Amber",0.000166666666666667,0,0
"BE3.Amber",261.131910955478,"BE3-Amber",0.000166666666666667,0,0
"BE3.Amber",261.439214607304,"BE3-Amber",0.000166666666666667,0,0
"BE3.Amber",261.74651825913,"BE3-Amber",0.000166666666666667,0,0
"BE3.Amber",262.053821910955,"BE3-Amber",0.000166666666666667,0,0
"BE3.Amber",262.361125562781,"BE3-Amber",0.000166666666666667,0,0
"BE3.Amber",262.668429214607,"BE3-Amber",0.000166666666666667,0,0
"BE3.Amber",262.975732866433,"BE3-Amber",0.000166666666666667,0,0
"BE3.Amber",263.283036518259,"BE3-Amber",0.000166666666666667,0,0
"BE3.Amber",263.590340170085,"BE3-Amber",0.000166666666666667,0,0
"BE3.Amber",263.897643821911,"BE3-Amber",0.000166666666666667,0,0
"BE3.Amber",264.204947473737,"BE3-Amber",0.000166666666666667,0,0
"BE3.Amber",264.512251125563,"BE3-Amber",0.000166666666666667,0,0
"BE3.Amber",264.819554777389,"BE3-Amber",0.000166666666666667,0,0
"BE3.Amber",265.126858429215,"BE3-Amber",0.000166666666666667,0,0
"BE3.Amber",265.43416208104,"BE3-Amber",0.000166666666666667,0,0
"BE3.Amber",265.741465732866,"BE3-Amber",0.000166666666666667,0,0
"BE3.Amber",266.048769384692,"BE3-Amber",0.000166666666666667,0,0
"BE3.Amber",266.356073036518,"BE3-Amber",0.000166666666666667,0,0
"BE3.Amber",266.663376688344,"BE3-Amber",0.000166666666666667,0,0
"BE3.Amber",266.97068034017,"BE3-Amber",0.000166666666666667,0,0
"BE3.Amber",267.277983991996,"BE3-Amber",0.000166666666666667,0,0
"BE3.Amber",267.585287643822,"BE3-Amber",0.000166666666666667,0,0
"BE3.Amber",267.892591295648,"BE3-Amber",0.000166666666666667,0,0
"BE3.Amber",268.199894947474,"BE3-Amber",0.000166666666666667,0,0
"BE3.Amber",268.5071985993,"BE3-Amber",0.000166666666666667,0,0
"BE3.Amber",268.814502251126,"BE3-Amber",0.000166666666666667,0,0
"BE3.Amber",269.121805902951,"BE3-Amber",0.000166666666666667,0,0
"BE3.Amber",269.429109554777,"BE3-Amber",0.000333333333333333,0,0
"BE3.Amber",269.736413206603,"BE3-Amber",0.000333333333333333,0,0
"BE3.Amber",270.043716858429,"BE3-Amber",5e-04,0,0
"BE3.Amber",270.351020510255,"BE3-Amber",5e-04,0,0
"BE3.Amber",270.658324162081,"BE3-Amber",5e-04,0,0
"BE3.Amber",270.965627813907,"BE3-Amber",5e-04,0,0
"BE3.Amber",271.272931465733,"BE3-Amber",5e-04,0,0
"BE3.Amber",271.580235117559,"BE3-Amber",5e-04,0,0
"BE3.Amber",271.887538769385,"BE3-Amber",5e-04,0,0
"BE3.Amber",272.194842421211,"BE3-Amber",5e-04,0,0
"BE3.Amber",272.502146073036,"BE3-Amber",5e-04,0,0
"BE3.Amber",272.809449724862,"BE3-Amber",5e-04,0,0
"BE3.Amber",273.116753376688,"BE3-Amber",5e-04,0,0
"BE3.Amber",273.424057028514,"BE3-Amber",5e-04,0,0
"BE3.Amber",273.73136068034,"BE3-Amber",5e-04,0,0
"BE3.Amber",274.038664332166,"BE3-Amber",5e-04,0,0
"BE3.Amber",274.345967983992,"BE3-Amber",5e-04,0,0
"BE3.Amber",274.653271635818,"BE3-Amber",5e-04,0,0
"BE3.Amber",274.960575287644,"BE3-Amber",5e-04,0,0
"BE3.Amber",275.26787893947,"BE3-Amber",5e-04,0,0
"BE3.Amber",275.575182591296,"BE3-Amber",5e-04,0,0
"BE3.Amber",275.882486243122,"BE3-Amber",5e-04,0,0
"BE3.Amber",276.189789894947,"BE3-Amber",5e-04,0,0
"BE3.Amber",276.497093546773,"BE3-Amber",5e-04,0,0
"BE3.Amber",276.804397198599,"BE3-Amber",5e-04,0,0
"BE3.Amber",277.111700850425,"BE3-Amber",5e-04,0,0
"BE3.Amber",277.419004502251,"BE3-Amber",5e-04,0,0
"BE3.Amber",277.726308154077,"BE3-Amber",5e-04,0,0
"BE3.Amber",278.033611805903,"BE3-Amber",5e-04,0,0
"BE3.Amber",278.340915457729,"BE3-Amber",5e-04,0,0
"BE3.Amber",278.648219109555,"BE3-Amber",5e-04,0,0
"BE3.Amber",278.955522761381,"BE3-Amber",5e-04,0,0
"BE3.Amber",279.262826413207,"BE3-Amber",5e-04,0,0
"BE3.Amber",279.570130065033,"BE3-Amber",5e-04,0,0
"BE3.Amber",279.877433716858,"BE3-Amber",5e-04,0,0
"BE3.Amber",280.184737368684,"BE3-Amber",5e-04,0,0
"BE3.Amber",280.49204102051,"BE3-Amber",5e-04,0,0
"BE3.Amber",280.799344672336,"BE3-Amber",5e-04,0,0
"BE3.Amber",281.106648324162,"BE3-Amber",5e-04,0,0
"BE3.Amber",281.413951975988,"BE3-Amber",5e-04,0,0
"BE3.Amber",281.721255627814,"BE3-Amber",5e-04,0,0
"BE3.Amber",282.02855927964,"BE3-Amber",5e-04,0,0
"BE3.Amber",282.335862931466,"BE3-Amber",5e-04,0,0
"BE3.Amber",282.643166583292,"BE3-Amber",5e-04,0,0
"BE3.Amber",282.950470235118,"BE3-Amber",5e-04,0,0
"BE3.Amber",283.257773886943,"BE3-Amber",5e-04,0,0
"BE3.Amber",283.565077538769,"BE3-Amber",5e-04,0,0
"BE3.Amber",283.872381190595,"BE3-Amber",5e-04,0,0
"BE3.Amber",284.179684842421,"BE3-Amber",5e-04,0,0
"BE3.Amber",284.486988494247,"BE3-Amber",5e-04,0,0
"BE3.Amber",284.794292146073,"BE3-Amber",5e-04,0,0
"BE3.Amber",285.101595797899,"BE3-Amber",5e-04,0,0
"BE3.Amber",285.408899449725,"BE3-Amber",5e-04,0,0
"BE3.Amber",285.716203101551,"BE3-Amber",5e-04,0,0
"BE3.Amber",286.023506753377,"BE3-Amber",5e-04,0,0
"BE3.Amber",286.330810405203,"BE3-Amber",5e-04,0,0
"BE3.Amber",286.638114057028,"BE3-Amber",5e-04,0,0
"BE3.Amber",286.945417708854,"BE3-Amber",5e-04,0,0
"BE3.Amber",287.25272136068,"BE3-Amber",5e-04,0,0
"BE3.Amber",287.560025012506,"BE3-Amber",5e-04,0,0
"BE3.Amber",287.867328664332,"BE3-Amber",5e-04,0,0
"BE3.Amber",288.174632316158,"BE3-Amber",5e-04,0,0
"BE3.Amber",288.481935967984,"BE3-Amber",5e-04,0,0
"BE3.Amber",288.78923961981,"BE3-Amber",5e-04,0,0
"BE3.Amber",289.096543271636,"BE3-Amber",5e-04,0,0
"BE3.Amber",289.403846923462,"BE3-Amber",5e-04,0,0
"BE3.Amber",289.711150575288,"BE3-Amber",5e-04,0,0
"BE3.Amber",290.018454227114,"BE3-Amber",5e-04,0,0
"BE3.Amber",290.325757878939,"BE3-Amber",5e-04,0,0
"BE3.Amber",290.633061530765,"BE3-Amber",5e-04,0,0
"BE3.Amber",290.940365182591,"BE3-Amber",5e-04,0,0
"BE3.Amber",291.247668834417,"BE3-Amber",5e-04,0,0
"BE3.Amber",291.554972486243,"BE3-Amber",5e-04,0,0
"BE3.Amber",291.862276138069,"BE3-Amber",5e-04,0,0
"BE3.Amber",292.169579789895,"BE3-Amber",5e-04,0,0
"BE3.Amber",292.476883441721,"BE3-Amber",5e-04,0,0
"BE3.Amber",292.784187093547,"BE3-Amber",5e-04,0,0
"BE3.Amber",293.091490745373,"BE3-Amber",5e-04,0,0
"BE3.Amber",293.398794397199,"BE3-Amber",5e-04,0,0
"BE3.Amber",293.706098049024,"BE3-Amber",5e-04,0,0
"BE3.Amber",294.01340170085,"BE3-Amber",5e-04,0,0
"BE3.Amber",294.320705352676,"BE3-Amber",5e-04,0,0
"BE3.Amber",294.628009004502,"BE3-Amber",5e-04,0,0
"BE3.Amber",294.935312656328,"BE3-Amber",5e-04,0,0
"BE3.Amber",295.242616308154,"BE3-Amber",5e-04,0,0
"BE3.Amber",295.54991995998,"BE3-Amber",5e-04,0,0
"BE3.Amber",295.857223611806,"BE3-Amber",5e-04,0,0
"BE3.Amber",296.164527263632,"BE3-Amber",5e-04,0,0
"BE3.Amber",296.471830915458,"BE3-Amber",5e-04,0,0
"BE3.Amber",296.779134567284,"BE3-Amber",5e-04,0,0
"BE3.Amber",297.08643821911,"BE3-Amber",5e-04,0,0
"BE3.Amber",297.393741870935,"BE3-Amber",5e-04,0,0
"BE3.Amber",297.701045522761,"BE3-Amber",5e-04,0,0
"BE3.Amber",298.008349174587,"BE3-Amber",5e-04,0,0
"BE3.Amber",298.315652826413,"BE3-Amber",5e-04,0,0
"BE3.Amber",298.622956478239,"BE3-Amber",5e-04,0,0
"BE3.Amber",298.930260130065,"BE3-Amber",5e-04,0,0
"BE3.Amber",299.237563781891,"BE3-Amber",5e-04,0,0
"BE3.Amber",299.544867433717,"BE3-Amber",5e-04,0,0
"BE3.Amber",299.852171085543,"BE3-Amber",5e-04,0,0
"BE3.Amber",300.159474737369,"BE3-Amber",5e-04,0,0
"BE3.Amber",300.466778389195,"BE3-Amber",5e-04,0,0
"BE3.Amber",300.774082041021,"BE3-Amber",5e-04,0,0
"BE3.Amber",301.081385692846,"BE3-Amber",5e-04,0,0
"BE3.Amber",301.388689344672,"BE3-Amber",5e-04,0,0
"BE3.Amber",301.695992996498,"BE3-Amber",5e-04,0,0
"BE3.Amber",302.003296648324,"BE3-Amber",5e-04,0,0
"BE3.Amber",302.31060030015,"BE3-Amber",5e-04,0,0
"BE3.Amber",302.617903951976,"BE3-Amber",5e-04,0,0
"BE3.Amber",302.925207603802,"BE3-Amber",5e-04,0,0
"BE3.Amber",303.232511255628,"BE3-Amber",5e-04,0,0
"BE3.Amber",303.539814907454,"BE3-Amber",5e-04,0,0
"BE3.Amber",303.84711855928,"BE3-Amber",5e-04,0,0
"BE3.Amber",304.154422211106,"BE3-Amber",5e-04,0,0
"BE3.Amber",304.461725862931,"BE3-Amber",5e-04,0,0
"BE3.Amber",304.769029514757,"BE3-Amber",5e-04,0,0
"BE3.Amber",305.076333166583,"BE3-Amber",5e-04,0,0
"BE3.Amber",305.383636818409,"BE3-Amber",5e-04,0,0
"BE3.Amber",305.690940470235,"BE3-Amber",5e-04,0,0
"BE3.Amber",305.998244122061,"BE3-Amber",5e-04,0,0
"BE3.Amber",306.305547773887,"BE3-Amber",5e-04,0,0
"BE3.Amber",306.612851425713,"BE3-Amber",5e-04,0,0
"BE3.Amber",306.920155077539,"BE3-Amber",5e-04,0,0
"BE3.Amber",307.227458729365,"BE3-Amber",5e-04,0,0
"BE3.Amber",307.534762381191,"BE3-Amber",5e-04,0,0
"BE3.Amber",307.842066033016,"BE3-Amber",5e-04,0,0
"BE3.Amber",308.149369684842,"BE3-Amber",5e-04,0,0
"BE3.Amber",308.456673336668,"BE3-Amber",5e-04,0,0
"BE3.Amber",308.763976988494,"BE3-Amber",5e-04,0,0
"BE3.Amber",309.07128064032,"BE3-Amber",5e-04,0,0
"BE3.Amber",309.378584292146,"BE3-Amber",5e-04,0,0
"BE3.Amber",309.685887943972,"BE3-Amber",5e-04,0,0
"BE3.Amber",309.993191595798,"BE3-Amber",5e-04,0,0
"BE3.Amber",310.300495247624,"BE3-Amber",5e-04,0,0
"BE3.Amber",310.60779889945,"BE3-Amber",5e-04,0,0
"BE3.Amber",310.915102551276,"BE3-Amber",5e-04,0,0
"BE3.Amber",311.222406203102,"BE3-Amber",5e-04,0,0
"BE3.Amber",311.529709854927,"BE3-Amber",5e-04,0,0
"BE3.Amber",311.837013506753,"BE3-Amber",5e-04,0,0
"BE3.Amber",312.144317158579,"BE3-Amber",5e-04,0,0
"BE3.Amber",312.451620810405,"BE3-Amber",5e-04,0,0
"BE3.Amber",312.758924462231,"BE3-Amber",5e-04,0,0
"BE3.Amber",313.066228114057,"BE3-Amber",5e-04,0,0
"BE3.Amber",313.373531765883,"BE3-Amber",5e-04,0,0
"BE3.Amber",313.680835417709,"BE3-Amber",5e-04,0,0
"BE3.Amber",313.988139069535,"BE3-Amber",5e-04,0,0
"BE3.Amber",314.295442721361,"BE3-Amber",5e-04,0,0
"BE3.Amber",314.602746373187,"BE3-Amber",5e-04,0,0
"BE3.Amber",314.910050025012,"BE3-Amber",5e-04,0,0
"BE3.Amber",315.217353676838,"BE3-Amber",5e-04,0,0
"BE3.Amber",315.524657328664,"BE3-Amber",5e-04,0,0
"BE3.Amber",315.83196098049,"BE3-Amber",5e-04,0,0
"BE3.Amber",316.139264632316,"BE3-Amber",5e-04,0,0
"BE3.Amber",316.446568284142,"BE3-Amber",5e-04,0,0
"BE3.Amber",316.753871935968,"BE3-Amber",5e-04,0,0
"BE3.Amber",317.061175587794,"BE3-Amber",5e-04,0,0
"BE3.Amber",317.36847923962,"BE3-Amber",5e-04,0,0
"BE3.Amber",317.675782891446,"BE3-Amber",5e-04,0,0
"BE3.Amber",317.983086543272,"BE3-Amber",5e-04,0,0
"BE3.Amber",318.290390195098,"BE3-Amber",5e-04,0,0
"BE3.Amber",318.597693846923,"BE3-Amber",5e-04,0,0
"BE3.Amber",318.904997498749,"BE3-Amber",5e-04,0,0
"BE3.Amber",319.212301150575,"BE3-Amber",5e-04,0,0
"BE3.Amber",319.519604802401,"BE3-Amber",5e-04,0,0
"BE3.Amber",319.826908454227,"BE3-Amber",5e-04,0,0
"BE3.Amber",320.134212106053,"BE3-Amber",5e-04,0,0
"BE3.Amber",320.441515757879,"BE3-Amber",5e-04,0,0
"BE3.Amber",320.748819409705,"BE3-Amber",5e-04,0,0
"BE3.Amber",321.056123061531,"BE3-Amber",5e-04,0,0
"BE3.Amber",321.363426713357,"BE3-Amber",5e-04,0,0
"BE3.Amber",321.670730365183,"BE3-Amber",5e-04,0,0
"BE3.Amber",321.978034017008,"BE3-Amber",5e-04,0,0
"BE3.Amber",322.285337668834,"BE3-Amber",5e-04,0,0
"BE3.Amber",322.59264132066,"BE3-Amber",5e-04,0,0
"BE3.Amber",322.899944972486,"BE3-Amber",5e-04,0,0
"BE3.Amber",323.207248624312,"BE3-Amber",5e-04,0,0
"BE3.Amber",323.514552276138,"BE3-Amber",5e-04,0,0
"BE3.Amber",323.821855927964,"BE3-Amber",5e-04,0,0
"BE3.Amber",324.12915957979,"BE3-Amber",5e-04,0,0
"BE3.Amber",324.436463231616,"BE3-Amber",5e-04,0,0
"BE3.Amber",324.743766883442,"BE3-Amber",5e-04,0,0
"BE3.Amber",325.051070535268,"BE3-Amber",5e-04,0,0
"BE3.Amber",325.358374187094,"BE3-Amber",5e-04,0,0
"BE3.Amber",325.665677838919,"BE3-Amber",5e-04,0,0
"BE3.Amber",325.972981490745,"BE3-Amber",5e-04,0,0
"BE3.Amber",326.280285142571,"BE3-Amber",5e-04,0,0
"BE3.Amber",326.587588794397,"BE3-Amber",5e-04,0,0
"BE3.Amber",326.894892446223,"BE3-Amber",5e-04,0,0
"BE3.Amber",327.202196098049,"BE3-Amber",5e-04,0,0
"BE3.Amber",327.509499749875,"BE3-Amber",5e-04,0,0
"BE3.Amber",327.816803401701,"BE3-Amber",5e-04,0,0
"BE3.Amber",328.124107053527,"BE3-Amber",5e-04,0,0
"BE3.Amber",328.431410705353,"BE3-Amber",5e-04,0,0
"BE3.Amber",328.738714357179,"BE3-Amber",5e-04,0,0
"BE3.Amber",329.046018009004,"BE3-Amber",5e-04,0,0
"BE3.Amber",329.35332166083,"BE3-Amber",5e-04,0,0
"BE3.Amber",329.660625312656,"BE3-Amber",5e-04,0,0
"BE3.Amber",329.967928964482,"BE3-Amber",5e-04,0,0
"BE3.Amber",330.275232616308,"BE3-Amber",5e-04,0,0
"BE3.Amber",330.582536268134,"BE3-Amber",5e-04,0,0
"BE3.Amber",330.88983991996,"BE3-Amber",5e-04,0,0
"BE3.Amber",331.197143571786,"BE3-Amber",5e-04,0,0
"BE3.Amber",331.504447223612,"BE3-Amber",5e-04,0,0
"BE3.Amber",331.811750875438,"BE3-Amber",5e-04,0,0
"BE3.Amber",332.119054527264,"BE3-Amber",5e-04,0,0
"BE3.Amber",332.42635817909,"BE3-Amber",5e-04,0,0
"BE3.Amber",332.733661830915,"BE3-Amber",5e-04,0,0
"BE3.Amber",333.040965482741,"BE3-Amber",5e-04,0,0
"BE3.Amber",333.348269134567,"BE3-Amber",5e-04,0,0
"BE3.Amber",333.655572786393,"BE3-Amber",5e-04,0,0
"BE3.Amber",333.962876438219,"BE3-Amber",5e-04,0,0
"BE3.Amber",334.270180090045,"BE3-Amber",5e-04,0,0
"BE3.Amber",334.577483741871,"BE3-Amber",5e-04,0,0
"BE3.Amber",334.884787393697,"BE3-Amber",5e-04,0,0
"BE3.Amber",335.192091045523,"BE3-Amber",5e-04,0,0
"BE3.Amber",335.499394697349,"BE3-Amber",5e-04,0,0
"BE3.Amber",335.806698349175,"BE3-Amber",5e-04,0,0
"BE3.Amber",336.114002001,"BE3-Amber",5e-04,0,0
"BE3.Amber",336.421305652826,"BE3-Amber",5e-04,0,0
"BE3.Amber",336.728609304652,"BE3-Amber",5e-04,0,0
"BE3.Amber",337.035912956478,"BE3-Amber",5e-04,0,0
"BE3.Amber",337.343216608304,"BE3-Amber",5e-04,0,0
"BE3.Amber",337.65052026013,"BE3-Amber",5e-04,0,0
"BE3.Amber",337.957823911956,"BE3-Amber",5e-04,0,0
"BE3.Amber",338.265127563782,"BE3-Amber",5e-04,0,0
"BE3.Amber",338.572431215608,"BE3-Amber",5e-04,0,0
"BE3.Amber",338.879734867434,"BE3-Amber",5e-04,0,0
"BE3.Amber",339.18703851926,"BE3-Amber",5e-04,0,0
"BE3.Amber",339.494342171086,"BE3-Amber",5e-04,0,0
"BE3.Amber",339.801645822911,"BE3-Amber",5e-04,0,0
"BE3.Amber",340.108949474737,"BE3-Amber",5e-04,0,0
"BE3.Amber",340.416253126563,"BE3-Amber",5e-04,0,0
"BE3.Amber",340.723556778389,"BE3-Amber",5e-04,0,0
"BE3.Amber",341.030860430215,"BE3-Amber",5e-04,0,0
"BE3.Amber",341.338164082041,"BE3-Amber",5e-04,0,0
"BE3.Amber",341.645467733867,"BE3-Amber",5e-04,0,0
"BE3.Amber",341.952771385693,"BE3-Amber",5e-04,0,0
"BE3.Amber",342.260075037519,"BE3-Amber",5e-04,0,0
"BE3.Amber",342.567378689345,"BE3-Amber",5e-04,0,0
"BE3.Amber",342.874682341171,"BE3-Amber",5e-04,0,0
"BE3.Amber",343.181985992996,"BE3-Amber",5e-04,0,0
"BE3.Amber",343.489289644822,"BE3-Amber",5e-04,0,0
"BE3.Amber",343.796593296648,"BE3-Amber",5e-04,0,0
"BE3.Amber",344.103896948474,"BE3-Amber",5e-04,0,0
"BE3.Amber",344.4112006003,"BE3-Amber",5e-04,0,0
"BE3.Amber",344.718504252126,"BE3-Amber",5e-04,0,0
"BE3.Amber",345.025807903952,"BE3-Amber",5e-04,0,0
"BE3.Amber",345.333111555778,"BE3-Amber",5e-04,0,0
"BE3.Amber",345.640415207604,"BE3-Amber",5e-04,0,0
"BE3.Amber",345.94771885943,"BE3-Amber",5e-04,0,0
"BE3.Amber",346.255022511256,"BE3-Amber",5e-04,0,0
"BE3.Amber",346.562326163082,"BE3-Amber",5e-04,0,0
"BE3.Amber",346.869629814907,"BE3-Amber",5e-04,0,0
"BE3.Amber",347.176933466733,"BE3-Amber",5e-04,0,0
"BE3.Amber",347.484237118559,"BE3-Amber",5e-04,0,0
"BE3.Amber",347.791540770385,"BE3-Amber",5e-04,0,0
"BE3.Amber",348.098844422211,"BE3-Amber",5e-04,0,0
"BE3.Amber",348.406148074037,"BE3-Amber",5e-04,0,0
"BE3.Amber",348.713451725863,"BE3-Amber",5e-04,0,0
"BE3.Amber",349.020755377689,"BE3-Amber",5e-04,0,0
"BE3.Amber",349.328059029515,"BE3-Amber",5e-04,0,0
"BE3.Amber",349.635362681341,"BE3-Amber",5e-04,0,0
"BE3.Amber",349.942666333167,"BE3-Amber",5e-04,0,0
"BE3.Amber",350.249969984993,"BE3-Amber",5e-04,0,0
"BE3.Amber",350.557273636818,"BE3-Amber",0.000666666666666667,0,0
"BE3.Amber",350.864577288644,"BE3-Amber",0.000666666666666667,0,0
"BE3.Amber",351.17188094047,"BE3-Amber",0.000666666666666667,0,0
"BE3.Amber",351.479184592296,"BE3-Amber",0.000666666666666667,0,0
"BE3.Amber",351.786488244122,"BE3-Amber",0.000666666666666667,0,0
"BE3.Amber",352.093791895948,"BE3-Amber",0.000666666666666667,0,0
"BE3.Amber",352.401095547774,"BE3-Amber",0.000666666666666667,0,0
"BE3.Amber",352.7083991996,"BE3-Amber",0.000833333333333333,0,0
"BE3.Amber",353.015702851426,"BE3-Amber",0.000833333333333333,0,0
"BE3.Amber",353.323006503252,"BE3-Amber",0.000833333333333333,0,0
"BE3.Amber",353.630310155077,"BE3-Amber",0.000833333333333333,0,0
"BE3.Amber",353.937613806903,"BE3-Amber",0.000833333333333333,0,0
"BE3.Amber",354.244917458729,"BE3-Amber",0.000833333333333333,0,0
"BE3.Amber",354.552221110555,"BE3-Amber",0.000833333333333333,0,0
"BE3.Amber",354.859524762381,"BE3-Amber",0.000833333333333333,0,0
"BE3.Amber",355.166828414207,"BE3-Amber",0.000833333333333333,0,0
"BE3.Amber",355.474132066033,"BE3-Amber",0.000833333333333333,0,0
"BE3.Amber",355.781435717859,"BE3-Amber",0.000833333333333333,0,0
"BE3.Amber",356.088739369685,"BE3-Amber",0.000833333333333333,0,0
"BE3.Amber",356.396043021511,"BE3-Amber",0.000833333333333333,0,0
"BE3.Amber",356.703346673337,"BE3-Amber",0.000833333333333333,0,0
"BE3.Amber",357.010650325163,"BE3-Amber",0.000833333333333333,0,0
"BE3.Amber",357.317953976988,"BE3-Amber",0.000833333333333333,0,0
"BE3.Amber",357.625257628814,"BE3-Amber",0.000833333333333333,0,0
"BE3.Amber",357.93256128064,"BE3-Amber",0.000833333333333333,0,0
"BE3.Amber",358.239864932466,"BE3-Amber",0.000833333333333333,0,0
"BE3.Amber",358.547168584292,"BE3-Amber",0.000833333333333333,0,0
"BE3.Amber",358.854472236118,"BE3-Amber",0.000833333333333333,0,0
"BE3.Amber",359.161775887944,"BE3-Amber",0.000833333333333333,0,0
"BE3.Amber",359.46907953977,"BE3-Amber",0.000833333333333333,0,0
"BE3.Amber",359.776383191596,"BE3-Amber",0.000833333333333333,0,0
"BE3.Amber",360.083686843422,"BE3-Amber",0.000833333333333333,0,0
"BE3.Amber",360.390990495248,"BE3-Amber",0.000833333333333333,0,0
"BE3.Amber",360.698294147074,"BE3-Amber",0.000833333333333333,0,0
"BE3.Amber",361.005597798899,"BE3-Amber",0.000833333333333333,0,0
"BE3.Amber",361.312901450725,"BE3-Amber",0.000833333333333333,0,0
"BE3.Amber",361.620205102551,"BE3-Amber",0.000833333333333333,0,0
"BE3.Amber",361.927508754377,"BE3-Amber",0.000833333333333333,0,0
"BE3.Amber",362.234812406203,"BE3-Amber",0.000833333333333333,0,0
"BE3.Amber",362.542116058029,"BE3-Amber",0.000833333333333333,0,0
"BE3.Amber",362.849419709855,"BE3-Amber",0.000833333333333333,0,0
"BE3.Amber",363.156723361681,"BE3-Amber",0.000833333333333333,0,0
"BE3.Amber",363.464027013507,"BE3-Amber",0.000833333333333333,0,0
"BE3.Amber",363.771330665333,"BE3-Amber",0.000833333333333333,0,0
"BE3.Amber",364.078634317159,"BE3-Amber",0.000833333333333333,0,0
"BE3.Amber",364.385937968984,"BE3-Amber",0.000833333333333333,0,0
"BE3.Amber",364.69324162081,"BE3-Amber",0.000833333333333333,0,0
"BE3.Amber",365.000545272636,"BE3-Amber",0.000833333333333333,0,0
"BE3.Amber",365.307848924462,"BE3-Amber",0.000833333333333333,0,0
"BE3.Amber",365.615152576288,"BE3-Amber",0.000833333333333333,0,0
"BE3.Amber",365.922456228114,"BE3-Amber",0.000833333333333333,0,0
"BE3.Amber",366.22975987994,"BE3-Amber",0.000833333333333333,0,0
"BE3.Amber",366.537063531766,"BE3-Amber",0.000833333333333333,0,0
"BE3.Amber",366.844367183592,"BE3-Amber",0.000833333333333333,0,0
"BE3.Amber",367.151670835418,"BE3-Amber",0.001,0,0
"BE3.Amber",367.458974487244,"BE3-Amber",0.001,0,0
"BE3.Amber",367.76627813907,"BE3-Amber",0.001,0,0
"BE3.Amber",368.073581790895,"BE3-Amber",0.001,0,0
"BE3.Amber",368.380885442721,"BE3-Amber",0.001,0,0
"BE3.Amber",368.688189094547,"BE3-Amber",0.001,0,0
"BE3.Amber",368.995492746373,"BE3-Amber",0.001,0,0
"BE3.Amber",369.302796398199,"BE3-Amber",0.001,0,0
"BE3.Amber",369.610100050025,"BE3-Amber",0.001,0,0
"BE3.Amber",369.917403701851,"BE3-Amber",0.001,0,0
"BE3.Amber",370.224707353677,"BE3-Amber",0.001,0,0
"BE3.Amber",370.532011005503,"BE3-Amber",0.00116666666666667,0,0
"BE3.Amber",370.839314657329,"BE3-Amber",0.00116666666666667,0,0
"BE3.Amber",371.146618309155,"BE3-Amber",0.00116666666666667,0,0
"BE3.Amber",371.45392196098,"BE3-Amber",0.00116666666666667,0,0
"BE3.Amber",371.761225612806,"BE3-Amber",0.00116666666666667,0,0
"BE3.Amber",372.068529264632,"BE3-Amber",0.00116666666666667,0,0
"BE3.Amber",372.375832916458,"BE3-Amber",0.00116666666666667,0,0
"BE3.Amber",372.683136568284,"BE3-Amber",0.00116666666666667,0,0
"BE3.Amber",372.99044022011,"BE3-Amber",0.00116666666666667,0,0
"BE3.Amber",373.297743871936,"BE3-Amber",0.00116666666666667,0,0
"BE3.Amber",373.605047523762,"BE3-Amber",0.00116666666666667,0,0
"BE3.Amber",373.912351175588,"BE3-Amber",0.00116666666666667,0,0
"BE3.Amber",374.219654827414,"BE3-Amber",0.00116666666666667,0,0
"BE3.Amber",374.52695847924,"BE3-Amber",0.00116666666666667,0,0
"BE3.Amber",374.834262131066,"BE3-Amber",0.00116666666666667,0,0
"BE3.Amber",375.141565782891,"BE3-Amber",0.00116666666666667,0,0
"BE3.Amber",375.448869434717,"BE3-Amber",0.00116666666666667,0,0
"BE3.Amber",375.756173086543,"BE3-Amber",0.00116666666666667,0,0
"BE3.Amber",376.063476738369,"BE3-Amber",0.00116666666666667,0,0
"BE3.Amber",376.370780390195,"BE3-Amber",0.00116666666666667,0,0
"BE3.Amber",376.678084042021,"BE3-Amber",0.00116666666666667,0,0
"BE3.Amber",376.985387693847,"BE3-Amber",0.00116666666666667,0,0
"BE3.Amber",377.292691345673,"BE3-Amber",0.00116666666666667,0,0
"BE3.Amber",377.599994997499,"BE3-Amber",0.00116666666666667,0,0
"BE3.Amber",377.907298649325,"BE3-Amber",0.00116666666666667,0,0
"BE3.Amber",378.214602301151,"BE3-Amber",0.0015,0,0
"BE3.Amber",378.521905952976,"BE3-Amber",0.0015,0,0
"BE3.Amber",378.829209604802,"BE3-Amber",0.0015,0,0
"BE3.Amber",379.136513256628,"BE3-Amber",0.0015,0,0
"BE3.Amber",379.443816908454,"BE3-Amber",0.0015,0,0
"BE3.Amber",379.75112056028,"BE3-Amber",0.0015,0,0
"BE3.Amber",380.058424212106,"BE3-Amber",0.00166666666666667,0,0
"BE3.Amber",380.365727863932,"BE3-Amber",0.00166666666666667,0,0
"BE3.Amber",380.673031515758,"BE3-Amber",0.00166666666666667,0,0
"BE3.Amber",380.980335167584,"BE3-Amber",0.00166666666666667,0,0
"BE3.Amber",381.28763881941,"BE3-Amber",0.00166666666666667,0,0
"BE3.Amber",381.594942471236,"BE3-Amber",0.00166666666666667,0,0
"BE3.Amber",381.902246123062,"BE3-Amber",0.00166666666666667,0,0
"BE3.Amber",382.209549774887,"BE3-Amber",0.00166666666666667,0,0
"BE3.Amber",382.516853426713,"BE3-Amber",0.00166666666666667,0,0
"BE3.Amber",382.824157078539,"BE3-Amber",0.00166666666666667,0,0
"BE3.Amber",383.131460730365,"BE3-Amber",0.00166666666666667,0,0
"BE3.Amber",383.438764382191,"BE3-Amber",0.00166666666666667,0,0
"BE3.Amber",383.746068034017,"BE3-Amber",0.00166666666666667,0,0
"BE3.Amber",384.053371685843,"BE3-Amber",0.00166666666666667,0,0
"BE3.Amber",384.360675337669,"BE3-Amber",0.00166666666666667,0,0
"BE3.Amber",384.667978989495,"BE3-Amber",0.00166666666666667,0,0
"BE3.Amber",384.975282641321,"BE3-Amber",0.00166666666666667,0,0
"BE3.Amber",385.282586293147,"BE3-Amber",0.00166666666666667,0,0
"BE3.Amber",385.589889944972,"BE3-Amber",0.00166666666666667,0,0
"BE3.Amber",385.897193596798,"BE3-Amber",0.00166666666666667,0,0
"BE3.Amber",386.204497248624,"BE3-Amber",0.00166666666666667,0,0
"BE3.Amber",386.51180090045,"BE3-Amber",0.00166666666666667,0,0
"BE3.Amber",386.819104552276,"BE3-Amber",0.00183333333333333,0,0
"BE3.Amber",387.126408204102,"BE3-Amber",0.00183333333333333,0,0
"BE3.Amber",387.433711855928,"BE3-Amber",0.00183333333333333,0,0
"BE3.Amber",387.741015507754,"BE3-Amber",0.00183333333333333,0,0
"BE3.Amber",388.04831915958,"BE3-Amber",0.00183333333333333,0,0
"BE3.Amber",388.355622811406,"BE3-Amber",0.00183333333333333,0,0
"BE3.Amber",388.662926463232,"BE3-Amber",0.00183333333333333,0,0
"BE3.Amber",388.970230115058,"BE3-Amber",0.00183333333333333,0,0
"BE3.Amber",389.277533766883,"BE3-Amber",0.00183333333333333,0,0
"BE3.Amber",389.584837418709,"BE3-Amber",0.00183333333333333,0,0
"BE3.Amber",389.892141070535,"BE3-Amber",0.00183333333333333,0,0
"BE3.Amber",390.199444722361,"BE3-Amber",0.00183333333333333,0,0
"BE3.Amber",390.506748374187,"BE3-Amber",0.00183333333333333,0,0
"BE3.Amber",390.814052026013,"BE3-Amber",0.00183333333333333,0,0
"BE3.Amber",391.121355677839,"BE3-Amber",0.00183333333333333,0,0
"BE3.Amber",391.428659329665,"BE3-Amber",0.00183333333333333,0,0
"BE3.Amber",391.735962981491,"BE3-Amber",0.00183333333333333,0,0
"BE3.Amber",392.043266633317,"BE3-Amber",0.00183333333333333,0,0
"BE3.Amber",392.350570285143,"BE3-Amber",0.00183333333333333,0,0
"BE3.Amber",392.657873936968,"BE3-Amber",0.00183333333333333,0,0
"BE3.Amber",392.965177588794,"BE3-Amber",0.00183333333333333,0,0
"BE3.Amber",393.27248124062,"BE3-Amber",0.00183333333333333,0,0
"BE3.Amber",393.579784892446,"BE3-Amber",0.00183333333333333,0,0
"BE3.Amber",393.887088544272,"BE3-Amber",0.00183333333333333,0,0
"BE3.Amber",394.194392196098,"BE3-Amber",0.00183333333333333,0,0
"BE3.Amber",394.501695847924,"BE3-Amber",0.00183333333333333,0,0
"BE3.Amber",394.80899949975,"BE3-Amber",0.00183333333333333,0,0
"BE3.Amber",395.116303151576,"BE3-Amber",0.00183333333333333,0,0
"BE3.Amber",395.423606803402,"BE3-Amber",0.00183333333333333,0,0
"BE3.Amber",395.730910455228,"BE3-Amber",0.002,0,0
"BE3.Amber",396.038214107053,"BE3-Amber",0.002,0,0
"BE3.Amber",396.345517758879,"BE3-Amber",0.00216666666666667,0,0
"BE3.Amber",396.652821410705,"BE3-Amber",0.00233333333333333,0,0
"BE3.Amber",396.960125062531,"BE3-Amber",0.0025,0,0
"BE3.Amber",397.267428714357,"BE3-Amber",0.0025,0,0
"BE3.Amber",397.574732366183,"BE3-Amber",0.0025,0,0
"BE3.Amber",397.882036018009,"BE3-Amber",0.0025,0,0
"BE3.Amber",398.189339669835,"BE3-Amber",0.0025,0,0
"BE3.Amber",398.496643321661,"BE3-Amber",0.0025,0,0
"BE3.Amber",398.803946973487,"BE3-Amber",0.0025,0,0
"BE3.Amber",399.111250625313,"BE3-Amber",0.0025,0,0
"BE3.Amber",399.418554277139,"BE3-Amber",0.0025,0,0
"BE3.Amber",399.725857928965,"BE3-Amber",0.00266666666666667,0,0
"BE3.Amber",400.03316158079,"BE3-Amber",0.00266666666666667,0,0
"BE3.Amber",400.340465232616,"BE3-Amber",0.00266666666666667,0,0
"BE3.Amber",400.647768884442,"BE3-Amber",0.00266666666666667,0,0
"BE3.Amber",400.955072536268,"BE3-Amber",0.00266666666666667,0,0
"BE3.Amber",401.262376188094,"BE3-Amber",0.00266666666666667,0,0
"BE3.Amber",401.56967983992,"BE3-Amber",0.00283333333333333,0,0
"BE3.Amber",401.876983491746,"BE3-Amber",0.00283333333333333,0,0
"BE3.Amber",402.184287143572,"BE3-Amber",0.003,0,0
"BE3.Amber",402.491590795398,"BE3-Amber",0.00333333333333333,0,0
"BE3.Amber",402.798894447224,"BE3-Amber",0.00333333333333333,0,0
"BE3.Amber",403.106198099049,"BE3-Amber",0.0035,0,0
"BE3.Amber",403.413501750875,"BE3-Amber",0.0035,0,0
"BE3.Amber",403.720805402701,"BE3-Amber",0.0035,0,0
"BE3.Amber",404.028109054527,"BE3-Amber",0.004,0,0
"BE3.Amber",404.335412706353,"BE3-Amber",0.00416666666666667,0,0
"BE3.Amber",404.642716358179,"BE3-Amber",0.00416666666666667,0,0
"BE3.Amber",404.950020010005,"BE3-Amber",0.00416666666666667,0,0
"BE3.Amber",405.257323661831,"BE3-Amber",0.00416666666666667,0,0
"BE3.Amber",405.564627313657,"BE3-Amber",0.00433333333333333,0,0
"BE3.Amber",405.871930965483,"BE3-Amber",0.00466666666666667,0,0
"BE3.Amber",406.179234617309,"BE3-Amber",0.00466666666666667,0,0
"BE3.Amber",406.486538269135,"BE3-Amber",0.00466666666666667,0,0
"BE3.Amber",406.79384192096,"BE3-Amber",0.00466666666666667,0,0
"BE3.Amber",407.101145572786,"BE3-Amber",0.00516666666666667,0,0
"BE3.Amber",407.408449224612,"BE3-Amber",0.00516666666666667,0,0
"BE3.Amber",407.715752876438,"BE3-Amber",0.00516666666666667,0,0
"BE3.Amber",408.023056528264,"BE3-Amber",0.00533333333333333,0,0
"BE3.Amber",408.33036018009,"BE3-Amber",0.00533333333333333,0,0
"BE3.Amber",408.637663831916,"BE3-Amber",0.00533333333333333,0,0
"BE3.Amber",408.944967483742,"BE3-Amber",0.00533333333333333,0,0
"BE3.Amber",409.252271135568,"BE3-Amber",0.00533333333333333,0,0
"BE3.Amber",409.559574787394,"BE3-Amber",0.0055,0,0
"BE3.Amber",409.86687843922,"BE3-Amber",0.00583333333333333,0,0
"BE3.Amber",410.174182091046,"BE3-Amber",0.00666666666666667,0,0
"BE3.Amber",410.481485742871,"BE3-Amber",0.00683333333333333,0,0
"BE3.Amber",410.788789394697,"BE3-Amber",0.00716666666666667,0,0
"BE3.Amber",411.096093046523,"BE3-Amber",0.00716666666666667,0,0
"BE3.Amber",411.403396698349,"BE3-Amber",0.00783333333333333,0,0
"BE3.Amber",411.710700350175,"BE3-Amber",0.00833333333333333,0,0
"BE3.Amber",412.018004002001,"BE3-Amber",0.00866666666666667,0,0
"BE3.Amber",412.325307653827,"BE3-Amber",0.00933333333333333,0,0
"BE3.Amber",412.632611305653,"BE3-Amber",0.01,0,0
"BE3.Amber",412.939914957479,"BE3-Amber",0.0106666666666667,0,0
"BE3.Amber",413.247218609305,"BE3-Amber",0.0108333333333333,0,0
"BE3.Amber",413.554522261131,"BE3-Amber",0.0111666666666667,0,0
"BE3.Amber",413.861825912956,"BE3-Amber",0.0115,0,0
"BE3.Amber",414.169129564782,"BE3-Amber",0.0123333333333333,0,0
"BE3.Amber",414.476433216608,"BE3-Amber",0.0133333333333333,0,0
"BE3.Amber",414.783736868434,"BE3-Amber",0.0143333333333333,0,0
"BE3.Amber",415.09104052026,"BE3-Amber",0.0153333333333333,0,0
"BE3.Amber",415.398344172086,"BE3-Amber",0.0163333333333333,0,0
"BE3.Amber",415.705647823912,"BE3-Amber",0.0183333333333333,0,0
"BE3.Amber",416.012951475738,"BE3-Amber",0.0201666666666667,0,0
"BE3.Amber",416.320255127564,"BE3-Amber",0.0215,0,0
"BE3.Amber",416.62755877939,"BE3-Amber",0.0233333333333333,0,0
"BE3.Amber",416.934862431216,"BE3-Amber",0.0256666666666667,0,0
"BE3.Amber",417.242166083042,"BE3-Amber",0.0276666666666667,0,0
"BE3.Amber",417.549469734867,"BE3-Amber",0.0291666666666667,0,0
"BE3.Amber",417.856773386693,"BE3-Amber",0.0311666666666667,0,0
"BE3.Amber",418.164077038519,"BE3-Amber",0.0336666666666667,0,0
"BE3.Amber",418.471380690345,"BE3-Amber",0.0351666666666667,0,0
"BE3.Amber",418.778684342171,"BE3-Amber",0.038,0,0
"BE3.Amber",419.085987993997,"BE3-Amber",0.0418333333333333,0,0
"BE3.Amber",419.393291645823,"BE3-Amber",0.0455,0,0
"BE3.Amber",419.700595297649,"BE3-Amber",0.0493333333333333,0,0
"BE3.Amber",420.007898949475,"BE3-Amber",0.0538333333333333,0,1
"BE3.Amber",420.315202601301,"BE3-Amber",0.0583333333333333,0,1
"BE3.Amber",420.622506253127,"BE3-Amber",0.064,0,1
"BE3.Amber",420.929809904952,"BE3-Amber",0.0688333333333333,0,1
"BE3.Amber",421.237113556778,"BE3-Amber",0.0738333333333333,0,1
"BE3.Amber",421.544417208604,"BE3-Amber",0.081,0,1
"BE3.Amber",421.85172086043,"BE3-Amber",0.088,0,1
"BE3.Amber",422.159024512256,"BE3-Amber",0.093,0,1
"BE3.Amber",422.466328164082,"BE3-Amber",0.100166666666667,0,1
"BE3.Amber",422.773631815908,"BE3-Amber",0.108666666666667,0,1
"BE3.Amber",423.080935467734,"BE3-Amber",0.115166666666667,0,1
"BE3.Amber",423.38823911956,"BE3-Amber",0.124666666666667,0,1
"BE3.Amber",423.695542771386,"BE3-Amber",0.133333333333333,0,1
"BE3.Amber",424.002846423212,"BE3-Amber",0.141,0,1
"BE3.Amber",424.310150075038,"BE3-Amber",0.149166666666667,0,1
"BE3.Amber",424.617453726863,"BE3-Amber",0.1575,0,1
"BE3.Amber",424.924757378689,"BE3-Amber",0.1655,0,1
"BE3.Amber",425.232061030515,"BE3-Amber",0.175833333333333,0,1
"BE3.Amber",425.539364682341,"BE3-Amber",0.185833333333333,0,1
"BE3.Amber",425.846668334167,"BE3-Amber",0.198,0,1
"BE3.Amber",426.153971985993,"BE3-Amber",0.21,0,1
"BE3.Amber",426.461275637819,"BE3-Amber",0.22,0,1
"BE3.Amber",426.768579289645,"BE3-Amber",0.2295,0,1
"BE3.Amber",427.075882941471,"BE3-Amber",0.2395,0,1
"BE3.Amber",427.383186593297,"BE3-Amber",0.251833333333333,0,1
"BE3.Amber",427.690490245123,"BE3-Amber",0.2645,0,1
"BE3.Amber",427.997793896948,"BE3-Amber",0.275833333333333,0,1
"BE3.Amber",428.305097548774,"BE3-Amber",0.2875,0,1
"BE3.Amber",428.6124012006,"BE3-Amber",0.302,0,1
"BE3.Amber",428.919704852426,"BE3-Amber",0.313833333333333,0,1
"BE3.Amber",429.227008504252,"BE3-Amber",0.327333333333333,0,1
"BE3.Amber",429.534312156078,"BE3-Amber",0.343166666666667,0,1
"BE3.Amber",429.841615807904,"BE3-Amber",0.3565,0,1
"BE3.Amber",430.14891945973,"BE3-Amber",0.371,0,1
"BE3.Amber",430.456223111556,"BE3-Amber",0.384833333333333,0,2
"BE3.Amber",430.763526763382,"BE3-Amber",0.397166666666667,0,2
"BE3.Amber",431.070830415208,"BE3-Amber",0.4115,0,2
"BE3.Amber",431.378134067033,"BE3-Amber",0.427333333333333,0,2
"BE3.Amber",431.685437718859,"BE3-Amber",0.446,0,2
"BE3.Amber",431.992741370685,"BE3-Amber",0.462166666666667,0,2
"BE3.Amber",432.300045022511,"BE3-Amber",0.4775,0,2
"BE3.Amber",432.607348674337,"BE3-Amber",0.494833333333333,0,2
"BE3.Amber",432.914652326163,"BE3-Amber",0.513,0,2
"BE3.Amber",433.221955977989,"BE3-Amber",0.532,0,2
"BE3.Amber",433.529259629815,"BE3-Amber",0.553166666666667,0,2
"BE3.Amber",433.836563281641,"BE3-Amber",0.575166666666667,0,2
"BE3.Amber",434.143866933467,"BE3-Amber",0.595666666666667,0,2
"BE3.Amber",434.451170585293,"BE3-Amber",0.618333333333333,0,2
"BE3.Amber",434.758474237119,"BE3-Amber",0.639,0,2
"BE3.Amber",435.065777888944,"BE3-Amber",0.664666666666667,0,2
"BE3.Amber",435.37308154077,"BE3-Amber",0.688666666666667,0,2
"BE3.Amber",435.680385192596,"BE3-Amber",0.7115,0,2
"BE3.Amber",435.987688844422,"BE3-Amber",0.739,0,2
"BE3.Amber",436.294992496248,"BE3-Amber",0.761166666666667,0,2
"BE3.Amber",436.602296148074,"BE3-Amber",0.787666666666667,0,2
"BE3.Amber",436.9095997999,"BE3-Amber",0.814166666666667,0,2
"BE3.Amber",437.216903451726,"BE3-Amber",0.843666666666667,0,2
"BE3.Amber",437.524207103552,"BE3-Amber",0.871666666666667,0,2
"BE3.Amber",437.831510755378,"BE3-Amber",0.900333333333333,0,2
"BE3.Amber",438.138814407204,"BE3-Amber",0.931666666666667,0,3
"BE3.Amber",438.446118059029,"BE3-Amber",0.966666666666667,0,3
"BE3.Amber",438.753421710855,"BE3-Amber",0.9995,0,3
"BE3.Amber",439.060725362681,"BE3-Amber",1.03183333333333,0,3
"BE3.Amber",439.368029014507,"BE3-Amber",1.06616666666667,0,3
"BE3.Amber",439.675332666333,"BE3-Amber",1.09766666666667,0,3
"BE3.Amber",439.982636318159,"BE3-Amber",1.13583333333333,0,3
"BE3.Amber",440.289939969985,"BE3-Amber",1.16966666666667,0,3
"BE3.Amber",440.597243621811,"BE3-Amber",1.20216666666667,0,3
"BE3.Amber",440.904547273637,"BE3-Amber",1.23666666666667,0,3
"BE3.Amber",441.211850925463,"BE3-Amber",1.27383333333333,0,3
"BE3.Amber",441.519154577289,"BE3-Amber",1.31116666666667,0,3
"BE3.Amber",441.826458229115,"BE3-Amber",1.345,0,3
"BE3.Amber",442.13376188094,"BE3-Amber",1.382,0,3
"BE3.Amber",442.441065532766,"BE3-Amber",1.4155,0,3
"BE3.Amber",442.748369184592,"BE3-Amber",1.4525,0,3
"BE3.Amber",443.055672836418,"BE3-Amber",1.49333333333333,0,3
"BE3.Amber",443.362976488244,"BE3-Amber",1.52883333333333,0,3
"BE3.Amber",443.67028014007,"BE3-Amber",1.56533333333333,0,4
"BE3.Amber",443.977583791896,"BE3-Amber",1.60433333333333,0,4
"BE3.Amber",444.284887443722,"BE3-Amber",1.64966666666667,0,4
"BE3.Amber",444.592191095548,"BE3-Amber",1.69016666666667,0,4
"BE3.Amber",444.899494747374,"BE3-Amber",1.72916666666667,0,4
"BE3.Amber",445.2067983992,"BE3-Amber",1.77383333333333,0,4
"BE3.Amber",445.514102051025,"BE3-Amber",1.817,0,4
"BE3.Amber",445.821405702851,"BE3-Amber",1.85933333333333,0,4
"BE3.Amber",446.128709354677,"BE3-Amber",1.8965,0,4
"BE3.Amber",446.436013006503,"BE3-Amber",1.93183333333333,0,4
"BE3.Amber",446.743316658329,"BE3-Amber",1.96883333333333,0,4
"BE3.Amber",447.050620310155,"BE3-Amber",2.0105,0,4
"BE3.Amber",447.357923961981,"BE3-Amber",2.04733333333333,0,4
"BE3.Amber",447.665227613807,"BE3-Amber",2.08816666666667,0,4
"BE3.Amber",447.972531265633,"BE3-Amber",2.1245,0,4
"BE3.Amber",448.279834917459,"BE3-Amber",2.16883333333333,0,4
"BE3.Amber",448.587138569285,"BE3-Amber",2.207,0,5
"BE3.Amber",448.894442221111,"BE3-Amber",2.246,0,5
"BE3.Amber",449.201745872936,"BE3-Amber",2.284,0,5
"BE3.Amber",449.509049524762,"BE3-Amber",2.31666666666667,0,5
"BE3.Amber",449.816353176588,"BE3-Amber",2.3495,0,5
"BE3.Amber",450.123656828414,"BE3-Amber",2.38516666666667,0,5
"BE3.Amber",450.43096048024,"BE3-Amber",2.41916666666667,0,5
"BE3.Amber",450.738264132066,"BE3-Amber",2.45583333333333,0,5
"BE3.Amber",451.045567783892,"BE3-Amber",2.49566666666667,0,5
"BE3.Amber",451.352871435718,"BE3-Amber",2.533,0,5
"BE3.Amber",451.660175087544,"BE3-Amber",2.57033333333333,0,5
"BE3.Amber",451.96747873937,"BE3-Amber",2.609,0,5
"BE3.Amber",452.274782391196,"BE3-Amber",2.64533333333333,0,5
"BE3.Amber",452.582086043021,"BE3-Amber",2.6815,0,5
"BE3.Amber",452.889389694847,"BE3-Amber",2.7165,0,5
"BE3.Amber",453.196693346673,"BE3-Amber",2.7535,0,5
"BE3.Amber",453.503996998499,"BE3-Amber",2.79133333333333,0,5
"BE3.Amber",453.811300650325,"BE3-Amber",2.82966666666667,0,5
"BE3.Amber",454.118604302151,"BE3-Amber",2.86633333333333,0,5
"BE3.Amber",454.425907953977,"BE3-Amber",2.89833333333333,0,5
"BE3.Amber",454.733211605803,"BE3-Amber",2.931,0,5
"BE3.Amber",455.040515257629,"BE3-Amber",2.96816666666667,1,6
"BE3.Amber",455.347818909455,"BE3-Amber",3.00483333333333,1,6
"BE3.Amber",455.655122561281,"BE3-Amber",3.042,1,6
"BE3.Amber",455.962426213107,"BE3-Amber",3.07666666666667,1,6
"BE3.Amber",456.269729864932,"BE3-Amber",3.11133333333333,1,6
"BE3.Amber",456.577033516758,"BE3-Amber",3.14383333333333,1,6
"BE3.Amber",456.884337168584,"BE3-Amber",3.18066666666667,1,6
"BE3.Amber",457.19164082041,"BE3-Amber",3.215,1,6
"BE3.Amber",457.498944472236,"BE3-Amber",3.25233333333333,1,6
"BE3.Amber",457.806248124062,"BE3-Amber",3.28583333333333,1,6
"BE3.Amber",458.113551775888,"BE3-Amber",3.32083333333333,1,6
"BE3.Amber",458.420855427714,"BE3-Amber",3.3555,1,6
"BE3.Amber",458.72815907954,"BE3-Amber",3.3895,1,6
"BE3.Amber",459.035462731366,"BE3-Amber",3.4225,1,6
"BE3.Amber",459.342766383192,"BE3-Amber",3.45633333333333,1,6
"BE3.Amber",459.650070035018,"BE3-Amber",3.48916666666667,0,6
"BE3.Amber",459.957373686843,"BE3-Amber",3.52266666666667,0,6
"BE3.Amber",460.264677338669,"BE3-Amber",3.55583333333333,0,6
"BE3.Amber",460.571980990495,"BE3-Amber",3.59133333333333,0,6
"BE3.Amber",460.879284642321,"BE3-Amber",3.62683333333333,0,6
"BE3.Amber",461.186588294147,"BE3-Amber",3.65816666666667,0,6
"BE3.Amber",461.493891945973,"BE3-Amber",3.69,0,6
"BE3.Amber",461.801195597799,"BE3-Amber",3.7225,0,6
"BE3.Amber",462.108499249625,"BE3-Amber",3.75266666666667,1,7
"BE3.Amber",462.415802901451,"BE3-Amber",3.78516666666667,1,7
"BE3.Amber",462.723106553277,"BE3-Amber",3.816,1,7
"BE3.Amber",463.030410205102,"BE3-Amber",3.8455,1,7
"BE3.Amber",463.337713856928,"BE3-Amber",3.8745,1,7
"BE3.Amber",463.645017508754,"BE3-Amber",3.904,1,7
"BE3.Amber",463.95232116058,"BE3-Amber",3.936,1,7
"BE3.Amber",464.259624812406,"BE3-Amber",3.9625,1,7
"BE3.Amber",464.566928464232,"BE3-Amber",3.99016666666667,1,7
"BE3.Amber",464.874232116058,"BE3-Amber",4.016,1,7
"BE3.Amber",465.181535767884,"BE3-Amber",4.04183333333333,1,7
"BE3.Amber",465.48883941971,"BE3-Amber",4.07183333333333,1,7
"BE3.Amber",465.796143071536,"BE3-Amber",4.09533333333333,1,7
"BE3.Amber",466.103446723362,"BE3-Amber",4.11633333333333,1,7
"BE3.Amber",466.410750375188,"BE3-Amber",4.138,1,7
"BE3.Amber",466.718054027014,"BE3-Amber",4.16016666666667,1,7
"BE3.Amber",467.025357678839,"BE3-Amber",4.18683333333333,1,7
"BE3.Amber",467.332661330665,"BE3-Amber",4.20833333333333,1,7
"BE3.Amber",467.639964982491,"BE3-Amber",4.2285,1,7
"BE3.Amber",467.947268634317,"BE3-Amber",4.24766666666667,1,7
"BE3.Amber",468.254572286143,"BE3-Amber",4.27083333333333,1,7
"BE3.Amber",468.561875937969,"BE3-Amber",4.28816666666667,1,7
"BE3.Amber",468.869179589795,"BE3-Amber",4.30816666666667,1,7
"BE3.Amber",469.176483241621,"BE3-Amber",4.33083333333333,1,7
"BE3.Amber",469.483786893447,"BE3-Amber",4.3515,1,7
"BE3.Amber",469.791090545273,"BE3-Amber",4.37083333333333,1,7
"BE3.Amber",470.098394197099,"BE3-Amber",4.3925,1,7
"BE3.Amber",470.405697848924,"BE3-Amber",4.411,1,7
"BE3.Amber",470.71300150075,"BE3-Amber",4.43,1,7
"BE3.Amber",471.020305152576,"BE3-Amber",4.451,1,7
"BE3.Amber",471.327608804402,"BE3-Amber",4.47033333333333,1,7
"BE3.Amber",471.634912456228,"BE3-Amber",4.49366666666667,1,7
"BE3.Amber",471.942216108054,"BE3-Amber",4.51566666666667,2,8
"BE3.Amber",472.24951975988,"BE3-Amber",4.5345,2,8
"BE3.Amber",472.556823411706,"BE3-Amber",4.55816666666667,2,8
"BE3.Amber",472.864127063532,"BE3-Amber",4.5785,2,8
"BE3.Amber",473.171430715358,"BE3-Amber",4.6,2,8
"BE3.Amber",473.478734367184,"BE3-Amber",4.6235,2,8
"BE3.Amber",473.786038019009,"BE3-Amber",4.644,2,8
"BE3.Amber",474.093341670835,"BE3-Amber",4.66833333333333,2,8
"BE3.Amber",474.400645322661,"BE3-Amber",4.69533333333333,2,8
"BE3.Amber",474.707948974487,"BE3-Amber",4.71766666666667,2,8
"BE3.Amber",475.015252626313,"BE3-Amber",4.74033333333333,2,8
"BE3.Amber",475.322556278139,"BE3-Amber",4.763,2,8
"BE3.Amber",475.629859929965,"BE3-Amber",4.789,2,8
"BE3.Amber",475.937163581791,"BE3-Amber",4.81366666666667,2,8
"BE3.Amber",476.244467233617,"BE3-Amber",4.836,2,8
"BE3.Amber",476.551770885443,"BE3-Amber",4.86216666666667,2,8
"BE3.Amber",476.859074537269,"BE3-Amber",4.89233333333333,2,8
"BE3.Amber",477.166378189095,"BE3-Amber",4.92116666666667,2,8
"BE3.Amber",477.47368184092,"BE3-Amber",4.95416666666667,2,8
"BE3.Amber",477.780985492746,"BE3-Amber",4.985,2,8
"BE3.Amber",478.088289144572,"BE3-Amber",5.01416666666667,2,8
"BE3.Amber",478.395592796398,"BE3-Amber",5.052,2,8
"BE3.Amber",478.702896448224,"BE3-Amber",5.08883333333333,2,8
"BE3.Amber",479.01020010005,"BE3-Amber",5.12083333333333,2,8
"BE3.Amber",479.317503751876,"BE3-Amber",5.15583333333333,2,8
"BE3.Amber",479.624807403702,"BE3-Amber",5.19283333333333,2,8
"BE3.Amber",479.932111055528,"BE3-Amber",5.234,2,8
"BE3.Amber",480.239414707354,"BE3-Amber",5.2735,2,8
"BE3.Amber",480.54671835918,"BE3-Amber",5.3105,2,8
"BE3.Amber",480.854022011005,"BE3-Amber",5.34966666666667,1,8
"BE3.Amber",481.161325662831,"BE3-Amber",5.3875,1,8
"BE3.Amber",481.468629314657,"BE3-Amber",5.42566666666667,1,8
"BE3.Amber",481.775932966483,"BE3-Amber",5.4695,1,8
"BE3.Amber",482.083236618309,"BE3-Amber",5.50916666666667,2,9
"BE3.Amber",482.390540270135,"BE3-Amber",5.55116666666667,2,9
"BE3.Amber",482.697843921961,"BE3-Amber",5.5965,2,9
"BE3.Amber",483.005147573787,"BE3-Amber",5.64,2,9
"BE3.Amber",483.312451225613,"BE3-Amber",5.68366666666667,2,9
"BE3.Amber",483.619754877439,"BE3-Amber",5.72333333333333,2,9
"BE3.Amber",483.927058529265,"BE3-Amber",5.76583333333333,2,9
"BE3.Amber",484.234362181091,"BE3-Amber",5.8095,2,9
"BE3.Amber",484.541665832916,"BE3-Amber",5.85266666666667,2,9
"BE3.Amber",484.848969484742,"BE3-Amber",5.89533333333333,2,9
"BE3.Amber",485.156273136568,"BE3-Amber",5.94233333333333,2,9
"BE3.Amber",485.463576788394,"BE3-Amber",5.9875,2,9
"BE3.Amber",485.77088044022,"BE3-Amber",6.03416666666667,2,9
"BE3.Amber",486.078184092046,"BE3-Amber",6.08383333333333,2,9
"BE3.Amber",486.385487743872,"BE3-Amber",6.131,2,9
"BE3.Amber",486.692791395698,"BE3-Amber",6.17383333333333,2,9
"BE3.Amber",487.000095047524,"BE3-Amber",6.22083333333333,2,9
"BE3.Amber",487.30739869935,"BE3-Amber",6.2675,2,9
"BE3.Amber",487.614702351176,"BE3-Amber",6.31083333333333,2,9
"BE3.Amber",487.922006003001,"BE3-Amber",6.35516666666667,3,10
"BE3.Amber",488.229309654827,"BE3-Amber",6.39583333333333,3,10
"BE3.Amber",488.536613306653,"BE3-Amber",6.44266666666667,3,10
"BE3.Amber",488.843916958479,"BE3-Amber",6.493,3,10
"BE3.Amber",489.151220610305,"BE3-Amber",6.53416666666667,3,10
"BE3.Amber",489.458524262131,"BE3-Amber",6.581,3,10
"BE3.Amber",489.765827913957,"BE3-Amber",6.62666666666667,3,10
"BE3.Amber",490.073131565783,"BE3-Amber",6.66816666666667,3,10
"BE3.Amber",490.380435217609,"BE3-Amber",6.71166666666667,3,10
"BE3.Amber",490.687738869435,"BE3-Amber",6.75716666666667,3,10
"BE3.Amber",490.995042521261,"BE3-Amber",6.80083333333333,3,10
"BE3.Amber",491.302346173087,"BE3-Amber",6.84366666666667,3,10
"BE3.Amber",491.609649824912,"BE3-Amber",6.88366666666667,3,10
"BE3.Amber",491.916953476738,"BE3-Amber",6.92816666666667,3,10
"BE3.Amber",492.224257128564,"BE3-Amber",6.9675,3,10
"BE3.Amber",492.53156078039,"BE3-Amber",7.00983333333333,3,10
"BE3.Amber",492.838864432216,"BE3-Amber",7.05266666666667,3,10
"BE3.Amber",493.146168084042,"BE3-Amber",7.0925,3,10
"BE3.Amber",493.453471735868,"BE3-Amber",7.12883333333333,3,10
"BE3.Amber",493.760775387694,"BE3-Amber",7.16583333333333,3,10
"BE3.Amber",494.06807903952,"BE3-Amber",7.20166666666667,3,10
"BE3.Amber",494.375382691346,"BE3-Amber",7.23766666666667,3,10
"BE3.Amber",494.682686343172,"BE3-Amber",7.2755,3,10
"BE3.Amber",494.989989994997,"BE3-Amber",7.31416666666667,4,11
"BE3.Amber",495.297293646823,"BE3-Amber",7.35416666666667,4,11
"BE3.Amber",495.604597298649,"BE3-Amber",7.39183333333333,4,11
"BE3.Amber",495.911900950475,"BE3-Amber",7.429,4,11
"BE3.Amber",496.219204602301,"BE3-Amber",7.46533333333333,4,11
"BE3.Amber",496.526508254127,"BE3-Amber",7.501,4,11
"BE3.Amber",496.833811905953,"BE3-Amber",7.5365,4,11
"BE3.Amber",497.141115557779,"BE3-Amber",7.57,4,11
"BE3.Amber",497.448419209605,"BE3-Amber",7.5985,4,11
"BE3.Amber",497.755722861431,"BE3-Amber",7.6285,4,11
"BE3.Amber",498.063026513257,"BE3-Amber",7.6595,4,11
"BE3.Amber",498.370330165083,"BE3-Amber",7.69166666666667,4,11
"BE3.Amber",498.677633816908,"BE3-Amber",7.7215,4,11
"BE3.Amber",498.984937468734,"BE3-Amber",7.7505,4,11
"BE3.Amber",499.29224112056,"BE3-Amber",7.78166666666667,4,11
"BE3.Amber",499.599544772386,"BE3-Amber",7.80883333333333,4,11
"BE3.Amber",499.906848424212,"BE3-Amber",7.8345,4,11
"BE3.Amber",500.214152076038,"BE3-Amber",7.86166666666667,4,11
"BE3.Amber",500.521455727864,"BE3-Amber",7.88866666666667,4,11
"BE3.Amber",500.82875937969,"BE3-Amber",7.91366666666667,4,11
"BE3.Amber",501.136063031516,"BE3-Amber",7.9375,4,11
"BE3.Amber",501.443366683342,"BE3-Amber",7.96133333333333,4,11
"BE3.Amber",501.750670335168,"BE3-Amber",7.98616666666667,4,11
"BE3.Amber",502.057973986993,"BE3-Amber",8.01366666666667,4,11
"BE3.Amber",502.365277638819,"BE3-Amber",8.03833333333333,4,11
"BE3.Amber",502.672581290645,"BE3-Amber",8.06516666666667,4,11
"BE3.Amber",502.979884942471,"BE3-Amber",8.089,4,11
"BE3.Amber",503.287188594297,"BE3-Amber",8.11733333333333,4,11
"BE3.Amber",503.594492246123,"BE3-Amber",8.1405,4,11
"BE3.Amber",503.901795897949,"BE3-Amber",8.16383333333333,4,11
"BE3.Amber",504.209099549775,"BE3-Amber",8.18583333333333,4,11
"BE3.Amber",504.516403201601,"BE3-Amber",8.21083333333333,4,11
"BE3.Amber",504.823706853427,"BE3-Amber",8.232,4,11
"BE3.Amber",505.131010505253,"BE3-Amber",8.25366666666667,4,11
"BE3.Amber",505.438314157078,"BE3-Amber",8.27783333333333,4,11
"BE3.Amber",505.745617808904,"BE3-Amber",8.301,4,11
"BE3.Amber",506.05292146073,"BE3-Amber",8.326,4,11
"BE3.Amber",506.360225112556,"BE3-Amber",8.3495,5,12
"BE3.Amber",506.667528764382,"BE3-Amber",8.37766666666667,5,12
"BE3.Amber",506.974832416208,"BE3-Amber",8.40083333333333,5,12
"BE3.Amber",507.282136068034,"BE3-Amber",8.42716666666667,5,12
"BE3.Amber",507.58943971986,"BE3-Amber",8.455,5,12
"BE3.Amber",507.896743371686,"BE3-Amber",8.47883333333333,5,12
"BE3.Amber",508.204047023512,"BE3-Amber",8.50383333333333,5,12
"BE3.Amber",508.511350675338,"BE3-Amber",8.52983333333333,5,12
"BE3.Amber",508.818654327164,"BE3-Amber",8.55333333333333,5,12
"BE3.Amber",509.12595797899,"BE3-Amber",8.58233333333333,5,12
"BE3.Amber",509.433261630815,"BE3-Amber",8.6135,5,12
"BE3.Amber",509.740565282641,"BE3-Amber",8.6415,5,12
"BE3.Amber",510.047868934467,"BE3-Amber",8.67966666666667,5,12
"BE3.Amber",510.355172586293,"BE3-Amber",8.72566666666667,5,12
"BE3.Amber",510.662476238119,"BE3-Amber",8.78183333333333,5,12
"BE3.Amber",510.969779889945,"BE3-Amber",8.8385,5,12
"BE3.Amber",511.277083541771,"BE3-Amber",8.8905,5,12
"BE3.Amber",511.584387193597,"BE3-Amber",8.94666666666667,5,12
"BE3.Amber",511.891690845423,"BE3-Amber",8.99866666666667,5,12
"BE3.Amber",512.198994497249,"BE3-Amber",9.05716666666667,5,12
"BE3.Amber",512.506298149074,"BE3-Amber",9.11483333333333,5,12
"BE3.Amber",512.8136018009,"BE3-Amber",9.16666666666667,5,12
"BE3.Amber",513.120905452726,"BE3-Amber",9.2175,5,12
"BE3.Amber",513.428209104552,"BE3-Amber",9.2645,5,12
"BE3.Amber",513.735512756378,"BE3-Amber",9.31466666666667,5,12
"BE3.Amber",514.042816408204,"BE3-Amber",9.37066666666667,5,12
"BE3.Amber",514.35012006003,"BE3-Amber",9.423,6,13
"BE3.Amber",514.657423711856,"BE3-Amber",9.47666666666667,6,13
"BE3.Amber",514.964727363682,"BE3-Amber",9.52616666666667,6,13
"BE3.Amber",515.272031015508,"BE3-Amber",9.57933333333333,6,13
"BE3.Amber",515.579334667334,"BE3-Amber",9.63116666666667,6,13
"BE3.Amber",515.88663831916,"BE3-Amber",9.68233333333333,6,13
"BE3.Amber",516.193941970985,"BE3-Amber",9.73733333333333,6,13
"BE3.Amber",516.501245622811,"BE3-Amber",9.78616666666667,6,13
"BE3.Amber",516.808549274637,"BE3-Amber",9.83233333333333,6,13
"BE3.Amber",517.115852926463,"BE3-Amber",9.88366666666667,6,13
"BE3.Amber",517.423156578289,"BE3-Amber",9.93183333333333,6,13
"BE3.Amber",517.730460230115,"BE3-Amber",9.98133333333333,6,13
"BE3.Amber",518.037763881941,"BE3-Amber",10.032,6,13
"BE3.Amber",518.345067533767,"BE3-Amber",10.079,6,13
"BE3.Amber",518.652371185593,"BE3-Amber",10.124,6,13
"BE3.Amber",518.959674837419,"BE3-Amber",10.1715,6,13
"BE3.Amber",519.266978489245,"BE3-Amber",10.2145,6,13
"BE3.Amber",519.574282141071,"BE3-Amber",10.2531666666667,6,13
"BE3.Amber",519.881585792896,"BE3-Amber",10.295,6,13
"BE3.Amber",520.188889444722,"BE3-Amber",10.34,7,14
"BE3.Amber",520.496193096548,"BE3-Amber",10.3843333333333,7,14
"BE3.Amber",520.803496748374,"BE3-Amber",10.4263333333333,7,14
"BE3.Amber",521.1108004002,"BE3-Amber",10.4625,7,14
"BE3.Amber",521.418104052026,"BE3-Amber",10.4988333333333,7,14
"BE3.Amber",521.725407703852,"BE3-Amber",10.5375,7,14
"BE3.Amber",522.032711355678,"BE3-Amber",10.5833333333333,7,14
"BE3.Amber",522.340015007504,"BE3-Amber",10.623,7,14
"BE3.Amber",522.64731865933,"BE3-Amber",10.661,7,14
"BE3.Amber",522.954622311156,"BE3-Amber",10.6988333333333,7,14
"BE3.Amber",523.261925962981,"BE3-Amber",10.7363333333333,7,14
"BE3.Amber",523.569229614807,"BE3-Amber",10.7761666666667,7,14
"BE3.Amber",523.876533266633,"BE3-Amber",10.8166666666667,7,14
"BE3.Amber",524.183836918459,"BE3-Amber",10.8508333333333,7,14
"BE3.Amber",524.491140570285,"BE3-Amber",10.8848333333333,7,14
"BE3.Amber",524.798444222111,"BE3-Amber",10.9246666666667,7,14
"BE3.Amber",525.105747873937,"BE3-Amber",10.9635,7,14
"BE3.Amber",525.413051525763,"BE3-Amber",11.0026666666667,7,14
"BE3.Amber",525.720355177589,"BE3-Amber",11.042,7,14
"BE3.Amber",526.027658829415,"BE3-Amber",11.0853333333333,7,14
"BE3.Amber",526.334962481241,"BE3-Amber",11.133,7,14
"BE3.Amber",526.642266133067,"BE3-Amber",11.1778333333333,7,14
"BE3.Amber",526.949569784892,"BE3-Amber",11.221,7,14
"BE3.Amber",527.256873436718,"BE3-Amber",11.2608333333333,7,14
"BE3.Amber",527.564177088544,"BE3-Amber",11.299,7,14
"BE3.Amber",527.87148074037,"BE3-Amber",11.3413333333333,8,15
"BE3.Amber",528.178784392196,"BE3-Amber",11.3893333333333,8,15
"BE3.Amber",528.486088044022,"BE3-Amber",11.4328333333333,8,15
"BE3.Amber",528.793391695848,"BE3-Amber",11.4813333333333,8,15
"BE3.Amber",529.100695347674,"BE3-Amber",11.5293333333333,8,15
"BE3.Amber",529.4079989995,"BE3-Amber",11.5755,8,15
"BE3.Amber",529.715302651326,"BE3-Amber",11.6313333333333,8,15
"BE3.Amber",530.022606303152,"BE3-Amber",11.68,8,15
"BE3.Amber",530.329909954977,"BE3-Amber",11.729,8,15
"BE3.Amber",530.637213606803,"BE3-Amber",11.7803333333333,8,15
"BE3.Amber",530.944517258629,"BE3-Amber",11.8291666666667,8,15
"BE3.Amber",531.251820910455,"BE3-Amber",11.873,8,15
"BE3.Amber",531.559124562281,"BE3-Amber",11.9253333333333,8,15
"BE3.Amber",531.866428214107,"BE3-Amber",11.9758333333333,8,15
"BE3.Amber",532.173731865933,"BE3-Amber",12.031,8,15
"BE3.Amber",532.481035517759,"BE3-Amber",12.0873333333333,8,15
"BE3.Amber",532.788339169585,"BE3-Amber",12.1436666666667,8,15
"BE3.Amber",533.095642821411,"BE3-Amber",12.2005,8,15
"BE3.Amber",533.402946473237,"BE3-Amber",12.2548333333333,8,15
"BE3.Amber",533.710250125062,"BE3-Amber",12.3201666666667,8,15
"BE3.Amber",534.017553776888,"BE3-Amber",12.3831666666667,8,15
"BE3.Amber",534.324857428714,"BE3-Amber",12.444,8,15
"BE3.Amber",534.63216108054,"BE3-Amber",12.5051666666667,9,16
"BE3.Amber",534.939464732366,"BE3-Amber",12.568,9,16
"BE3.Amber",535.246768384192,"BE3-Amber",12.64,9,16
"BE3.Amber",535.554072036018,"BE3-Amber",12.705,9,16
"BE3.Amber",535.861375687844,"BE3-Amber",12.7696666666667,9,16
"BE3.Amber",536.16867933967,"BE3-Amber",12.8363333333333,9,16
"BE3.Amber",536.475982991496,"BE3-Amber",12.901,10,16
"BE3.Amber",536.783286643322,"BE3-Amber",12.9768333333333,10,16
"BE3.Amber",537.090590295148,"BE3-Amber",13.0486666666667,10,16
"BE3.Amber",537.397893946973,"BE3-Amber",13.1186666666667,10,16
"BE3.Amber",537.705197598799,"BE3-Amber",13.1931666666667,10,16
"BE3.Amber",538.012501250625,"BE3-Amber",13.2761666666667,10,16
"BE3.Amber",538.319804902451,"BE3-Amber",13.357,10,16
"BE3.Amber",538.627108554277,"BE3-Amber",13.4346666666667,10,16
"BE3.Amber",538.934412206103,"BE3-Amber",13.5178333333333,9,16
"BE3.Amber",539.241715857929,"BE3-Amber",13.5973333333333,11,17
"BE3.Amber",539.549019509755,"BE3-Amber",13.6791666666667,11,17
"BE3.Amber",539.856323161581,"BE3-Amber",13.7611666666667,11,17
"BE3.Amber",540.163626813407,"BE3-Amber",13.8401666666667,11,17
"BE3.Amber",540.470930465233,"BE3-Amber",13.9208333333333,11,17
"BE3.Amber",540.778234117058,"BE3-Amber",14.002,11,17
"BE3.Amber",541.085537768884,"BE3-Amber",14.0853333333333,11,17
"BE3.Amber",541.39284142071,"BE3-Amber",14.1718333333333,11,17
"BE3.Amber",541.700145072536,"BE3-Amber",14.2563333333333,11,17
"BE3.Amber",542.007448724362,"BE3-Amber",14.3436666666667,11,17
"BE3.Amber",542.314752376188,"BE3-Amber",14.422,11,17
"BE3.Amber",542.622056028014,"BE3-Amber",14.5113333333333,11,17
"BE3.Amber",542.92935967984,"BE3-Amber",14.5998333333333,12,18
"BE3.Amber",543.236663331666,"BE3-Amber",14.6883333333333,12,18
"BE3.Amber",543.543966983492,"BE3-Amber",14.7721666666667,12,18
"BE3.Amber",543.851270635318,"BE3-Amber",14.8561666666667,12,18
"BE3.Amber",544.158574287144,"BE3-Amber",14.95,12,18
"BE3.Amber",544.465877938969,"BE3-Amber",15.0441666666667,12,18
"BE3.Amber",544.773181590795,"BE3-Amber",15.1381666666667,12,18
"BE3.Amber",545.080485242621,"BE3-Amber",15.2321666666667,12,18
"BE3.Amber",545.387788894447,"BE3-Amber",15.3128333333333,12,18
"BE3.Amber",545.695092546273,"BE3-Amber",15.399,12,18
"BE3.Amber",546.002396198099,"BE3-Amber",15.4948333333333,12,18
"BE3.Amber",546.309699849925,"BE3-Amber",15.5931666666667,13,19
"BE3.Amber",546.617003501751,"BE3-Amber",15.6781666666667,13,19
"BE3.Amber",546.924307153577,"BE3-Amber",15.7741666666667,13,19
"BE3.Amber",547.231610805403,"BE3-Amber",15.8688333333333,13,19
"BE3.Amber",547.538914457229,"BE3-Amber",15.9708333333333,13,19
"BE3.Amber",547.846218109054,"BE3-Amber",16.0625,13,19
"BE3.Amber",548.15352176088,"BE3-Amber",16.1553333333333,13,19
"BE3.Amber",548.460825412706,"BE3-Amber",16.2486666666667,13,19
"BE3.Amber",548.768129064532,"BE3-Amber",16.3441666666667,13,19
"BE3.Amber",549.075432716358,"BE3-Amber",16.4438333333333,13,19
"BE3.Amber",549.382736368184,"BE3-Amber",16.5436666666667,13,19
"BE3.Amber",549.69004002001,"BE3-Amber",16.6386666666667,14,20
"BE3.Amber",549.997343671836,"BE3-Amber",16.7353333333333,14,20
"BE3.Amber",550.304647323662,"BE3-Amber",16.8233333333333,14,20
"BE3.Amber",550.611950975488,"BE3-Amber",16.9215,14,20
"BE3.Amber",550.919254627314,"BE3-Amber",17.0215,14,20
"BE3.Amber",551.22655827914,"BE3-Amber",17.1171666666667,14,20
"BE3.Amber",551.533861930965,"BE3-Amber",17.2116666666667,14,20
"BE3.Amber",551.841165582791,"BE3-Amber",17.3043333333333,14,20
"BE3.Amber",552.148469234617,"BE3-Amber",17.4026666666667,14,20
"BE3.Amber",552.455772886443,"BE3-Amber",17.5008333333333,13,20
"BE3.Amber",552.763076538269,"BE3-Amber",17.5976666666667,15,21
"BE3.Amber",553.070380190095,"BE3-Amber",17.6905,15,21
"BE3.Amber",553.377683841921,"BE3-Amber",17.7865,15,21
"BE3.Amber",553.684987493747,"BE3-Amber",17.8838333333333,15,21
"BE3.Amber",553.992291145573,"BE3-Amber",17.984,15,21
"BE3.Amber",554.299594797399,"BE3-Amber",18.0756666666667,15,21
"BE3.Amber",554.606898449225,"BE3-Amber",18.1748333333333,15,21
"BE3.Amber",554.91420210105,"BE3-Amber",18.2706666666667,15,21
"BE3.Amber",555.221505752876,"BE3-Amber",18.3738333333333,15,21
"BE3.Amber",555.528809404702,"BE3-Amber",18.4736666666667,15,21
"BE3.Amber",555.836113056528,"BE3-Amber",18.5665,16,22
"BE3.Amber",556.143416708354,"BE3-Amber",18.6713333333333,16,22
"BE3.Amber",556.45072036018,"BE3-Amber",18.7648333333333,16,22
"BE3.Amber",556.758024012006,"BE3-Amber",18.8655,16,22
"BE3.Amber",557.065327663832,"BE3-Amber",18.9598333333333,16,22
"BE3.Amber",557.372631315658,"BE3-Amber",19.0503333333333,16,22
"BE3.Amber",557.679934967484,"BE3-Amber",19.1511666666667,16,22
"BE3.Amber",557.98723861931,"BE3-Amber",19.2535,16,22
"BE3.Amber",558.294542271135,"BE3-Amber",19.347,16,22
"BE3.Amber",558.601845922962,"BE3-Amber",19.4405,15,22
"BE3.Amber",558.909149574787,"BE3-Amber",19.5401666666667,15,22
"BE3.Amber",559.216453226613,"BE3-Amber",19.6363333333333,16,23
"BE3.Amber",559.523756878439,"BE3-Amber",19.7323333333333,17,23
"BE3.Amber",559.831060530265,"BE3-Amber",19.8313333333333,17,23
"BE3.Amber",560.138364182091,"BE3-Amber",19.9303333333333,17,23
"BE3.Amber",560.445667833917,"BE3-Amber",20.0248333333333,17,23
"BE3.Amber",560.752971485743,"BE3-Amber",20.123,17,23
"BE3.Amber",561.060275137569,"BE3-Amber",20.2193333333333,17,23
"BE3.Amber",561.367578789395,"BE3-Amber",20.3188333333333,17,23
"BE3.Amber",561.674882441221,"BE3-Amber",20.415,17,23
"BE3.Amber",561.982186093046,"BE3-Amber",20.5188333333333,16,23
"BE3.Amber",562.289489744872,"BE3-Amber",20.6103333333333,18,24
"BE3.Amber",562.596793396698,"BE3-Amber",20.7015,18,24
"BE3.Amber",562.904097048524,"BE3-Amber",20.7983333333333,18,24
"BE3.Amber",563.21140070035,"BE3-Amber",20.8951666666667,18,24
"BE3.Amber",563.518704352176,"BE3-Amber",20.9878333333333,18,24
"BE3.Amber",563.826008004002,"BE3-Amber",21.0876666666667,18,24
"BE3.Amber",564.133311655828,"BE3-Amber",21.1916666666667,18,24
"BE3.Amber",564.440615307654,"BE3-Amber",21.2921666666667,18,24
"BE3.Amber",564.74791895948,"BE3-Amber",21.389,17,24
"BE3.Amber",565.055222611306,"BE3-Amber",21.4863333333333,17,24
"BE3.Amber",565.362526263131,"BE3-Amber",21.5771666666667,18,25
"BE3.Amber",565.669829914958,"BE3-Amber",21.672,19,25
"BE3.Amber",565.977133566783,"BE3-Amber",21.772,19,25
"BE3.Amber",566.284437218609,"BE3-Amber",21.8658333333333,19,25
"BE3.Amber",566.591740870435,"BE3-Amber",21.9681666666667,19,25
"BE3.Amber",566.899044522261,"BE3-Amber",22.066,19,25
"BE3.Amber",567.206348174087,"BE3-Amber",22.157,18,25
"BE3.Amber",567.513651825913,"BE3-Amber",22.25,18,25
"BE3.Amber",567.820955477739,"BE3-Amber",22.3435,18,25
"BE3.Amber",568.128259129565,"BE3-Amber",22.437,18,25
"BE3.Amber",568.435562781391,"BE3-Amber",22.5275,19,26
"BE3.Amber",568.742866433217,"BE3-Amber",22.6195,19,26
"BE3.Amber",569.050170085043,"BE3-Amber",22.7156666666667,19,26
"BE3.Amber",569.357473736868,"BE3-Amber",22.7993333333333,20,26
"BE3.Amber",569.664777388694,"BE3-Amber",22.8968333333333,20,26
"BE3.Amber",569.97208104052,"BE3-Amber",22.9796666666667,20,26
"BE3.Amber",570.279384692346,"BE3-Amber",23.077,20,26
"BE3.Amber",570.586688344172,"BE3-Amber",23.1768333333333,20,26
"BE3.Amber",570.893991995998,"BE3-Amber",23.2723333333333,20,26
"BE3.Amber",571.201295647824,"BE3-Amber",23.3651666666667,20,26
"BE3.Amber",571.50859929965,"BE3-Amber",23.4596666666667,19,26
"BE3.Amber",571.815902951476,"BE3-Amber",23.5525,19,26
"BE3.Amber",572.123206603302,"BE3-Amber",23.6498333333333,20,27
"BE3.Amber",572.430510255128,"BE3-Amber",23.7428333333333,20,27
"BE3.Amber",572.737813906954,"BE3-Amber",23.835,20,27
"BE3.Amber",573.045117558779,"BE3-Amber",23.9226666666667,20,27
"BE3.Amber",573.352421210605,"BE3-Amber",24.0171666666667,21,27
"BE3.Amber",573.659724862431,"BE3-Amber",24.1113333333333,21,27
"BE3.Amber",573.967028514257,"BE3-Amber",24.1996666666667,20,27
"BE3.Amber",574.274332166083,"BE3-Amber",24.2888333333333,20,27
"BE3.Amber",574.581635817909,"BE3-Amber",24.3848333333333,20,27
"BE3.Amber",574.888939469735,"BE3-Amber",24.4765,20,27
"BE3.Amber",575.196243121561,"BE3-Amber",24.582,21,28
"BE3.Amber",575.503546773387,"BE3-Amber",24.6733333333333,21,28
"BE3.Amber",575.810850425213,"BE3-Amber",24.7725,21,28
"BE3.Amber",576.118154077039,"BE3-Amber",24.8636666666667,21,28
"BE3.Amber",576.425457728864,"BE3-Amber",24.9505,21,28
"BE3.Amber",576.73276138069,"BE3-Amber",25.0351666666667,21,28
"BE3.Amber",577.040065032516,"BE3-Amber",25.1293333333333,21,28
"BE3.Amber",577.347368684342,"BE3-Amber",25.2165,21,28
"BE3.Amber",577.654672336168,"BE3-Amber",25.3058333333333,21,28
"BE3.Amber",577.961975987994,"BE3-Amber",25.397,21,28
"BE3.Amber",578.26927963982,"BE3-Amber",25.4945,21,28
"BE3.Amber",578.576583291646,"BE3-Amber",25.5805,22,29
"BE3.Amber",578.883886943472,"BE3-Amber",25.6653333333333,22,29
"BE3.Amber",579.191190595298,"BE3-Amber",25.7523333333333,22,29
"BE3.Amber",579.498494247124,"BE3-Amber",25.8408333333333,22,29
"BE3.Amber",579.805797898949,"BE3-Amber",25.922,22,29
"BE3.Amber",580.113101550775,"BE3-Amber",26.009,22,29
"BE3.Amber",580.420405202601,"BE3-Amber",26.0973333333333,22,29
"BE3.Amber",580.727708854427,"BE3-Amber",26.1831666666667,22,29
"BE3.Amber",581.035012506253,"BE3-Amber",26.2651666666667,22,29
"BE3.Amber",581.342316158079,"BE3-Amber",26.3495,22,29
"BE3.Amber",581.649619809905,"BE3-Amber",26.4408333333333,22,29
"BE3.Amber",581.956923461731,"BE3-Amber",26.526,22,29
"BE3.Amber",582.264227113557,"BE3-Amber",26.6128333333333,23,30
"BE3.Amber",582.571530765383,"BE3-Amber",26.6958333333333,23,30
"BE3.Amber",582.878834417209,"BE3-Amber",26.7808333333333,24,30
"BE3.Amber",583.186138069035,"BE3-Amber",26.866,24,30
"BE3.Amber",583.49344172086,"BE3-Amber",26.9506666666667,24,30
"BE3.Amber",583.800745372686,"BE3-Amber",27.029,24,30
"BE3.Amber",584.108049024512,"BE3-Amber",27.1176666666667,24,30
"BE3.Amber",584.415352676338,"BE3-Amber",27.2103333333333,24,30
"BE3.Amber",584.722656328164,"BE3-Amber",27.2973333333333,24,30
"BE3.Amber",585.02995997999,"BE3-Amber",27.3828333333333,24,30
"BE3.Amber",585.337263631816,"BE3-Amber",27.476,24,30
"BE3.Amber",585.644567283642,"BE3-Amber",27.559,24,30
"BE3.Amber",585.951870935468,"BE3-Amber",27.6445,25,31
"BE3.Amber",586.259174587294,"BE3-Amber",27.7295,25,31
"BE3.Amber",586.56647823912,"BE3-Amber",27.815,25,31
"BE3.Amber",586.873781890945,"BE3-Amber",27.9001666666667,25,31
"BE3.Amber",587.181085542771,"BE3-Amber",27.9875,25,31
"BE3.Amber",587.488389194597,"BE3-Amber",28.0785,25,31
"BE3.Amber",587.795692846423,"BE3-Amber",28.1636666666667,25,31
"BE3.Amber",588.102996498249,"BE3-Amber",28.2491666666667,25,31
"BE3.Amber",588.410300150075,"BE3-Amber",28.3255,25,31
"BE3.Amber",588.717603801901,"BE3-Amber",28.4111666666667,25,31
"BE3.Amber",589.024907453727,"BE3-Amber",28.4873333333333,25,31
"BE3.Amber",589.332211105553,"BE3-Amber",28.563,25,31
"BE3.Amber",589.639514757379,"BE3-Amber",28.6413333333333,25,31
"BE3.Amber",589.946818409205,"BE3-Amber",28.718,25,31
"BE3.Amber",590.254122061031,"BE3-Amber",28.7956666666667,25,31
"BE3.Amber",590.561425712856,"BE3-Amber",28.8828333333333,26,32
"BE3.Amber",590.868729364682,"BE3-Amber",28.9698333333333,26,32
"BE3.Amber",591.176033016508,"BE3-Amber",29.0516666666667,26,32
"BE3.Amber",591.483336668334,"BE3-Amber",29.137,26,32
"BE3.Amber",591.79064032016,"BE3-Amber",29.2166666666667,26,32
"BE3.Amber",592.097943971986,"BE3-Amber",29.3008333333333,26,32
"BE3.Amber",592.405247623812,"BE3-Amber",29.3778333333333,27,32
"BE3.Amber",592.712551275638,"BE3-Amber",29.4553333333333,27,32
"BE3.Amber",593.019854927464,"BE3-Amber",29.5255,27,32
"BE3.Amber",593.32715857929,"BE3-Amber",29.5976666666667,27,32
"BE3.Amber",593.634462231116,"BE3-Amber",29.6703333333333,27,32
"BE3.Amber",593.941765882941,"BE3-Amber",29.7473333333333,27,32
"BE3.Amber",594.249069534767,"BE3-Amber",29.8221666666667,27,32
"BE3.Amber",594.556373186593,"BE3-Amber",29.8925,27,32
"BE3.Amber",594.863676838419,"BE3-Amber",29.9745,27,32
"BE3.Amber",595.170980490245,"BE3-Amber",30.05,27,32
"BE3.Amber",595.478284142071,"BE3-Amber",30.1245,27,32
"BE3.Amber",595.785587793897,"BE3-Amber",30.1936666666667,27,32
"BE3.Amber",596.092891445723,"BE3-Amber",30.2608333333333,27,32
"BE3.Amber",596.400195097549,"BE3-Amber",30.3265,28,33
"BE3.Amber",596.707498749375,"BE3-Amber",30.3893333333333,28,33
"BE3.Amber",597.014802401201,"BE3-Amber",30.4583333333333,28,33
"BE3.Amber",597.322106053027,"BE3-Amber",30.5235,28,33
"BE3.Amber",597.629409704852,"BE3-Amber",30.5843333333333,28,33
"BE3.Amber",597.936713356678,"BE3-Amber",30.653,28,33
"BE3.Amber",598.244017008504,"BE3-Amber",30.7116666666667,28,33
"BE3.Amber",598.55132066033,"BE3-Amber",30.7631666666667,28,33
"BE3.Amber",598.858624312156,"BE3-Amber",30.8193333333333,28,33
"BE3.Amber",599.165927963982,"BE3-Amber",30.876,29,33
"BE3.Amber",599.473231615808,"BE3-Amber",30.9353333333333,29,33
"BE3.Amber",599.780535267634,"BE3-Amber",30.987,29,33
"BE3.Amber",600.08783891946,"BE3-Amber",31.0393333333333,29,33
"BE3.Amber",600.395142571286,"BE3-Amber",31.0945,29,33
"BE3.Amber",600.702446223112,"BE3-Amber",31.1445,29,33
"BE3.Amber",601.009749874937,"BE3-Amber",31.1965,29,33
"BE3.Amber",601.317053526763,"BE3-Amber",31.2451666666667,29,33
"BE3.Amber",601.624357178589,"BE3-Amber",31.2941666666667,29,33
"BE3.Amber",601.931660830415,"BE3-Amber",31.3371666666667,29,33
"BE3.Amber",602.238964482241,"BE3-Amber",31.3833333333333,29,33
"BE3.Amber",602.546268134067,"BE3-Amber",31.4298333333333,29,33
"BE3.Amber",602.853571785893,"BE3-Amber",31.4731666666667,29,33
"BE3.Amber",603.160875437719,"BE3-Amber",31.5128333333333,29,33
"BE3.Amber",603.468179089545,"BE3-Amber",31.546,29,33
"BE3.Amber",603.775482741371,"BE3-Amber",31.587,29,33
"BE3.Amber",604.082786393197,"BE3-Amber",31.624,29,33
"BE3.Amber",604.390090045022,"BE3-Amber",31.6633333333333,29,33
"BE3.Amber",604.697393696848,"BE3-Amber",31.6965,30,34
"BE3.Amber",605.004697348674,"BE3-Amber",31.73,30,34
"BE3.Amber",605.3120010005,"BE3-Amber",31.7655,30,34
"BE3.Amber",605.619304652326,"BE3-Amber",31.7998333333333,30,34
"BE3.Amber",605.926608304152,"BE3-Amber",31.8316666666667,30,34
"BE3.Amber",606.233911955978,"BE3-Amber",31.865,30,34
"BE3.Amber",606.541215607804,"BE3-Amber",31.9043333333333,30,34
"BE3.Amber",606.84851925963,"BE3-Amber",31.9436666666667,30,34
"BE3.Amber",607.155822911456,"BE3-Amber",31.9731666666667,30,34
"BE3.Amber",607.463126563282,"BE3-Amber",32.0046666666667,30,34
"BE3.Amber",607.770430215108,"BE3-Amber",32.0373333333333,30,34
"BE3.Amber",608.077733866933,"BE3-Amber",32.0741666666667,30,34
"BE3.Amber",608.385037518759,"BE3-Amber",32.1111666666667,30,34
"BE3.Amber",608.692341170585,"BE3-Amber",32.146,30,34
"BE3.Amber",608.999644822411,"BE3-Amber",32.1806666666667,30,34
"BE3.Amber",609.306948474237,"BE3-Amber",32.2153333333333,30,34
"BE3.Amber",609.614252126063,"BE3-Amber",32.2513333333333,30,34
"BE3.Amber",609.921555777889,"BE3-Amber",32.2895,30,34
"BE3.Amber",610.228859429715,"BE3-Amber",32.3253333333333,30,34
"BE3.Amber",610.536163081541,"BE3-Amber",32.3601666666667,30,34
"BE3.Amber",610.843466733367,"BE3-Amber",32.3955,29,34
"BE3.Amber",611.150770385193,"BE3-Amber",32.4318333333333,29,34
"BE3.Amber",611.458074037018,"BE3-Amber",32.4716666666667,29,34
"BE3.Amber",611.765377688844,"BE3-Amber",32.5105,30,35
"BE3.Amber",612.07268134067,"BE3-Amber",32.5486666666667,30,35
"BE3.Amber",612.379984992496,"BE3-Amber",32.5893333333333,30,35
"BE3.Amber",612.687288644322,"BE3-Amber",32.626,30,35
"BE3.Amber",612.994592296148,"BE3-Amber",32.6621666666667,30,35
"BE3.Amber",613.301895947974,"BE3-Amber",32.7036666666667,30,35
"BE3.Amber",613.6091995998,"BE3-Amber",32.7375,30,35
"BE3.Amber",613.916503251626,"BE3-Amber",32.7746666666667,30,35
"BE3.Amber",614.223806903452,"BE3-Amber",32.8141666666667,30,35
"BE3.Amber",614.531110555278,"BE3-Amber",32.8546666666667,30,35
"BE3.Amber",614.838414207104,"BE3-Amber",32.8926666666667,30,35
"BE3.Amber",615.145717858929,"BE3-Amber",32.932,30,35
"BE3.Amber",615.453021510755,"BE3-Amber",32.9721666666667,30,35
"BE3.Amber",615.760325162581,"BE3-Amber",33.0115,30,35
"BE3.Amber",616.067628814407,"BE3-Amber",33.053,30,35
"BE3.Amber",616.374932466233,"BE3-Amber",33.0946666666667,30,35
"BE3.Amber",616.682236118059,"BE3-Amber",33.1331666666667,30,35
"BE3.Amber",616.989539769885,"BE3-Amber",33.1703333333333,30,35
"BE3.Amber",617.296843421711,"BE3-Amber",33.2085,30,35
"BE3.Amber",617.604147073537,"BE3-Amber",33.2485,31,36
"BE3.Amber",617.911450725363,"BE3-Amber",33.2881666666667,31,36
"BE3.Amber",618.218754377189,"BE3-Amber",33.3261666666667,31,36
"BE3.Amber",618.526058029015,"BE3-Amber",33.3621666666667,31,36
"BE3.Amber",618.83336168084,"BE3-Amber",33.3998333333333,31,36
"BE3.Amber",619.140665332666,"BE3-Amber",33.4386666666667,31,36
"BE3.Amber",619.447968984492,"BE3-Amber",33.4753333333333,31,36
"BE3.Amber",619.755272636318,"BE3-Amber",33.5115,31,36
"BE3.Amber",620.062576288144,"BE3-Amber",33.5501666666667,31,36
"BE3.Amber",620.36987993997,"BE3-Amber",33.585,31,36
"BE3.Amber",620.677183591796,"BE3-Amber",33.6183333333333,31,36
"BE3.Amber",620.984487243622,"BE3-Amber",33.6603333333333,31,36
"BE3.Amber",621.291790895448,"BE3-Amber",33.695,31,36
"BE3.Amber",621.599094547274,"BE3-Amber",33.7296666666667,31,36
"BE3.Amber",621.9063981991,"BE3-Amber",33.767,31,36
"BE3.Amber",622.213701850925,"BE3-Amber",33.803,31,36
"BE3.Amber",622.521005502751,"BE3-Amber",33.8385,31,36
"BE3.Amber",622.828309154577,"BE3-Amber",33.8725,31,36
"BE3.Amber",623.135612806403,"BE3-Amber",33.9056666666667,31,36
"BE3.Amber",623.442916458229,"BE3-Amber",33.9378333333333,31,36
"BE3.Amber",623.750220110055,"BE3-Amber",33.972,31,36
"BE3.Amber",624.057523761881,"BE3-Amber",34.001,31,36
"BE3.Amber",624.364827413707,"BE3-Amber",34.0296666666667,31,36
"BE3.Amber",624.672131065533,"BE3-Amber",34.0615,31,36
"BE3.Amber",624.979434717359,"BE3-Amber",34.0926666666667,31,36
"BE3.Amber",625.286738369185,"BE3-Amber",34.1251666666667,31,36
"BE3.Amber",625.59404202101,"BE3-Amber",34.1563333333333,31,36
"BE3.Amber",625.901345672836,"BE3-Amber",34.1851666666667,31,36
"BE3.Amber",626.208649324662,"BE3-Amber",34.2206666666667,31,36
"BE3.Amber",626.515952976488,"BE3-Amber",34.2505,31,36
"BE3.Amber",626.823256628314,"BE3-Amber",34.2856666666667,32,37
"BE3.Amber",627.13056028014,"BE3-Amber",34.319,32,37
"BE3.Amber",627.437863931966,"BE3-Amber",34.3493333333333,32,37
"BE3.Amber",627.745167583792,"BE3-Amber",34.3828333333333,32,37
"BE3.Amber",628.052471235618,"BE3-Amber",34.4186666666667,32,37
"BE3.Amber",628.359774887444,"BE3-Amber",34.452,32,37
"BE3.Amber",628.66707853927,"BE3-Amber",34.4855,32,37
"BE3.Amber",628.974382191096,"BE3-Amber",34.514,32,37
"BE3.Amber",629.281685842921,"BE3-Amber",34.5468333333333,32,37
"BE3.Amber",629.588989494747,"BE3-Amber",34.5791666666667,32,37
"BE3.Amber",629.896293146573,"BE3-Amber",34.6128333333333,32,37
"BE3.Amber",630.203596798399,"BE3-Amber",34.6458333333333,32,37
"BE3.Amber",630.510900450225,"BE3-Amber",34.6781666666667,32,37
"BE3.Amber",630.818204102051,"BE3-Amber",34.7065,32,37
"BE3.Amber",631.125507753877,"BE3-Amber",34.7331666666667,32,37
"BE3.Amber",631.432811405703,"BE3-Amber",34.7661666666667,33,37
"BE3.Amber",631.740115057529,"BE3-Amber",34.7958333333333,33,37
"BE3.Amber",632.047418709355,"BE3-Amber",34.8298333333333,33,37
"BE3.Amber",632.354722361181,"BE3-Amber",34.86,33,37
"BE3.Amber",632.662026013006,"BE3-Amber",34.8955,33,37
"BE3.Amber",632.969329664832,"BE3-Amber",34.9285,33,37
"BE3.Amber",633.276633316658,"BE3-Amber",34.9595,33,37
"BE3.Amber",633.583936968484,"BE3-Amber",34.9911666666667,33,37
"BE3.Amber",633.89124062031,"BE3-Amber",35.0198333333333,33,37
"BE3.Amber",634.198544272136,"BE3-Amber",35.0521666666667,33,37
"BE3.Amber",634.505847923962,"BE3-Amber",35.085,33,37
"BE3.Amber",634.813151575788,"BE3-Amber",35.1161666666667,33,37
"BE3.Amber",635.120455227614,"BE3-Amber",35.1481666666667,33,37
"BE3.Amber",635.42775887944,"BE3-Amber",35.1826666666667,33,37
"BE3.Amber",635.735062531266,"BE3-Amber",35.2118333333333,33,37
"BE3.Amber",636.042366183092,"BE3-Amber",35.2391666666667,33,37
"BE3.Amber",636.349669834917,"BE3-Amber",35.2753333333333,33,37
"BE3.Amber",636.656973486743,"BE3-Amber",35.3081666666667,33,37
"BE3.Amber",636.964277138569,"BE3-Amber",35.3425,33,37
"BE3.Amber",637.271580790395,"BE3-Amber",35.3761666666667,33,37
"BE3.Amber",637.578884442221,"BE3-Amber",35.4096666666667,33,37
"BE3.Amber",637.886188094047,"BE3-Amber",35.447,33,37
"BE3.Amber",638.193491745873,"BE3-Amber",35.4801666666667,33,37
"BE3.Amber",638.500795397699,"BE3-Amber",35.5198333333333,33,37
"BE3.Amber",638.808099049525,"BE3-Amber",35.5573333333333,33,37
"BE3.Amber",639.115402701351,"BE3-Amber",35.5888333333333,33,37
"BE3.Amber",639.422706353177,"BE3-Amber",35.6226666666667,33,37
"BE3.Amber",639.730010005002,"BE3-Amber",35.6586666666667,33,37
"BE3.Amber",640.037313656828,"BE3-Amber",35.6968333333333,33,37
"BE3.Amber",640.344617308654,"BE3-Amber",35.7325,34,38
"BE3.Amber",640.65192096048,"BE3-Amber",35.769,34,38
"BE3.Amber",640.959224612306,"BE3-Amber",35.8093333333333,34,38
"BE3.Amber",641.266528264132,"BE3-Amber",35.8495,34,38
"BE3.Amber",641.573831915958,"BE3-Amber",35.8885,34,38
"BE3.Amber",641.881135567784,"BE3-Amber",35.9275,34,38
"BE3.Amber",642.18843921961,"BE3-Amber",35.9698333333333,34,38
"BE3.Amber",642.495742871436,"BE3-Amber",36.0148333333333,34,38
"BE3.Amber",642.803046523262,"BE3-Amber",36.0671666666667,34,38
"BE3.Amber",643.110350175088,"BE3-Amber",36.1145,34,38
"BE3.Amber",643.417653826913,"BE3-Amber",36.1608333333333,34,38
"BE3.Amber",643.724957478739,"BE3-Amber",36.2113333333333,34,38
"BE3.Amber",644.032261130565,"BE3-Amber",36.2611666666667,34,38
"BE3.Amber",644.339564782391,"BE3-Amber",36.3125,34,38
"BE3.Amber",644.646868434217,"BE3-Amber",36.36,35,38
"BE3.Amber",644.954172086043,"BE3-Amber",36.4178333333333,35,38
"BE3.Amber",645.261475737869,"BE3-Amber",36.4688333333333,35,38
"BE3.Amber",645.568779389695,"BE3-Amber",36.5298333333333,35,38
"BE3.Amber",645.876083041521,"BE3-Amber",36.5851666666667,35,38
"BE3.Amber",646.183386693347,"BE3-Amber",36.6405,35,38
"BE3.Amber",646.490690345173,"BE3-Amber",36.6971666666667,35,38
"BE3.Amber",646.797993996998,"BE3-Amber",36.7531666666667,35,38
"BE3.Amber",647.105297648824,"BE3-Amber",36.8075,35,38
"BE3.Amber",647.41260130065,"BE3-Amber",36.8591666666667,35,38
"BE3.Amber",647.719904952476,"BE3-Amber",36.9196666666667,35,38
"BE3.Amber",648.027208604302,"BE3-Amber",36.9763333333333,35,38
"BE3.Amber",648.334512256128,"BE3-Amber",37.034,35,38
"BE3.Amber",648.641815907954,"BE3-Amber",37.0873333333333,35,38
"BE3.Amber",648.94911955978,"BE3-Amber",37.1401666666667,35,38
"BE3.Amber",649.256423211606,"BE3-Amber",37.201,36,39
"BE3.Amber",649.563726863432,"BE3-Amber",37.2568333333333,36,39
"BE3.Amber",649.871030515258,"BE3-Amber",37.3111666666667,36,39
"BE3.Amber",650.178334167083,"BE3-Amber",37.3705,36,39
"BE3.Amber",650.485637818909,"BE3-Amber",37.4246666666667,36,39
"BE3.Amber",650.792941470735,"BE3-Amber",37.4801666666667,36,39
"BE3.Amber",651.100245122561,"BE3-Amber",37.5285,36,39
"BE3.Amber",651.407548774387,"BE3-Amber",37.5816666666667,36,39
"BE3.Amber",651.714852426213,"BE3-Amber",37.6256666666667,36,39
"BE3.Amber",652.022156078039,"BE3-Amber",37.681,36,39
"BE3.Amber",652.329459729865,"BE3-Amber",37.73,36,39
"BE3.Amber",652.636763381691,"BE3-Amber",37.7786666666667,36,39
"BE3.Amber",652.944067033517,"BE3-Amber",37.8216666666667,37,39
"BE3.Amber",653.251370685343,"BE3-Amber",37.862,37,39
"BE3.Amber",653.558674337169,"BE3-Amber",37.9085,37,39
"BE3.Amber",653.865977988994,"BE3-Amber",37.9516666666667,37,39
"BE3.Amber",654.17328164082,"BE3-Amber",37.9981666666667,37,39
"BE3.Amber",654.480585292646,"BE3-Amber",38.0406666666667,37,39
"BE3.Amber",654.787888944472,"BE3-Amber",38.0798333333333,37,39
"BE3.Amber",655.095192596298,"BE3-Amber",38.1196666666667,37,39
"BE3.Amber",655.402496248124,"BE3-Amber",38.1575,37,39
"BE3.Amber",655.70979989995,"BE3-Amber",38.191,37,39
"BE3.Amber",656.017103551776,"BE3-Amber",38.2288333333333,37,39
"BE3.Amber",656.324407203602,"BE3-Amber",38.2721666666667,37,39
"BE3.Amber",656.631710855428,"BE3-Amber",38.3083333333333,37,39
"BE3.Amber",656.939014507254,"BE3-Amber",38.3416666666667,37,39
"BE3.Amber",657.246318159079,"BE3-Amber",38.3768333333333,37,39
"BE3.Amber",657.553621810905,"BE3-Amber",38.4053333333333,37,39
"BE3.Amber",657.860925462731,"BE3-Amber",38.4376666666667,37,39
"BE3.Amber",658.168229114557,"BE3-Amber",38.4671666666667,37,39
"BE3.Amber",658.475532766383,"BE3-Amber",38.4976666666667,37,39
"BE3.Amber",658.782836418209,"BE3-Amber",38.5256666666667,37,39
"BE3.Amber",659.090140070035,"BE3-Amber",38.5518333333333,37,39
"BE3.Amber",659.397443721861,"BE3-Amber",38.575,37,39
"BE3.Amber",659.704747373687,"BE3-Amber",38.6036666666667,37,39
"BE3.Amber",660.012051025513,"BE3-Amber",38.6285,37,39
"BE3.Amber",660.319354677339,"BE3-Amber",38.6513333333333,37,39
"BE3.Amber",660.626658329165,"BE3-Amber",38.6741666666667,37,39
"BE3.Amber",660.93396198099,"BE3-Amber",38.6965,37,39
"BE3.Amber",661.241265632816,"BE3-Amber",38.7185,37,39
"BE3.Amber",661.548569284642,"BE3-Amber",38.7381666666667,37,39
"BE3.Amber",661.855872936468,"BE3-Amber",38.7628333333333,38,40
"BE3.Amber",662.163176588294,"BE3-Amber",38.7838333333333,38,40
"BE3.Amber",662.47048024012,"BE3-Amber",38.803,38,40
"BE3.Amber",662.777783891946,"BE3-Amber",38.8238333333333,38,40
"BE3.Amber",663.085087543772,"BE3-Amber",38.8416666666667,38,40
"BE3.Amber",663.392391195598,"BE3-Amber",38.861,38,40
"BE3.Amber",663.699694847424,"BE3-Amber",38.8796666666667,38,40
"BE3.Amber",664.00699849925,"BE3-Amber",38.8953333333333,38,40
"BE3.Amber",664.314302151075,"BE3-Amber",38.91,38,40
"BE3.Amber",664.621605802902,"BE3-Amber",38.9275,38,40
"BE3.Amber",664.928909454727,"BE3-Amber",38.9426666666667,38,40
"BE3.Amber",665.236213106553,"BE3-Amber",38.9593333333333,38,40
"BE3.Amber",665.543516758379,"BE3-Amber",38.9726666666667,38,40
"BE3.Amber",665.850820410205,"BE3-Amber",38.9856666666667,38,40
"BE3.Amber",666.158124062031,"BE3-Amber",38.9981666666667,38,40
"BE3.Amber",666.465427713857,"BE3-Amber",39.012,38,40
"BE3.Amber",666.772731365683,"BE3-Amber",39.0278333333333,38,40
"BE3.Amber",667.080035017509,"BE3-Amber",39.0423333333333,38,40
"BE3.Amber",667.387338669335,"BE3-Amber",39.0538333333333,38,40
"BE3.Amber",667.694642321161,"BE3-Amber",39.0648333333333,38,40
"BE3.Amber",668.001945972987,"BE3-Amber",39.0761666666667,38,40
"BE3.Amber",668.309249624812,"BE3-Amber",39.092,38,40
"BE3.Amber",668.616553276638,"BE3-Amber",39.1053333333333,38,40
"BE3.Amber",668.923856928464,"BE3-Amber",39.1183333333333,38,40
"BE3.Amber",669.23116058029,"BE3-Amber",39.1321666666667,38,40
"BE3.Amber",669.538464232116,"BE3-Amber",39.142,38,40
"BE3.Amber",669.845767883942,"BE3-Amber",39.1533333333333,38,40
"BE3.Amber",670.153071535768,"BE3-Amber",39.1645,38,40
"BE3.Amber",670.460375187594,"BE3-Amber",39.175,38,40
"BE3.Amber",670.76767883942,"BE3-Amber",39.1846666666667,38,40
"BE3.Amber",671.074982491246,"BE3-Amber",39.1933333333333,38,40
"BE3.Amber",671.382286143071,"BE3-Amber",39.204,38,40
"BE3.Amber",671.689589794897,"BE3-Amber",39.2143333333333,38,40
"BE3.Amber",671.996893446723,"BE3-Amber",39.2228333333333,38,40
"BE3.Amber",672.304197098549,"BE3-Amber",39.2296666666667,38,40
"BE3.Amber",672.611500750375,"BE3-Amber",39.2376666666667,38,40
"BE3.Amber",672.918804402201,"BE3-Amber",39.2448333333333,38,40
"BE3.Amber",673.226108054027,"BE3-Amber",39.2521666666667,38,40
"BE3.Amber",673.533411705853,"BE3-Amber",39.262,38,40
"BE3.Amber",673.840715357679,"BE3-Amber",39.2691666666667,38,40
"BE3.Amber",674.148019009505,"BE3-Amber",39.2771666666667,38,40
"BE3.Amber",674.455322661331,"BE3-Amber",39.2848333333333,38,40
"BE3.Amber",674.762626313156,"BE3-Amber",39.2938333333333,39,40
"BE3.Amber",675.069929964983,"BE3-Amber",39.3013333333333,39,40
"BE3.Amber",675.377233616808,"BE3-Amber",39.308,39,40
"BE3.Amber",675.684537268634,"BE3-Amber",39.3158333333333,39,40
"BE3.Amber",675.99184092046,"BE3-Amber",39.3226666666667,39,40
"BE3.Amber",676.299144572286,"BE3-Amber",39.3296666666667,39,40
"BE3.Amber",676.606448224112,"BE3-Amber",39.3365,39,40
"BE3.Amber",676.913751875938,"BE3-Amber",39.3425,39,40
"BE3.Amber",677.221055527764,"BE3-Amber",39.3481666666667,39,40
"BE3.Amber",677.52835917959,"BE3-Amber",39.3546666666667,39,40
"BE3.Amber",677.835662831416,"BE3-Amber",39.3601666666667,39,40
"BE3.Amber",678.142966483242,"BE3-Amber",39.3645,39,40
"BE3.Amber",678.450270135068,"BE3-Amber",39.3706666666667,39,40
"BE3.Amber",678.757573786893,"BE3-Amber",39.3746666666667,39,40
"BE3.Amber",679.064877438719,"BE3-Amber",39.3791666666667,39,40
"BE3.Amber",679.372181090545,"BE3-Amber",39.3831666666667,39,40
"BE3.Amber",679.679484742371,"BE3-Amber",39.3873333333333,39,40
"BE3.Amber",679.986788394197,"BE3-Amber",39.3921666666667,39,40
"BE3.Amber",680.294092046023,"BE3-Amber",39.3976666666667,39,40
"BE3.Amber",680.601395697849,"BE3-Amber",39.4031666666667,39,40
"BE3.Amber",680.908699349675,"BE3-Amber",39.4073333333333,39,40
"BE3.Amber",681.216003001501,"BE3-Amber",39.4113333333333,39,40
"BE3.Amber",681.523306653327,"BE3-Amber",39.4143333333333,39,40
"BE3.Amber",681.830610305153,"BE3-Amber",39.4186666666667,39,40
"BE3.Amber",682.137913956979,"BE3-Amber",39.4215,39,40
"BE3.Amber",682.445217608804,"BE3-Amber",39.4248333333333,39,40
"BE3.Amber",682.75252126063,"BE3-Amber",39.4286666666667,39,40
"BE3.Amber",683.059824912456,"BE3-Amber",39.4326666666667,39,40
"BE3.Amber",683.367128564282,"BE3-Amber",39.4361666666667,39,40
"BE3.Amber",683.674432216108,"BE3-Amber",39.439,39,40
"BE3.Amber",683.981735867934,"BE3-Amber",39.443,39,40
"BE3.Amber",684.28903951976,"BE3-Amber",39.4453333333333,39,40
"BE3.Amber",684.596343171586,"BE3-Amber",39.4485,39,40
"BE3.Amber",684.903646823412,"BE3-Amber",39.45,39,40
"BE3.Amber",685.210950475238,"BE3-Amber",39.4525,39,40
"BE3.Amber",685.518254127064,"BE3-Amber",39.4551666666667,39,40
"BE3.Amber",685.825557778889,"BE3-Amber",39.4563333333333,39,40
"BE3.Amber",686.132861430715,"BE3-Amber",39.4591666666667,39,40
"BE3.Amber",686.440165082541,"BE3-Amber",39.4613333333333,39,40
"BE3.Amber",686.747468734367,"BE3-Amber",39.4638333333333,39,40
"BE3.Amber",687.054772386193,"BE3-Amber",39.465,39,40
"BE3.Amber",687.362076038019,"BE3-Amber",39.4666666666667,39,40
"BE3.Amber",687.669379689845,"BE3-Amber",39.4678333333333,39,40
"BE3.Amber",687.976683341671,"BE3-Amber",39.4691666666667,39,40
"BE3.Amber",688.283986993497,"BE3-Amber",39.4708333333333,39,40
"BE3.Amber",688.591290645323,"BE3-Amber",39.4735,39,40
"BE3.Amber",688.898594297149,"BE3-Amber",39.477,39,40
"BE3.Amber",689.205897948975,"BE3-Amber",39.4793333333333,39,40
"BE3.Amber",689.5132016008,"BE3-Amber",39.4821666666667,39,40
"BE3.Amber",689.820505252626,"BE3-Amber",39.4833333333333,39,40
"BE3.Amber",690.127808904452,"BE3-Amber",39.485,39,40
"BE3.Amber",690.435112556278,"BE3-Amber",39.4868333333333,39,40
"BE3.Amber",690.742416208104,"BE3-Amber",39.4876666666667,39,40
"BE3.Amber",691.04971985993,"BE3-Amber",39.489,39,40
"BE3.Amber",691.357023511756,"BE3-Amber",39.4903333333333,39,40
"BE3.Amber",691.664327163582,"BE3-Amber",39.4908333333333,39,40
"BE3.Amber",691.971630815408,"BE3-Amber",39.4923333333333,39,40
"BE3.Amber",692.278934467234,"BE3-Amber",39.4938333333333,39,40
"BE3.Amber",692.58623811906,"BE3-Amber",39.4946666666667,39,40
"BE3.Amber",692.893541770885,"BE3-Amber",39.496,39,40
"BE3.Amber",693.200845422711,"BE3-Amber",39.4968333333333,39,40
"BE3.Amber",693.508149074537,"BE3-Amber",39.4976666666667,39,40
"BE3.Amber",693.815452726363,"BE3-Amber",39.4988333333333,39,40
"BE3.Amber",694.122756378189,"BE3-Amber",39.4998333333333,39,40
"BE3.Amber",694.430060030015,"BE3-Amber",39.5005,39,40
"BE3.Amber",694.737363681841,"BE3-Amber",39.502,39,40
"BE3.Amber",695.044667333667,"BE3-Amber",39.5031666666667,39,40
"BE3.Amber",695.351970985493,"BE3-Amber",39.5045,39,40
"BE3.Amber",695.659274637319,"BE3-Amber",39.506,39,40
"BE3.Amber",695.966578289145,"BE3-Amber",39.5071666666667,39,40
"BE3.Amber",696.27388194097,"BE3-Amber",39.5086666666667,39,40
"BE3.Amber",696.581185592796,"BE3-Amber",39.51,39,40
"BE3.Amber",696.888489244622,"BE3-Amber",39.5113333333333,39,40
"BE3.Amber",697.195792896448,"BE3-Amber",39.5118333333333,39,40
"BE3.Amber",697.503096548274,"BE3-Amber",39.5126666666667,39,40
"BE3.Amber",697.8104002001,"BE3-Amber",39.5145,39,40
"BE3.Amber",698.117703851926,"BE3-Amber",39.5158333333333,39,40
"BE3.Amber",698.425007503752,"BE3-Amber",39.5175,39,40
"BE3.Amber",698.732311155578,"BE3-Amber",39.5191666666667,39,40
"BE3.Amber",699.039614807404,"BE3-Amber",39.5211666666667,39,40
"BE3.Amber",699.34691845923,"BE3-Amber",39.5226666666667,39,40
"BE3.Amber",699.654222111056,"BE3-Amber",39.5236666666667,39,40
"BE3.Amber",699.961525762881,"BE3-Amber",39.5256666666667,39,40
"BE3.Amber",700.268829414707,"BE3-Amber",39.5275,39,40
"BE3.Amber",700.576133066533,"BE3-Amber",39.5301666666667,39,40
"BE3.Amber",700.883436718359,"BE3-Amber",39.5321666666667,39,40
"BE3.Amber",701.190740370185,"BE3-Amber",39.534,39,40
"BE3.Amber",701.498044022011,"BE3-Amber",39.5345,39,40
"BE3.Amber",701.805347673837,"BE3-Amber",39.5356666666667,39,40
"BE3.Amber",702.112651325663,"BE3-Amber",39.5361666666667,39,40
"BE3.Amber",702.419954977489,"BE3-Amber",39.5373333333333,39,40
"BE3.Amber",702.727258629315,"BE3-Amber",39.5388333333333,39,40
"BE3.Amber",703.034562281141,"BE3-Amber",39.54,39,40
"BE3.Amber",703.341865932966,"BE3-Amber",39.5415,39,40
"BE3.Amber",703.649169584792,"BE3-Amber",39.5423333333333,39,40
"BE3.Amber",703.956473236618,"BE3-Amber",39.5436666666667,39,40
"BE3.Amber",704.263776888444,"BE3-Amber",39.5445,39,40
"BE3.Amber",704.57108054027,"BE3-Amber",39.5446666666667,39,40
"BE3.Amber",704.878384192096,"BE3-Amber",39.5453333333333,39,40
"BE3.Amber",705.185687843922,"BE3-Amber",39.5458333333333,39,40
"BE3.Amber",705.492991495748,"BE3-Amber",39.5465,39,40
"BE3.Amber",705.800295147574,"BE3-Amber",39.5468333333333,39,40
"BE3.Amber",706.1075987994,"BE3-Amber",39.5478333333333,39,40
"BE3.Amber",706.414902451226,"BE3-Amber",39.5481666666667,39,40
"BE3.Amber",706.722206103052,"BE3-Amber",39.549,39,40
"BE3.Amber",707.029509754877,"BE3-Amber",39.5496666666667,39,40
"BE3.Amber",707.336813406703,"BE3-Amber",39.5496666666667,39,40
"BE3.Amber",707.644117058529,"BE3-Amber",39.55,39,40
"BE3.Amber",707.951420710355,"BE3-Amber",39.5501666666667,39,40
"BE3.Amber",708.258724362181,"BE3-Amber",39.5503333333333,39,40
"BE3.Amber",708.566028014007,"BE3-Amber",39.5503333333333,39,40
"BE3.Amber",708.873331665833,"BE3-Amber",39.5506666666667,39,40
"BE3.Amber",709.180635317659,"BE3-Amber",39.5508333333333,39,40
"BE3.Amber",709.487938969485,"BE3-Amber",39.5513333333333,39,40
"BE3.Amber",709.795242621311,"BE3-Amber",39.5516666666667,39,40
"BE3.Amber",710.102546273137,"BE3-Amber",39.5516666666667,39,40
"BE3.Amber",710.409849924962,"BE3-Amber",39.5516666666667,39,40
"BE3.Amber",710.717153576788,"BE3-Amber",39.552,39,40
"BE3.Amber",711.024457228614,"BE3-Amber",39.5523333333333,39,40
"BE3.Amber",711.33176088044,"BE3-Amber",39.5526666666667,39,40
"BE3.Amber",711.639064532266,"BE3-Amber",39.5526666666667,39,40
"BE3.Amber",711.946368184092,"BE3-Amber",39.5528333333333,39,40
"BE3.Amber",712.253671835918,"BE3-Amber",39.5528333333333,39,40
"BE3.Amber",712.560975487744,"BE3-Amber",39.553,39,40
"BE3.Amber",712.86827913957,"BE3-Amber",39.5531666666667,39,40
"BE3.Amber",713.175582791396,"BE3-Amber",39.5533333333333,39,40
"BE3.Amber",713.482886443222,"BE3-Amber",39.5535,39,40
"BE3.Amber",713.790190095048,"BE3-Amber",39.5536666666667,39,40
"BE3.Amber",714.097493746873,"BE3-Amber",39.5538333333333,39,40
"BE3.Amber",714.404797398699,"BE3-Amber",39.5541666666667,39,40
"BE3.Amber",714.712101050525,"BE3-Amber",39.5545,39,40
"BE3.Amber",715.019404702351,"BE3-Amber",39.5548333333333,39,40
"BE3.Amber",715.326708354177,"BE3-Amber",39.555,39,40
"BE3.Amber",715.634012006003,"BE3-Amber",39.555,39,40
"BE3.Amber",715.941315657829,"BE3-Amber",39.5551666666667,39,40
"BE3.Amber",716.248619309655,"BE3-Amber",39.5555,39,40
"BE3.Amber",716.555922961481,"BE3-Amber",39.5558333333333,39,40
"BE3.Amber",716.863226613307,"BE3-Amber",39.5558333333333,39,40
"BE3.Amber",717.170530265133,"BE3-Amber",39.5565,39,40
"BE3.Amber",717.477833916958,"BE3-Amber",39.5568333333333,39,40
"BE3.Amber",717.785137568784,"BE3-Amber",39.5568333333333,39,40
"BE3.Amber",718.09244122061,"BE3-Amber",39.557,39,40
"BE3.Amber",718.399744872436,"BE3-Amber",39.5571666666667,39,40
"BE3.Amber",718.707048524262,"BE3-Amber",39.5573333333333,39,40
"BE3.Amber",719.014352176088,"BE3-Amber",39.5573333333333,39,40
"BE3.Amber",719.321655827914,"BE3-Amber",39.5575,39,40
"BE3.Amber",719.62895947974,"BE3-Amber",39.5575,39,40
"BE3.Amber",719.936263131566,"BE3-Amber",39.5575,39,40
"BE3.Amber",720.243566783392,"BE3-Amber",39.5575,39,40
"BE3.Amber",720.550870435218,"BE3-Amber",39.5578333333333,39,40
"BE3.Amber",720.858174087043,"BE3-Amber",39.558,39,40
"BE3.Amber",721.165477738869,"BE3-Amber",39.558,39,40
"BE3.Amber",721.472781390695,"BE3-Amber",39.558,39,40
"BE3.Amber",721.780085042521,"BE3-Amber",39.558,39,40
"BE3.Amber",722.087388694347,"BE3-Amber",39.558,39,40
"BE3.Amber",722.394692346173,"BE3-Amber",39.5581666666667,39,40
"BE3.Amber",722.701995997999,"BE3-Amber",39.5581666666667,39,40
"BE3.Amber",723.009299649825,"BE3-Amber",39.5581666666667,39,40
"BE3.Amber",723.316603301651,"BE3-Amber",39.5581666666667,39,40
"BE3.Amber",723.623906953477,"BE3-Amber",39.5586666666667,39,40
"BE3.Amber",723.931210605303,"BE3-Amber",39.559,39,40
"BE3.Amber",724.238514257129,"BE3-Amber",39.5593333333333,39,40
"BE3.Amber",724.545817908954,"BE3-Amber",39.5593333333333,39,40
"BE3.Amber",724.85312156078,"BE3-Amber",39.5598333333333,39,40
"BE3.Amber",725.160425212606,"BE3-Amber",39.5598333333333,39,40
"BE3.Amber",725.467728864432,"BE3-Amber",39.56,39,40
"BE3.Amber",725.775032516258,"BE3-Amber",39.5601666666667,39,40
"BE3.Amber",726.082336168084,"BE3-Amber",39.5606666666667,39,40
"BE3.Amber",726.38963981991,"BE3-Amber",39.5611666666667,39,40
"BE3.Amber",726.696943471736,"BE3-Amber",39.5615,39,40
"BE3.Amber",727.004247123562,"BE3-Amber",39.5621666666667,39,40
"BE3.Amber",727.311550775388,"BE3-Amber",39.5621666666667,39,40
"BE3.Amber",727.618854427214,"BE3-Amber",39.5623333333333,39,40
"BE3.Amber",727.92615807904,"BE3-Amber",39.5625,39,40
"BE3.Amber",728.233461730865,"BE3-Amber",39.5626666666667,39,40
"BE3.Amber",728.540765382691,"BE3-Amber",39.563,39,40
"BE3.Amber",728.848069034517,"BE3-Amber",39.5633333333333,39,40
"BE3.Amber",729.155372686343,"BE3-Amber",39.5636666666667,39,40
"BE3.Amber",729.462676338169,"BE3-Amber",39.5645,39,40
"BE3.Amber",729.769979989995,"BE3-Amber",39.5648333333333,39,40
"BE3.Amber",730.077283641821,"BE3-Amber",39.5656666666667,39,40
"BE3.Amber",730.384587293647,"BE3-Amber",39.5658333333333,39,40
"BE3.Amber",730.691890945473,"BE3-Amber",39.5661666666667,39,40
"BE3.Amber",730.999194597299,"BE3-Amber",39.5666666666667,39,40
"BE3.Amber",731.306498249125,"BE3-Amber",39.5675,39,40
"BE3.Amber",731.61380190095,"BE3-Amber",39.5678333333333,39,40
"BE3.Amber",731.921105552776,"BE3-Amber",39.568,39,40
"BE3.Amber",732.228409204602,"BE3-Amber",39.5683333333333,39,40
"BE3.Amber",732.535712856428,"BE3-Amber",39.5688333333333,39,40
"BE3.Amber",732.843016508254,"BE3-Amber",39.5691666666667,39,40
"BE3.Amber",733.15032016008,"BE3-Amber",39.5696666666667,39,40
"BE3.Amber",733.457623811906,"BE3-Amber",39.5698333333333,39,40
"BE3.Amber",733.764927463732,"BE3-Amber",39.5703333333333,39,40
"BE3.Amber",734.072231115558,"BE3-Amber",39.5703333333333,39,40
"BE3.Amber",734.379534767384,"BE3-Amber",39.5708333333333,39,40
"BE3.Amber",734.68683841921,"BE3-Amber",39.5715,39,40
"BE3.Amber",734.994142071036,"BE3-Amber",39.5716666666667,39,40
"BE3.Amber",735.301445722861,"BE3-Amber",39.5723333333333,39,40
"BE3.Amber",735.608749374687,"BE3-Amber",39.5725,39,40
"BE3.Amber",735.916053026513,"BE3-Amber",39.5726666666667,39,40
"BE3.Amber",736.223356678339,"BE3-Amber",39.573,39,40
"BE3.Amber",736.530660330165,"BE3-Amber",39.5736666666667,39,40
"BE3.Amber",736.837963981991,"BE3-Amber",39.5743333333333,39,40
"BE3.Amber",737.145267633817,"BE3-Amber",39.575,39,40
"BE3.Amber",737.452571285643,"BE3-Amber",39.5758333333333,39,40
"BE3.Amber",737.759874937469,"BE3-Amber",39.5765,39,40
"BE3.Amber",738.067178589295,"BE3-Amber",39.5773333333333,39,40
"BE3.Amber",738.374482241121,"BE3-Amber",39.5778333333333,39,40
"BE3.Amber",738.681785892946,"BE3-Amber",39.579,39,40
"BE3.Amber",738.989089544772,"BE3-Amber",39.5798333333333,39,40
"BE3.Amber",739.296393196598,"BE3-Amber",39.5801666666667,39,40
"BE3.Amber",739.603696848424,"BE3-Amber",39.5811666666667,39,40
"BE3.Amber",739.91100050025,"BE3-Amber",39.5816666666667,39,40
"BE3.Amber",740.218304152076,"BE3-Amber",39.5823333333333,39,40
"BE3.Amber",740.525607803902,"BE3-Amber",39.5835,39,40
"BE3.Amber",740.832911455728,"BE3-Amber",39.5841666666667,39,40
"BE3.Amber",741.140215107554,"BE3-Amber",39.5851666666667,39,40
"BE3.Amber",741.44751875938,"BE3-Amber",39.5858333333333,39,40
"BE3.Amber",741.754822411206,"BE3-Amber",39.5876666666667,39,40
"BE3.Amber",742.062126063031,"BE3-Amber",39.5883333333333,39,40
"BE3.Amber",742.369429714857,"BE3-Amber",39.5896666666667,39,40
"BE3.Amber",742.676733366683,"BE3-Amber",39.5906666666667,39,40
"BE3.Amber",742.984037018509,"BE3-Amber",39.5923333333333,39,40
"BE3.Amber",743.291340670335,"BE3-Amber",39.594,39,40
"BE3.Amber",743.598644322161,"BE3-Amber",39.5956666666667,39,40
"BE3.Amber",743.905947973987,"BE3-Amber",39.5966666666667,39,40
"BE3.Amber",744.213251625813,"BE3-Amber",39.599,39,40
"BE3.Amber",744.520555277639,"BE3-Amber",39.6023333333333,39,40
"BE3.Amber",744.827858929465,"BE3-Amber",39.6045,39,40
"BE3.Amber",745.135162581291,"BE3-Amber",39.6078333333333,39,40
"BE3.Amber",745.442466233117,"BE3-Amber",39.6108333333333,39,40
"BE3.Amber",745.749769884942,"BE3-Amber",39.6135,39,40
"BE3.Amber",746.057073536768,"BE3-Amber",39.618,39,40
"BE3.Amber",746.364377188594,"BE3-Amber",39.6206666666667,39,40
"BE3.Amber",746.67168084042,"BE3-Amber",39.6258333333333,39,40
"BE3.Amber",746.978984492246,"BE3-Amber",39.6305,39,40
"BE3.Amber",747.286288144072,"BE3-Amber",39.634,39,40
"BE3.Amber",747.593591795898,"BE3-Amber",39.6371666666667,39,40
"BE3.Amber",747.900895447724,"BE3-Amber",39.6418333333333,39,40
"BE3.Amber",748.20819909955,"BE3-Amber",39.6468333333333,39,40
"BE3.Amber",748.515502751376,"BE3-Amber",39.6516666666667,39,40
"BE3.Amber",748.822806403202,"BE3-Amber",39.6563333333333,39,40
"BE3.Amber",749.130110055027,"BE3-Amber",39.6611666666667,39,40
"BE3.Amber",749.437413706853,"BE3-Amber",39.6656666666667,39,40
"BE3.Amber",749.744717358679,"BE3-Amber",39.6718333333333,39,40
"BE3.Amber",750.052021010505,"BE3-Amber",39.677,39,40
"BE3.Amber",750.359324662331,"BE3-Amber",39.6823333333333,39,40
"BE3.Amber",750.666628314157,"BE3-Amber",39.6866666666667,39,40
"BE3.Amber",750.973931965983,"BE3-Amber",39.6926666666667,39,40
"BE3.Amber",751.281235617809,"BE3-Amber",39.6986666666667,39,40
"BE3.Amber",751.588539269635,"BE3-Amber",39.705,39,40
"BE3.Amber",751.895842921461,"BE3-Amber",39.7123333333333,39,40
"BE3.Amber",752.203146573287,"BE3-Amber",39.7161666666667,39,40
"BE3.Amber",752.510450225113,"BE3-Amber",39.723,39,40
"BE3.Amber",752.817753876938,"BE3-Amber",39.7286666666667,39,40
"BE3.Amber",753.125057528764,"BE3-Amber",39.735,39,40
"BE3.Amber",753.43236118059,"BE3-Amber",39.743,39,40
"BE3.Amber",753.739664832416,"BE3-Amber",39.7498333333333,39,40
"BE3.Amber",754.046968484242,"BE3-Amber",39.758,39,40
"BE3.Amber",754.354272136068,"BE3-Amber",39.767,39,40
"BE3.Amber",754.661575787894,"BE3-Amber",39.773,39,40
"BE3.Amber",754.96887943972,"BE3-Amber",39.7803333333333,39,40
"BE3.Amber",755.276183091546,"BE3-Amber",39.7875,39,40
"BE3.Amber",755.583486743372,"BE3-Amber",39.794,39,40
"BE3.Amber",755.890790395198,"BE3-Amber",39.8023333333333,39,40
"BE3.Amber",756.198094047023,"BE3-Amber",39.8071666666667,39,40
"BE3.Amber",756.505397698849,"BE3-Amber",39.8151666666667,39,40
"BE3.Amber",756.812701350675,"BE3-Amber",39.8238333333333,39,40
"BE3.Amber",757.120005002501,"BE3-Amber",39.8298333333333,39,40
"BE3.Amber",757.427308654327,"BE3-Amber",39.8343333333333,39,40
"BE3.Amber",757.734612306153,"BE3-Amber",39.8386666666667,39,40
"BE3.Amber",758.041915957979,"BE3-Amber",39.8431666666667,39,40
"BE3.Amber",758.349219609805,"BE3-Amber",39.8486666666667,39,40
"BE3.Amber",758.656523261631,"BE3-Amber",39.854,39,40
"BE3.Amber",758.963826913457,"BE3-Amber",39.8585,39,40
"BE3.Amber",759.271130565283,"BE3-Amber",39.8625,39,40
"BE3.Amber",759.578434217109,"BE3-Amber",39.867,39,40
"BE3.Amber",759.885737868934,"BE3-Amber",39.8708333333333,39,40
"BE3.Amber",760.19304152076,"BE3-Amber",39.8733333333333,39,40
"BE3.Amber",760.500345172586,"BE3-Amber",39.8763333333333,39,40
"BE3.Amber",760.807648824412,"BE3-Amber",39.8793333333333,39,40
"BE3.Amber",761.114952476238,"BE3-Amber",39.8826666666667,39,40
"BE3.Amber",761.422256128064,"BE3-Amber",39.886,39,40
"BE3.Amber",761.72955977989,"BE3-Amber",39.889,39,40
"BE3.Amber",762.036863431716,"BE3-Amber",39.8911666666667,39,40
"BE3.Amber",762.344167083542,"BE3-Amber",39.8935,39,40
"BE3.Amber",762.651470735368,"BE3-Amber",39.8973333333333,39,40
"BE3.Amber",762.958774387194,"BE3-Amber",39.9005,39,40
"BE3.Amber",763.266078039019,"BE3-Amber",39.9033333333333,39,40
"BE3.Amber",763.573381690845,"BE3-Amber",39.9065,39,40
"BE3.Amber",763.880685342671,"BE3-Amber",39.9093333333333,39,40
"BE3.Amber",764.187988994497,"BE3-Amber",39.9121666666667,39,40
"BE3.Amber",764.495292646323,"BE3-Amber",39.9148333333333,39,40
"BE3.Amber",764.802596298149,"BE3-Amber",39.9175,39,40
"BE3.Amber",765.109899949975,"BE3-Amber",39.9193333333333,39,40
"BE3.Amber",765.417203601801,"BE3-Amber",39.9221666666667,39,40
"BE3.Amber",765.724507253627,"BE3-Amber",39.9255,39,40
"BE3.Amber",766.031810905453,"BE3-Amber",39.9275,39,40
"BE3.Amber",766.339114557279,"BE3-Amber",39.93,39,40
"BE3.Amber",766.646418209104,"BE3-Amber",39.934,39,40
"BE3.Amber",766.953721860931,"BE3-Amber",39.9371666666667,39,40
"BE3.Amber",767.261025512756,"BE3-Amber",39.9405,39,40
"BE3.Amber",767.568329164582,"BE3-Amber",39.943,39,40
"BE3.Amber",767.875632816408,"BE3-Amber",39.9461666666667,39,40
"BE3.Amber",768.182936468234,"BE3-Amber",39.9478333333333,39,40
"BE3.Amber",768.49024012006,"BE3-Amber",39.9518333333333,40,40
"BE3.Amber",768.797543771886,"BE3-Amber",39.9551666666667,40,40
"BE3.Amber",769.104847423712,"BE3-Amber",39.9581666666667,40,40
"BE3.Amber",769.412151075538,"BE3-Amber",39.9623333333333,40,40
"BE3.Amber",769.719454727364,"BE3-Amber",39.9666666666667,40,40
"BE3.Amber",770.02675837919,"BE3-Amber",39.9695,40,40
"BE3.Amber",770.334062031015,"BE3-Amber",39.9736666666667,40,40
"BE3.Amber",770.641365682841,"BE3-Amber",39.9796666666667,40,40
"BE3.Amber",770.948669334667,"BE3-Amber",39.9826666666667,40,40
"BE3.Amber",771.255972986493,"BE3-Amber",39.9848333333333,40,40
"BE3.Amber",771.563276638319,"BE3-Amber",39.9866666666667,40,40
"BE3.Amber",771.870580290145,"BE3-Amber",39.988,40,40
"BE3.Amber",772.177883941971,"BE3-Amber",39.9895,40,40
"BE3.Amber",772.485187593797,"BE3-Amber",39.9901666666667,40,40
"BE3.Amber",772.792491245623,"BE3-Amber",39.9908333333333,40,40
"BE3.Amber",773.099794897449,"BE3-Amber",39.9918333333333,40,40
"BE3.Amber",773.407098549275,"BE3-Amber",39.992,40,40
"BE3.Amber",773.7144022011,"BE3-Amber",39.9923333333333,40,40
"BE3.Amber",774.021705852927,"BE3-Amber",39.9926666666667,40,40
"BE3.Amber",774.329009504752,"BE3-Amber",39.9933333333333,40,40
"BE3.Amber",774.636313156578,"BE3-Amber",39.9933333333333,40,40
"BE3.Amber",774.943616808404,"BE3-Amber",39.994,40,40
"BE3.Amber",775.25092046023,"BE3-Amber",39.9943333333333,40,40
"BE3.Amber",775.558224112056,"BE3-Amber",39.9946666666667,40,40
"BE3.Amber",775.865527763882,"BE3-Amber",39.995,40,40
"BE3.Amber",776.172831415708,"BE3-Amber",39.995,40,40
"BE3.Amber",776.480135067534,"BE3-Amber",39.995,40,40
"BE3.Amber",776.78743871936,"BE3-Amber",39.9951666666667,40,40
"BE3.Amber",777.094742371185,"BE3-Amber",39.9951666666667,40,40
"BE3.Amber",777.402046023012,"BE3-Amber",39.9951666666667,40,40
"BE3.Amber",777.709349674837,"BE3-Amber",39.9951666666667,40,40
"BE3.Amber",778.016653326663,"BE3-Amber",39.9951666666667,40,40
"BE3.Amber",778.323956978489,"BE3-Amber",39.9951666666667,40,40
"BE3.Amber",778.631260630315,"BE3-Amber",39.9951666666667,40,40
"BE3.Amber",778.938564282141,"BE3-Amber",39.9951666666667,40,40
"BE3.Amber",779.245867933967,"BE3-Amber",39.9951666666667,40,40
"BE3.Amber",779.553171585793,"BE3-Amber",39.9951666666667,40,40
"BE3.Amber",779.860475237619,"BE3-Amber",39.9951666666667,40,40
"BE3.Amber",780.167778889445,"BE3-Amber",39.9951666666667,40,40
"BE3.Amber",780.475082541271,"BE3-Amber",39.9951666666667,40,40
"BE3.Amber",780.782386193096,"BE3-Amber",39.9951666666667,40,40
"BE3.Amber",781.089689844923,"BE3-Amber",39.9951666666667,40,40
"BE3.Amber",781.396993496748,"BE3-Amber",39.9951666666667,40,40
"BE3.Amber",781.704297148574,"BE3-Amber",39.9951666666667,40,40
"BE3.Amber",782.0116008004,"BE3-Amber",39.9951666666667,40,40
"BE3.Amber",782.318904452226,"BE3-Amber",39.9951666666667,40,40
"BE3.Amber",782.626208104052,"BE3-Amber",39.9951666666667,40,40
"BE3.Amber",782.933511755878,"BE3-Amber",39.9951666666667,40,40
"BE3.Amber",783.240815407704,"BE3-Amber",39.9951666666667,40,40
"BE3.Amber",783.54811905953,"BE3-Amber",39.9951666666667,40,40
"BE3.Amber",783.855422711356,"BE3-Amber",39.9951666666667,40,40
"BE3.Amber",784.162726363181,"BE3-Amber",39.9951666666667,40,40
"BE3.Amber",784.470030015008,"BE3-Amber",39.9951666666667,40,40
"BE3.Amber",784.777333666833,"BE3-Amber",39.9951666666667,40,40
"BE3.Amber",785.084637318659,"BE3-Amber",39.9951666666667,40,40
"BE3.Amber",785.391940970485,"BE3-Amber",39.9951666666667,40,40
"BE3.Amber",785.699244622311,"BE3-Amber",39.9951666666667,40,40
"BE3.Amber",786.006548274137,"BE3-Amber",39.9951666666667,40,40
"BE3.Amber",786.313851925963,"BE3-Amber",39.9953333333333,40,40
"BE3.Amber",786.621155577789,"BE3-Amber",39.9953333333333,40,40
"BE3.Amber",786.928459229615,"BE3-Amber",39.9953333333333,40,40
"BE3.Amber",787.235762881441,"BE3-Amber",39.9953333333333,40,40
"BE3.Amber",787.543066533267,"BE3-Amber",39.9953333333333,40,40
"BE3.Amber",787.850370185093,"BE3-Amber",39.9953333333333,40,40
"BE3.Amber",788.157673836919,"BE3-Amber",39.9953333333333,40,40
"BE3.Amber",788.464977488744,"BE3-Amber",39.9953333333333,40,40
"BE3.Amber",788.77228114057,"BE3-Amber",39.9953333333333,40,40
"BE3.Amber",789.079584792396,"BE3-Amber",39.9953333333333,40,40
"BE3.Amber",789.386888444222,"BE3-Amber",39.9953333333333,40,40
"BE3.Amber",789.694192096048,"BE3-Amber",39.9953333333333,40,40
"BE3.Amber",790.001495747874,"BE3-Amber",39.9953333333333,40,40
"BE3.Amber",790.3087993997,"BE3-Amber",39.9955,40,40
"BE3.Amber",790.616103051526,"BE3-Amber",39.9955,40,40
"BE3.Amber",790.923406703352,"BE3-Amber",39.9955,40,40
"BE3.Amber",791.230710355178,"BE3-Amber",39.9955,40,40
"BE3.Amber",791.538014007004,"BE3-Amber",39.9955,40,40
"BE3.Amber",791.845317658829,"BE3-Amber",39.9955,40,40
"BE3.Amber",792.152621310655,"BE3-Amber",39.9955,40,40
"BE3.Amber",792.459924962481,"BE3-Amber",39.9955,40,40
"BE3.Amber",792.767228614307,"BE3-Amber",39.9955,40,40
"BE3.Amber",793.074532266133,"BE3-Amber",39.9955,40,40
"BE3.Amber",793.381835917959,"BE3-Amber",39.9955,40,40
"BE3.Amber",793.689139569785,"BE3-Amber",39.9955,40,40
"BE3.Amber",793.996443221611,"BE3-Amber",39.9955,40,40
"BE3.Amber",794.303746873437,"BE3-Amber",39.9955,40,40
"BE3.Amber",794.611050525263,"BE3-Amber",39.9956666666667,40,40
"BE3.Amber",794.918354177089,"BE3-Amber",39.9956666666667,40,40
"BE3.Amber",795.225657828914,"BE3-Amber",39.9956666666667,40,40
"BE3.Amber",795.53296148074,"BE3-Amber",39.9958333333333,40,40
"BE3.Amber",795.840265132566,"BE3-Amber",39.9958333333333,40,40
"BE3.Amber",796.147568784392,"BE3-Amber",39.996,40,40
"BE3.Amber",796.454872436218,"BE3-Amber",39.996,40,40
"BE3.Amber",796.762176088044,"BE3-Amber",39.996,40,40
"BE3.Amber",797.06947973987,"BE3-Amber",39.996,40,40
"BE3.Amber",797.376783391696,"BE3-Amber",39.996,40,40
"BE3.Amber",797.684087043522,"BE3-Amber",39.996,40,40
"BE3.Amber",797.991390695348,"BE3-Amber",39.996,40,40
"BE3.Amber",798.298694347174,"BE3-Amber",39.996,40,40
"BE3.Amber",798.605997999,"BE3-Amber",39.996,40,40
"BE3.Amber",798.913301650825,"BE3-Amber",39.996,40,40
"BE3.Amber",799.220605302651,"BE3-Amber",39.996,40,40
"BE3.Amber",799.527908954477,"BE3-Amber",39.996,40,40
"BE3.Amber",799.835212606303,"BE3-Amber",39.996,40,40
"BE3.Amber",800.142516258129,"BE3-Amber",39.996,40,40
"BE3.Amber",800.449819909955,"BE3-Amber",39.996,40,40
"BE3.Amber",800.757123561781,"BE3-Amber",39.9961666666667,40,40
"BE3.Amber",801.064427213607,"BE3-Amber",39.9961666666667,40,40
"BE3.Amber",801.371730865433,"BE3-Amber",39.9963333333333,40,40
"BE3.Amber",801.679034517259,"BE3-Amber",39.9963333333333,40,40
"BE3.Amber",801.986338169085,"BE3-Amber",39.9963333333333,40,40
"BE3.Amber",802.29364182091,"BE3-Amber",39.9963333333333,40,40
"BE3.Amber",802.600945472736,"BE3-Amber",39.9963333333333,40,40
"BE3.Amber",802.908249124562,"BE3-Amber",39.9963333333333,40,40
"BE3.Amber",803.215552776388,"BE3-Amber",39.9963333333333,40,40
"BE3.Amber",803.522856428214,"BE3-Amber",39.9963333333333,40,40
"BE3.Amber",803.83016008004,"BE3-Amber",39.9965,40,40
"BE3.Amber",804.137463731866,"BE3-Amber",39.9965,40,40
"BE3.Amber",804.444767383692,"BE3-Amber",39.9965,40,40
"BE3.Amber",804.752071035518,"BE3-Amber",39.9965,40,40
"BE3.Amber",805.059374687344,"BE3-Amber",39.9965,40,40
"BE3.Amber",805.36667833917,"BE3-Amber",39.9965,40,40
"BE3.Amber",805.673981990996,"BE3-Amber",39.9965,40,40
"BE3.Amber",805.981285642821,"BE3-Amber",39.9965,40,40
"BE3.Amber",806.288589294647,"BE3-Amber",39.9965,40,40
"BE3.Amber",806.595892946473,"BE3-Amber",39.9965,40,40
"BE3.Amber",806.903196598299,"BE3-Amber",39.9965,40,40
"BE3.Amber",807.210500250125,"BE3-Amber",39.997,40,40
"BE3.Amber",807.517803901951,"BE3-Amber",39.997,40,40
"BE3.Amber",807.825107553777,"BE3-Amber",39.997,40,40
"BE3.Amber",808.132411205603,"BE3-Amber",39.997,40,40
"BE3.Amber",808.439714857429,"BE3-Amber",39.997,40,40
"BE3.Amber",808.747018509255,"BE3-Amber",39.997,40,40
"BE3.Amber",809.054322161081,"BE3-Amber",39.997,40,40
"BE3.Amber",809.361625812906,"BE3-Amber",39.997,40,40
"BE3.Amber",809.668929464732,"BE3-Amber",39.997,40,40
"BE3.Amber",809.976233116558,"BE3-Amber",39.997,40,40
"BE3.Amber",810.283536768384,"BE3-Amber",39.9971666666667,40,40
"BE3.Amber",810.59084042021,"BE3-Amber",39.9971666666667,40,40
"BE3.Amber",810.898144072036,"BE3-Amber",39.9971666666667,40,40
"BE3.Amber",811.205447723862,"BE3-Amber",39.9971666666667,40,40
"BE3.Amber",811.512751375688,"BE3-Amber",39.9971666666667,40,40
"BE3.Amber",811.820055027514,"BE3-Amber",39.9971666666667,40,40
"BE3.Amber",812.12735867934,"BE3-Amber",39.9971666666667,40,40
"BE3.Amber",812.434662331166,"BE3-Amber",39.9971666666667,40,40
"BE3.Amber",812.741965982992,"BE3-Amber",39.9971666666667,40,40
"BE3.Amber",813.049269634817,"BE3-Amber",39.9971666666667,40,40
"BE3.Amber",813.356573286643,"BE3-Amber",39.9971666666667,40,40
"BE3.Amber",813.663876938469,"BE3-Amber",39.9971666666667,40,40
"BE3.Amber",813.971180590295,"BE3-Amber",39.9971666666667,40,40
"BE3.Amber",814.278484242121,"BE3-Amber",39.9971666666667,40,40
"BE3.Amber",814.585787893947,"BE3-Amber",39.9973333333333,40,40
"BE3.Amber",814.893091545773,"BE3-Amber",39.9975,40,40
"BE3.Amber",815.200395197599,"BE3-Amber",39.9975,40,40
"BE3.Amber",815.507698849425,"BE3-Amber",39.9975,40,40
"BE3.Amber",815.815002501251,"BE3-Amber",39.9975,40,40
"BE3.Amber",816.122306153077,"BE3-Amber",39.9975,40,40
"BE3.Amber",816.429609804902,"BE3-Amber",39.9975,40,40
"BE3.Amber",816.736913456728,"BE3-Amber",39.9975,40,40
"BE3.Amber",817.044217108554,"BE3-Amber",39.9975,40,40
"BE3.Amber",817.35152076038,"BE3-Amber",39.9976666666667,40,40
"BE3.Amber",817.658824412206,"BE3-Amber",39.9976666666667,40,40
"BE3.Amber",817.966128064032,"BE3-Amber",39.9976666666667,40,40
"BE3.Amber",818.273431715858,"BE3-Amber",39.9976666666667,40,40
"BE3.Amber",818.580735367684,"BE3-Amber",39.9976666666667,40,40
"BE3.Amber",818.88803901951,"BE3-Amber",39.9976666666667,40,40
"BE3.Amber",819.195342671336,"BE3-Amber",39.9976666666667,40,40
"BE3.Amber",819.502646323162,"BE3-Amber",39.9976666666667,40,40
"BE3.Amber",819.809949974987,"BE3-Amber",39.9976666666667,40,40
"BE3.Amber",820.117253626813,"BE3-Amber",39.9978333333333,40,40
"BE3.Amber",820.424557278639,"BE3-Amber",39.9978333333333,40,40
"BE3.Amber",820.731860930465,"BE3-Amber",39.9978333333333,40,40
"BE3.Amber",821.039164582291,"BE3-Amber",39.9978333333333,40,40
"BE3.Amber",821.346468234117,"BE3-Amber",39.998,40,40
"BE3.Amber",821.653771885943,"BE3-Amber",39.998,40,40
"BE3.Amber",821.961075537769,"BE3-Amber",39.998,40,40
"BE3.Amber",822.268379189595,"BE3-Amber",39.998,40,40
"BE3.Amber",822.575682841421,"BE3-Amber",39.998,40,40
"BE3.Amber",822.882986493247,"BE3-Amber",39.998,40,40
"BE3.Amber",823.190290145073,"BE3-Amber",39.998,40,40
"BE3.Amber",823.497593796898,"BE3-Amber",39.998,40,40
"BE3.Amber",823.804897448724,"BE3-Amber",39.998,40,40
"BE3.Amber",824.11220110055,"BE3-Amber",39.998,40,40
"BE3.Amber",824.419504752376,"BE3-Amber",39.998,40,40
"BE3.Amber",824.726808404202,"BE3-Amber",39.998,40,40
"BE3.Amber",825.034112056028,"BE3-Amber",39.998,40,40
"BE3.Amber",825.341415707854,"BE3-Amber",39.998,40,40
"BE3.Amber",825.64871935968,"BE3-Amber",39.998,40,40
"BE3.Amber",825.956023011506,"BE3-Amber",39.998,40,40
"BE3.Amber",826.263326663332,"BE3-Amber",39.9981666666667,40,40
"BE3.Amber",826.570630315158,"BE3-Amber",39.9983333333333,40,40
"BE3.Amber",826.877933966983,"BE3-Amber",39.9983333333333,40,40
"BE3.Amber",827.185237618809,"BE3-Amber",39.9983333333333,40,40
"BE3.Amber",827.492541270635,"BE3-Amber",39.9983333333333,40,40
"BE3.Amber",827.799844922461,"BE3-Amber",39.9983333333333,40,40
"BE3.Amber",828.107148574287,"BE3-Amber",39.9983333333333,40,40
"BE3.Amber",828.414452226113,"BE3-Amber",39.9983333333333,40,40
"BE3.Amber",828.721755877939,"BE3-Amber",39.9983333333333,40,40
"BE3.Amber",829.029059529765,"BE3-Amber",39.9983333333333,40,40
"BE3.Amber",829.336363181591,"BE3-Amber",39.9983333333333,40,40
"BE3.Amber",829.643666833417,"BE3-Amber",39.9983333333333,40,40
"BE3.Amber",829.950970485243,"BE3-Amber",39.9983333333333,40,40
"BE3.Amber",830.258274137069,"BE3-Amber",39.9983333333333,40,40
"BE3.Amber",830.565577788894,"BE3-Amber",39.9983333333333,40,40
"BE3.Amber",830.87288144072,"BE3-Amber",39.9983333333333,40,40
"BE3.Amber",831.180185092546,"BE3-Amber",39.9983333333333,40,40
"BE3.Amber",831.487488744372,"BE3-Amber",39.9983333333333,40,40
"BE3.Amber",831.794792396198,"BE3-Amber",39.9983333333333,40,40
"BE3.Amber",832.102096048024,"BE3-Amber",39.9983333333333,40,40
"BE3.Amber",832.40939969985,"BE3-Amber",39.9983333333333,40,40
"BE3.Amber",832.716703351676,"BE3-Amber",39.9983333333333,40,40
"BE3.Amber",833.024007003502,"BE3-Amber",39.9983333333333,40,40
"BE3.Amber",833.331310655328,"BE3-Amber",39.9983333333333,40,40
"BE3.Amber",833.638614307154,"BE3-Amber",39.9983333333333,40,40
"BE3.Amber",833.945917958979,"BE3-Amber",39.9983333333333,40,40
"BE3.Amber",834.253221610805,"BE3-Amber",39.9983333333333,40,40
"BE3.Amber",834.560525262631,"BE3-Amber",39.9983333333333,40,40
"BE3.Amber",834.867828914457,"BE3-Amber",39.9983333333333,40,40
"BE3.Amber",835.175132566283,"BE3-Amber",39.9983333333333,40,40
"BE3.Amber",835.482436218109,"BE3-Amber",39.9983333333333,40,40
"BE3.Amber",835.789739869935,"BE3-Amber",39.9983333333333,40,40
"BE3.Amber",836.097043521761,"BE3-Amber",39.9983333333333,40,40
"BE3.Amber",836.404347173587,"BE3-Amber",39.9983333333333,40,40
"BE3.Amber",836.711650825413,"BE3-Amber",39.9983333333333,40,40
"BE3.Amber",837.018954477239,"BE3-Amber",39.9983333333333,40,40
"BE3.Amber",837.326258129065,"BE3-Amber",39.9983333333333,40,40
"BE3.Amber",837.63356178089,"BE3-Amber",39.9983333333333,40,40
"BE3.Amber",837.940865432716,"BE3-Amber",39.9983333333333,40,40
"BE3.Amber",838.248169084542,"BE3-Amber",39.9983333333333,40,40
"BE3.Amber",838.555472736368,"BE3-Amber",39.9983333333333,40,40
"BE3.Amber",838.862776388194,"BE3-Amber",39.9983333333333,40,40
"BE3.Amber",839.17008004002,"BE3-Amber",39.9983333333333,40,40
"BE3.Amber",839.477383691846,"BE3-Amber",39.9983333333333,40,40
"BE3.Amber",839.784687343672,"BE3-Amber",39.9983333333333,40,40
"BE3.Amber",840.091990995498,"BE3-Amber",39.9983333333333,40,40
"BE3.Amber",840.399294647324,"BE3-Amber",39.9983333333333,40,40
"BE3.Amber",840.70659829915,"BE3-Amber",39.9983333333333,40,40
"BE3.Amber",841.013901950975,"BE3-Amber",39.9983333333333,40,40
"BE3.Amber",841.321205602801,"BE3-Amber",39.9985,40,40
"BE3.Amber",841.628509254627,"BE3-Amber",39.9985,40,40
"BE3.Amber",841.935812906453,"BE3-Amber",39.9985,40,40
"BE3.Amber",842.243116558279,"BE3-Amber",39.9985,40,40
"BE3.Amber",842.550420210105,"BE3-Amber",39.9985,40,40
"BE3.Amber",842.857723861931,"BE3-Amber",39.9985,40,40
"BE3.Amber",843.165027513757,"BE3-Amber",39.9985,40,40
"BE3.Amber",843.472331165583,"BE3-Amber",39.9985,40,40
"BE3.Amber",843.779634817409,"BE3-Amber",39.9985,40,40
"BE3.Amber",844.086938469235,"BE3-Amber",39.9985,40,40
"BE3.Amber",844.39424212106,"BE3-Amber",39.9985,40,40
"BE3.Amber",844.701545772886,"BE3-Amber",39.9985,40,40
"BE3.Amber",845.008849424712,"BE3-Amber",39.9985,40,40
"BE3.Amber",845.316153076538,"BE3-Amber",39.9985,40,40
"BE3.Amber",845.623456728364,"BE3-Amber",39.9985,40,40
"BE3.Amber",845.93076038019,"BE3-Amber",39.9985,40,40
"BE3.Amber",846.238064032016,"BE3-Amber",39.9985,40,40
"BE3.Amber",846.545367683842,"BE3-Amber",39.9985,40,40
"BE3.Amber",846.852671335668,"BE3-Amber",39.9985,40,40
"BE3.Amber",847.159974987494,"BE3-Amber",39.9985,40,40
"BE3.Amber",847.46727863932,"BE3-Amber",39.9985,40,40
"BE3.Amber",847.774582291146,"BE3-Amber",39.9985,40,40
"BE3.Amber",848.081885942971,"BE3-Amber",39.9985,40,40
"BE3.Amber",848.389189594797,"BE3-Amber",39.9985,40,40
"BE3.Amber",848.696493246623,"BE3-Amber",39.9985,40,40
"BE3.Amber",849.003796898449,"BE3-Amber",39.9985,40,40
"BE3.Amber",849.311100550275,"BE3-Amber",39.9985,40,40
"BE3.Amber",849.618404202101,"BE3-Amber",39.9985,40,40
"BE3.Amber",849.925707853927,"BE3-Amber",39.9985,40,40
"BE3.Amber",850.233011505753,"BE3-Amber",39.9985,40,40
"BE3.Amber",850.540315157579,"BE3-Amber",39.9985,40,40
"BE3.Amber",850.847618809405,"BE3-Amber",39.9985,40,40
"BE3.Amber",851.154922461231,"BE3-Amber",39.9985,40,40
"BE3.Amber",851.462226113056,"BE3-Amber",39.9985,40,40
"BE3.Amber",851.769529764882,"BE3-Amber",39.9985,40,40
"BE3.Amber",852.076833416708,"BE3-Amber",39.9986666666667,40,40
"BE3.Amber",852.384137068534,"BE3-Amber",39.9986666666667,40,40
"BE3.Amber",852.69144072036,"BE3-Amber",39.9986666666667,40,40
"BE3.Amber",852.998744372186,"BE3-Amber",39.9986666666667,40,40
"BE3.Amber",853.306048024012,"BE3-Amber",39.9986666666667,40,40
"BE3.Amber",853.613351675838,"BE3-Amber",39.9986666666667,40,40
"BE3.Amber",853.920655327664,"BE3-Amber",39.9986666666667,40,40
"BE3.Amber",854.22795897949,"BE3-Amber",39.9988333333333,40,40
"BE3.Amber",854.535262631316,"BE3-Amber",39.9988333333333,40,40
"BE3.Amber",854.842566283142,"BE3-Amber",39.999,40,40
"BE3.Amber",855.149869934967,"BE3-Amber",39.999,40,40
"BE3.Amber",855.457173586793,"BE3-Amber",39.999,40,40
"BE3.Amber",855.764477238619,"BE3-Amber",39.999,40,40
"BE3.Amber",856.071780890445,"BE3-Amber",39.999,40,40
"BE3.Amber",856.379084542271,"BE3-Amber",39.999,40,40
"BE3.Amber",856.686388194097,"BE3-Amber",39.999,40,40
"BE3.Amber",856.993691845923,"BE3-Amber",39.999,40,40
"BE3.Amber",857.300995497749,"BE3-Amber",39.999,40,40
"BE3.Amber",857.608299149575,"BE3-Amber",39.999,40,40
"BE3.Amber",857.915602801401,"BE3-Amber",39.999,40,40
"BE3.Amber",858.222906453227,"BE3-Amber",39.999,40,40
"BE3.Amber",858.530210105052,"BE3-Amber",39.9991666666667,40,40
"BE3.Amber",858.837513756878,"BE3-Amber",39.9991666666667,40,40
"BE3.Amber",859.144817408704,"BE3-Amber",39.9991666666667,40,40
"BE3.Amber",859.45212106053,"BE3-Amber",39.9991666666667,40,40
"BE3.Amber",859.759424712356,"BE3-Amber",39.9991666666667,40,40
"BE3.Amber",860.066728364182,"BE3-Amber",39.9991666666667,40,40
"BE3.Amber",860.374032016008,"BE3-Amber",39.9993333333333,40,40
"BE3.Amber",860.681335667834,"BE3-Amber",39.9993333333333,40,40
"BE3.Amber",860.98863931966,"BE3-Amber",39.9995,40,40
"BE3.Amber",861.295942971486,"BE3-Amber",39.9995,40,40
"BE3.Amber",861.603246623312,"BE3-Amber",39.9995,40,40
"BE3.Amber",861.910550275138,"BE3-Amber",39.9995,40,40
"BE3.Amber",862.217853926963,"BE3-Amber",39.9995,40,40
"BE3.Amber",862.525157578789,"BE3-Amber",39.9995,40,40
"BE3.Amber",862.832461230615,"BE3-Amber",39.9995,40,40
"BE3.Amber",863.139764882441,"BE3-Amber",39.9996666666667,40,40
"BE3.Amber",863.447068534267,"BE3-Amber",39.9996666666667,40,40
"BE3.Amber",863.754372186093,"BE3-Amber",39.9996666666667,40,40
"BE3.Amber",864.061675837919,"BE3-Amber",39.9996666666667,40,40
"BE3.Amber",864.368979489745,"BE3-Amber",39.9996666666667,40,40
"BE3.Amber",864.676283141571,"BE3-Amber",39.9996666666667,40,40
"BE3.Amber",864.983586793397,"BE3-Amber",39.9996666666667,40,40
"BE3.Amber",865.290890445223,"BE3-Amber",39.9996666666667,40,40
"BE3.Amber",865.598194097048,"BE3-Amber",39.9996666666667,40,40
"BE3.Amber",865.905497748874,"BE3-Amber",39.9996666666667,40,40
"BE3.Amber",866.2128014007,"BE3-Amber",39.9996666666667,40,40
"BE3.Amber",866.520105052526,"BE3-Amber",39.9996666666667,40,40
"BE3.Amber",866.827408704352,"BE3-Amber",39.9996666666667,40,40
"BE3.Amber",867.134712356178,"BE3-Amber",39.9996666666667,40,40
"BE3.Amber",867.442016008004,"BE3-Amber",39.9996666666667,40,40
"BE3.Amber",867.74931965983,"BE3-Amber",39.9996666666667,40,40
"BE3.Amber",868.056623311656,"BE3-Amber",39.9996666666667,40,40
"BE3.Amber",868.363926963482,"BE3-Amber",39.9996666666667,40,40
"BE3.Amber",868.671230615308,"BE3-Amber",39.9996666666667,40,40
"BE3.Amber",868.978534267133,"BE3-Amber",39.9996666666667,40,40
"BE3.Amber",869.285837918959,"BE3-Amber",39.9996666666667,40,40
"BE3.Amber",869.593141570785,"BE3-Amber",39.9996666666667,40,40
"BE3.Amber",869.900445222611,"BE3-Amber",39.9996666666667,40,40
"BE3.Amber",870.207748874437,"BE3-Amber",39.9996666666667,40,40
"BE3.Amber",870.515052526263,"BE3-Amber",39.9996666666667,40,40
"BE3.Amber",870.822356178089,"BE3-Amber",39.9996666666667,40,40
"BE3.Amber",871.129659829915,"BE3-Amber",39.9996666666667,40,40
"BE3.Amber",871.436963481741,"BE3-Amber",39.9996666666667,40,40
"BE3.Amber",871.744267133567,"BE3-Amber",39.9996666666667,40,40
"BE3.Amber",872.051570785393,"BE3-Amber",39.9996666666667,40,40
"BE3.Amber",872.358874437219,"BE3-Amber",39.9996666666667,40,40
"BE3.Amber",872.666178089044,"BE3-Amber",39.9996666666667,40,40
"BE3.Amber",872.973481740871,"BE3-Amber",39.9996666666667,40,40
"BE3.Amber",873.280785392696,"BE3-Amber",39.9996666666667,40,40
"BE3.Amber",873.588089044522,"BE3-Amber",39.9996666666667,40,40
"BE3.Amber",873.895392696348,"BE3-Amber",39.9996666666667,40,40
"BE3.Amber",874.202696348174,"BE3-Amber",39.9998333333333,40,40
"BE3.Amber",874.51,"BE3-Amber",40,40,40
"BE1.ConSeg",403.059,"BE1-ConSeg",0.000166666666666667,0,0
"BE1.ConSeg",404.049915662651,"BE1-ConSeg",0.000166666666666667,0,0
"BE1.ConSeg",405.040831325301,"BE1-ConSeg",0.000166666666666667,0,0
"BE1.ConSeg",406.031746987952,"BE1-ConSeg",0.000166666666666667,0,0
"BE1.ConSeg",407.022662650602,"BE1-ConSeg",5e-04,0,0
"BE1.ConSeg",408.013578313253,"BE1-ConSeg",5e-04,0,0
"BE1.ConSeg",409.004493975904,"BE1-ConSeg",5e-04,0,0
"BE1.ConSeg",409.995409638554,"BE1-ConSeg",5e-04,0,0
"BE1.ConSeg",410.986325301205,"BE1-ConSeg",5e-04,0,0
"BE1.ConSeg",411.977240963855,"BE1-ConSeg",5e-04,0,0
"BE1.ConSeg",412.968156626506,"BE1-ConSeg",5e-04,0,0
"BE1.ConSeg",413.959072289157,"BE1-ConSeg",5e-04,0,0
"BE1.ConSeg",414.949987951807,"BE1-ConSeg",5e-04,0,0
"BE1.ConSeg",415.940903614458,"BE1-ConSeg",0.000666666666666667,0,0
"BE1.ConSeg",416.931819277108,"BE1-ConSeg",0.000666666666666667,0,0
"BE1.ConSeg",417.922734939759,"BE1-ConSeg",0.000833333333333333,0,0
"BE1.ConSeg",418.91365060241,"BE1-ConSeg",0.000833333333333333,0,0
"BE1.ConSeg",419.90456626506,"BE1-ConSeg",0.000833333333333333,0,0
"BE1.ConSeg",420.895481927711,"BE1-ConSeg",0.001,0,0
"BE1.ConSeg",421.886397590361,"BE1-ConSeg",0.0015,0,0
"BE1.ConSeg",422.877313253012,"BE1-ConSeg",0.002,0,0
"BE1.ConSeg",423.868228915663,"BE1-ConSeg",0.00233333333333333,0,0
"BE1.ConSeg",424.859144578313,"BE1-ConSeg",0.00316666666666667,0,0
"BE1.ConSeg",425.850060240964,"BE1-ConSeg",0.00383333333333333,0,0
"BE1.ConSeg",426.840975903614,"BE1-ConSeg",0.00433333333333333,0,0
"BE1.ConSeg",427.831891566265,"BE1-ConSeg",0.00483333333333333,0,0
"BE1.ConSeg",428.822807228916,"BE1-ConSeg",0.0055,0,0
"BE1.ConSeg",429.813722891566,"BE1-ConSeg",0.00683333333333333,0,0
"BE1.ConSeg",430.804638554217,"BE1-ConSeg",0.00783333333333333,0,0
"BE1.ConSeg",431.795554216868,"BE1-ConSeg",0.00933333333333333,0,0
"BE1.ConSeg",432.786469879518,"BE1-ConSeg",0.0115,0,0
"BE1.ConSeg",433.777385542169,"BE1-ConSeg",0.0141666666666667,0,0
"BE1.ConSeg",434.768301204819,"BE1-ConSeg",0.0163333333333333,0,0
"BE1.ConSeg",435.75921686747,"BE1-ConSeg",0.0185,0,0
"BE1.ConSeg",436.75013253012,"BE1-ConSeg",0.0226666666666667,0,0
"BE1.ConSeg",437.741048192771,"BE1-ConSeg",0.0263333333333333,0,0
"BE1.ConSeg",438.731963855422,"BE1-ConSeg",0.0333333333333333,0,0
"BE1.ConSeg",439.722879518072,"BE1-ConSeg",0.0391666666666667,0,0
"BE1.ConSeg",440.713795180723,"BE1-ConSeg",0.0448333333333333,0,0
"BE1.ConSeg",441.704710843374,"BE1-ConSeg",0.0546666666666667,0,1
"BE1.ConSeg",442.695626506024,"BE1-ConSeg",0.0628333333333333,0,1
"BE1.ConSeg",443.686542168675,"BE1-ConSeg",0.0733333333333333,0,1
"BE1.ConSeg",444.677457831325,"BE1-ConSeg",0.0846666666666667,0,1
"BE1.ConSeg",445.668373493976,"BE1-ConSeg",0.095,0,1
"BE1.ConSeg",446.659289156627,"BE1-ConSeg",0.105833333333333,0,1
"BE1.ConSeg",447.650204819277,"BE1-ConSeg",0.116,0,1
"BE1.ConSeg",448.641120481928,"BE1-ConSeg",0.125166666666667,0,1
"BE1.ConSeg",449.632036144578,"BE1-ConSeg",0.135833333333333,0,1
"BE1.ConSeg",450.622951807229,"BE1-ConSeg",0.143666666666667,0,1
"BE1.ConSeg",451.61386746988,"BE1-ConSeg",0.155166666666667,0,1
"BE1.ConSeg",452.60478313253,"BE1-ConSeg",0.161166666666667,0,1
"BE1.ConSeg",453.595698795181,"BE1-ConSeg",0.171666666666667,0,1
"BE1.ConSeg",454.586614457831,"BE1-ConSeg",0.180666666666667,0,1
"BE1.ConSeg",455.577530120482,"BE1-ConSeg",0.189333333333333,0,1
"BE1.ConSeg",456.568445783133,"BE1-ConSeg",0.198,0,1
"BE1.ConSeg",457.559361445783,"BE1-ConSeg",0.206166666666667,0,1
"BE1.ConSeg",458.550277108434,"BE1-ConSeg",0.2135,0,1
"BE1.ConSeg",459.541192771084,"BE1-ConSeg",0.220333333333333,0,1
"BE1.ConSeg",460.532108433735,"BE1-ConSeg",0.2265,0,1
"BE1.ConSeg",461.523024096386,"BE1-ConSeg",0.233166666666667,0,1
"BE1.ConSeg",462.513939759036,"BE1-ConSeg",0.239666666666667,0,1
"BE1.ConSeg",463.504855421687,"BE1-ConSeg",0.2445,0,1
"BE1.ConSeg",464.495771084337,"BE1-ConSeg",0.249666666666667,0,1
"BE1.ConSeg",465.486686746988,"BE1-ConSeg",0.254166666666667,0,1
"BE1.ConSeg",466.477602409639,"BE1-ConSeg",0.257833333333333,0,1
"BE1.ConSeg",467.468518072289,"BE1-ConSeg",0.259833333333333,0,1
"BE1.ConSeg",468.45943373494,"BE1-ConSeg",0.263,0,1
"BE1.ConSeg",469.45034939759,"BE1-ConSeg",0.2645,0,1
"BE1.ConSeg",470.441265060241,"BE1-ConSeg",0.266833333333333,0,1
"BE1.ConSeg",471.432180722892,"BE1-ConSeg",0.269,0,1
"BE1.ConSeg",472.423096385542,"BE1-ConSeg",0.272,0,1
"BE1.ConSeg",473.414012048193,"BE1-ConSeg",0.274,0,1
"BE1.ConSeg",474.404927710843,"BE1-ConSeg",0.277333333333333,0,1
"BE1.ConSeg",475.395843373494,"BE1-ConSeg",0.2815,0,1
"BE1.ConSeg",476.386759036145,"BE1-ConSeg",0.2855,0,1
"BE1.ConSeg",477.377674698795,"BE1-ConSeg",0.290833333333333,0,1
"BE1.ConSeg",478.368590361446,"BE1-ConSeg",0.297666666666667,0,1
"BE1.ConSeg",479.359506024096,"BE1-ConSeg",0.3065,0,1
"BE1.ConSeg",480.350421686747,"BE1-ConSeg",0.316,0,1
"BE1.ConSeg",481.341337349398,"BE1-ConSeg",0.3295,0,1
"BE1.ConSeg",482.332253012048,"BE1-ConSeg",0.342,0,1
"BE1.ConSeg",483.323168674699,"BE1-ConSeg",0.355333333333333,0,1
"BE1.ConSeg",484.314084337349,"BE1-ConSeg",0.3675,0,1
"BE1.ConSeg",485.305,"BE1-ConSeg",0.381166666666667,0,1
"BE1.ConSeg",486.295915662651,"BE1-ConSeg",0.398166666666667,0,1
"BE1.ConSeg",487.286831325301,"BE1-ConSeg",0.415333333333333,0,1
"BE1.ConSeg",488.277746987952,"BE1-ConSeg",0.430333333333333,0,1
"BE1.ConSeg",489.268662650602,"BE1-ConSeg",0.447166666666667,0,1
"BE1.ConSeg",490.259578313253,"BE1-ConSeg",0.462833333333333,0,1
"BE1.ConSeg",491.250493975904,"BE1-ConSeg",0.482,0,1
"BE1.ConSeg",492.241409638554,"BE1-ConSeg",0.495,0,2
"BE1.ConSeg",493.232325301205,"BE1-ConSeg",0.506333333333333,0,2
"BE1.ConSeg",494.223240963855,"BE1-ConSeg",0.516833333333333,0,2
"BE1.ConSeg",495.214156626506,"BE1-ConSeg",0.527833333333333,0,2
"BE1.ConSeg",496.205072289157,"BE1-ConSeg",0.536333333333333,0,2
"BE1.ConSeg",497.195987951807,"BE1-ConSeg",0.5445,0,2
"BE1.ConSeg",498.186903614458,"BE1-ConSeg",0.550166666666667,0,2
"BE1.ConSeg",499.177819277108,"BE1-ConSeg",0.556666666666667,0,2
"BE1.ConSeg",500.168734939759,"BE1-ConSeg",0.559333333333333,0,2
"BE1.ConSeg",501.15965060241,"BE1-ConSeg",0.562666666666667,0,2
"BE1.ConSeg",502.15056626506,"BE1-ConSeg",0.567,0,2
"BE1.ConSeg",503.141481927711,"BE1-ConSeg",0.571166666666667,0,2
"BE1.ConSeg",504.132397590361,"BE1-ConSeg",0.5755,0,2
"BE1.ConSeg",505.123313253012,"BE1-ConSeg",0.579,0,2
"BE1.ConSeg",506.114228915663,"BE1-ConSeg",0.582333333333333,0,2
"BE1.ConSeg",507.105144578313,"BE1-ConSeg",0.5855,0,2
"BE1.ConSeg",508.096060240964,"BE1-ConSeg",0.59,0,2
"BE1.ConSeg",509.086975903614,"BE1-ConSeg",0.593166666666667,0,2
"BE1.ConSeg",510.077891566265,"BE1-ConSeg",0.608333333333333,0,2
"BE1.ConSeg",511.068807228916,"BE1-ConSeg",0.674333333333333,0,2
"BE1.ConSeg",512.059722891566,"BE1-ConSeg",0.747666666666667,0,2
"BE1.ConSeg",513.050638554217,"BE1-ConSeg",0.816166666666667,0,2
"BE1.ConSeg",514.041554216868,"BE1-ConSeg",0.880666666666667,0,2
"BE1.ConSeg",515.032469879518,"BE1-ConSeg",0.946,0,2
"BE1.ConSeg",516.023385542169,"BE1-ConSeg",1.01433333333333,0,3
"BE1.ConSeg",517.014301204819,"BE1-ConSeg",1.07983333333333,0,3
"BE1.ConSeg",518.00521686747,"BE1-ConSeg",1.14666666666667,0,3
"BE1.ConSeg",518.99613253012,"BE1-ConSeg",1.20833333333333,0,3
"BE1.ConSeg",519.987048192771,"BE1-ConSeg",1.26066666666667,0,3
"BE1.ConSeg",520.977963855422,"BE1-ConSeg",1.32033333333333,0,3
"BE1.ConSeg",521.968879518072,"BE1-ConSeg",1.3745,0,3
"BE1.ConSeg",522.959795180723,"BE1-ConSeg",1.43,0,3
"BE1.ConSeg",523.950710843373,"BE1-ConSeg",1.48683333333333,0,3
"BE1.ConSeg",524.941626506024,"BE1-ConSeg",1.53816666666667,0,3
"BE1.ConSeg",525.932542168675,"BE1-ConSeg",1.59416666666667,0,3
"BE1.ConSeg",526.923457831325,"BE1-ConSeg",1.6575,0,3
"BE1.ConSeg",527.914373493976,"BE1-ConSeg",1.71516666666667,0,3
"BE1.ConSeg",528.905289156627,"BE1-ConSeg",1.78016666666667,0,3
"BE1.ConSeg",529.896204819277,"BE1-ConSeg",1.8475,0,3
"BE1.ConSeg",530.887120481928,"BE1-ConSeg",1.914,0,3
"BE1.ConSeg",531.878036144578,"BE1-ConSeg",1.97433333333333,0,3
"BE1.ConSeg",532.868951807229,"BE1-ConSeg",2.04466666666667,0,3
"BE1.ConSeg",533.85986746988,"BE1-ConSeg",2.1155,0,3
"BE1.ConSeg",534.85078313253,"BE1-ConSeg",2.18583333333333,1,4
"BE1.ConSeg",535.841698795181,"BE1-ConSeg",2.25433333333333,1,4
"BE1.ConSeg",536.832614457831,"BE1-ConSeg",2.31733333333333,1,4
"BE1.ConSeg",537.823530120482,"BE1-ConSeg",2.38066666666667,1,4
"BE1.ConSeg",538.814445783133,"BE1-ConSeg",2.449,1,4
"BE1.ConSeg",539.805361445783,"BE1-ConSeg",2.51833333333333,1,4
"BE1.ConSeg",540.796277108434,"BE1-ConSeg",2.575,1,4
"BE1.ConSeg",541.787192771084,"BE1-ConSeg",2.63816666666667,1,4
"BE1.ConSeg",542.778108433735,"BE1-ConSeg",2.69533333333333,1,4
"BE1.ConSeg",543.769024096386,"BE1-ConSeg",2.75516666666667,2,4
"BE1.ConSeg",544.759939759036,"BE1-ConSeg",2.8115,2,4
"BE1.ConSeg",545.750855421687,"BE1-ConSeg",2.86716666666667,2,4
"BE1.ConSeg",546.741771084337,"BE1-ConSeg",2.92483333333333,2,4
"BE1.ConSeg",547.732686746988,"BE1-ConSeg",2.98266666666667,2,4
"BE1.ConSeg",548.723602409639,"BE1-ConSeg",3.04166666666667,2,4
"BE1.ConSeg",549.714518072289,"BE1-ConSeg",3.10683333333333,2,4
"BE1.ConSeg",550.70543373494,"BE1-ConSeg",3.16966666666667,2,4
"BE1.ConSeg",551.69634939759,"BE1-ConSeg",3.22783333333333,2,4
"BE1.ConSeg",552.687265060241,"BE1-ConSeg",3.2895,2,4
"BE1.ConSeg",553.678180722892,"BE1-ConSeg",3.34933333333333,2,4
"BE1.ConSeg",554.669096385542,"BE1-ConSeg",3.40366666666667,2,5
"BE1.ConSeg",555.660012048193,"BE1-ConSeg",3.463,2,5
"BE1.ConSeg",556.650927710843,"BE1-ConSeg",3.5195,2,5
"BE1.ConSeg",557.641843373494,"BE1-ConSeg",3.57066666666667,2,5
"BE1.ConSeg",558.632759036145,"BE1-ConSeg",3.63233333333333,2,5
"BE1.ConSeg",559.623674698795,"BE1-ConSeg",3.68483333333333,3,5
"BE1.ConSeg",560.614590361446,"BE1-ConSeg",3.73866666666667,3,5
"BE1.ConSeg",561.605506024096,"BE1-ConSeg",3.79633333333333,3,5
"BE1.ConSeg",562.596421686747,"BE1-ConSeg",3.84783333333333,3,5
"BE1.ConSeg",563.587337349398,"BE1-ConSeg",3.89766666666667,3,5
"BE1.ConSeg",564.578253012048,"BE1-ConSeg",3.954,3,5
"BE1.ConSeg",565.569168674699,"BE1-ConSeg",3.99533333333333,3,5
"BE1.ConSeg",566.560084337349,"BE1-ConSeg",4.04366666666667,3,5
"BE1.ConSeg",567.551,"BE1-ConSeg",4.09133333333333,3,5
"BE1.ConSeg",568.541915662651,"BE1-ConSeg",4.133,3,5
"BE1.ConSeg",569.532831325301,"BE1-ConSeg",4.17283333333333,3,5
"BE1.ConSeg",570.523746987952,"BE1-ConSeg",4.21416666666667,3,5
"BE1.ConSeg",571.514662650602,"BE1-ConSeg",4.25533333333333,3,5
"BE1.ConSeg",572.505578313253,"BE1-ConSeg",4.28816666666667,3,5
"BE1.ConSeg",573.496493975904,"BE1-ConSeg",4.32383333333333,3,5
"BE1.ConSeg",574.487409638554,"BE1-ConSeg",4.35866666666667,3,5
"BE1.ConSeg",575.478325301205,"BE1-ConSeg",4.3915,3,5
"BE1.ConSeg",576.469240963855,"BE1-ConSeg",4.422,3,5
"BE1.ConSeg",577.460156626506,"BE1-ConSeg",4.452,4,5
"BE1.ConSeg",578.451072289157,"BE1-ConSeg",4.48066666666667,4,5
"BE1.ConSeg",579.441987951807,"BE1-ConSeg",4.507,4,5
"BE1.ConSeg",580.432903614458,"BE1-ConSeg",4.53316666666667,4,5
"BE1.ConSeg",581.423819277108,"BE1-ConSeg",4.5575,4,5
"BE1.ConSeg",582.414734939759,"BE1-ConSeg",4.58416666666667,4,5
"BE1.ConSeg",583.40565060241,"BE1-ConSeg",4.6115,4,5
"BE1.ConSeg",584.39656626506,"BE1-ConSeg",4.6365,4,5
"BE1.ConSeg",585.387481927711,"BE1-ConSeg",4.66433333333333,4,5
"BE1.ConSeg",586.378397590361,"BE1-ConSeg",4.68933333333333,4,5
"BE1.ConSeg",587.369313253012,"BE1-ConSeg",4.71266666666667,4,5
"BE1.ConSeg",588.360228915663,"BE1-ConSeg",4.7355,4,5
"BE1.ConSeg",589.351144578313,"BE1-ConSeg",4.75833333333333,4,5
"BE1.ConSeg",590.342060240964,"BE1-ConSeg",4.77883333333333,4,5
"BE1.ConSeg",591.332975903615,"BE1-ConSeg",4.79966666666667,4,5
"BE1.ConSeg",592.323891566265,"BE1-ConSeg",4.82083333333333,4,5
"BE1.ConSeg",593.314807228916,"BE1-ConSeg",4.839,4,5
"BE1.ConSeg",594.305722891566,"BE1-ConSeg",4.854,4,5
"BE1.ConSeg",595.296638554217,"BE1-ConSeg",4.871,4,5
"BE1.ConSeg",596.287554216867,"BE1-ConSeg",4.88616666666667,4,5
"BE1.ConSeg",597.278469879518,"BE1-ConSeg",4.89883333333333,4,5
"BE1.ConSeg",598.269385542169,"BE1-ConSeg",4.9125,4,5
"BE1.ConSeg",599.260301204819,"BE1-ConSeg",4.92116666666667,4,5
"BE1.ConSeg",600.25121686747,"BE1-ConSeg",4.93116666666667,4,5
"BE1.ConSeg",601.24213253012,"BE1-ConSeg",4.93766666666667,4,5
"BE1.ConSeg",602.233048192771,"BE1-ConSeg",4.94416666666667,4,5
"BE1.ConSeg",603.223963855422,"BE1-ConSeg",4.94733333333333,4,5
"BE1.ConSeg",604.214879518072,"BE1-ConSeg",4.95133333333333,5,5
"BE1.ConSeg",605.205795180723,"BE1-ConSeg",4.95383333333333,5,5
"BE1.ConSeg",606.196710843373,"BE1-ConSeg",4.956,5,5
"BE1.ConSeg",607.187626506024,"BE1-ConSeg",4.95766666666667,5,5
"BE1.ConSeg",608.178542168675,"BE1-ConSeg",4.95916666666667,5,5
"BE1.ConSeg",609.169457831325,"BE1-ConSeg",4.95983333333333,5,5
"BE1.ConSeg",610.160373493976,"BE1-ConSeg",4.96083333333333,5,5
"BE1.ConSeg",611.151289156626,"BE1-ConSeg",4.9615,5,5
"BE1.ConSeg",612.142204819277,"BE1-ConSeg",4.96183333333333,5,5
"BE1.ConSeg",613.133120481928,"BE1-ConSeg",4.96266666666667,5,5
"BE1.ConSeg",614.124036144578,"BE1-ConSeg",4.963,5,5
"BE1.ConSeg",615.114951807229,"BE1-ConSeg",4.96333333333333,5,5
"BE1.ConSeg",616.10586746988,"BE1-ConSeg",4.96366666666667,5,5
"BE1.ConSeg",617.09678313253,"BE1-ConSeg",4.96433333333333,5,5
"BE1.ConSeg",618.087698795181,"BE1-ConSeg",4.96566666666667,5,5
"BE1.ConSeg",619.078614457831,"BE1-ConSeg",4.96716666666667,5,5
"BE1.ConSeg",620.069530120482,"BE1-ConSeg",4.96783333333333,5,5
"BE1.ConSeg",621.060445783133,"BE1-ConSeg",4.969,5,5
"BE1.ConSeg",622.051361445783,"BE1-ConSeg",4.96983333333333,5,5
"BE1.ConSeg",623.042277108434,"BE1-ConSeg",4.97133333333333,5,5
"BE1.ConSeg",624.033192771084,"BE1-ConSeg",4.97266666666667,5,5
"BE1.ConSeg",625.024108433735,"BE1-ConSeg",4.97333333333333,5,5
"BE1.ConSeg",626.015024096386,"BE1-ConSeg",4.97516666666667,5,5
"BE1.ConSeg",627.005939759036,"BE1-ConSeg",4.97666666666667,5,5
"BE1.ConSeg",627.996855421687,"BE1-ConSeg",4.979,5,5
"BE1.ConSeg",628.987771084337,"BE1-ConSeg",4.98033333333333,5,5
"BE1.ConSeg",629.978686746988,"BE1-ConSeg",4.982,5,5
"BE1.ConSeg",630.969602409639,"BE1-ConSeg",4.98383333333333,5,5
"BE1.ConSeg",631.960518072289,"BE1-ConSeg",4.9865,5,5
"BE1.ConSeg",632.95143373494,"BE1-ConSeg",4.98766666666667,5,5
"BE1.ConSeg",633.94234939759,"BE1-ConSeg",4.98916666666667,5,5
"BE1.ConSeg",634.933265060241,"BE1-ConSeg",4.99133333333333,5,5
"BE1.ConSeg",635.924180722892,"BE1-ConSeg",4.99266666666667,5,5
"BE1.ConSeg",636.915096385542,"BE1-ConSeg",4.99433333333333,5,5
"BE1.ConSeg",637.906012048193,"BE1-ConSeg",4.99616666666667,5,5
"BE1.ConSeg",638.896927710843,"BE1-ConSeg",4.997,5,5
"BE1.ConSeg",639.887843373494,"BE1-ConSeg",4.998,5,5
"BE1.ConSeg",640.878759036145,"BE1-ConSeg",4.998,5,5
"BE1.ConSeg",641.869674698795,"BE1-ConSeg",4.99833333333333,5,5
"BE1.ConSeg",642.860590361446,"BE1-ConSeg",4.99866666666667,5,5
"BE1.ConSeg",643.851506024096,"BE1-ConSeg",4.999,5,5
"BE1.ConSeg",644.842421686747,"BE1-ConSeg",4.99916666666667,5,5
"BE1.ConSeg",645.833337349398,"BE1-ConSeg",4.99933333333333,5,5
"BE1.ConSeg",646.824253012048,"BE1-ConSeg",4.99933333333333,5,5
"BE1.ConSeg",647.815168674699,"BE1-ConSeg",4.99933333333333,5,5
"BE1.ConSeg",648.806084337349,"BE1-ConSeg",4.99966666666667,5,5
"BE1.ConSeg",649.797,"BE1-ConSeg",5,5,5
"BE1.CylRound",260.21,"BE1-CylRound",0.000166666666666667,0,0
"BE1.CylRound",260.89318024032,"BE1-CylRound",0.000166666666666667,0,0
"BE1.CylRound",261.576360480641,"BE1-CylRound",0.000166666666666667,0,0
"BE1.CylRound",262.259540720961,"BE1-CylRound",0.000166666666666667,0,0
"BE1.CylRound",262.942720961282,"BE1-CylRound",0.000166666666666667,0,0
"BE1.CylRound",263.625901201602,"BE1-CylRound",0.000166666666666667,0,0
"BE1.CylRound",264.309081441923,"BE1-CylRound",0.000166666666666667,0,0
"BE1.CylRound",264.992261682243,"BE1-CylRound",0.000166666666666667,0,0
"BE1.CylRound",265.675441922563,"BE1-CylRound",0.000166666666666667,0,0
"BE1.CylRound",266.358622162884,"BE1-CylRound",0.000166666666666667,0,0
"BE1.CylRound",267.041802403204,"BE1-CylRound",0.000166666666666667,0,0
"BE1.CylRound",267.724982643525,"BE1-CylRound",0.000166666666666667,0,0
"BE1.CylRound",268.408162883845,"BE1-CylRound",0.000166666666666667,0,0
"BE1.CylRound",269.091343124166,"BE1-CylRound",0.000166666666666667,0,0
"BE1.CylRound",269.774523364486,"BE1-CylRound",0.000333333333333333,0,0
"BE1.CylRound",270.457703604806,"BE1-CylRound",5e-04,0,0
"BE1.CylRound",271.140883845127,"BE1-CylRound",5e-04,0,0
"BE1.CylRound",271.824064085447,"BE1-CylRound",5e-04,0,0
"BE1.CylRound",272.507244325768,"BE1-CylRound",5e-04,0,0
"BE1.CylRound",273.190424566088,"BE1-CylRound",5e-04,0,0
"BE1.CylRound",273.873604806409,"BE1-CylRound",5e-04,0,0
"BE1.CylRound",274.556785046729,"BE1-CylRound",5e-04,0,0
"BE1.CylRound",275.239965287049,"BE1-CylRound",5e-04,0,0
"BE1.CylRound",275.92314552737,"BE1-CylRound",5e-04,0,0
"BE1.CylRound",276.60632576769,"BE1-CylRound",5e-04,0,0
"BE1.CylRound",277.289506008011,"BE1-CylRound",5e-04,0,0
"BE1.CylRound",277.972686248331,"BE1-CylRound",5e-04,0,0
"BE1.CylRound",278.655866488651,"BE1-CylRound",5e-04,0,0
"BE1.CylRound",279.339046728972,"BE1-CylRound",5e-04,0,0
"BE1.CylRound",280.022226969292,"BE1-CylRound",5e-04,0,0
"BE1.CylRound",280.705407209613,"BE1-CylRound",5e-04,0,0
"BE1.CylRound",281.388587449933,"BE1-CylRound",5e-04,0,0
"BE1.CylRound",282.071767690254,"BE1-CylRound",5e-04,0,0
"BE1.CylRound",282.754947930574,"BE1-CylRound",5e-04,0,0
"BE1.CylRound",283.438128170895,"BE1-CylRound",5e-04,0,0
"BE1.CylRound",284.121308411215,"BE1-CylRound",5e-04,0,0
"BE1.CylRound",284.804488651535,"BE1-CylRound",5e-04,0,0
"BE1.CylRound",285.487668891856,"BE1-CylRound",5e-04,0,0
"BE1.CylRound",286.170849132176,"BE1-CylRound",5e-04,0,0
"BE1.CylRound",286.854029372497,"BE1-CylRound",5e-04,0,0
"BE1.CylRound",287.537209612817,"BE1-CylRound",5e-04,0,0
"BE1.CylRound",288.220389853137,"BE1-CylRound",5e-04,0,0
"BE1.CylRound",288.903570093458,"BE1-CylRound",5e-04,0,0
"BE1.CylRound",289.586750333778,"BE1-CylRound",5e-04,0,0
"BE1.CylRound",290.269930574099,"BE1-CylRound",5e-04,0,0
"BE1.CylRound",290.953110814419,"BE1-CylRound",5e-04,0,0
"BE1.CylRound",291.63629105474,"BE1-CylRound",5e-04,0,0
"BE1.CylRound",292.31947129506,"BE1-CylRound",5e-04,0,0
"BE1.CylRound",293.00265153538,"BE1-CylRound",5e-04,0,0
"BE1.CylRound",293.685831775701,"BE1-CylRound",5e-04,0,0
"BE1.CylRound",294.369012016021,"BE1-CylRound",5e-04,0,0
"BE1.CylRound",295.052192256342,"BE1-CylRound",5e-04,0,0
"BE1.CylRound",295.735372496662,"BE1-CylRound",5e-04,0,0
"BE1.CylRound",296.418552736983,"BE1-CylRound",5e-04,0,0
"BE1.CylRound",297.101732977303,"BE1-CylRound",5e-04,0,0
"BE1.CylRound",297.784913217624,"BE1-CylRound",5e-04,0,0
"BE1.CylRound",298.468093457944,"BE1-CylRound",5e-04,0,0
"BE1.CylRound",299.151273698264,"BE1-CylRound",5e-04,0,0
"BE1.CylRound",299.834453938585,"BE1-CylRound",5e-04,0,0
"BE1.CylRound",300.517634178905,"BE1-CylRound",5e-04,0,0
"BE1.CylRound",301.200814419226,"BE1-CylRound",5e-04,0,0
"BE1.CylRound",301.883994659546,"BE1-CylRound",5e-04,0,0
"BE1.CylRound",302.567174899866,"BE1-CylRound",5e-04,0,0
"BE1.CylRound",303.250355140187,"BE1-CylRound",5e-04,0,0
"BE1.CylRound",303.933535380507,"BE1-CylRound",5e-04,0,0
"BE1.CylRound",304.616715620828,"BE1-CylRound",5e-04,0,0
"BE1.CylRound",305.299895861148,"BE1-CylRound",5e-04,0,0
"BE1.CylRound",305.983076101469,"BE1-CylRound",5e-04,0,0
"BE1.CylRound",306.666256341789,"BE1-CylRound",5e-04,0,0
"BE1.CylRound",307.349436582109,"BE1-CylRound",5e-04,0,0
"BE1.CylRound",308.03261682243,"BE1-CylRound",5e-04,0,0
"BE1.CylRound",308.71579706275,"BE1-CylRound",5e-04,0,0
"BE1.CylRound",309.398977303071,"BE1-CylRound",5e-04,0,0
"BE1.CylRound",310.082157543391,"BE1-CylRound",5e-04,0,0
"BE1.CylRound",310.765337783712,"BE1-CylRound",5e-04,0,0
"BE1.CylRound",311.448518024032,"BE1-CylRound",5e-04,0,0
"BE1.CylRound",312.131698264352,"BE1-CylRound",5e-04,0,0
"BE1.CylRound",312.814878504673,"BE1-CylRound",5e-04,0,0
"BE1.CylRound",313.498058744993,"BE1-CylRound",5e-04,0,0
"BE1.CylRound",314.181238985314,"BE1-CylRound",5e-04,0,0
"BE1.CylRound",314.864419225634,"BE1-CylRound",5e-04,0,0
"BE1.CylRound",315.547599465955,"BE1-CylRound",5e-04,0,0
"BE1.CylRound",316.230779706275,"BE1-CylRound",5e-04,0,0
"BE1.CylRound",316.913959946595,"BE1-CylRound",5e-04,0,0
"BE1.CylRound",317.597140186916,"BE1-CylRound",5e-04,0,0
"BE1.CylRound",318.280320427236,"BE1-CylRound",5e-04,0,0
"BE1.CylRound",318.963500667557,"BE1-CylRound",5e-04,0,0
"BE1.CylRound",319.646680907877,"BE1-CylRound",5e-04,0,0
"BE1.CylRound",320.329861148198,"BE1-CylRound",5e-04,0,0
"BE1.CylRound",321.013041388518,"BE1-CylRound",5e-04,0,0
"BE1.CylRound",321.696221628838,"BE1-CylRound",5e-04,0,0
"BE1.CylRound",322.379401869159,"BE1-CylRound",5e-04,0,0
"BE1.CylRound",323.062582109479,"BE1-CylRound",5e-04,0,0
"BE1.CylRound",323.7457623498,"BE1-CylRound",5e-04,0,0
"BE1.CylRound",324.42894259012,"BE1-CylRound",5e-04,0,0
"BE1.CylRound",325.112122830441,"BE1-CylRound",5e-04,0,0
"BE1.CylRound",325.795303070761,"BE1-CylRound",5e-04,0,0
"BE1.CylRound",326.478483311081,"BE1-CylRound",5e-04,0,0
"BE1.CylRound",327.161663551402,"BE1-CylRound",5e-04,0,0
"BE1.CylRound",327.844843791722,"BE1-CylRound",5e-04,0,0
"BE1.CylRound",328.528024032043,"BE1-CylRound",5e-04,0,0
"BE1.CylRound",329.211204272363,"BE1-CylRound",5e-04,0,0
"BE1.CylRound",329.894384512684,"BE1-CylRound",5e-04,0,0
"BE1.CylRound",330.577564753004,"BE1-CylRound",5e-04,0,0
"BE1.CylRound",331.260744993324,"BE1-CylRound",5e-04,0,0
"BE1.CylRound",331.943925233645,"BE1-CylRound",5e-04,0,0
"BE1.CylRound",332.627105473965,"BE1-CylRound",5e-04,0,0
"BE1.CylRound",333.310285714286,"BE1-CylRound",5e-04,0,0
"BE1.CylRound",333.993465954606,"BE1-CylRound",5e-04,0,0
"BE1.CylRound",334.676646194927,"BE1-CylRound",5e-04,0,0
"BE1.CylRound",335.359826435247,"BE1-CylRound",5e-04,0,0
"BE1.CylRound",336.043006675567,"BE1-CylRound",5e-04,0,0
"BE1.CylRound",336.726186915888,"BE1-CylRound",5e-04,0,0
"BE1.CylRound",337.409367156208,"BE1-CylRound",5e-04,0,0
"BE1.CylRound",338.092547396529,"BE1-CylRound",5e-04,0,0
"BE1.CylRound",338.775727636849,"BE1-CylRound",5e-04,0,0
"BE1.CylRound",339.45890787717,"BE1-CylRound",5e-04,0,0
"BE1.CylRound",340.14208811749,"BE1-CylRound",5e-04,0,0
"BE1.CylRound",340.82526835781,"BE1-CylRound",5e-04,0,0
"BE1.CylRound",341.508448598131,"BE1-CylRound",5e-04,0,0
"BE1.CylRound",342.191628838451,"BE1-CylRound",5e-04,0,0
"BE1.CylRound",342.874809078772,"BE1-CylRound",5e-04,0,0
"BE1.CylRound",343.557989319092,"BE1-CylRound",5e-04,0,0
"BE1.CylRound",344.241169559413,"BE1-CylRound",5e-04,0,0
"BE1.CylRound",344.924349799733,"BE1-CylRound",5e-04,0,0
"BE1.CylRound",345.607530040053,"BE1-CylRound",5e-04,0,0
"BE1.CylRound",346.290710280374,"BE1-CylRound",5e-04,0,0
"BE1.CylRound",346.973890520694,"BE1-CylRound",5e-04,0,0
"BE1.CylRound",347.657070761015,"BE1-CylRound",5e-04,0,0
"BE1.CylRound",348.340251001335,"BE1-CylRound",5e-04,0,0
"BE1.CylRound",349.023431241656,"BE1-CylRound",5e-04,0,0
"BE1.CylRound",349.706611481976,"BE1-CylRound",5e-04,0,0
"BE1.CylRound",350.389791722296,"BE1-CylRound",5e-04,0,0
"BE1.CylRound",351.072971962617,"BE1-CylRound",0.000666666666666667,0,0
"BE1.CylRound",351.756152202937,"BE1-CylRound",0.000666666666666667,0,0
"BE1.CylRound",352.439332443258,"BE1-CylRound",0.000666666666666667,0,0
"BE1.CylRound",353.122512683578,"BE1-CylRound",0.000833333333333333,0,0
"BE1.CylRound",353.805692923899,"BE1-CylRound",0.000833333333333333,0,0
"BE1.CylRound",354.488873164219,"BE1-CylRound",0.000833333333333333,0,0
"BE1.CylRound",355.172053404539,"BE1-CylRound",0.000833333333333333,0,0
"BE1.CylRound",355.85523364486,"BE1-CylRound",0.000833333333333333,0,0
"BE1.CylRound",356.53841388518,"BE1-CylRound",0.000833333333333333,0,0
"BE1.CylRound",357.221594125501,"BE1-CylRound",0.000833333333333333,0,0
"BE1.CylRound",357.904774365821,"BE1-CylRound",0.000833333333333333,0,0
"BE1.CylRound",358.587954606142,"BE1-CylRound",0.000833333333333333,0,0
"BE1.CylRound",359.271134846462,"BE1-CylRound",0.000833333333333333,0,0
"BE1.CylRound",359.954315086782,"BE1-CylRound",0.000833333333333333,0,0
"BE1.CylRound",360.637495327103,"BE1-CylRound",0.000833333333333333,0,0
"BE1.CylRound",361.320675567423,"BE1-CylRound",0.000833333333333333,0,0
"BE1.CylRound",362.003855807744,"BE1-CylRound",0.000833333333333333,0,0
"BE1.CylRound",362.687036048064,"BE1-CylRound",0.000833333333333333,0,0
"BE1.CylRound",363.370216288385,"BE1-CylRound",0.000833333333333333,0,0
"BE1.CylRound",364.053396528705,"BE1-CylRound",0.000833333333333333,0,0
"BE1.CylRound",364.736576769025,"BE1-CylRound",0.000833333333333333,0,0
"BE1.CylRound",365.419757009346,"BE1-CylRound",0.000833333333333333,0,0
"BE1.CylRound",366.102937249666,"BE1-CylRound",0.000833333333333333,0,0
"BE1.CylRound",366.786117489987,"BE1-CylRound",0.000833333333333333,0,0
"BE1.CylRound",367.469297730307,"BE1-CylRound",0.001,0,0
"BE1.CylRound",368.152477970628,"BE1-CylRound",0.001,0,0
"BE1.CylRound",368.835658210948,"BE1-CylRound",0.001,0,0
"BE1.CylRound",369.518838451268,"BE1-CylRound",0.001,0,0
"BE1.CylRound",370.202018691589,"BE1-CylRound",0.001,0,0
"BE1.CylRound",370.885198931909,"BE1-CylRound",0.00116666666666667,0,0
"BE1.CylRound",371.56837917223,"BE1-CylRound",0.00116666666666667,0,0
"BE1.CylRound",372.25155941255,"BE1-CylRound",0.00116666666666667,0,0
"BE1.CylRound",372.93473965287,"BE1-CylRound",0.00116666666666667,0,0
"BE1.CylRound",373.617919893191,"BE1-CylRound",0.00116666666666667,0,0
"BE1.CylRound",374.301100133511,"BE1-CylRound",0.00116666666666667,0,0
"BE1.CylRound",374.984280373832,"BE1-CylRound",0.00116666666666667,0,0
"BE1.CylRound",375.667460614152,"BE1-CylRound",0.00116666666666667,0,0
"BE1.CylRound",376.350640854473,"BE1-CylRound",0.00116666666666667,0,0
"BE1.CylRound",377.033821094793,"BE1-CylRound",0.00116666666666667,0,0
"BE1.CylRound",377.717001335113,"BE1-CylRound",0.00116666666666667,0,0
"BE1.CylRound",378.400181575434,"BE1-CylRound",0.00133333333333333,0,0
"BE1.CylRound",379.083361815754,"BE1-CylRound",0.00133333333333333,0,0
"BE1.CylRound",379.766542056075,"BE1-CylRound",0.00133333333333333,0,0
"BE1.CylRound",380.449722296395,"BE1-CylRound",0.0015,0,0
"BE1.CylRound",381.132902536716,"BE1-CylRound",0.0015,0,0
"BE1.CylRound",381.816082777036,"BE1-CylRound",0.0015,0,0
"BE1.CylRound",382.499263017356,"BE1-CylRound",0.0015,0,0
"BE1.CylRound",383.182443257677,"BE1-CylRound",0.0015,0,0
"BE1.CylRound",383.865623497997,"BE1-CylRound",0.0015,0,0
"BE1.CylRound",384.548803738318,"BE1-CylRound",0.0015,0,0
"BE1.CylRound",385.231983978638,"BE1-CylRound",0.0015,0,0
"BE1.CylRound",385.915164218959,"BE1-CylRound",0.0015,0,0
"BE1.CylRound",386.598344459279,"BE1-CylRound",0.0015,0,0
"BE1.CylRound",387.281524699599,"BE1-CylRound",0.00166666666666667,0,0
"BE1.CylRound",387.96470493992,"BE1-CylRound",0.00166666666666667,0,0
"BE1.CylRound",388.64788518024,"BE1-CylRound",0.00166666666666667,0,0
"BE1.CylRound",389.331065420561,"BE1-CylRound",0.00166666666666667,0,0
"BE1.CylRound",390.014245660881,"BE1-CylRound",0.00166666666666667,0,0
"BE1.CylRound",390.697425901202,"BE1-CylRound",0.00166666666666667,0,0
"BE1.CylRound",391.380606141522,"BE1-CylRound",0.00166666666666667,0,0
"BE1.CylRound",392.063786381842,"BE1-CylRound",0.00166666666666667,0,0
"BE1.CylRound",392.746966622163,"BE1-CylRound",0.00166666666666667,0,0
"BE1.CylRound",393.430146862483,"BE1-CylRound",0.00166666666666667,0,0
"BE1.CylRound",394.113327102804,"BE1-CylRound",0.00166666666666667,0,0
"BE1.CylRound",394.796507343124,"BE1-CylRound",0.00166666666666667,0,0
"BE1.CylRound",395.479687583445,"BE1-CylRound",0.00166666666666667,0,0
"BE1.CylRound",396.162867823765,"BE1-CylRound",0.00166666666666667,0,0
"BE1.CylRound",396.846048064085,"BE1-CylRound",0.00166666666666667,0,0
"BE1.CylRound",397.529228304406,"BE1-CylRound",0.00183333333333333,0,0
"BE1.CylRound",398.212408544726,"BE1-CylRound",0.00183333333333333,0,0
"BE1.CylRound",398.895588785047,"BE1-CylRound",0.00183333333333333,0,0
"BE1.CylRound",399.578769025367,"BE1-CylRound",0.00183333333333333,0,0
"BE1.CylRound",400.261949265688,"BE1-CylRound",0.002,0,0
"BE1.CylRound",400.945129506008,"BE1-CylRound",0.002,0,0
"BE1.CylRound",401.628309746328,"BE1-CylRound",0.00216666666666667,0,0
"BE1.CylRound",402.311489986649,"BE1-CylRound",0.00216666666666667,0,0
"BE1.CylRound",402.994670226969,"BE1-CylRound",0.0025,0,0
"BE1.CylRound",403.67785046729,"BE1-CylRound",0.0025,0,0
"BE1.CylRound",404.36103070761,"BE1-CylRound",0.003,0,0
"BE1.CylRound",405.044210947931,"BE1-CylRound",0.003,0,0
"BE1.CylRound",405.727391188251,"BE1-CylRound",0.0035,0,0
"BE1.CylRound",406.410571428571,"BE1-CylRound",0.0035,0,0
"BE1.CylRound",407.093751668892,"BE1-CylRound",0.0035,0,0
"BE1.CylRound",407.776931909212,"BE1-CylRound",0.00366666666666667,0,0
"BE1.CylRound",408.460112149533,"BE1-CylRound",0.00366666666666667,0,0
"BE1.CylRound",409.143292389853,"BE1-CylRound",0.00366666666666667,0,0
"BE1.CylRound",409.826472630174,"BE1-CylRound",0.00416666666666667,0,0
"BE1.CylRound",410.509652870494,"BE1-CylRound",0.005,0,0
"BE1.CylRound",411.192833110814,"BE1-CylRound",0.00566666666666667,0,0
"BE1.CylRound",411.876013351135,"BE1-CylRound",0.00633333333333333,0,0
"BE1.CylRound",412.559193591455,"BE1-CylRound",0.007,0,0
"BE1.CylRound",413.242373831776,"BE1-CylRound",0.0075,0,0
"BE1.CylRound",413.925554072096,"BE1-CylRound",0.00766666666666667,0,0
"BE1.CylRound",414.608734312417,"BE1-CylRound",0.0095,0,0
"BE1.CylRound",415.291914552737,"BE1-CylRound",0.0106666666666667,0,0
"BE1.CylRound",415.975094793057,"BE1-CylRound",0.0128333333333333,0,0
"BE1.CylRound",416.658275033378,"BE1-CylRound",0.0153333333333333,0,0
"BE1.CylRound",417.341455273698,"BE1-CylRound",0.0181666666666667,0,0
"BE1.CylRound",418.024635514019,"BE1-CylRound",0.0206666666666667,0,0
"BE1.CylRound",418.707815754339,"BE1-CylRound",0.0231666666666667,0,0
"BE1.CylRound",419.39099599466,"BE1-CylRound",0.028,0,0
"BE1.CylRound",420.07417623498,"BE1-CylRound",0.0326666666666667,0,0
"BE1.CylRound",420.7573564753,"BE1-CylRound",0.0375,0,0
"BE1.CylRound",421.440536715621,"BE1-CylRound",0.0445,0,0
"BE1.CylRound",422.123716955941,"BE1-CylRound",0.0515,0,1
"BE1.CylRound",422.806897196262,"BE1-CylRound",0.0586666666666667,0,1
"BE1.CylRound",423.490077436582,"BE1-CylRound",0.0681666666666667,0,1
"BE1.CylRound",424.173257676903,"BE1-CylRound",0.0786666666666667,0,1
"BE1.CylRound",424.856437917223,"BE1-CylRound",0.088,0,1
"BE1.CylRound",425.539618157543,"BE1-CylRound",0.0983333333333333,0,1
"BE1.CylRound",426.222798397864,"BE1-CylRound",0.110333333333333,0,1
"BE1.CylRound",426.905978638184,"BE1-CylRound",0.1185,0,1
"BE1.CylRound",427.589158878505,"BE1-CylRound",0.128166666666667,0,1
"BE1.CylRound",428.272339118825,"BE1-CylRound",0.140333333333333,0,1
"BE1.CylRound",428.955519359146,"BE1-CylRound",0.150833333333333,0,1
"BE1.CylRound",429.638699599466,"BE1-CylRound",0.162833333333333,0,1
"BE1.CylRound",430.321879839786,"BE1-CylRound",0.174333333333333,0,1
"BE1.CylRound",431.005060080107,"BE1-CylRound",0.186166666666667,0,1
"BE1.CylRound",431.688240320427,"BE1-CylRound",0.201166666666667,0,1
"BE1.CylRound",432.371420560748,"BE1-CylRound",0.216833333333333,0,1
"BE1.CylRound",433.054600801068,"BE1-CylRound",0.233166666666667,0,1
"BE1.CylRound",433.737781041389,"BE1-CylRound",0.248166666666667,0,1
"BE1.CylRound",434.420961281709,"BE1-CylRound",0.264666666666667,0,1
"BE1.CylRound",435.104141522029,"BE1-CylRound",0.281666666666667,0,1
"BE1.CylRound",435.78732176235,"BE1-CylRound",0.2995,0,1
"BE1.CylRound",436.47050200267,"BE1-CylRound",0.317333333333333,0,1
"BE1.CylRound",437.153682242991,"BE1-CylRound",0.3365,0,1
"BE1.CylRound",437.836862483311,"BE1-CylRound",0.356833333333333,0,1
"BE1.CylRound",438.520042723631,"BE1-CylRound",0.382166666666667,0,1
"BE1.CylRound",439.203222963952,"BE1-CylRound",0.404666666666667,0,1
"BE1.CylRound",439.886403204272,"BE1-CylRound",0.431166666666667,0,2
"BE1.CylRound",440.569583444593,"BE1-CylRound",0.456333333333333,0,2
"BE1.CylRound",441.252763684913,"BE1-CylRound",0.479,0,2
"BE1.CylRound",441.935943925234,"BE1-CylRound",0.503166666666667,0,2
"BE1.CylRound",442.619124165554,"BE1-CylRound",0.529833333333333,0,2
"BE1.CylRound",443.302304405875,"BE1-CylRound",0.555,0,2
"BE1.CylRound",443.985484646195,"BE1-CylRound",0.582333333333333,0,2
"BE1.CylRound",444.668664886515,"BE1-CylRound",0.6115,0,2
"BE1.CylRound",445.351845126836,"BE1-CylRound",0.643333333333333,0,2
"BE1.CylRound",446.035025367156,"BE1-CylRound",0.671666666666667,0,2
"BE1.CylRound",446.718205607477,"BE1-CylRound",0.699,0,2
"BE1.CylRound",447.401385847797,"BE1-CylRound",0.727666666666667,0,2
"BE1.CylRound",448.084566088118,"BE1-CylRound",0.755333333333333,0,2
"BE1.CylRound",448.767746328438,"BE1-CylRound",0.782666666666667,0,2
"BE1.CylRound",449.450926568758,"BE1-CylRound",0.805,0,2
"BE1.CylRound",450.134106809079,"BE1-CylRound",0.83,0,2
"BE1.CylRound",450.817287049399,"BE1-CylRound",0.859166666666667,0,2
"BE1.CylRound",451.50046728972,"BE1-CylRound",0.889,0,2
"BE1.CylRound",452.18364753004,"BE1-CylRound",0.919166666666667,0,2
"BE1.CylRound",452.86682777036,"BE1-CylRound",0.945333333333333,0,2
"BE1.CylRound",453.550008010681,"BE1-CylRound",0.971,0,3
"BE1.CylRound",454.233188251001,"BE1-CylRound",0.9935,0,3
"BE1.CylRound",454.916368491322,"BE1-CylRound",1.02033333333333,0,3
"BE1.CylRound",455.599548731642,"BE1-CylRound",1.048,0,3
"BE1.CylRound",456.282728971963,"BE1-CylRound",1.07316666666667,0,3
"BE1.CylRound",456.965909212283,"BE1-CylRound",1.09616666666667,0,3
"BE1.CylRound",457.649089452603,"BE1-CylRound",1.12133333333333,0,3
"BE1.CylRound",458.332269692924,"BE1-CylRound",1.14816666666667,0,3
"BE1.CylRound",459.015449933244,"BE1-CylRound",1.17233333333333,0,3
"BE1.CylRound",459.698630173565,"BE1-CylRound",1.199,0,3
"BE1.CylRound",460.381810413885,"BE1-CylRound",1.22466666666667,0,3
"BE1.CylRound",461.064990654206,"BE1-CylRound",1.25033333333333,0,3
"BE1.CylRound",461.748170894526,"BE1-CylRound",1.2725,0,3
"BE1.CylRound",462.431351134846,"BE1-CylRound",1.29516666666667,0,3
"BE1.CylRound",463.114531375167,"BE1-CylRound",1.3185,0,3
"BE1.CylRound",463.797711615487,"BE1-CylRound",1.33766666666667,0,3
"BE1.CylRound",464.480891855808,"BE1-CylRound",1.35833333333333,0,3
"BE1.CylRound",465.164072096128,"BE1-CylRound",1.38083333333333,0,3
"BE1.CylRound",465.847252336449,"BE1-CylRound",1.401,0,3
"BE1.CylRound",466.530432576769,"BE1-CylRound",1.41833333333333,0,3
"BE1.CylRound",467.213612817089,"BE1-CylRound",1.43766666666667,0,3
"BE1.CylRound",467.89679305741,"BE1-CylRound",1.45583333333333,0,3
"BE1.CylRound",468.57997329773,"BE1-CylRound",1.4715,0,3
"BE1.CylRound",469.263153538051,"BE1-CylRound",1.49033333333333,0,3
"BE1.CylRound",469.946333778371,"BE1-CylRound",1.507,0,3
"BE1.CylRound",470.629514018692,"BE1-CylRound",1.52083333333333,0,3
"BE1.CylRound",471.312694259012,"BE1-CylRound",1.53533333333333,0,3
"BE1.CylRound",471.995874499332,"BE1-CylRound",1.555,0,3
"BE1.CylRound",472.679054739653,"BE1-CylRound",1.57216666666667,0,3
"BE1.CylRound",473.362234979973,"BE1-CylRound",1.589,0,3
"BE1.CylRound",474.045415220294,"BE1-CylRound",1.60816666666667,0,3
"BE1.CylRound",474.728595460614,"BE1-CylRound",1.62416666666667,0,3
"BE1.CylRound",475.411775700935,"BE1-CylRound",1.64283333333333,0,3
"BE1.CylRound",476.094955941255,"BE1-CylRound",1.66116666666667,0,3
"BE1.CylRound",476.778136181575,"BE1-CylRound",1.67866666666667,0,3
"BE1.CylRound",477.461316421896,"BE1-CylRound",1.69933333333333,0,3
"BE1.CylRound",478.144496662216,"BE1-CylRound",1.72283333333333,0,3
"BE1.CylRound",478.827676902537,"BE1-CylRound",1.75033333333333,0,3
"BE1.CylRound",479.510857142857,"BE1-CylRound",1.7765,0,3
"BE1.CylRound",480.194037383178,"BE1-CylRound",1.80316666666667,0,4
"BE1.CylRound",480.877217623498,"BE1-CylRound",1.83033333333333,0,4
"BE1.CylRound",481.560397863818,"BE1-CylRound",1.8595,0,4
"BE1.CylRound",482.243578104139,"BE1-CylRound",1.88666666666667,0,4
"BE1.CylRound",482.926758344459,"BE1-CylRound",1.91466666666667,0,4
"BE1.CylRound",483.60993858478,"BE1-CylRound",1.94216666666667,0,4
"BE1.CylRound",484.2931188251,"BE1-CylRound",1.97483333333333,0,4
"BE1.CylRound",484.976299065421,"BE1-CylRound",2.00466666666667,0,4
"BE1.CylRound",485.659479305741,"BE1-CylRound",2.0365,0,4
"BE1.CylRound",486.342659546061,"BE1-CylRound",2.0665,0,4
"BE1.CylRound",487.025839786382,"BE1-CylRound",2.09566666666667,0,4
"BE1.CylRound",487.709020026702,"BE1-CylRound",2.1265,0,4
"BE1.CylRound",488.392200267023,"BE1-CylRound",2.15433333333333,0,4
"BE1.CylRound",489.075380507343,"BE1-CylRound",2.1845,0,4
"BE1.CylRound",489.758560747664,"BE1-CylRound",2.21833333333333,0,4
"BE1.CylRound",490.441740987984,"BE1-CylRound",2.2485,0,4
"BE1.CylRound",491.124921228304,"BE1-CylRound",2.2735,0,4
"BE1.CylRound",491.808101468625,"BE1-CylRound",2.30483333333333,0,4
"BE1.CylRound",492.491281708945,"BE1-CylRound",2.3325,0,4
"BE1.CylRound",493.174461949266,"BE1-CylRound",2.3605,0,4
"BE1.CylRound",493.857642189586,"BE1-CylRound",2.3845,0,4
"BE1.CylRound",494.540822429907,"BE1-CylRound",2.40766666666667,0,4
"BE1.CylRound",495.224002670227,"BE1-CylRound",2.4345,0,4
"BE1.CylRound",495.907182910547,"BE1-CylRound",2.46066666666667,0,4
"BE1.CylRound",496.590363150868,"BE1-CylRound",2.48716666666667,0,4
"BE1.CylRound",497.273543391188,"BE1-CylRound",2.51066666666667,0,4
"BE1.CylRound",497.956723631509,"BE1-CylRound",2.53616666666667,0,4
"BE1.CylRound",498.639903871829,"BE1-CylRound",2.55516666666667,0,4
"BE1.CylRound",499.32308411215,"BE1-CylRound",2.5765,0,4
"BE1.CylRound",500.00626435247,"BE1-CylRound",2.599,0,4
"BE1.CylRound",500.68944459279,"BE1-CylRound",2.6195,0,4
"BE1.CylRound",501.372624833111,"BE1-CylRound",2.63766666666667,0,4
"BE1.CylRound",502.055805073431,"BE1-CylRound",2.6575,0,4
"BE1.CylRound",502.738985313752,"BE1-CylRound",2.67933333333333,0,4
"BE1.CylRound",503.422165554072,"BE1-CylRound",2.69716666666667,0,4
"BE1.CylRound",504.105345794393,"BE1-CylRound",2.71683333333333,0,4
"BE1.CylRound",504.788526034713,"BE1-CylRound",2.7335,0,4
"BE1.CylRound",505.471706275033,"BE1-CylRound",2.74866666666667,0,4
"BE1.CylRound",506.154886515354,"BE1-CylRound",2.76816666666667,0,4
"BE1.CylRound",506.838066755674,"BE1-CylRound",2.7875,0,4
"BE1.CylRound",507.521246995995,"BE1-CylRound",2.80933333333333,0,4
"BE1.CylRound",508.204427236315,"BE1-CylRound",2.82983333333333,0,4
"BE1.CylRound",508.887607476636,"BE1-CylRound",2.85,0,4
"BE1.CylRound",509.570787716956,"BE1-CylRound",2.87316666666667,1,5
"BE1.CylRound",510.253967957276,"BE1-CylRound",2.90883333333333,1,5
"BE1.CylRound",510.937148197597,"BE1-CylRound",2.96783333333333,1,5
"BE1.CylRound",511.620328437917,"BE1-CylRound",3.02683333333333,1,5
"BE1.CylRound",512.303508678238,"BE1-CylRound",3.08066666666667,1,5
"BE1.CylRound",512.986688918558,"BE1-CylRound",3.13916666666667,1,5
"BE1.CylRound",513.669869158879,"BE1-CylRound",3.18983333333333,1,5
"BE1.CylRound",514.353049399199,"BE1-CylRound",3.24866666666667,1,5
"BE1.CylRound",515.036229639519,"BE1-CylRound",3.303,1,5
"BE1.CylRound",515.71940987984,"BE1-CylRound",3.36416666666667,1,5
"BE1.CylRound",516.40259012016,"BE1-CylRound",3.419,1,5
"BE1.CylRound",517.085770360481,"BE1-CylRound",3.47033333333333,1,5
"BE1.CylRound",517.768950600801,"BE1-CylRound",3.52083333333333,1,5
"BE1.CylRound",518.452130841122,"BE1-CylRound",3.56883333333333,1,5
"BE1.CylRound",519.135311081442,"BE1-CylRound",3.61883333333333,1,5
"BE1.CylRound",519.818491321762,"BE1-CylRound",3.66233333333333,2,6
"BE1.CylRound",520.501671562083,"BE1-CylRound",3.70716666666667,2,6
"BE1.CylRound",521.184851802403,"BE1-CylRound",3.75066666666667,2,6
"BE1.CylRound",521.868032042724,"BE1-CylRound",3.79033333333333,2,6
"BE1.CylRound",522.551212283044,"BE1-CylRound",3.833,2,6
"BE1.CylRound",523.234392523364,"BE1-CylRound",3.87366666666667,2,6
"BE1.CylRound",523.917572763685,"BE1-CylRound",3.91566666666667,2,6
"BE1.CylRound",524.600753004005,"BE1-CylRound",3.956,2,6
"BE1.CylRound",525.283933244326,"BE1-CylRound",3.998,2,6
"BE1.CylRound",525.967113484646,"BE1-CylRound",4.03966666666667,2,6
"BE1.CylRound",526.650293724967,"BE1-CylRound",4.09416666666667,2,6
"BE1.CylRound",527.333473965287,"BE1-CylRound",4.1365,2,6
"BE1.CylRound",528.016654205607,"BE1-CylRound",4.18316666666667,2,6
"BE1.CylRound",528.699834445928,"BE1-CylRound",4.22966666666667,2,6
"BE1.CylRound",529.383014686248,"BE1-CylRound",4.27916666666667,2,6
"BE1.CylRound",530.066194926569,"BE1-CylRound",4.33616666666667,2,6
"BE1.CylRound",530.749375166889,"BE1-CylRound",4.38966666666667,2,6
"BE1.CylRound",531.43255540721,"BE1-CylRound",4.439,2,6
"BE1.CylRound",532.11573564753,"BE1-CylRound",4.49366666666667,2,6
"BE1.CylRound",532.798915887851,"BE1-CylRound",4.55483333333333,2,6
"BE1.CylRound",533.482096128171,"BE1-CylRound",4.61866666666667,2,6
"BE1.CylRound",534.165276368491,"BE1-CylRound",4.684,3,7
"BE1.CylRound",534.848456608812,"BE1-CylRound",4.75316666666667,3,7
"BE1.CylRound",535.531636849132,"BE1-CylRound",4.8265,3,7
"BE1.CylRound",536.214817089453,"BE1-CylRound",4.8935,3,7
"BE1.CylRound",536.897997329773,"BE1-CylRound",4.96966666666667,3,7
"BE1.CylRound",537.581177570093,"BE1-CylRound",5.04083333333333,3,7
"BE1.CylRound",538.264357810414,"BE1-CylRound",5.12366666666667,3,7
"BE1.CylRound",538.947538050734,"BE1-CylRound",5.20866666666667,3,7
"BE1.CylRound",539.630718291055,"BE1-CylRound",5.29,3,7
"BE1.CylRound",540.313898531375,"BE1-CylRound",5.37566666666667,3,7
"BE1.CylRound",540.997078771696,"BE1-CylRound",5.45583333333333,3,7
"BE1.CylRound",541.680259012016,"BE1-CylRound",5.54016666666667,3,7
"BE1.CylRound",542.363439252337,"BE1-CylRound",5.61833333333333,3,7
"BE1.CylRound",543.046619492657,"BE1-CylRound",5.705,3,7
"BE1.CylRound",543.729799732977,"BE1-CylRound",5.78316666666667,4,8
"BE1.CylRound",544.412979973298,"BE1-CylRound",5.86933333333333,4,8
"BE1.CylRound",545.096160213618,"BE1-CylRound",5.95633333333333,4,8
"BE1.CylRound",545.779340453939,"BE1-CylRound",6.03366666666667,4,8
"BE1.CylRound",546.462520694259,"BE1-CylRound",6.11633333333333,4,8
"BE1.CylRound",547.14570093458,"BE1-CylRound",6.20116666666667,4,8
"BE1.CylRound",547.8288811749,"BE1-CylRound",6.28183333333333,4,8
"BE1.CylRound",548.51206141522,"BE1-CylRound",6.35816666666667,5,8
"BE1.CylRound",549.195241655541,"BE1-CylRound",6.44016666666667,5,8
"BE1.CylRound",549.878421895861,"BE1-CylRound",6.51433333333333,5,8
"BE1.CylRound",550.561602136182,"BE1-CylRound",6.587,5,8
"BE1.CylRound",551.244782376502,"BE1-CylRound",6.6595,5,8
"BE1.CylRound",551.927962616822,"BE1-CylRound",6.7365,5,8
"BE1.CylRound",552.611142857143,"BE1-CylRound",6.813,5,8
"BE1.CylRound",553.294323097463,"BE1-CylRound",6.886,4,8
"BE1.CylRound",553.977503337784,"BE1-CylRound",6.95766666666667,5,9
"BE1.CylRound",554.660683578104,"BE1-CylRound",7.03033333333333,5,9
"BE1.CylRound",555.343863818425,"BE1-CylRound",7.10383333333333,5,9
"BE1.CylRound",556.027044058745,"BE1-CylRound",7.17666666666667,5,9
"BE1.CylRound",556.710224299065,"BE1-CylRound",7.251,5,9
"BE1.CylRound",557.393404539386,"BE1-CylRound",7.31966666666667,6,9
"BE1.CylRound",558.076584779706,"BE1-CylRound",7.39383333333333,6,9
"BE1.CylRound",558.759765020027,"BE1-CylRound",7.45816666666667,6,9
"BE1.CylRound",559.442945260347,"BE1-CylRound",7.528,6,9
"BE1.CylRound",560.126125500668,"BE1-CylRound",7.603,6,9
"BE1.CylRound",560.809305740988,"BE1-CylRound",7.67666666666667,6,9
"BE1.CylRound",561.492485981308,"BE1-CylRound",7.75166666666667,5,9
"BE1.CylRound",562.175666221629,"BE1-CylRound",7.82083333333333,5,9
"BE1.CylRound",562.858846461949,"BE1-CylRound",7.8945,6,10
"BE1.CylRound",563.54202670227,"BE1-CylRound",7.9685,6,10
"BE1.CylRound",564.22520694259,"BE1-CylRound",8.04016666666667,6,10
"BE1.CylRound",564.908387182911,"BE1-CylRound",8.10783333333333,6,10
"BE1.CylRound",565.591567423231,"BE1-CylRound",8.17766666666667,7,10
"BE1.CylRound",566.274747663551,"BE1-CylRound",8.2455,7,10
"BE1.CylRound",566.957927903872,"BE1-CylRound",8.319,7,10
"BE1.CylRound",567.641108144192,"BE1-CylRound",8.38866666666667,7,10
"BE1.CylRound",568.324288384513,"BE1-CylRound",8.45333333333333,7,10
"BE1.CylRound",569.007468624833,"BE1-CylRound",8.5165,7,10
"BE1.CylRound",569.690648865154,"BE1-CylRound",8.57916666666667,7,10
"BE1.CylRound",570.373829105474,"BE1-CylRound",8.63816666666667,7,10
"BE1.CylRound",571.057009345794,"BE1-CylRound",8.70583333333333,7,10
"BE1.CylRound",571.740189586115,"BE1-CylRound",8.77183333333333,7,10
"BE1.CylRound",572.423369826435,"BE1-CylRound",8.83983333333333,6,10
"BE1.CylRound",573.106550066756,"BE1-CylRound",8.9015,7,11
"BE1.CylRound",573.789730307076,"BE1-CylRound",8.96883333333333,7,11
"BE1.CylRound",574.472910547397,"BE1-CylRound",9.03566666666667,7,11
"BE1.CylRound",575.156090787717,"BE1-CylRound",9.10416666666667,7,11
"BE1.CylRound",575.839271028037,"BE1-CylRound",9.17883333333333,7,11
"BE1.CylRound",576.522451268358,"BE1-CylRound",9.2425,7,11
"BE1.CylRound",577.205631508678,"BE1-CylRound",9.30516666666667,7,11
"BE1.CylRound",577.888811748999,"BE1-CylRound",9.37183333333333,7,11
"BE1.CylRound",578.571991989319,"BE1-CylRound",9.44016666666667,8,11
"BE1.CylRound",579.25517222964,"BE1-CylRound",9.5025,8,11
"BE1.CylRound",579.93835246996,"BE1-CylRound",9.56133333333333,8,11
"BE1.CylRound",580.62153271028,"BE1-CylRound",9.62466666666667,8,11
"BE1.CylRound",581.304712950601,"BE1-CylRound",9.68483333333333,7,11
"BE1.CylRound",581.987893190921,"BE1-CylRound",9.755,7,11
"BE1.CylRound",582.671073431242,"BE1-CylRound",9.82133333333333,8,12
"BE1.CylRound",583.354253671562,"BE1-CylRound",9.8875,8,12
"BE1.CylRound",584.037433911883,"BE1-CylRound",9.9445,8,12
"BE1.CylRound",584.720614152203,"BE1-CylRound",10.0146666666667,8,12
"BE1.CylRound",585.403794392523,"BE1-CylRound",10.0828333333333,8,12
"BE1.CylRound",586.086974632844,"BE1-CylRound",10.1461666666667,8,12
"BE1.CylRound",586.770154873164,"BE1-CylRound",10.2143333333333,8,12
"BE1.CylRound",587.453335113485,"BE1-CylRound",10.2785,8,12
"BE1.CylRound",588.136515353805,"BE1-CylRound",10.3383333333333,9,12
"BE1.CylRound",588.819695594126,"BE1-CylRound",10.3971666666667,9,12
"BE1.CylRound",589.502875834446,"BE1-CylRound",10.4551666666667,9,12
"BE1.CylRound",590.186056074766,"BE1-CylRound",10.5166666666667,9,12
"BE1.CylRound",590.869236315087,"BE1-CylRound",10.5816666666667,9,12
"BE1.CylRound",591.552416555407,"BE1-CylRound",10.6558333333333,9,12
"BE1.CylRound",592.235596795728,"BE1-CylRound",10.7183333333333,9,12
"BE1.CylRound",592.918777036048,"BE1-CylRound",10.7768333333333,9,12
"BE1.CylRound",593.601957276368,"BE1-CylRound",10.8378333333333,9,12
"BE1.CylRound",594.285137516689,"BE1-CylRound",10.9028333333333,9,12
"BE1.CylRound",594.968317757009,"BE1-CylRound",10.9735,9,12
"BE1.CylRound",595.65149799733,"BE1-CylRound",11.0361666666667,8,12
"BE1.CylRound",596.33467823765,"BE1-CylRound",11.0978333333333,10,13
"BE1.CylRound",597.017858477971,"BE1-CylRound",11.1608333333333,10,13
"BE1.CylRound",597.701038718291,"BE1-CylRound",11.2225,10,13
"BE1.CylRound",598.384218958612,"BE1-CylRound",11.2823333333333,10,13
"BE1.CylRound",599.067399198932,"BE1-CylRound",11.3413333333333,10,13
"BE1.CylRound",599.750579439252,"BE1-CylRound",11.3973333333333,10,13
"BE1.CylRound",600.433759679573,"BE1-CylRound",11.4575,10,13
"BE1.CylRound",601.116939919893,"BE1-CylRound",11.5105,10,13
"BE1.CylRound",601.800120160214,"BE1-CylRound",11.5655,10,13
"BE1.CylRound",602.483300400534,"BE1-CylRound",11.6236666666667,10,13
"BE1.CylRound",603.166480640855,"BE1-CylRound",11.682,10,13
"BE1.CylRound",603.849660881175,"BE1-CylRound",11.7431666666667,10,13
"BE1.CylRound",604.532841121495,"BE1-CylRound",11.7973333333333,10,13
"BE1.CylRound",605.216021361816,"BE1-CylRound",11.8581666666667,10,13
"BE1.CylRound",605.899201602136,"BE1-CylRound",11.9128333333333,10,13
"BE1.CylRound",606.582381842457,"BE1-CylRound",11.9653333333333,9,13
"BE1.CylRound",607.265562082777,"BE1-CylRound",12.0196666666667,10,14
"BE1.CylRound",607.948742323098,"BE1-CylRound",12.073,11,14
"BE1.CylRound",608.631922563418,"BE1-CylRound",12.1193333333333,11,14
"BE1.CylRound",609.315102803738,"BE1-CylRound",12.168,11,14
"BE1.CylRound",609.998283044059,"BE1-CylRound",12.2163333333333,11,14
"BE1.CylRound",610.681463284379,"BE1-CylRound",12.2648333333333,11,14
"BE1.CylRound",611.3646435247,"BE1-CylRound",12.3143333333333,11,14
"BE1.CylRound",612.04782376502,"BE1-CylRound",12.3561666666667,11,14
"BE1.CylRound",612.731004005341,"BE1-CylRound",12.407,11,14
"BE1.CylRound",613.414184245661,"BE1-CylRound",12.4585,11,14
"BE1.CylRound",614.097364485981,"BE1-CylRound",12.499,11,14
"BE1.CylRound",614.780544726302,"BE1-CylRound",12.5451666666667,11,14
"BE1.CylRound",615.463724966622,"BE1-CylRound",12.5948333333333,11,14
"BE1.CylRound",616.146905206943,"BE1-CylRound",12.638,11,14
"BE1.CylRound",616.830085447263,"BE1-CylRound",12.682,11,14
"BE1.CylRound",617.513265687583,"BE1-CylRound",12.7311666666667,10,14
"BE1.CylRound",618.196445927904,"BE1-CylRound",12.7795,10,14
"BE1.CylRound",618.879626168224,"BE1-CylRound",12.8301666666667,10,14
"BE1.CylRound",619.562806408545,"BE1-CylRound",12.8825,11,15
"BE1.CylRound",620.245986648865,"BE1-CylRound",12.9296666666667,11,15
"BE1.CylRound",620.929166889186,"BE1-CylRound",12.9786666666667,11,15
"BE1.CylRound",621.612347129506,"BE1-CylRound",13.0343333333333,11,15
"BE1.CylRound",622.295527369826,"BE1-CylRound",13.0855,11,15
"BE1.CylRound",622.978707610147,"BE1-CylRound",13.1383333333333,11,15
"BE1.CylRound",623.661887850467,"BE1-CylRound",13.1843333333333,11,15
"BE1.CylRound",624.345068090788,"BE1-CylRound",13.2331666666667,12,15
"BE1.CylRound",625.028248331108,"BE1-CylRound",13.282,12,15
"BE1.CylRound",625.711428571429,"BE1-CylRound",13.332,12,15
"BE1.CylRound",626.394608811749,"BE1-CylRound",13.3881666666667,12,15
"BE1.CylRound",627.077789052069,"BE1-CylRound",13.4371666666667,12,15
"BE1.CylRound",627.76096929239,"BE1-CylRound",13.491,12,15
"BE1.CylRound",628.44414953271,"BE1-CylRound",13.5395,12,15
"BE1.CylRound",629.127329773031,"BE1-CylRound",13.5955,12,15
"BE1.CylRound",629.810510013351,"BE1-CylRound",13.6518333333333,12,15
"BE1.CylRound",630.493690253672,"BE1-CylRound",13.7033333333333,12,15
"BE1.CylRound",631.176870493992,"BE1-CylRound",13.7545,12,15
"BE1.CylRound",631.860050734312,"BE1-CylRound",13.8088333333333,12,15
"BE1.CylRound",632.543230974633,"BE1-CylRound",13.867,12,15
"BE1.CylRound",633.226411214953,"BE1-CylRound",13.9158333333333,12,15
"BE1.CylRound",633.909591455274,"BE1-CylRound",13.9665,12,15
"BE1.CylRound",634.592771695594,"BE1-CylRound",14.0185,13,15
"BE1.CylRound",635.275951935915,"BE1-CylRound",14.0775,13,15
"BE1.CylRound",635.959132176235,"BE1-CylRound",14.136,13,15
"BE1.CylRound",636.642312416555,"BE1-CylRound",14.1865,13,15
"BE1.CylRound",637.325492656876,"BE1-CylRound",14.2373333333333,13,15
"BE1.CylRound",638.008672897196,"BE1-CylRound",14.2906666666667,13,15
"BE1.CylRound",638.691853137517,"BE1-CylRound",14.3478333333333,13,15
"BE1.CylRound",639.375033377837,"BE1-CylRound",14.393,13,15
"BE1.CylRound",640.058213618158,"BE1-CylRound",14.4401666666667,13,15
"BE1.CylRound",640.741393858478,"BE1-CylRound",14.4861666666667,13,15
"BE1.CylRound",641.424574098798,"BE1-CylRound",14.5315,13,15
"BE1.CylRound",642.107754339119,"BE1-CylRound",14.5771666666667,14,15
"BE1.CylRound",642.790934579439,"BE1-CylRound",14.6216666666667,14,15
"BE1.CylRound",643.47411481976,"BE1-CylRound",14.6613333333333,14,15
"BE1.CylRound",644.15729506008,"BE1-CylRound",14.6978333333333,14,15
"BE1.CylRound",644.840475300401,"BE1-CylRound",14.7356666666667,14,15
"BE1.CylRound",645.523655540721,"BE1-CylRound",14.7668333333333,14,15
"BE1.CylRound",646.206835781041,"BE1-CylRound",14.7978333333333,14,15
"BE1.CylRound",646.890016021362,"BE1-CylRound",14.8236666666667,14,15
"BE1.CylRound",647.573196261682,"BE1-CylRound",14.8471666666667,14,15
"BE1.CylRound",648.256376502003,"BE1-CylRound",14.8708333333333,14,15
"BE1.CylRound",648.939556742323,"BE1-CylRound",14.8888333333333,14,15
"BE1.CylRound",649.622736982644,"BE1-CylRound",14.907,14,15
"BE1.CylRound",650.305917222964,"BE1-CylRound",14.92,14,15
"BE1.CylRound",650.989097463284,"BE1-CylRound",14.9345,14,15
"BE1.CylRound",651.672277703605,"BE1-CylRound",14.9458333333333,14,15
"BE1.CylRound",652.355457943925,"BE1-CylRound",14.9551666666667,15,15
"BE1.CylRound",653.038638184246,"BE1-CylRound",14.9625,15,15
"BE1.CylRound",653.721818424566,"BE1-CylRound",14.969,15,15
"BE1.CylRound",654.404998664887,"BE1-CylRound",14.9738333333333,15,15
"BE1.CylRound",655.088178905207,"BE1-CylRound",14.9781666666667,15,15
"BE1.CylRound",655.771359145527,"BE1-CylRound",14.9805,15,15
"BE1.CylRound",656.454539385848,"BE1-CylRound",14.9841666666667,15,15
"BE1.CylRound",657.137719626168,"BE1-CylRound",14.9861666666667,15,15
"BE1.CylRound",657.820899866489,"BE1-CylRound",14.988,15,15
"BE1.CylRound",658.504080106809,"BE1-CylRound",14.9893333333333,15,15
"BE1.CylRound",659.187260347129,"BE1-CylRound",14.9908333333333,15,15
"BE1.CylRound",659.87044058745,"BE1-CylRound",14.9918333333333,15,15
"BE1.CylRound",660.55362082777,"BE1-CylRound",14.9926666666667,15,15
"BE1.CylRound",661.236801068091,"BE1-CylRound",14.9931666666667,15,15
"BE1.CylRound",661.919981308411,"BE1-CylRound",14.9946666666667,15,15
"BE1.CylRound",662.603161548732,"BE1-CylRound",14.9948333333333,15,15
"BE1.CylRound",663.286341789052,"BE1-CylRound",14.9951666666667,15,15
"BE1.CylRound",663.969522029372,"BE1-CylRound",14.9961666666667,15,15
"BE1.CylRound",664.652702269693,"BE1-CylRound",14.9961666666667,15,15
"BE1.CylRound",665.335882510013,"BE1-CylRound",14.9966666666667,15,15
"BE1.CylRound",666.019062750334,"BE1-CylRound",14.997,15,15
"BE1.CylRound",666.702242990654,"BE1-CylRound",14.997,15,15
"BE1.CylRound",667.385423230975,"BE1-CylRound",14.9973333333333,15,15
"BE1.CylRound",668.068603471295,"BE1-CylRound",14.9973333333333,15,15
"BE1.CylRound",668.751783711616,"BE1-CylRound",14.9975,15,15
"BE1.CylRound",669.434963951936,"BE1-CylRound",14.9975,15,15
"BE1.CylRound",670.118144192256,"BE1-CylRound",14.9978333333333,15,15
"BE1.CylRound",670.801324432577,"BE1-CylRound",14.998,15,15
"BE1.CylRound",671.484504672897,"BE1-CylRound",14.998,15,15
"BE1.CylRound",672.167684913218,"BE1-CylRound",14.998,15,15
"BE1.CylRound",672.850865153538,"BE1-CylRound",14.998,15,15
"BE1.CylRound",673.534045393859,"BE1-CylRound",14.9981666666667,15,15
"BE1.CylRound",674.217225634179,"BE1-CylRound",14.9981666666667,15,15
"BE1.CylRound",674.900405874499,"BE1-CylRound",14.9981666666667,15,15
"BE1.CylRound",675.58358611482,"BE1-CylRound",14.9985,15,15
"BE1.CylRound",676.26676635514,"BE1-CylRound",14.9985,15,15
"BE1.CylRound",676.949946595461,"BE1-CylRound",14.9985,15,15
"BE1.CylRound",677.633126835781,"BE1-CylRound",14.9985,15,15
"BE1.CylRound",678.316307076102,"BE1-CylRound",14.9985,15,15
"BE1.CylRound",678.999487316422,"BE1-CylRound",14.9986666666667,15,15
"BE1.CylRound",679.682667556742,"BE1-CylRound",14.9986666666667,15,15
"BE1.CylRound",680.365847797063,"BE1-CylRound",14.9986666666667,15,15
"BE1.CylRound",681.049028037383,"BE1-CylRound",14.9988333333333,15,15
"BE1.CylRound",681.732208277704,"BE1-CylRound",14.9988333333333,15,15
"BE1.CylRound",682.415388518024,"BE1-CylRound",14.9988333333333,15,15
"BE1.CylRound",683.098568758345,"BE1-CylRound",14.9988333333333,15,15
"BE1.CylRound",683.781748998665,"BE1-CylRound",14.9988333333333,15,15
"BE1.CylRound",684.464929238985,"BE1-CylRound",14.999,15,15
"BE1.CylRound",685.148109479306,"BE1-CylRound",14.999,15,15
"BE1.CylRound",685.831289719626,"BE1-CylRound",14.999,15,15
"BE1.CylRound",686.514469959947,"BE1-CylRound",14.999,15,15
"BE1.CylRound",687.197650200267,"BE1-CylRound",14.999,15,15
"BE1.CylRound",687.880830440587,"BE1-CylRound",14.9991666666667,15,15
"BE1.CylRound",688.564010680908,"BE1-CylRound",14.9991666666667,15,15
"BE1.CylRound",689.247190921228,"BE1-CylRound",14.9991666666667,15,15
"BE1.CylRound",689.930371161549,"BE1-CylRound",14.9991666666667,15,15
"BE1.CylRound",690.613551401869,"BE1-CylRound",14.9991666666667,15,15
"BE1.CylRound",691.29673164219,"BE1-CylRound",14.9991666666667,15,15
"BE1.CylRound",691.97991188251,"BE1-CylRound",14.9991666666667,15,15
"BE1.CylRound",692.66309212283,"BE1-CylRound",14.9991666666667,15,15
"BE1.CylRound",693.346272363151,"BE1-CylRound",14.9991666666667,15,15
"BE1.CylRound",694.029452603471,"BE1-CylRound",14.9991666666667,15,15
"BE1.CylRound",694.712632843792,"BE1-CylRound",14.9991666666667,15,15
"BE1.CylRound",695.395813084112,"BE1-CylRound",14.9991666666667,15,15
"BE1.CylRound",696.078993324433,"BE1-CylRound",14.9991666666667,15,15
"BE1.CylRound",696.762173564753,"BE1-CylRound",14.9991666666667,15,15
"BE1.CylRound",697.445353805073,"BE1-CylRound",14.9991666666667,15,15
"BE1.CylRound",698.128534045394,"BE1-CylRound",14.9991666666667,15,15
"BE1.CylRound",698.811714285714,"BE1-CylRound",14.9991666666667,15,15
"BE1.CylRound",699.494894526035,"BE1-CylRound",14.9991666666667,15,15
"BE1.CylRound",700.178074766355,"BE1-CylRound",14.9991666666667,15,15
"BE1.CylRound",700.861255006676,"BE1-CylRound",14.9991666666667,15,15
"BE1.CylRound",701.544435246996,"BE1-CylRound",14.9993333333333,15,15
"BE1.CylRound",702.227615487316,"BE1-CylRound",14.9993333333333,15,15
"BE1.CylRound",702.910795727637,"BE1-CylRound",14.9993333333333,15,15
"BE1.CylRound",703.593975967957,"BE1-CylRound",14.9993333333333,15,15
"BE1.CylRound",704.277156208278,"BE1-CylRound",14.9993333333333,15,15
"BE1.CylRound",704.960336448598,"BE1-CylRound",14.9993333333333,15,15
"BE1.CylRound",705.643516688919,"BE1-CylRound",14.9993333333333,15,15
"BE1.CylRound",706.326696929239,"BE1-CylRound",14.9993333333333,15,15
"BE1.CylRound",707.009877169559,"BE1-CylRound",14.9993333333333,15,15
"BE1.CylRound",707.69305740988,"BE1-CylRound",14.9993333333333,15,15
"BE1.CylRound",708.3762376502,"BE1-CylRound",14.9993333333333,15,15
"BE1.CylRound",709.059417890521,"BE1-CylRound",14.9993333333333,15,15
"BE1.CylRound",709.742598130841,"BE1-CylRound",14.9993333333333,15,15
"BE1.CylRound",710.425778371162,"BE1-CylRound",14.9993333333333,15,15
"BE1.CylRound",711.108958611482,"BE1-CylRound",14.9993333333333,15,15
"BE1.CylRound",711.792138851803,"BE1-CylRound",14.9993333333333,15,15
"BE1.CylRound",712.475319092123,"BE1-CylRound",14.9993333333333,15,15
"BE1.CylRound",713.158499332443,"BE1-CylRound",14.9993333333333,15,15
"BE1.CylRound",713.841679572764,"BE1-CylRound",14.9993333333333,15,15
"BE1.CylRound",714.524859813084,"BE1-CylRound",14.9993333333333,15,15
"BE1.CylRound",715.208040053405,"BE1-CylRound",14.9993333333333,15,15
"BE1.CylRound",715.891220293725,"BE1-CylRound",14.9993333333333,15,15
"BE1.CylRound",716.574400534045,"BE1-CylRound",14.9993333333333,15,15
"BE1.CylRound",717.257580774366,"BE1-CylRound",14.9993333333333,15,15
"BE1.CylRound",717.940761014686,"BE1-CylRound",14.9993333333333,15,15
"BE1.CylRound",718.623941255007,"BE1-CylRound",14.9993333333333,15,15
"BE1.CylRound",719.307121495327,"BE1-CylRound",14.9993333333333,15,15
"BE1.CylRound",719.990301735648,"BE1-CylRound",14.9993333333333,15,15
"BE1.CylRound",720.673481975968,"BE1-CylRound",14.9993333333333,15,15
"BE1.CylRound",721.356662216288,"BE1-CylRound",14.9993333333333,15,15
"BE1.CylRound",722.039842456609,"BE1-CylRound",14.9993333333333,15,15
"BE1.CylRound",722.723022696929,"BE1-CylRound",14.9993333333333,15,15
"BE1.CylRound",723.40620293725,"BE1-CylRound",14.9993333333333,15,15
"BE1.CylRound",724.08938317757,"BE1-CylRound",14.9993333333333,15,15
"BE1.CylRound",724.772563417891,"BE1-CylRound",14.9993333333333,15,15
"BE1.CylRound",725.455743658211,"BE1-CylRound",14.9993333333333,15,15
"BE1.CylRound",726.138923898531,"BE1-CylRound",14.9993333333333,15,15
"BE1.CylRound",726.822104138852,"BE1-CylRound",14.9993333333333,15,15
"BE1.CylRound",727.505284379172,"BE1-CylRound",14.9993333333333,15,15
"BE1.CylRound",728.188464619493,"BE1-CylRound",14.9993333333333,15,15
"BE1.CylRound",728.871644859813,"BE1-CylRound",14.9993333333333,15,15
"BE1.CylRound",729.554825100133,"BE1-CylRound",14.9993333333333,15,15
"BE1.CylRound",730.238005340454,"BE1-CylRound",14.9993333333333,15,15
"BE1.CylRound",730.921185580774,"BE1-CylRound",14.9993333333333,15,15
"BE1.CylRound",731.604365821095,"BE1-CylRound",14.9993333333333,15,15
"BE1.CylRound",732.287546061415,"BE1-CylRound",14.9993333333333,15,15
"BE1.CylRound",732.970726301736,"BE1-CylRound",14.9993333333333,15,15
"BE1.CylRound",733.653906542056,"BE1-CylRound",14.9993333333333,15,15
"BE1.CylRound",734.337086782377,"BE1-CylRound",14.9993333333333,15,15
"BE1.CylRound",735.020267022697,"BE1-CylRound",14.9993333333333,15,15
"BE1.CylRound",735.703447263017,"BE1-CylRound",14.9993333333333,15,15
"BE1.CylRound",736.386627503338,"BE1-CylRound",14.9993333333333,15,15
"BE1.CylRound",737.069807743658,"BE1-CylRound",14.9993333333333,15,15
"BE1.CylRound",737.752987983979,"BE1-CylRound",14.9993333333333,15,15
"BE1.CylRound",738.436168224299,"BE1-CylRound",14.9993333333333,15,15
"BE1.CylRound",739.11934846462,"BE1-CylRound",14.9993333333333,15,15
"BE1.CylRound",739.80252870494,"BE1-CylRound",14.9993333333333,15,15
"BE1.CylRound",740.48570894526,"BE1-CylRound",14.9993333333333,15,15
"BE1.CylRound",741.168889185581,"BE1-CylRound",14.9993333333333,15,15
"BE1.CylRound",741.852069425901,"BE1-CylRound",14.9993333333333,15,15
"BE1.CylRound",742.535249666222,"BE1-CylRound",14.9993333333333,15,15
"BE1.CylRound",743.218429906542,"BE1-CylRound",14.9993333333333,15,15
"BE1.CylRound",743.901610146863,"BE1-CylRound",14.9993333333333,15,15
"BE1.CylRound",744.584790387183,"BE1-CylRound",14.9993333333333,15,15
"BE1.CylRound",745.267970627503,"BE1-CylRound",14.9993333333333,15,15
"BE1.CylRound",745.951150867824,"BE1-CylRound",14.9993333333333,15,15
"BE1.CylRound",746.634331108144,"BE1-CylRound",14.9993333333333,15,15
"BE1.CylRound",747.317511348465,"BE1-CylRound",14.9993333333333,15,15
"BE1.CylRound",748.000691588785,"BE1-CylRound",14.9993333333333,15,15
"BE1.CylRound",748.683871829106,"BE1-CylRound",14.9993333333333,15,15
"BE1.CylRound",749.367052069426,"BE1-CylRound",14.9993333333333,15,15
"BE1.CylRound",750.050232309746,"BE1-CylRound",14.9993333333333,15,15
"BE1.CylRound",750.733412550067,"BE1-CylRound",14.9993333333333,15,15
"BE1.CylRound",751.416592790387,"BE1-CylRound",14.9993333333333,15,15
"BE1.CylRound",752.099773030708,"BE1-CylRound",14.9993333333333,15,15
"BE1.CylRound",752.782953271028,"BE1-CylRound",14.9993333333333,15,15
"BE1.CylRound",753.466133511349,"BE1-CylRound",14.9993333333333,15,15
"BE1.CylRound",754.149313751669,"BE1-CylRound",14.9993333333333,15,15
"BE1.CylRound",754.832493991989,"BE1-CylRound",14.9995,15,15
"BE1.CylRound",755.51567423231,"BE1-CylRound",14.9995,15,15
"BE1.CylRound",756.19885447263,"BE1-CylRound",14.9995,15,15
"BE1.CylRound",756.882034712951,"BE1-CylRound",14.9995,15,15
"BE1.CylRound",757.565214953271,"BE1-CylRound",14.9995,15,15
"BE1.CylRound",758.248395193591,"BE1-CylRound",14.9995,15,15
"BE1.CylRound",758.931575433912,"BE1-CylRound",14.9995,15,15
"BE1.CylRound",759.614755674232,"BE1-CylRound",14.9996666666667,15,15
"BE1.CylRound",760.297935914553,"BE1-CylRound",14.9996666666667,15,15
"BE1.CylRound",760.981116154873,"BE1-CylRound",14.9996666666667,15,15
"BE1.CylRound",761.664296395194,"BE1-CylRound",14.9996666666667,15,15
"BE1.CylRound",762.347476635514,"BE1-CylRound",14.9996666666667,15,15
"BE1.CylRound",763.030656875834,"BE1-CylRound",14.9996666666667,15,15
"BE1.CylRound",763.713837116155,"BE1-CylRound",14.9996666666667,15,15
"BE1.CylRound",764.397017356475,"BE1-CylRound",14.9996666666667,15,15
"BE1.CylRound",765.080197596796,"BE1-CylRound",14.9996666666667,15,15
"BE1.CylRound",765.763377837116,"BE1-CylRound",14.9996666666667,15,15
"BE1.CylRound",766.446558077437,"BE1-CylRound",14.9996666666667,15,15
"BE1.CylRound",767.129738317757,"BE1-CylRound",14.9996666666667,15,15
"BE1.CylRound",767.812918558078,"BE1-CylRound",14.9996666666667,15,15
"BE1.CylRound",768.496098798398,"BE1-CylRound",14.9996666666667,15,15
"BE1.CylRound",769.179279038718,"BE1-CylRound",14.9998333333333,15,15
"BE1.CylRound",769.862459279039,"BE1-CylRound",14.9998333333333,15,15
"BE1.CylRound",770.545639519359,"BE1-CylRound",14.9998333333333,15,15
"BE1.CylRound",771.22881975968,"BE1-CylRound",14.9998333333333,15,15
"BE1.CylRound",771.912,"BE1-CylRound",15,15,15
"BE1.CylPen",366.975,"BE1-CylPen",0.000166666666666667,0,0
"BE1.CylPen",367.989879699248,"BE1-CylPen",0.000166666666666667,0,0
"BE1.CylPen",369.004759398496,"BE1-CylPen",0.000166666666666667,0,0
"BE1.CylPen",370.019639097744,"BE1-CylPen",0.000166666666666667,0,0
"BE1.CylPen",371.034518796993,"BE1-CylPen",0.000166666666666667,0,0
"BE1.CylPen",372.049398496241,"BE1-CylPen",0.000166666666666667,0,0
"BE1.CylPen",373.064278195489,"BE1-CylPen",0.000166666666666667,0,0
"BE1.CylPen",374.079157894737,"BE1-CylPen",0.000166666666666667,0,0
"BE1.CylPen",375.094037593985,"BE1-CylPen",0.000166666666666667,0,0
"BE1.CylPen",376.108917293233,"BE1-CylPen",0.000166666666666667,0,0
"BE1.CylPen",377.123796992481,"BE1-CylPen",0.000166666666666667,0,0
"BE1.CylPen",378.138676691729,"BE1-CylPen",0.000333333333333333,0,0
"BE1.CylPen",379.153556390977,"BE1-CylPen",0.000333333333333333,0,0
"BE1.CylPen",380.168436090226,"BE1-CylPen",5e-04,0,0
"BE1.CylPen",381.183315789474,"BE1-CylPen",5e-04,0,0
"BE1.CylPen",382.198195488722,"BE1-CylPen",5e-04,0,0
"BE1.CylPen",383.21307518797,"BE1-CylPen",5e-04,0,0
"BE1.CylPen",384.227954887218,"BE1-CylPen",5e-04,0,0
"BE1.CylPen",385.242834586466,"BE1-CylPen",5e-04,0,0
"BE1.CylPen",386.257714285714,"BE1-CylPen",5e-04,0,0
"BE1.CylPen",387.272593984962,"BE1-CylPen",5e-04,0,0
"BE1.CylPen",388.287473684211,"BE1-CylPen",5e-04,0,0
"BE1.CylPen",389.302353383459,"BE1-CylPen",5e-04,0,0
"BE1.CylPen",390.317233082707,"BE1-CylPen",5e-04,0,0
"BE1.CylPen",391.332112781955,"BE1-CylPen",5e-04,0,0
"BE1.CylPen",392.346992481203,"BE1-CylPen",5e-04,0,0
"BE1.CylPen",393.361872180451,"BE1-CylPen",5e-04,0,0
"BE1.CylPen",394.376751879699,"BE1-CylPen",5e-04,0,0
"BE1.CylPen",395.391631578947,"BE1-CylPen",5e-04,0,0
"BE1.CylPen",396.406511278196,"BE1-CylPen",5e-04,0,0
"BE1.CylPen",397.421390977444,"BE1-CylPen",0.000666666666666667,0,0
"BE1.CylPen",398.436270676692,"BE1-CylPen",0.000666666666666667,0,0
"BE1.CylPen",399.45115037594,"BE1-CylPen",0.000666666666666667,0,0
"BE1.CylPen",400.466030075188,"BE1-CylPen",0.000833333333333333,0,0
"BE1.CylPen",401.480909774436,"BE1-CylPen",0.001,0,0
"BE1.CylPen",402.495789473684,"BE1-CylPen",0.00116666666666667,0,0
"BE1.CylPen",403.510669172932,"BE1-CylPen",0.00133333333333333,0,0
"BE1.CylPen",404.52554887218,"BE1-CylPen",0.00133333333333333,0,0
"BE1.CylPen",405.540428571429,"BE1-CylPen",0.00133333333333333,0,0
"BE1.CylPen",406.555308270677,"BE1-CylPen",0.00133333333333333,0,0
"BE1.CylPen",407.570187969925,"BE1-CylPen",0.00166666666666667,0,0
"BE1.CylPen",408.585067669173,"BE1-CylPen",0.00166666666666667,0,0
"BE1.CylPen",409.599947368421,"BE1-CylPen",0.00183333333333333,0,0
"BE1.CylPen",410.614827067669,"BE1-CylPen",0.00216666666666667,0,0
"BE1.CylPen",411.629706766917,"BE1-CylPen",0.00233333333333333,0,0
"BE1.CylPen",412.644586466165,"BE1-CylPen",0.00266666666666667,0,0
"BE1.CylPen",413.659466165414,"BE1-CylPen",0.00283333333333333,0,0
"BE1.CylPen",414.674345864662,"BE1-CylPen",0.003,0,0
"BE1.CylPen",415.68922556391,"BE1-CylPen",0.00316666666666667,0,0
"BE1.CylPen",416.704105263158,"BE1-CylPen",0.00383333333333333,0,0
"BE1.CylPen",417.718984962406,"BE1-CylPen",0.00416666666666667,0,0
"BE1.CylPen",418.733864661654,"BE1-CylPen",0.00416666666666667,0,0
"BE1.CylPen",419.748744360902,"BE1-CylPen",0.00516666666666667,0,0
"BE1.CylPen",420.76362406015,"BE1-CylPen",0.00616666666666667,0,0
"BE1.CylPen",421.778503759399,"BE1-CylPen",0.0085,0,0
"BE1.CylPen",422.793383458647,"BE1-CylPen",0.0103333333333333,0,0
"BE1.CylPen",423.808263157895,"BE1-CylPen",0.0131666666666667,0,0
"BE1.CylPen",424.823142857143,"BE1-CylPen",0.0173333333333333,0,0
"BE1.CylPen",425.838022556391,"BE1-CylPen",0.022,0,0
"BE1.CylPen",426.852902255639,"BE1-CylPen",0.0258333333333333,0,0
"BE1.CylPen",427.867781954887,"BE1-CylPen",0.0296666666666667,0,0
"BE1.CylPen",428.882661654135,"BE1-CylPen",0.0355,0,0
"BE1.CylPen",429.897541353383,"BE1-CylPen",0.0415,0,0
"BE1.CylPen",430.912421052632,"BE1-CylPen",0.0471666666666667,0,0
"BE1.CylPen",431.92730075188,"BE1-CylPen",0.0558333333333333,0,1
"BE1.CylPen",432.942180451128,"BE1-CylPen",0.0648333333333333,0,1
"BE1.CylPen",433.957060150376,"BE1-CylPen",0.0748333333333333,0,1
"BE1.CylPen",434.971939849624,"BE1-CylPen",0.0876666666666667,0,1
"BE1.CylPen",435.986819548872,"BE1-CylPen",0.101666666666667,0,1
"BE1.CylPen",437.00169924812,"BE1-CylPen",0.117,0,1
"BE1.CylPen",438.016578947368,"BE1-CylPen",0.137166666666667,0,1
"BE1.CylPen",439.031458646617,"BE1-CylPen",0.163666666666667,0,1
"BE1.CylPen",440.046338345865,"BE1-CylPen",0.188666666666667,0,1
"BE1.CylPen",441.061218045113,"BE1-CylPen",0.210833333333333,0,1
"BE1.CylPen",442.076097744361,"BE1-CylPen",0.2345,0,1
"BE1.CylPen",443.090977443609,"BE1-CylPen",0.2605,0,1
"BE1.CylPen",444.105857142857,"BE1-CylPen",0.290333333333333,0,1
"BE1.CylPen",445.120736842105,"BE1-CylPen",0.321833333333333,0,1
"BE1.CylPen",446.135616541353,"BE1-CylPen",0.352166666666667,0,1
"BE1.CylPen",447.150496240602,"BE1-CylPen",0.380666666666667,0,1
"BE1.CylPen",448.16537593985,"BE1-CylPen",0.4085,0,2
"BE1.CylPen",449.180255639098,"BE1-CylPen",0.436333333333333,0,2
"BE1.CylPen",450.195135338346,"BE1-CylPen",0.4625,0,2
"BE1.CylPen",451.210015037594,"BE1-CylPen",0.491833333333333,0,2
"BE1.CylPen",452.224894736842,"BE1-CylPen",0.5205,0,2
"BE1.CylPen",453.23977443609,"BE1-CylPen",0.5445,0,2
"BE1.CylPen",454.254654135338,"BE1-CylPen",0.567666666666667,0,2
"BE1.CylPen",455.269533834586,"BE1-CylPen",0.593666666666667,0,2
"BE1.CylPen",456.284413533835,"BE1-CylPen",0.617666666666667,0,2
"BE1.CylPen",457.299293233083,"BE1-CylPen",0.640666666666667,0,2
"BE1.CylPen",458.314172932331,"BE1-CylPen",0.667,0,2
"BE1.CylPen",459.329052631579,"BE1-CylPen",0.690833333333333,0,2
"BE1.CylPen",460.343932330827,"BE1-CylPen",0.714166666666667,0,2
"BE1.CylPen",461.358812030075,"BE1-CylPen",0.739333333333333,0,2
"BE1.CylPen",462.373691729323,"BE1-CylPen",0.763166666666667,0,2
"BE1.CylPen",463.388571428571,"BE1-CylPen",0.785333333333333,0,2
"BE1.CylPen",464.40345112782,"BE1-CylPen",0.803333333333333,0,2
"BE1.CylPen",465.418330827068,"BE1-CylPen",0.8215,0,2
"BE1.CylPen",466.433210526316,"BE1-CylPen",0.835333333333333,0,2
"BE1.CylPen",467.448090225564,"BE1-CylPen",0.8495,0,2
"BE1.CylPen",468.462969924812,"BE1-CylPen",0.8635,0,2
"BE1.CylPen",469.47784962406,"BE1-CylPen",0.876,0,2
"BE1.CylPen",470.492729323308,"BE1-CylPen",0.887166666666667,0,2
"BE1.CylPen",471.507609022556,"BE1-CylPen",0.897,0,2
"BE1.CylPen",472.522488721805,"BE1-CylPen",0.908833333333333,0,2
"BE1.CylPen",473.537368421053,"BE1-CylPen",0.920166666666667,0,2
"BE1.CylPen",474.552248120301,"BE1-CylPen",0.933166666666667,0,2
"BE1.CylPen",475.567127819549,"BE1-CylPen",0.948666666666667,0,2
"BE1.CylPen",476.582007518797,"BE1-CylPen",0.964166666666667,0,2
"BE1.CylPen",477.596887218045,"BE1-CylPen",0.9865,0,2
"BE1.CylPen",478.611766917293,"BE1-CylPen",1.01133333333333,0,2
"BE1.CylPen",479.626646616541,"BE1-CylPen",1.03716666666667,0,2
"BE1.CylPen",480.64152631579,"BE1-CylPen",1.06633333333333,0,2
"BE1.CylPen",481.656406015038,"BE1-CylPen",1.09866666666667,0,2
"BE1.CylPen",482.671285714286,"BE1-CylPen",1.12666666666667,0,3
"BE1.CylPen",483.686165413534,"BE1-CylPen",1.15716666666667,0,3
"BE1.CylPen",484.701045112782,"BE1-CylPen",1.19383333333333,0,3
"BE1.CylPen",485.71592481203,"BE1-CylPen",1.23033333333333,0,3
"BE1.CylPen",486.730804511278,"BE1-CylPen",1.26416666666667,0,3
"BE1.CylPen",487.745684210526,"BE1-CylPen",1.29566666666667,0,3
"BE1.CylPen",488.760563909774,"BE1-CylPen",1.3275,0,3
"BE1.CylPen",489.775443609023,"BE1-CylPen",1.36416666666667,0,3
"BE1.CylPen",490.790323308271,"BE1-CylPen",1.39466666666667,0,3
"BE1.CylPen",491.805203007519,"BE1-CylPen",1.42816666666667,0,3
"BE1.CylPen",492.820082706767,"BE1-CylPen",1.45983333333333,0,3
"BE1.CylPen",493.834962406015,"BE1-CylPen",1.48383333333333,0,3
"BE1.CylPen",494.849842105263,"BE1-CylPen",1.5105,0,3
"BE1.CylPen",495.864721804511,"BE1-CylPen",1.53983333333333,0,3
"BE1.CylPen",496.879601503759,"BE1-CylPen",1.5645,0,3
"BE1.CylPen",497.894481203008,"BE1-CylPen",1.58666666666667,0,3
"BE1.CylPen",498.909360902256,"BE1-CylPen",1.60516666666667,0,3
"BE1.CylPen",499.924240601504,"BE1-CylPen",1.62433333333333,0,3
"BE1.CylPen",500.939120300752,"BE1-CylPen",1.639,0,3
"BE1.CylPen",501.954,"BE1-CylPen",1.65433333333333,0,3
"BE1.CylPen",502.968879699248,"BE1-CylPen",1.672,0,3
"BE1.CylPen",503.983759398496,"BE1-CylPen",1.68766666666667,0,3
"BE1.CylPen",504.998639097744,"BE1-CylPen",1.7015,0,3
"BE1.CylPen",506.013518796993,"BE1-CylPen",1.71416666666667,0,3
"BE1.CylPen",507.028398496241,"BE1-CylPen",1.729,0,3
"BE1.CylPen",508.043278195489,"BE1-CylPen",1.74616666666667,0,3
"BE1.CylPen",509.058157894737,"BE1-CylPen",1.764,0,3
"BE1.CylPen",510.073037593985,"BE1-CylPen",1.791,0,3
"BE1.CylPen",511.087917293233,"BE1-CylPen",1.86016666666667,0,3
"BE1.CylPen",512.102796992481,"BE1-CylPen",1.93316666666667,0,3
"BE1.CylPen",513.117676691729,"BE1-CylPen",2.008,0,3
"BE1.CylPen",514.132556390977,"BE1-CylPen",2.0745,1,4
"BE1.CylPen",515.147436090226,"BE1-CylPen",2.14666666666667,1,4
"BE1.CylPen",516.162315789474,"BE1-CylPen",2.21933333333333,1,4
"BE1.CylPen",517.177195488722,"BE1-CylPen",2.28366666666667,1,4
"BE1.CylPen",518.19207518797,"BE1-CylPen",2.342,1,4
"BE1.CylPen",519.206954887218,"BE1-CylPen",2.39883333333333,1,4
"BE1.CylPen",520.221834586466,"BE1-CylPen",2.45116666666667,1,4
"BE1.CylPen",521.236714285714,"BE1-CylPen",2.50116666666667,1,4
"BE1.CylPen",522.251593984962,"BE1-CylPen",2.55316666666667,1,4
"BE1.CylPen",523.26647368421,"BE1-CylPen",2.60183333333333,1,4
"BE1.CylPen",524.281353383459,"BE1-CylPen",2.65033333333333,1,4
"BE1.CylPen",525.296233082707,"BE1-CylPen",2.69866666666667,0,4
"BE1.CylPen",526.311112781955,"BE1-CylPen",2.75383333333333,0,4
"BE1.CylPen",527.325992481203,"BE1-CylPen",2.81033333333333,0,4
"BE1.CylPen",528.340872180451,"BE1-CylPen",2.867,1,5
"BE1.CylPen",529.355751879699,"BE1-CylPen",2.93133333333333,1,5
"BE1.CylPen",530.370631578947,"BE1-CylPen",3.00183333333333,1,5
"BE1.CylPen",531.385511278196,"BE1-CylPen",3.06433333333333,1,5
"BE1.CylPen",532.400390977444,"BE1-CylPen",3.136,1,5
"BE1.CylPen",533.415270676692,"BE1-CylPen",3.2145,1,5
"BE1.CylPen",534.43015037594,"BE1-CylPen",3.301,1,5
"BE1.CylPen",535.445030075188,"BE1-CylPen",3.3985,2,5
"BE1.CylPen",536.459909774436,"BE1-CylPen",3.4895,2,5
"BE1.CylPen",537.474789473684,"BE1-CylPen",3.589,2,5
"BE1.CylPen",538.489669172932,"BE1-CylPen",3.6975,2,5
"BE1.CylPen",539.504548872181,"BE1-CylPen",3.8045,2,5
"BE1.CylPen",540.519428571429,"BE1-CylPen",3.9155,1,5
"BE1.CylPen",541.534308270677,"BE1-CylPen",4.02483333333333,2,6
"BE1.CylPen",542.549187969925,"BE1-CylPen",4.13666666666667,3,6
"BE1.CylPen",543.564067669173,"BE1-CylPen",4.25066666666667,3,6
"BE1.CylPen",544.578947368421,"BE1-CylPen",4.35916666666667,3,6
"BE1.CylPen",545.593827067669,"BE1-CylPen",4.45883333333333,3,6
"BE1.CylPen",546.608706766917,"BE1-CylPen",4.565,3,6
"BE1.CylPen",547.623586466165,"BE1-CylPen",4.66383333333333,3,6
"BE1.CylPen",548.638466165414,"BE1-CylPen",4.75916666666667,3,6
"BE1.CylPen",549.653345864662,"BE1-CylPen",4.85116666666667,3,6
"BE1.CylPen",550.66822556391,"BE1-CylPen",4.93833333333333,3,6
"BE1.CylPen",551.683105263158,"BE1-CylPen",5.02416666666667,3,6
"BE1.CylPen",552.697984962406,"BE1-CylPen",5.10683333333333,3,6
"BE1.CylPen",553.712864661654,"BE1-CylPen",5.184,3,6
"BE1.CylPen",554.727744360902,"BE1-CylPen",5.255,4,7
"BE1.CylPen",555.74262406015,"BE1-CylPen",5.32783333333333,4,7
"BE1.CylPen",556.757503759399,"BE1-CylPen",5.39716666666667,4,7
"BE1.CylPen",557.772383458647,"BE1-CylPen",5.46633333333333,4,7
"BE1.CylPen",558.787263157895,"BE1-CylPen",5.53283333333333,4,7
"BE1.CylPen",559.802142857143,"BE1-CylPen",5.601,4,7
"BE1.CylPen",560.817022556391,"BE1-CylPen",5.667,4,7
"BE1.CylPen",561.831902255639,"BE1-CylPen",5.73166666666667,4,7
"BE1.CylPen",562.846781954887,"BE1-CylPen",5.79016666666667,5,7
"BE1.CylPen",563.861661654135,"BE1-CylPen",5.84916666666667,5,7
"BE1.CylPen",564.876541353383,"BE1-CylPen",5.90516666666667,5,7
"BE1.CylPen",565.891421052632,"BE1-CylPen",5.95583333333333,5,7
"BE1.CylPen",566.90630075188,"BE1-CylPen",6.00516666666667,5,7
"BE1.CylPen",567.921180451128,"BE1-CylPen",6.05283333333333,5,7
"BE1.CylPen",568.936060150376,"BE1-CylPen",6.09483333333333,5,7
"BE1.CylPen",569.950939849624,"BE1-CylPen",6.131,5,7
"BE1.CylPen",570.965819548872,"BE1-CylPen",6.16733333333333,5,7
"BE1.CylPen",571.98069924812,"BE1-CylPen",6.2055,5,7
"BE1.CylPen",572.995578947368,"BE1-CylPen",6.23983333333333,5,7
"BE1.CylPen",574.010458646617,"BE1-CylPen",6.275,5,7
"BE1.CylPen",575.025338345865,"BE1-CylPen",6.30733333333333,5,7
"BE1.CylPen",576.040218045113,"BE1-CylPen",6.34133333333333,5,7
"BE1.CylPen",577.055097744361,"BE1-CylPen",6.3745,5,7
"BE1.CylPen",578.069977443609,"BE1-CylPen",6.40316666666667,5,7
"BE1.CylPen",579.084857142857,"BE1-CylPen",6.436,5,7
"BE1.CylPen",580.099736842105,"BE1-CylPen",6.46266666666667,6,7
"BE1.CylPen",581.114616541353,"BE1-CylPen",6.492,6,7
"BE1.CylPen",582.129496240602,"BE1-CylPen",6.51816666666667,6,7
"BE1.CylPen",583.14437593985,"BE1-CylPen",6.54483333333333,6,7
"BE1.CylPen",584.159255639098,"BE1-CylPen",6.5675,6,7
"BE1.CylPen",585.174135338346,"BE1-CylPen",6.59666666666667,6,7
"BE1.CylPen",586.189015037594,"BE1-CylPen",6.62383333333333,6,7
"BE1.CylPen",587.203894736842,"BE1-CylPen",6.64883333333333,6,7
"BE1.CylPen",588.21877443609,"BE1-CylPen",6.67266666666667,6,7
"BE1.CylPen",589.233654135338,"BE1-CylPen",6.69666666666667,6,7
"BE1.CylPen",590.248533834587,"BE1-CylPen",6.71883333333333,6,7
"BE1.CylPen",591.263413533835,"BE1-CylPen",6.74583333333333,6,7
"BE1.CylPen",592.278293233083,"BE1-CylPen",6.7685,6,7
"BE1.CylPen",593.293172932331,"BE1-CylPen",6.79116666666667,6,7
"BE1.CylPen",594.308052631579,"BE1-CylPen",6.81266666666667,6,7
"BE1.CylPen",595.322932330827,"BE1-CylPen",6.83616666666667,6,7
"BE1.CylPen",596.337812030075,"BE1-CylPen",6.85533333333333,6,7
"BE1.CylPen",597.352691729323,"BE1-CylPen",6.87333333333333,6,7
"BE1.CylPen",598.367571428571,"BE1-CylPen",6.89233333333333,6,7
"BE1.CylPen",599.38245112782,"BE1-CylPen",6.90733333333333,6,7
"BE1.CylPen",600.397330827068,"BE1-CylPen",6.92316666666667,6,7
"BE1.CylPen",601.412210526316,"BE1-CylPen",6.93733333333333,6,7
"BE1.CylPen",602.427090225564,"BE1-CylPen",6.95433333333333,6,7
"BE1.CylPen",603.441969924812,"BE1-CylPen",6.97133333333333,6,8
"BE1.CylPen",604.45684962406,"BE1-CylPen",6.9895,6,8
"BE1.CylPen",605.471729323308,"BE1-CylPen",7.00633333333333,6,8
"BE1.CylPen",606.486609022556,"BE1-CylPen",7.022,6,8
"BE1.CylPen",607.501488721805,"BE1-CylPen",7.0435,6,8
"BE1.CylPen",608.516368421053,"BE1-CylPen",7.064,6,8
"BE1.CylPen",609.531248120301,"BE1-CylPen",7.08483333333333,6,8
"BE1.CylPen",610.546127819549,"BE1-CylPen",7.10533333333333,6,8
"BE1.CylPen",611.561007518797,"BE1-CylPen",7.1285,6,8
"BE1.CylPen",612.575887218045,"BE1-CylPen",7.15133333333333,6,8
"BE1.CylPen",613.590766917293,"BE1-CylPen",7.17466666666667,7,8
"BE1.CylPen",614.605646616541,"BE1-CylPen",7.19933333333333,7,8
"BE1.CylPen",615.620526315789,"BE1-CylPen",7.225,7,8
"BE1.CylPen",616.635406015038,"BE1-CylPen",7.2475,7,8
"BE1.CylPen",617.650285714286,"BE1-CylPen",7.27333333333333,7,8
"BE1.CylPen",618.665165413534,"BE1-CylPen",7.29783333333333,7,8
"BE1.CylPen",619.680045112782,"BE1-CylPen",7.31966666666667,7,8
"BE1.CylPen",620.69492481203,"BE1-CylPen",7.34266666666667,7,8
"BE1.CylPen",621.709804511278,"BE1-CylPen",7.3665,7,8
"BE1.CylPen",622.724684210526,"BE1-CylPen",7.3905,7,8
"BE1.CylPen",623.739563909774,"BE1-CylPen",7.40983333333333,7,8
"BE1.CylPen",624.754443609023,"BE1-CylPen",7.4255,7,8
"BE1.CylPen",625.769323308271,"BE1-CylPen",7.44016666666667,7,8
"BE1.CylPen",626.784203007519,"BE1-CylPen",7.45866666666667,7,8
"BE1.CylPen",627.799082706767,"BE1-CylPen",7.47633333333333,7,8
"BE1.CylPen",628.813962406015,"BE1-CylPen",7.4935,7,8
"BE1.CylPen",629.828842105263,"BE1-CylPen",7.513,7,8
"BE1.CylPen",630.843721804511,"BE1-CylPen",7.52866666666667,7,8
"BE1.CylPen",631.858601503759,"BE1-CylPen",7.54233333333333,7,8
"BE1.CylPen",632.873481203007,"BE1-CylPen",7.5605,7,8
"BE1.CylPen",633.888360902256,"BE1-CylPen",7.57816666666667,7,8
"BE1.CylPen",634.903240601504,"BE1-CylPen",7.59466666666667,7,8
"BE1.CylPen",635.918120300752,"BE1-CylPen",7.61366666666667,7,8
"BE1.CylPen",636.933,"BE1-CylPen",7.63333333333333,7,8
"BE1.CylPen",637.947879699248,"BE1-CylPen",7.65283333333333,7,8
"BE1.CylPen",638.962759398496,"BE1-CylPen",7.67416666666667,7,8
"BE1.CylPen",639.977639097744,"BE1-CylPen",7.69366666666667,7,8
"BE1.CylPen",640.992518796992,"BE1-CylPen",7.72066666666667,7,8
"BE1.CylPen",642.007398496241,"BE1-CylPen",7.74583333333333,7,8
"BE1.CylPen",643.022278195489,"BE1-CylPen",7.77283333333333,7,8
"BE1.CylPen",644.037157894737,"BE1-CylPen",7.799,7,8
"BE1.CylPen",645.052037593985,"BE1-CylPen",7.82716666666667,7,8
"BE1.CylPen",646.066917293233,"BE1-CylPen",7.85233333333333,7,8
"BE1.CylPen",647.081796992481,"BE1-CylPen",7.87566666666667,7,8
"BE1.CylPen",648.096676691729,"BE1-CylPen",7.8985,7,8
"BE1.CylPen",649.111556390978,"BE1-CylPen",7.9165,7,8
"BE1.CylPen",650.126436090226,"BE1-CylPen",7.93516666666667,7,8
"BE1.CylPen",651.141315789474,"BE1-CylPen",7.95166666666667,8,8
"BE1.CylPen",652.156195488722,"BE1-CylPen",7.9645,8,8
"BE1.CylPen",653.17107518797,"BE1-CylPen",7.97166666666667,8,8
"BE1.CylPen",654.185954887218,"BE1-CylPen",7.97816666666667,8,8
"BE1.CylPen",655.200834586466,"BE1-CylPen",7.9825,8,8
"BE1.CylPen",656.215714285714,"BE1-CylPen",7.98583333333333,8,8
"BE1.CylPen",657.230593984963,"BE1-CylPen",7.98933333333333,8,8
"BE1.CylPen",658.245473684211,"BE1-CylPen",7.9905,8,8
"BE1.CylPen",659.260353383459,"BE1-CylPen",7.99216666666667,8,8
"BE1.CylPen",660.275233082707,"BE1-CylPen",7.99333333333333,8,8
"BE1.CylPen",661.290112781955,"BE1-CylPen",7.994,8,8
"BE1.CylPen",662.304992481203,"BE1-CylPen",7.99516666666667,8,8
"BE1.CylPen",663.319872180451,"BE1-CylPen",7.99566666666667,8,8
"BE1.CylPen",664.334751879699,"BE1-CylPen",7.9965,8,8
"BE1.CylPen",665.349631578947,"BE1-CylPen",7.99683333333333,8,8
"BE1.CylPen",666.364511278196,"BE1-CylPen",7.99716666666667,8,8
"BE1.CylPen",667.379390977444,"BE1-CylPen",7.99733333333333,8,8
"BE1.CylPen",668.394270676692,"BE1-CylPen",7.99733333333333,8,8
"BE1.CylPen",669.40915037594,"BE1-CylPen",7.9975,8,8
"BE1.CylPen",670.424030075188,"BE1-CylPen",7.998,8,8
"BE1.CylPen",671.438909774436,"BE1-CylPen",7.998,8,8
"BE1.CylPen",672.453789473684,"BE1-CylPen",7.998,8,8
"BE1.CylPen",673.468669172932,"BE1-CylPen",7.99816666666667,8,8
"BE1.CylPen",674.483548872181,"BE1-CylPen",7.99816666666667,8,8
"BE1.CylPen",675.498428571429,"BE1-CylPen",7.9985,8,8
"BE1.CylPen",676.513308270677,"BE1-CylPen",7.9985,8,8
"BE1.CylPen",677.528187969925,"BE1-CylPen",7.9985,8,8
"BE1.CylPen",678.543067669173,"BE1-CylPen",7.9985,8,8
"BE1.CylPen",679.557947368421,"BE1-CylPen",7.99866666666667,8,8
"BE1.CylPen",680.572827067669,"BE1-CylPen",7.99866666666667,8,8
"BE1.CylPen",681.587706766917,"BE1-CylPen",7.99883333333333,8,8
"BE1.CylPen",682.602586466165,"BE1-CylPen",7.99883333333333,8,8
"BE1.CylPen",683.617466165414,"BE1-CylPen",7.99883333333333,8,8
"BE1.CylPen",684.632345864662,"BE1-CylPen",7.999,8,8
"BE1.CylPen",685.64722556391,"BE1-CylPen",7.999,8,8
"BE1.CylPen",686.662105263158,"BE1-CylPen",7.999,8,8
"BE1.CylPen",687.676984962406,"BE1-CylPen",7.999,8,8
"BE1.CylPen",688.691864661654,"BE1-CylPen",7.99916666666667,8,8
"BE1.CylPen",689.706744360902,"BE1-CylPen",7.99916666666667,8,8
"BE1.CylPen",690.72162406015,"BE1-CylPen",7.99916666666667,8,8
"BE1.CylPen",691.736503759399,"BE1-CylPen",7.99916666666667,8,8
"BE1.CylPen",692.751383458647,"BE1-CylPen",7.99916666666667,8,8
"BE1.CylPen",693.766263157895,"BE1-CylPen",7.99916666666667,8,8
"BE1.CylPen",694.781142857143,"BE1-CylPen",7.99916666666667,8,8
"BE1.CylPen",695.796022556391,"BE1-CylPen",7.99916666666667,8,8
"BE1.CylPen",696.810902255639,"BE1-CylPen",7.99916666666667,8,8
"BE1.CylPen",697.825781954887,"BE1-CylPen",7.99916666666667,8,8
"BE1.CylPen",698.840661654135,"BE1-CylPen",7.99916666666667,8,8
"BE1.CylPen",699.855541353384,"BE1-CylPen",7.99916666666667,8,8
"BE1.CylPen",700.870421052632,"BE1-CylPen",7.99916666666667,8,8
"BE1.CylPen",701.88530075188,"BE1-CylPen",7.99933333333333,8,8
"BE1.CylPen",702.900180451128,"BE1-CylPen",7.99933333333333,8,8
"BE1.CylPen",703.915060150376,"BE1-CylPen",7.99933333333333,8,8
"BE1.CylPen",704.929939849624,"BE1-CylPen",7.99933333333333,8,8
"BE1.CylPen",705.944819548872,"BE1-CylPen",7.99933333333333,8,8
"BE1.CylPen",706.95969924812,"BE1-CylPen",7.99933333333333,8,8
"BE1.CylPen",707.974578947368,"BE1-CylPen",7.99933333333333,8,8
"BE1.CylPen",708.989458646617,"BE1-CylPen",7.99933333333333,8,8
"BE1.CylPen",710.004338345865,"BE1-CylPen",7.99933333333333,8,8
"BE1.CylPen",711.019218045113,"BE1-CylPen",7.99933333333333,8,8
"BE1.CylPen",712.034097744361,"BE1-CylPen",7.99933333333333,8,8
"BE1.CylPen",713.048977443609,"BE1-CylPen",7.99933333333333,8,8
"BE1.CylPen",714.063857142857,"BE1-CylPen",7.99933333333333,8,8
"BE1.CylPen",715.078736842105,"BE1-CylPen",7.99933333333333,8,8
"BE1.CylPen",716.093616541353,"BE1-CylPen",7.99933333333333,8,8
"BE1.CylPen",717.108496240602,"BE1-CylPen",7.99933333333333,8,8
"BE1.CylPen",718.12337593985,"BE1-CylPen",7.99933333333333,8,8
"BE1.CylPen",719.138255639098,"BE1-CylPen",7.99933333333333,8,8
"BE1.CylPen",720.153135338346,"BE1-CylPen",7.99933333333333,8,8
"BE1.CylPen",721.168015037594,"BE1-CylPen",7.99933333333333,8,8
"BE1.CylPen",722.182894736842,"BE1-CylPen",7.99933333333333,8,8
"BE1.CylPen",723.19777443609,"BE1-CylPen",7.99933333333333,8,8
"BE1.CylPen",724.212654135338,"BE1-CylPen",7.99933333333333,8,8
"BE1.CylPen",725.227533834586,"BE1-CylPen",7.99933333333333,8,8
"BE1.CylPen",726.242413533835,"BE1-CylPen",7.99933333333333,8,8
"BE1.CylPen",727.257293233083,"BE1-CylPen",7.99933333333333,8,8
"BE1.CylPen",728.272172932331,"BE1-CylPen",7.99933333333333,8,8
"BE1.CylPen",729.287052631579,"BE1-CylPen",7.99933333333333,8,8
"BE1.CylPen",730.301932330827,"BE1-CylPen",7.99933333333333,8,8
"BE1.CylPen",731.316812030075,"BE1-CylPen",7.99933333333333,8,8
"BE1.CylPen",732.331691729323,"BE1-CylPen",7.99933333333333,8,8
"BE1.CylPen",733.346571428571,"BE1-CylPen",7.99933333333333,8,8
"BE1.CylPen",734.36145112782,"BE1-CylPen",7.99933333333333,8,8
"BE1.CylPen",735.376330827068,"BE1-CylPen",7.99933333333333,8,8
"BE1.CylPen",736.391210526316,"BE1-CylPen",7.99933333333333,8,8
"BE1.CylPen",737.406090225564,"BE1-CylPen",7.99933333333333,8,8
"BE1.CylPen",738.420969924812,"BE1-CylPen",7.99933333333333,8,8
"BE1.CylPen",739.43584962406,"BE1-CylPen",7.99933333333333,8,8
"BE1.CylPen",740.450729323308,"BE1-CylPen",7.99933333333333,8,8
"BE1.CylPen",741.465609022556,"BE1-CylPen",7.99933333333333,8,8
"BE1.CylPen",742.480488721805,"BE1-CylPen",7.99933333333333,8,8
"BE1.CylPen",743.495368421053,"BE1-CylPen",7.99933333333333,8,8
"BE1.CylPen",744.510248120301,"BE1-CylPen",7.99933333333333,8,8
"BE1.CylPen",745.525127819549,"BE1-CylPen",7.99933333333333,8,8
"BE1.CylPen",746.540007518797,"BE1-CylPen",7.99933333333333,8,8
"BE1.CylPen",747.554887218045,"BE1-CylPen",7.99933333333333,8,8
"BE1.CylPen",748.569766917293,"BE1-CylPen",7.99933333333333,8,8
"BE1.CylPen",749.584646616541,"BE1-CylPen",7.99933333333333,8,8
"BE1.CylPen",750.599526315789,"BE1-CylPen",7.99933333333333,8,8
"BE1.CylPen",751.614406015038,"BE1-CylPen",7.99933333333333,8,8
"BE1.CylPen",752.629285714286,"BE1-CylPen",7.99933333333333,8,8
"BE1.CylPen",753.644165413534,"BE1-CylPen",7.99933333333333,8,8
"BE1.CylPen",754.659045112782,"BE1-CylPen",7.9995,8,8
"BE1.CylPen",755.67392481203,"BE1-CylPen",7.9995,8,8
"BE1.CylPen",756.688804511278,"BE1-CylPen",7.9995,8,8
"BE1.CylPen",757.703684210526,"BE1-CylPen",7.9995,8,8
"BE1.CylPen",758.718563909775,"BE1-CylPen",7.9995,8,8
"BE1.CylPen",759.733443609023,"BE1-CylPen",7.99966666666667,8,8
"BE1.CylPen",760.748323308271,"BE1-CylPen",7.99966666666667,8,8
"BE1.CylPen",761.763203007519,"BE1-CylPen",7.99966666666667,8,8
"BE1.CylPen",762.778082706767,"BE1-CylPen",7.99966666666667,8,8
"BE1.CylPen",763.792962406015,"BE1-CylPen",7.99966666666667,8,8
"BE1.CylPen",764.807842105263,"BE1-CylPen",7.99966666666667,8,8
"BE1.CylPen",765.822721804511,"BE1-CylPen",7.99966666666667,8,8
"BE1.CylPen",766.83760150376,"BE1-CylPen",7.99966666666667,8,8
"BE1.CylPen",767.852481203008,"BE1-CylPen",7.99966666666667,8,8
"BE1.CylPen",768.867360902256,"BE1-CylPen",7.99983333333333,8,8
"BE1.CylPen",769.882240601504,"BE1-CylPen",7.99983333333333,8,8
"BE1.CylPen",770.897120300752,"BE1-CylPen",7.99983333333333,8,8
"BE1.CylPen",771.912,"BE1-CylPen",8,8,8
"BE1.Koch34Wh",260.21,"BE1-Koch34Wh",0.000166666666666667,0,0
"BE1.Koch34Wh",260.89318024032,"BE1-Koch34Wh",0.000166666666666667,0,0
"BE1.Koch34Wh",261.576360480641,"BE1-Koch34Wh",0.000166666666666667,0,0
"BE1.Koch34Wh",262.259540720961,"BE1-Koch34Wh",0.000166666666666667,0,0
"BE1.Koch34Wh",262.942720961282,"BE1-Koch34Wh",0.000166666666666667,0,0
"BE1.Koch34Wh",263.625901201602,"BE1-Koch34Wh",0.000166666666666667,0,0
"BE1.Koch34Wh",264.309081441923,"BE1-Koch34Wh",0.000166666666666667,0,0
"BE1.Koch34Wh",264.992261682243,"BE1-Koch34Wh",0.000166666666666667,0,0
"BE1.Koch34Wh",265.675441922563,"BE1-Koch34Wh",0.000166666666666667,0,0
"BE1.Koch34Wh",266.358622162884,"BE1-Koch34Wh",0.000166666666666667,0,0
"BE1.Koch34Wh",267.041802403204,"BE1-Koch34Wh",0.000166666666666667,0,0
"BE1.Koch34Wh",267.724982643525,"BE1-Koch34Wh",0.000166666666666667,0,0
"BE1.Koch34Wh",268.408162883845,"BE1-Koch34Wh",0.000166666666666667,0,0
"BE1.Koch34Wh",269.091343124166,"BE1-Koch34Wh",0.000166666666666667,0,0
"BE1.Koch34Wh",269.774523364486,"BE1-Koch34Wh",0.000333333333333333,0,0
"BE1.Koch34Wh",270.457703604806,"BE1-Koch34Wh",5e-04,0,0
"BE1.Koch34Wh",271.140883845127,"BE1-Koch34Wh",5e-04,0,0
"BE1.Koch34Wh",271.824064085447,"BE1-Koch34Wh",5e-04,0,0
"BE1.Koch34Wh",272.507244325768,"BE1-Koch34Wh",5e-04,0,0
"BE1.Koch34Wh",273.190424566088,"BE1-Koch34Wh",5e-04,0,0
"BE1.Koch34Wh",273.873604806409,"BE1-Koch34Wh",5e-04,0,0
"BE1.Koch34Wh",274.556785046729,"BE1-Koch34Wh",5e-04,0,0
"BE1.Koch34Wh",275.239965287049,"BE1-Koch34Wh",5e-04,0,0
"BE1.Koch34Wh",275.92314552737,"BE1-Koch34Wh",5e-04,0,0
"BE1.Koch34Wh",276.60632576769,"BE1-Koch34Wh",5e-04,0,0
"BE1.Koch34Wh",277.289506008011,"BE1-Koch34Wh",5e-04,0,0
"BE1.Koch34Wh",277.972686248331,"BE1-Koch34Wh",5e-04,0,0
"BE1.Koch34Wh",278.655866488651,"BE1-Koch34Wh",5e-04,0,0
"BE1.Koch34Wh",279.339046728972,"BE1-Koch34Wh",5e-04,0,0
"BE1.Koch34Wh",280.022226969292,"BE1-Koch34Wh",5e-04,0,0
"BE1.Koch34Wh",280.705407209613,"BE1-Koch34Wh",5e-04,0,0
"BE1.Koch34Wh",281.388587449933,"BE1-Koch34Wh",5e-04,0,0
"BE1.Koch34Wh",282.071767690254,"BE1-Koch34Wh",5e-04,0,0
"BE1.Koch34Wh",282.754947930574,"BE1-Koch34Wh",5e-04,0,0
"BE1.Koch34Wh",283.438128170895,"BE1-Koch34Wh",5e-04,0,0
"BE1.Koch34Wh",284.121308411215,"BE1-Koch34Wh",5e-04,0,0
"BE1.Koch34Wh",284.804488651535,"BE1-Koch34Wh",5e-04,0,0
"BE1.Koch34Wh",285.487668891856,"BE1-Koch34Wh",5e-04,0,0
"BE1.Koch34Wh",286.170849132176,"BE1-Koch34Wh",5e-04,0,0
"BE1.Koch34Wh",286.854029372497,"BE1-Koch34Wh",5e-04,0,0
"BE1.Koch34Wh",287.537209612817,"BE1-Koch34Wh",5e-04,0,0
"BE1.Koch34Wh",288.220389853137,"BE1-Koch34Wh",5e-04,0,0
"BE1.Koch34Wh",288.903570093458,"BE1-Koch34Wh",5e-04,0,0
"BE1.Koch34Wh",289.586750333778,"BE1-Koch34Wh",5e-04,0,0
"BE1.Koch34Wh",290.269930574099,"BE1-Koch34Wh",5e-04,0,0
"BE1.Koch34Wh",290.953110814419,"BE1-Koch34Wh",5e-04,0,0
"BE1.Koch34Wh",291.63629105474,"BE1-Koch34Wh",5e-04,0,0
"BE1.Koch34Wh",292.31947129506,"BE1-Koch34Wh",5e-04,0,0
"BE1.Koch34Wh",293.00265153538,"BE1-Koch34Wh",5e-04,0,0
"BE1.Koch34Wh",293.685831775701,"BE1-Koch34Wh",5e-04,0,0
"BE1.Koch34Wh",294.369012016021,"BE1-Koch34Wh",5e-04,0,0
"BE1.Koch34Wh",295.052192256342,"BE1-Koch34Wh",5e-04,0,0
"BE1.Koch34Wh",295.735372496662,"BE1-Koch34Wh",5e-04,0,0
"BE1.Koch34Wh",296.418552736983,"BE1-Koch34Wh",5e-04,0,0
"BE1.Koch34Wh",297.101732977303,"BE1-Koch34Wh",5e-04,0,0
"BE1.Koch34Wh",297.784913217624,"BE1-Koch34Wh",5e-04,0,0
"BE1.Koch34Wh",298.468093457944,"BE1-Koch34Wh",5e-04,0,0
"BE1.Koch34Wh",299.151273698264,"BE1-Koch34Wh",5e-04,0,0
"BE1.Koch34Wh",299.834453938585,"BE1-Koch34Wh",5e-04,0,0
"BE1.Koch34Wh",300.517634178905,"BE1-Koch34Wh",5e-04,0,0
"BE1.Koch34Wh",301.200814419226,"BE1-Koch34Wh",5e-04,0,0
"BE1.Koch34Wh",301.883994659546,"BE1-Koch34Wh",5e-04,0,0
"BE1.Koch34Wh",302.567174899866,"BE1-Koch34Wh",5e-04,0,0
"BE1.Koch34Wh",303.250355140187,"BE1-Koch34Wh",5e-04,0,0
"BE1.Koch34Wh",303.933535380507,"BE1-Koch34Wh",5e-04,0,0
"BE1.Koch34Wh",304.616715620828,"BE1-Koch34Wh",5e-04,0,0
"BE1.Koch34Wh",305.299895861148,"BE1-Koch34Wh",5e-04,0,0
"BE1.Koch34Wh",305.983076101469,"BE1-Koch34Wh",5e-04,0,0
"BE1.Koch34Wh",306.666256341789,"BE1-Koch34Wh",5e-04,0,0
"BE1.Koch34Wh",307.349436582109,"BE1-Koch34Wh",5e-04,0,0
"BE1.Koch34Wh",308.03261682243,"BE1-Koch34Wh",5e-04,0,0
"BE1.Koch34Wh",308.71579706275,"BE1-Koch34Wh",5e-04,0,0
"BE1.Koch34Wh",309.398977303071,"BE1-Koch34Wh",5e-04,0,0
"BE1.Koch34Wh",310.082157543391,"BE1-Koch34Wh",5e-04,0,0
"BE1.Koch34Wh",310.765337783712,"BE1-Koch34Wh",5e-04,0,0
"BE1.Koch34Wh",311.448518024032,"BE1-Koch34Wh",5e-04,0,0
"BE1.Koch34Wh",312.131698264352,"BE1-Koch34Wh",5e-04,0,0
"BE1.Koch34Wh",312.814878504673,"BE1-Koch34Wh",5e-04,0,0
"BE1.Koch34Wh",313.498058744993,"BE1-Koch34Wh",5e-04,0,0
"BE1.Koch34Wh",314.181238985314,"BE1-Koch34Wh",5e-04,0,0
"BE1.Koch34Wh",314.864419225634,"BE1-Koch34Wh",5e-04,0,0
"BE1.Koch34Wh",315.547599465955,"BE1-Koch34Wh",5e-04,0,0
"BE1.Koch34Wh",316.230779706275,"BE1-Koch34Wh",5e-04,0,0
"BE1.Koch34Wh",316.913959946595,"BE1-Koch34Wh",5e-04,0,0
"BE1.Koch34Wh",317.597140186916,"BE1-Koch34Wh",5e-04,0,0
"BE1.Koch34Wh",318.280320427236,"BE1-Koch34Wh",5e-04,0,0
"BE1.Koch34Wh",318.963500667557,"BE1-Koch34Wh",5e-04,0,0
"BE1.Koch34Wh",319.646680907877,"BE1-Koch34Wh",5e-04,0,0
"BE1.Koch34Wh",320.329861148198,"BE1-Koch34Wh",5e-04,0,0
"BE1.Koch34Wh",321.013041388518,"BE1-Koch34Wh",5e-04,0,0
"BE1.Koch34Wh",321.696221628838,"BE1-Koch34Wh",5e-04,0,0
"BE1.Koch34Wh",322.379401869159,"BE1-Koch34Wh",5e-04,0,0
"BE1.Koch34Wh",323.062582109479,"BE1-Koch34Wh",5e-04,0,0
"BE1.Koch34Wh",323.7457623498,"BE1-Koch34Wh",5e-04,0,0
"BE1.Koch34Wh",324.42894259012,"BE1-Koch34Wh",5e-04,0,0
"BE1.Koch34Wh",325.112122830441,"BE1-Koch34Wh",5e-04,0,0
"BE1.Koch34Wh",325.795303070761,"BE1-Koch34Wh",5e-04,0,0
"BE1.Koch34Wh",326.478483311081,"BE1-Koch34Wh",5e-04,0,0
"BE1.Koch34Wh",327.161663551402,"BE1-Koch34Wh",5e-04,0,0
"BE1.Koch34Wh",327.844843791722,"BE1-Koch34Wh",5e-04,0,0
"BE1.Koch34Wh",328.528024032043,"BE1-Koch34Wh",5e-04,0,0
"BE1.Koch34Wh",329.211204272363,"BE1-Koch34Wh",5e-04,0,0
"BE1.Koch34Wh",329.894384512684,"BE1-Koch34Wh",5e-04,0,0
"BE1.Koch34Wh",330.577564753004,"BE1-Koch34Wh",5e-04,0,0
"BE1.Koch34Wh",331.260744993324,"BE1-Koch34Wh",5e-04,0,0
"BE1.Koch34Wh",331.943925233645,"BE1-Koch34Wh",5e-04,0,0
"BE1.Koch34Wh",332.627105473965,"BE1-Koch34Wh",5e-04,0,0
"BE1.Koch34Wh",333.310285714286,"BE1-Koch34Wh",5e-04,0,0
"BE1.Koch34Wh",333.993465954606,"BE1-Koch34Wh",5e-04,0,0
"BE1.Koch34Wh",334.676646194927,"BE1-Koch34Wh",5e-04,0,0
"BE1.Koch34Wh",335.359826435247,"BE1-Koch34Wh",5e-04,0,0
"BE1.Koch34Wh",336.043006675567,"BE1-Koch34Wh",5e-04,0,0
"BE1.Koch34Wh",336.726186915888,"BE1-Koch34Wh",5e-04,0,0
"BE1.Koch34Wh",337.409367156208,"BE1-Koch34Wh",5e-04,0,0
"BE1.Koch34Wh",338.092547396529,"BE1-Koch34Wh",5e-04,0,0
"BE1.Koch34Wh",338.775727636849,"BE1-Koch34Wh",5e-04,0,0
"BE1.Koch34Wh",339.45890787717,"BE1-Koch34Wh",5e-04,0,0
"BE1.Koch34Wh",340.14208811749,"BE1-Koch34Wh",5e-04,0,0
"BE1.Koch34Wh",340.82526835781,"BE1-Koch34Wh",5e-04,0,0
"BE1.Koch34Wh",341.508448598131,"BE1-Koch34Wh",5e-04,0,0
"BE1.Koch34Wh",342.191628838451,"BE1-Koch34Wh",5e-04,0,0
"BE1.Koch34Wh",342.874809078772,"BE1-Koch34Wh",5e-04,0,0
"BE1.Koch34Wh",343.557989319092,"BE1-Koch34Wh",5e-04,0,0
"BE1.Koch34Wh",344.241169559413,"BE1-Koch34Wh",5e-04,0,0
"BE1.Koch34Wh",344.924349799733,"BE1-Koch34Wh",5e-04,0,0
"BE1.Koch34Wh",345.607530040053,"BE1-Koch34Wh",5e-04,0,0
"BE1.Koch34Wh",346.290710280374,"BE1-Koch34Wh",5e-04,0,0
"BE1.Koch34Wh",346.973890520694,"BE1-Koch34Wh",5e-04,0,0
"BE1.Koch34Wh",347.657070761015,"BE1-Koch34Wh",5e-04,0,0
"BE1.Koch34Wh",348.340251001335,"BE1-Koch34Wh",5e-04,0,0
"BE1.Koch34Wh",349.023431241656,"BE1-Koch34Wh",5e-04,0,0
"BE1.Koch34Wh",349.706611481976,"BE1-Koch34Wh",5e-04,0,0
"BE1.Koch34Wh",350.389791722296,"BE1-Koch34Wh",5e-04,0,0
"BE1.Koch34Wh",351.072971962617,"BE1-Koch34Wh",0.000666666666666667,0,0
"BE1.Koch34Wh",351.756152202937,"BE1-Koch34Wh",0.000666666666666667,0,0
"BE1.Koch34Wh",352.439332443258,"BE1-Koch34Wh",0.000666666666666667,0,0
"BE1.Koch34Wh",353.122512683578,"BE1-Koch34Wh",0.000833333333333333,0,0
"BE1.Koch34Wh",353.805692923899,"BE1-Koch34Wh",0.000833333333333333,0,0
"BE1.Koch34Wh",354.488873164219,"BE1-Koch34Wh",0.000833333333333333,0,0
"BE1.Koch34Wh",355.172053404539,"BE1-Koch34Wh",0.000833333333333333,0,0
"BE1.Koch34Wh",355.85523364486,"BE1-Koch34Wh",0.000833333333333333,0,0
"BE1.Koch34Wh",356.53841388518,"BE1-Koch34Wh",0.000833333333333333,0,0
"BE1.Koch34Wh",357.221594125501,"BE1-Koch34Wh",0.000833333333333333,0,0
"BE1.Koch34Wh",357.904774365821,"BE1-Koch34Wh",0.000833333333333333,0,0
"BE1.Koch34Wh",358.587954606142,"BE1-Koch34Wh",0.000833333333333333,0,0
"BE1.Koch34Wh",359.271134846462,"BE1-Koch34Wh",0.000833333333333333,0,0
"BE1.Koch34Wh",359.954315086782,"BE1-Koch34Wh",0.000833333333333333,0,0
"BE1.Koch34Wh",360.637495327103,"BE1-Koch34Wh",0.000833333333333333,0,0
"BE1.Koch34Wh",361.320675567423,"BE1-Koch34Wh",0.000833333333333333,0,0
"BE1.Koch34Wh",362.003855807744,"BE1-Koch34Wh",0.000833333333333333,0,0
"BE1.Koch34Wh",362.687036048064,"BE1-Koch34Wh",0.000833333333333333,0,0
"BE1.Koch34Wh",363.370216288385,"BE1-Koch34Wh",0.000833333333333333,0,0
"BE1.Koch34Wh",364.053396528705,"BE1-Koch34Wh",0.000833333333333333,0,0
"BE1.Koch34Wh",364.736576769025,"BE1-Koch34Wh",0.000833333333333333,0,0
"BE1.Koch34Wh",365.419757009346,"BE1-Koch34Wh",0.000833333333333333,0,0
"BE1.Koch34Wh",366.102937249666,"BE1-Koch34Wh",0.000833333333333333,0,0
"BE1.Koch34Wh",366.786117489987,"BE1-Koch34Wh",0.000833333333333333,0,0
"BE1.Koch34Wh",367.469297730307,"BE1-Koch34Wh",0.000833333333333333,0,0
"BE1.Koch34Wh",368.152477970628,"BE1-Koch34Wh",0.000833333333333333,0,0
"BE1.Koch34Wh",368.835658210948,"BE1-Koch34Wh",0.000833333333333333,0,0
"BE1.Koch34Wh",369.518838451268,"BE1-Koch34Wh",0.000833333333333333,0,0
"BE1.Koch34Wh",370.202018691589,"BE1-Koch34Wh",0.000833333333333333,0,0
"BE1.Koch34Wh",370.885198931909,"BE1-Koch34Wh",0.001,0,0
"BE1.Koch34Wh",371.56837917223,"BE1-Koch34Wh",0.001,0,0
"BE1.Koch34Wh",372.25155941255,"BE1-Koch34Wh",0.001,0,0
"BE1.Koch34Wh",372.93473965287,"BE1-Koch34Wh",0.001,0,0
"BE1.Koch34Wh",373.617919893191,"BE1-Koch34Wh",0.001,0,0
"BE1.Koch34Wh",374.301100133511,"BE1-Koch34Wh",0.001,0,0
"BE1.Koch34Wh",374.984280373832,"BE1-Koch34Wh",0.001,0,0
"BE1.Koch34Wh",375.667460614152,"BE1-Koch34Wh",0.001,0,0
"BE1.Koch34Wh",376.350640854473,"BE1-Koch34Wh",0.001,0,0
"BE1.Koch34Wh",377.033821094793,"BE1-Koch34Wh",0.001,0,0
"BE1.Koch34Wh",377.717001335113,"BE1-Koch34Wh",0.001,0,0
"BE1.Koch34Wh",378.400181575434,"BE1-Koch34Wh",0.001,0,0
"BE1.Koch34Wh",379.083361815754,"BE1-Koch34Wh",0.001,0,0
"BE1.Koch34Wh",379.766542056075,"BE1-Koch34Wh",0.001,0,0
"BE1.Koch34Wh",380.449722296395,"BE1-Koch34Wh",0.001,0,0
"BE1.Koch34Wh",381.132902536716,"BE1-Koch34Wh",0.001,0,0
"BE1.Koch34Wh",381.816082777036,"BE1-Koch34Wh",0.001,0,0
"BE1.Koch34Wh",382.499263017356,"BE1-Koch34Wh",0.001,0,0
"BE1.Koch34Wh",383.182443257677,"BE1-Koch34Wh",0.001,0,0
"BE1.Koch34Wh",383.865623497997,"BE1-Koch34Wh",0.001,0,0
"BE1.Koch34Wh",384.548803738318,"BE1-Koch34Wh",0.001,0,0
"BE1.Koch34Wh",385.231983978638,"BE1-Koch34Wh",0.001,0,0
"BE1.Koch34Wh",385.915164218959,"BE1-Koch34Wh",0.001,0,0
"BE1.Koch34Wh",386.598344459279,"BE1-Koch34Wh",0.001,0,0
"BE1.Koch34Wh",387.281524699599,"BE1-Koch34Wh",0.00116666666666667,0,0
"BE1.Koch34Wh",387.96470493992,"BE1-Koch34Wh",0.00116666666666667,0,0
"BE1.Koch34Wh",388.64788518024,"BE1-Koch34Wh",0.00116666666666667,0,0
"BE1.Koch34Wh",389.331065420561,"BE1-Koch34Wh",0.00116666666666667,0,0
"BE1.Koch34Wh",390.014245660881,"BE1-Koch34Wh",0.00116666666666667,0,0
"BE1.Koch34Wh",390.697425901202,"BE1-Koch34Wh",0.00116666666666667,0,0
"BE1.Koch34Wh",391.380606141522,"BE1-Koch34Wh",0.00116666666666667,0,0
"BE1.Koch34Wh",392.063786381842,"BE1-Koch34Wh",0.00116666666666667,0,0
"BE1.Koch34Wh",392.746966622163,"BE1-Koch34Wh",0.00116666666666667,0,0
"BE1.Koch34Wh",393.430146862483,"BE1-Koch34Wh",0.00116666666666667,0,0
"BE1.Koch34Wh",394.113327102804,"BE1-Koch34Wh",0.00116666666666667,0,0
"BE1.Koch34Wh",394.796507343124,"BE1-Koch34Wh",0.00116666666666667,0,0
"BE1.Koch34Wh",395.479687583445,"BE1-Koch34Wh",0.00116666666666667,0,0
"BE1.Koch34Wh",396.162867823765,"BE1-Koch34Wh",0.00116666666666667,0,0
"BE1.Koch34Wh",396.846048064085,"BE1-Koch34Wh",0.00116666666666667,0,0
"BE1.Koch34Wh",397.529228304406,"BE1-Koch34Wh",0.00116666666666667,0,0
"BE1.Koch34Wh",398.212408544726,"BE1-Koch34Wh",0.00116666666666667,0,0
"BE1.Koch34Wh",398.895588785047,"BE1-Koch34Wh",0.00116666666666667,0,0
"BE1.Koch34Wh",399.578769025367,"BE1-Koch34Wh",0.00116666666666667,0,0
"BE1.Koch34Wh",400.261949265688,"BE1-Koch34Wh",0.00116666666666667,0,0
"BE1.Koch34Wh",400.945129506008,"BE1-Koch34Wh",0.00116666666666667,0,0
"BE1.Koch34Wh",401.628309746328,"BE1-Koch34Wh",0.00116666666666667,0,0
"BE1.Koch34Wh",402.311489986649,"BE1-Koch34Wh",0.00116666666666667,0,0
"BE1.Koch34Wh",402.994670226969,"BE1-Koch34Wh",0.0015,0,0
"BE1.Koch34Wh",403.67785046729,"BE1-Koch34Wh",0.00166666666666667,0,0
"BE1.Koch34Wh",404.36103070761,"BE1-Koch34Wh",0.00216666666666667,0,0
"BE1.Koch34Wh",405.044210947931,"BE1-Koch34Wh",0.00216666666666667,0,0
"BE1.Koch34Wh",405.727391188251,"BE1-Koch34Wh",0.00266666666666667,0,0
"BE1.Koch34Wh",406.410571428571,"BE1-Koch34Wh",0.00266666666666667,0,0
"BE1.Koch34Wh",407.093751668892,"BE1-Koch34Wh",0.003,0,0
"BE1.Koch34Wh",407.776931909212,"BE1-Koch34Wh",0.00316666666666667,0,0
"BE1.Koch34Wh",408.460112149533,"BE1-Koch34Wh",0.00316666666666667,0,0
"BE1.Koch34Wh",409.143292389853,"BE1-Koch34Wh",0.00316666666666667,0,0
"BE1.Koch34Wh",409.826472630174,"BE1-Koch34Wh",0.0035,0,0
"BE1.Koch34Wh",410.509652870494,"BE1-Koch34Wh",0.004,0,0
"BE1.Koch34Wh",411.192833110814,"BE1-Koch34Wh",0.00466666666666667,0,0
"BE1.Koch34Wh",411.876013351135,"BE1-Koch34Wh",0.00533333333333333,0,0
"BE1.Koch34Wh",412.559193591455,"BE1-Koch34Wh",0.006,0,0
"BE1.Koch34Wh",413.242373831776,"BE1-Koch34Wh",0.00633333333333333,0,0
"BE1.Koch34Wh",413.925554072096,"BE1-Koch34Wh",0.0065,0,0
"BE1.Koch34Wh",414.608734312417,"BE1-Koch34Wh",0.00816666666666667,0,0
"BE1.Koch34Wh",415.291914552737,"BE1-Koch34Wh",0.00933333333333333,0,0
"BE1.Koch34Wh",415.975094793057,"BE1-Koch34Wh",0.0118333333333333,0,0
"BE1.Koch34Wh",416.658275033378,"BE1-Koch34Wh",0.014,0,0
"BE1.Koch34Wh",417.341455273698,"BE1-Koch34Wh",0.0171666666666667,0,0
"BE1.Koch34Wh",418.024635514019,"BE1-Koch34Wh",0.02,0,0
"BE1.Koch34Wh",418.707815754339,"BE1-Koch34Wh",0.0226666666666667,0,0
"BE1.Koch34Wh",419.39099599466,"BE1-Koch34Wh",0.0268333333333333,0,0
"BE1.Koch34Wh",420.07417623498,"BE1-Koch34Wh",0.0313333333333333,0,0
"BE1.Koch34Wh",420.7573564753,"BE1-Koch34Wh",0.0356666666666667,0,0
"BE1.Koch34Wh",421.440536715621,"BE1-Koch34Wh",0.0421666666666667,0,0
"BE1.Koch34Wh",422.123716955941,"BE1-Koch34Wh",0.0491666666666667,0,0
"BE1.Koch34Wh",422.806897196262,"BE1-Koch34Wh",0.0558333333333333,0,1
"BE1.Koch34Wh",423.490077436582,"BE1-Koch34Wh",0.066,0,1
"BE1.Koch34Wh",424.173257676903,"BE1-Koch34Wh",0.075,0,1
"BE1.Koch34Wh",424.856437917223,"BE1-Koch34Wh",0.0843333333333333,0,1
"BE1.Koch34Wh",425.539618157543,"BE1-Koch34Wh",0.0935,0,1
"BE1.Koch34Wh",426.222798397864,"BE1-Koch34Wh",0.105166666666667,0,1
"BE1.Koch34Wh",426.905978638184,"BE1-Koch34Wh",0.1135,0,1
"BE1.Koch34Wh",427.589158878505,"BE1-Koch34Wh",0.122666666666667,0,1
"BE1.Koch34Wh",428.272339118825,"BE1-Koch34Wh",0.132,0,1
"BE1.Koch34Wh",428.955519359146,"BE1-Koch34Wh",0.142833333333333,0,1
"BE1.Koch34Wh",429.638699599466,"BE1-Koch34Wh",0.154666666666667,0,1
"BE1.Koch34Wh",430.321879839786,"BE1-Koch34Wh",0.1655,0,1
"BE1.Koch34Wh",431.005060080107,"BE1-Koch34Wh",0.176333333333333,0,1
"BE1.Koch34Wh",431.688240320427,"BE1-Koch34Wh",0.191166666666667,0,1
"BE1.Koch34Wh",432.371420560748,"BE1-Koch34Wh",0.204333333333333,0,1
"BE1.Koch34Wh",433.054600801068,"BE1-Koch34Wh",0.2205,0,1
"BE1.Koch34Wh",433.737781041389,"BE1-Koch34Wh",0.237,0,1
"BE1.Koch34Wh",434.420961281709,"BE1-Koch34Wh",0.254,0,1
"BE1.Koch34Wh",435.104141522029,"BE1-Koch34Wh",0.270833333333333,0,1
"BE1.Koch34Wh",435.78732176235,"BE1-Koch34Wh",0.288666666666667,0,1
"BE1.Koch34Wh",436.47050200267,"BE1-Koch34Wh",0.308,0,1
"BE1.Koch34Wh",437.153682242991,"BE1-Koch34Wh",0.327166666666667,0,1
"BE1.Koch34Wh",437.836862483311,"BE1-Koch34Wh",0.348666666666667,0,1
"BE1.Koch34Wh",438.520042723631,"BE1-Koch34Wh",0.374833333333333,0,1
"BE1.Koch34Wh",439.203222963952,"BE1-Koch34Wh",0.4005,0,1
"BE1.Koch34Wh",439.886403204272,"BE1-Koch34Wh",0.4295,0,2
"BE1.Koch34Wh",440.569583444593,"BE1-Koch34Wh",0.456333333333333,0,2
"BE1.Koch34Wh",441.252763684913,"BE1-Koch34Wh",0.484833333333333,0,2
"BE1.Koch34Wh",441.935943925234,"BE1-Koch34Wh",0.5155,0,2
"BE1.Koch34Wh",442.619124165554,"BE1-Koch34Wh",0.545166666666667,0,2
"BE1.Koch34Wh",443.302304405875,"BE1-Koch34Wh",0.575666666666667,0,2
"BE1.Koch34Wh",443.985484646195,"BE1-Koch34Wh",0.607833333333333,0,2
"BE1.Koch34Wh",444.668664886515,"BE1-Koch34Wh",0.641166666666667,0,2
"BE1.Koch34Wh",445.351845126836,"BE1-Koch34Wh",0.678,0,2
"BE1.Koch34Wh",446.035025367156,"BE1-Koch34Wh",0.711666666666667,0,2
"BE1.Koch34Wh",446.718205607477,"BE1-Koch34Wh",0.7445,0,2
"BE1.Koch34Wh",447.401385847797,"BE1-Koch34Wh",0.7785,0,2
"BE1.Koch34Wh",448.084566088118,"BE1-Koch34Wh",0.812166666666667,0,2
"BE1.Koch34Wh",448.767746328438,"BE1-Koch34Wh",0.844333333333333,0,2
"BE1.Koch34Wh",449.450926568758,"BE1-Koch34Wh",0.873166666666667,0,2
"BE1.Koch34Wh",450.134106809079,"BE1-Koch34Wh",0.902,0,2
"BE1.Koch34Wh",450.817287049399,"BE1-Koch34Wh",0.9335,0,3
"BE1.Koch34Wh",451.50046728972,"BE1-Koch34Wh",0.967,0,3
"BE1.Koch34Wh",452.18364753004,"BE1-Koch34Wh",0.997833333333333,0,3
"BE1.Koch34Wh",452.86682777036,"BE1-Koch34Wh",1.02816666666667,0,3
"BE1.Koch34Wh",453.550008010681,"BE1-Koch34Wh",1.0575,0,3
"BE1.Koch34Wh",454.233188251001,"BE1-Koch34Wh",1.08616666666667,0,3
"BE1.Koch34Wh",454.916368491322,"BE1-Koch34Wh",1.1155,0,3
"BE1.Koch34Wh",455.599548731642,"BE1-Koch34Wh",1.14633333333333,0,3
"BE1.Koch34Wh",456.282728971963,"BE1-Koch34Wh",1.17666666666667,0,3
"BE1.Koch34Wh",456.965909212283,"BE1-Koch34Wh",1.20333333333333,0,3
"BE1.Koch34Wh",457.649089452603,"BE1-Koch34Wh",1.23316666666667,0,3
"BE1.Koch34Wh",458.332269692924,"BE1-Koch34Wh",1.26016666666667,0,3
"BE1.Koch34Wh",459.015449933244,"BE1-Koch34Wh",1.28933333333333,0,3
"BE1.Koch34Wh",459.698630173565,"BE1-Koch34Wh",1.31716666666667,0,3
"BE1.Koch34Wh",460.381810413885,"BE1-Koch34Wh",1.3455,0,3
"BE1.Koch34Wh",461.064990654206,"BE1-Koch34Wh",1.37583333333333,0,3
"BE1.Koch34Wh",461.748170894526,"BE1-Koch34Wh",1.40083333333333,0,3
"BE1.Koch34Wh",462.431351134846,"BE1-Koch34Wh",1.42783333333333,0,3
"BE1.Koch34Wh",463.114531375167,"BE1-Koch34Wh",1.45066666666667,0,3
"BE1.Koch34Wh",463.797711615487,"BE1-Koch34Wh",1.47166666666667,0,3
"BE1.Koch34Wh",464.480891855808,"BE1-Koch34Wh",1.49283333333333,0,3
"BE1.Koch34Wh",465.164072096128,"BE1-Koch34Wh",1.51383333333333,0,3
"BE1.Koch34Wh",465.847252336449,"BE1-Koch34Wh",1.53533333333333,0,3
"BE1.Koch34Wh",466.530432576769,"BE1-Koch34Wh",1.55266666666667,0,3
"BE1.Koch34Wh",467.213612817089,"BE1-Koch34Wh",1.57083333333333,0,3
"BE1.Koch34Wh",467.89679305741,"BE1-Koch34Wh",1.58766666666667,0,3
"BE1.Koch34Wh",468.57997329773,"BE1-Koch34Wh",1.60166666666667,0,3
"BE1.Koch34Wh",469.263153538051,"BE1-Koch34Wh",1.61966666666667,0,3
"BE1.Koch34Wh",469.946333778371,"BE1-Koch34Wh",1.6355,0,3
"BE1.Koch34Wh",470.629514018692,"BE1-Koch34Wh",1.65,0,3
"BE1.Koch34Wh",471.312694259012,"BE1-Koch34Wh",1.66533333333333,0,3
"BE1.Koch34Wh",471.995874499332,"BE1-Koch34Wh",1.68383333333333,0,3
"BE1.Koch34Wh",472.679054739653,"BE1-Koch34Wh",1.70316666666667,0,4
"BE1.Koch34Wh",473.362234979973,"BE1-Koch34Wh",1.71966666666667,0,4
"BE1.Koch34Wh",474.045415220294,"BE1-Koch34Wh",1.73966666666667,0,4
"BE1.Koch34Wh",474.728595460614,"BE1-Koch34Wh",1.75533333333333,0,4
"BE1.Koch34Wh",475.411775700935,"BE1-Koch34Wh",1.77433333333333,0,4
"BE1.Koch34Wh",476.094955941255,"BE1-Koch34Wh",1.79533333333333,0,4
"BE1.Koch34Wh",476.778136181575,"BE1-Koch34Wh",1.81433333333333,0,4
"BE1.Koch34Wh",477.461316421896,"BE1-Koch34Wh",1.838,0,4
"BE1.Koch34Wh",478.144496662216,"BE1-Koch34Wh",1.86366666666667,0,4
"BE1.Koch34Wh",478.827676902537,"BE1-Koch34Wh",1.89366666666667,0,4
"BE1.Koch34Wh",479.510857142857,"BE1-Koch34Wh",1.92116666666667,0,4
"BE1.Koch34Wh",480.194037383178,"BE1-Koch34Wh",1.95216666666667,0,4
"BE1.Koch34Wh",480.877217623498,"BE1-Koch34Wh",1.985,0,4
"BE1.Koch34Wh",481.560397863818,"BE1-Koch34Wh",2.021,0,4
"BE1.Koch34Wh",482.243578104139,"BE1-Koch34Wh",2.0535,0,4
"BE1.Koch34Wh",482.926758344459,"BE1-Koch34Wh",2.08866666666667,0,4
"BE1.Koch34Wh",483.60993858478,"BE1-Koch34Wh",2.12283333333333,0,4
"BE1.Koch34Wh",484.2931188251,"BE1-Koch34Wh",2.16166666666667,0,4
"BE1.Koch34Wh",484.976299065421,"BE1-Koch34Wh",2.19733333333333,0,4
"BE1.Koch34Wh",485.659479305741,"BE1-Koch34Wh",2.238,0,4
"BE1.Koch34Wh",486.342659546061,"BE1-Koch34Wh",2.27866666666667,0,4
"BE1.Koch34Wh",487.025839786382,"BE1-Koch34Wh",2.31733333333333,0,4
"BE1.Koch34Wh",487.709020026702,"BE1-Koch34Wh",2.35616666666667,0,4
"BE1.Koch34Wh",488.392200267023,"BE1-Koch34Wh",2.39266666666667,0,4
"BE1.Koch34Wh",489.075380507343,"BE1-Koch34Wh",2.43133333333333,0,4
"BE1.Koch34Wh",489.758560747664,"BE1-Koch34Wh",2.47066666666667,0,4
"BE1.Koch34Wh",490.441740987984,"BE1-Koch34Wh",2.5105,0,4
"BE1.Koch34Wh",491.124921228304,"BE1-Koch34Wh",2.54416666666667,0,4
"BE1.Koch34Wh",491.808101468625,"BE1-Koch34Wh",2.5835,1,5
"BE1.Koch34Wh",492.491281708945,"BE1-Koch34Wh",2.61716666666667,1,5
"BE1.Koch34Wh",493.174461949266,"BE1-Koch34Wh",2.6535,1,5
"BE1.Koch34Wh",493.857642189586,"BE1-Koch34Wh",2.68266666666667,1,5
"BE1.Koch34Wh",494.540822429907,"BE1-Koch34Wh",2.71083333333333,1,5
"BE1.Koch34Wh",495.224002670227,"BE1-Koch34Wh",2.743,1,5
"BE1.Koch34Wh",495.907182910547,"BE1-Koch34Wh",2.77383333333333,1,5
"BE1.Koch34Wh",496.590363150868,"BE1-Koch34Wh",2.80633333333333,1,5
"BE1.Koch34Wh",497.273543391188,"BE1-Koch34Wh",2.8305,1,5
"BE1.Koch34Wh",497.956723631509,"BE1-Koch34Wh",2.85916666666667,1,5
"BE1.Koch34Wh",498.639903871829,"BE1-Koch34Wh",2.88033333333333,1,5
"BE1.Koch34Wh",499.32308411215,"BE1-Koch34Wh",2.90333333333333,1,5
"BE1.Koch34Wh",500.00626435247,"BE1-Koch34Wh",2.9255,1,5
"BE1.Koch34Wh",500.68944459279,"BE1-Koch34Wh",2.94833333333333,1,5
"BE1.Koch34Wh",501.372624833111,"BE1-Koch34Wh",2.9665,1,5
"BE1.Koch34Wh",502.055805073431,"BE1-Koch34Wh",2.986,1,5
"BE1.Koch34Wh",502.738985313752,"BE1-Koch34Wh",3.00933333333333,1,5
"BE1.Koch34Wh",503.422165554072,"BE1-Koch34Wh",3.02916666666667,1,5
"BE1.Koch34Wh",504.105345794393,"BE1-Koch34Wh",3.0475,1,5
"BE1.Koch34Wh",504.788526034713,"BE1-Koch34Wh",3.0645,1,5
"BE1.Koch34Wh",505.471706275033,"BE1-Koch34Wh",3.0805,1,5
"BE1.Koch34Wh",506.154886515354,"BE1-Koch34Wh",3.101,1,5
"BE1.Koch34Wh",506.838066755674,"BE1-Koch34Wh",3.1215,1,5
"BE1.Koch34Wh",507.521246995995,"BE1-Koch34Wh",3.1435,1,5
"BE1.Koch34Wh",508.204427236315,"BE1-Koch34Wh",3.16233333333333,1,5
"BE1.Koch34Wh",508.887607476636,"BE1-Koch34Wh",3.18283333333333,1,5
"BE1.Koch34Wh",509.570787716956,"BE1-Koch34Wh",3.20683333333333,1,5
"BE1.Koch34Wh",510.253967957276,"BE1-Koch34Wh",3.23166666666667,1,5
"BE1.Koch34Wh",510.937148197597,"BE1-Koch34Wh",3.25983333333333,1,5
"BE1.Koch34Wh",511.620328437917,"BE1-Koch34Wh",3.283,1,5
"BE1.Koch34Wh",512.303508678238,"BE1-Koch34Wh",3.307,1,5
"BE1.Koch34Wh",512.986688918558,"BE1-Koch34Wh",3.33266666666667,1,5
"BE1.Koch34Wh",513.669869158879,"BE1-Koch34Wh",3.35466666666667,1,5
"BE1.Koch34Wh",514.353049399199,"BE1-Koch34Wh",3.38233333333333,1,5
"BE1.Koch34Wh",515.036229639519,"BE1-Koch34Wh",3.40816666666667,1,5
"BE1.Koch34Wh",515.71940987984,"BE1-Koch34Wh",3.436,1,5
"BE1.Koch34Wh",516.40259012016,"BE1-Koch34Wh",3.46083333333333,1,5
"BE1.Koch34Wh",517.085770360481,"BE1-Koch34Wh",3.48283333333333,1,5
"BE1.Koch34Wh",517.768950600801,"BE1-Koch34Wh",3.50783333333333,1,5
"BE1.Koch34Wh",518.452130841122,"BE1-Koch34Wh",3.5315,1,5
"BE1.Koch34Wh",519.135311081442,"BE1-Koch34Wh",3.5535,1,5
"BE1.Koch34Wh",519.818491321762,"BE1-Koch34Wh",3.57533333333333,1,5
"BE1.Koch34Wh",520.501671562083,"BE1-Koch34Wh",3.59616666666667,1,5
"BE1.Koch34Wh",521.184851802403,"BE1-Koch34Wh",3.61566666666667,1,5
"BE1.Koch34Wh",521.868032042724,"BE1-Koch34Wh",3.63316666666667,1,5
"BE1.Koch34Wh",522.551212283044,"BE1-Koch34Wh",3.6505,1,5
"BE1.Koch34Wh",523.234392523364,"BE1-Koch34Wh",3.66616666666667,1,5
"BE1.Koch34Wh",523.917572763685,"BE1-Koch34Wh",3.68233333333333,1,5
"BE1.Koch34Wh",524.600753004005,"BE1-Koch34Wh",3.69833333333333,1,5
"BE1.Koch34Wh",525.283933244326,"BE1-Koch34Wh",3.7165,2,6
"BE1.Koch34Wh",525.967113484646,"BE1-Koch34Wh",3.73433333333333,2,6
"BE1.Koch34Wh",526.650293724967,"BE1-Koch34Wh",3.75716666666667,2,6
"BE1.Koch34Wh",527.333473965287,"BE1-Koch34Wh",3.77466666666667,2,6
"BE1.Koch34Wh",528.016654205607,"BE1-Koch34Wh",3.79633333333333,2,6
"BE1.Koch34Wh",528.699834445928,"BE1-Koch34Wh",3.817,2,6
"BE1.Koch34Wh",529.383014686248,"BE1-Koch34Wh",3.83883333333333,2,6
"BE1.Koch34Wh",530.066194926569,"BE1-Koch34Wh",3.86233333333333,2,6
"BE1.Koch34Wh",530.749375166889,"BE1-Koch34Wh",3.88516666666667,2,6
"BE1.Koch34Wh",531.43255540721,"BE1-Koch34Wh",3.90883333333333,2,6
"BE1.Koch34Wh",532.11573564753,"BE1-Koch34Wh",3.936,2,6
"BE1.Koch34Wh",532.798915887851,"BE1-Koch34Wh",3.96566666666667,2,6
"BE1.Koch34Wh",533.482096128171,"BE1-Koch34Wh",3.99966666666667,2,6
"BE1.Koch34Wh",534.165276368491,"BE1-Koch34Wh",4.03466666666667,2,6
"BE1.Koch34Wh",534.848456608812,"BE1-Koch34Wh",4.06583333333333,2,6
"BE1.Koch34Wh",535.531636849132,"BE1-Koch34Wh",4.108,2,6
"BE1.Koch34Wh",536.214817089453,"BE1-Koch34Wh",4.147,2,6
"BE1.Koch34Wh",536.897997329773,"BE1-Koch34Wh",4.19083333333333,2,6
"BE1.Koch34Wh",537.581177570093,"BE1-Koch34Wh",4.23316666666667,2,6
"BE1.Koch34Wh",538.264357810414,"BE1-Koch34Wh",4.28366666666667,2,6
"BE1.Koch34Wh",538.947538050734,"BE1-Koch34Wh",4.33633333333333,2,6
"BE1.Koch34Wh",539.630718291055,"BE1-Koch34Wh",4.39216666666667,2,6
"BE1.Koch34Wh",540.313898531375,"BE1-Koch34Wh",4.455,2,6
"BE1.Koch34Wh",540.997078771696,"BE1-Koch34Wh",4.5185,2,6
"BE1.Koch34Wh",541.680259012016,"BE1-Koch34Wh",4.58316666666667,2,6
"BE1.Koch34Wh",542.363439252337,"BE1-Koch34Wh",4.64966666666667,2,6
"BE1.Koch34Wh",543.046619492657,"BE1-Koch34Wh",4.72083333333333,2,6
"BE1.Koch34Wh",543.729799732977,"BE1-Koch34Wh",4.78516666666667,2,6
"BE1.Koch34Wh",544.412979973298,"BE1-Koch34Wh",4.86483333333333,3,7
"BE1.Koch34Wh",545.096160213618,"BE1-Koch34Wh",4.945,3,7
"BE1.Koch34Wh",545.779340453939,"BE1-Koch34Wh",5.0185,3,7
"BE1.Koch34Wh",546.462520694259,"BE1-Koch34Wh",5.09733333333333,3,7
"BE1.Koch34Wh",547.14570093458,"BE1-Koch34Wh",5.1795,3,7
"BE1.Koch34Wh",547.8288811749,"BE1-Koch34Wh",5.25916666666667,3,7
"BE1.Koch34Wh",548.51206141522,"BE1-Koch34Wh",5.3345,3,7
"BE1.Koch34Wh",549.195241655541,"BE1-Koch34Wh",5.411,4,7
"BE1.Koch34Wh",549.878421895861,"BE1-Koch34Wh",5.48783333333333,4,7
"BE1.Koch34Wh",550.561602136182,"BE1-Koch34Wh",5.56733333333333,4,7
"BE1.Koch34Wh",551.244782376502,"BE1-Koch34Wh",5.64316666666667,4,7
"BE1.Koch34Wh",551.927962616822,"BE1-Koch34Wh",5.7225,3,7
"BE1.Koch34Wh",552.611142857143,"BE1-Koch34Wh",5.80633333333333,3,7
"BE1.Koch34Wh",553.294323097463,"BE1-Koch34Wh",5.8855,4,8
"BE1.Koch34Wh",553.977503337784,"BE1-Koch34Wh",5.96333333333333,4,8
"BE1.Koch34Wh",554.660683578104,"BE1-Koch34Wh",6.0425,4,8
"BE1.Koch34Wh",555.343863818425,"BE1-Koch34Wh",6.1225,4,8
"BE1.Koch34Wh",556.027044058745,"BE1-Koch34Wh",6.2025,4,8
"BE1.Koch34Wh",556.710224299065,"BE1-Koch34Wh",6.28183333333333,5,8
"BE1.Koch34Wh",557.393404539386,"BE1-Koch34Wh",6.35933333333333,5,8
"BE1.Koch34Wh",558.076584779706,"BE1-Koch34Wh",6.44066666666667,5,8
"BE1.Koch34Wh",558.759765020027,"BE1-Koch34Wh",6.51666666666667,5,8
"BE1.Koch34Wh",559.442945260347,"BE1-Koch34Wh",6.58916666666667,5,8
"BE1.Koch34Wh",560.126125500668,"BE1-Koch34Wh",6.66983333333333,5,8
"BE1.Koch34Wh",560.809305740988,"BE1-Koch34Wh",6.74583333333333,5,8
"BE1.Koch34Wh",561.492485981308,"BE1-Koch34Wh",6.82116666666667,4,8
"BE1.Koch34Wh",562.175666221629,"BE1-Koch34Wh",6.89533333333333,4,8
"BE1.Koch34Wh",562.858846461949,"BE1-Koch34Wh",6.976,5,9
"BE1.Koch34Wh",563.54202670227,"BE1-Koch34Wh",7.05183333333333,5,9
"BE1.Koch34Wh",564.22520694259,"BE1-Koch34Wh",7.133,5,9
"BE1.Koch34Wh",564.908387182911,"BE1-Koch34Wh",7.2055,6,9
"BE1.Koch34Wh",565.591567423231,"BE1-Koch34Wh",7.27866666666667,6,9
"BE1.Koch34Wh",566.274747663551,"BE1-Koch34Wh",7.357,6,9
"BE1.Koch34Wh",566.957927903872,"BE1-Koch34Wh",7.432,6,9
"BE1.Koch34Wh",567.641108144192,"BE1-Koch34Wh",7.502,6,9
"BE1.Koch34Wh",568.324288384513,"BE1-Koch34Wh",7.5715,6,9
"BE1.Koch34Wh",569.007468624833,"BE1-Koch34Wh",7.63483333333333,6,9
"BE1.Koch34Wh",569.690648865154,"BE1-Koch34Wh",7.70616666666667,6,9
"BE1.Koch34Wh",570.373829105474,"BE1-Koch34Wh",7.77016666666667,6,9
"BE1.Koch34Wh",571.057009345794,"BE1-Koch34Wh",7.84016666666667,6,9
"BE1.Koch34Wh",571.740189586115,"BE1-Koch34Wh",7.9035,6,9
"BE1.Koch34Wh",572.423369826435,"BE1-Koch34Wh",7.97066666666667,5,9
"BE1.Koch34Wh",573.106550066756,"BE1-Koch34Wh",8.033,6,10
"BE1.Koch34Wh",573.789730307076,"BE1-Koch34Wh",8.09816666666667,6,10
"BE1.Koch34Wh",574.472910547397,"BE1-Koch34Wh",8.1635,7,10
"BE1.Koch34Wh",575.156090787717,"BE1-Koch34Wh",8.22916666666667,7,10
"BE1.Koch34Wh",575.839271028037,"BE1-Koch34Wh",8.2965,7,10
"BE1.Koch34Wh",576.522451268358,"BE1-Koch34Wh",8.35766666666667,7,10
"BE1.Koch34Wh",577.205631508678,"BE1-Koch34Wh",8.4185,7,10
"BE1.Koch34Wh",577.888811748999,"BE1-Koch34Wh",8.47983333333333,7,10
"BE1.Koch34Wh",578.571991989319,"BE1-Koch34Wh",8.54183333333333,7,10
"BE1.Koch34Wh",579.25517222964,"BE1-Koch34Wh",8.59883333333333,7,10
"BE1.Koch34Wh",579.93835246996,"BE1-Koch34Wh",8.65483333333333,7,10
"BE1.Koch34Wh",580.62153271028,"BE1-Koch34Wh",8.71833333333333,7,10
"BE1.Koch34Wh",581.304712950601,"BE1-Koch34Wh",8.776,7,10
"BE1.Koch34Wh",581.987893190921,"BE1-Koch34Wh",8.83716666666667,7,10
"BE1.Koch34Wh",582.671073431242,"BE1-Koch34Wh",8.89716666666667,7,10
"BE1.Koch34Wh",583.354253671562,"BE1-Koch34Wh",8.95816666666667,6,10
"BE1.Koch34Wh",584.037433911883,"BE1-Koch34Wh",9.00883333333333,7,11
"BE1.Koch34Wh",584.720614152203,"BE1-Koch34Wh",9.06683333333333,7,11
"BE1.Koch34Wh",585.403794392523,"BE1-Koch34Wh",9.126,8,11
"BE1.Koch34Wh",586.086974632844,"BE1-Koch34Wh",9.18266666666667,8,11
"BE1.Koch34Wh",586.770154873164,"BE1-Koch34Wh",9.2375,8,11
"BE1.Koch34Wh",587.453335113485,"BE1-Koch34Wh",9.29866666666667,8,11
"BE1.Koch34Wh",588.136515353805,"BE1-Koch34Wh",9.35166666666667,8,11
"BE1.Koch34Wh",588.819695594126,"BE1-Koch34Wh",9.40583333333333,8,11
"BE1.Koch34Wh",589.502875834446,"BE1-Koch34Wh",9.4555,8,11
"BE1.Koch34Wh",590.186056074766,"BE1-Koch34Wh",9.51016666666667,8,11
"BE1.Koch34Wh",590.869236315087,"BE1-Koch34Wh",9.56516666666667,8,11
"BE1.Koch34Wh",591.552416555407,"BE1-Koch34Wh",9.62166666666667,8,11
"BE1.Koch34Wh",592.235596795728,"BE1-Koch34Wh",9.67833333333333,8,11
"BE1.Koch34Wh",592.918777036048,"BE1-Koch34Wh",9.72966666666667,8,11
"BE1.Koch34Wh",593.601957276368,"BE1-Koch34Wh",9.77833333333333,8,11
"BE1.Koch34Wh",594.285137516689,"BE1-Koch34Wh",9.83033333333333,8,11
"BE1.Koch34Wh",594.968317757009,"BE1-Koch34Wh",9.8885,8,11
"BE1.Koch34Wh",595.65149799733,"BE1-Koch34Wh",9.93933333333333,8,11
"BE1.Koch34Wh",596.33467823765,"BE1-Koch34Wh",9.98766666666667,8,11
"BE1.Koch34Wh",597.017858477971,"BE1-Koch34Wh",10.0386666666667,8,11
"BE1.Koch34Wh",597.701038718291,"BE1-Koch34Wh",10.091,8,11
"BE1.Koch34Wh",598.384218958612,"BE1-Koch34Wh",10.1406666666667,8,11
"BE1.Koch34Wh",599.067399198932,"BE1-Koch34Wh",10.186,8,11
"BE1.Koch34Wh",599.750579439252,"BE1-Koch34Wh",10.2341666666667,8,11
"BE1.Koch34Wh",600.433759679573,"BE1-Koch34Wh",10.2863333333333,9,12
"BE1.Koch34Wh",601.116939919893,"BE1-Koch34Wh",10.3315,9,12
"BE1.Koch34Wh",601.800120160214,"BE1-Koch34Wh",10.38,9,12
"BE1.Koch34Wh",602.483300400534,"BE1-Koch34Wh",10.4243333333333,9,12
"BE1.Koch34Wh",603.166480640855,"BE1-Koch34Wh",10.4723333333333,9,12
"BE1.Koch34Wh",603.849660881175,"BE1-Koch34Wh",10.521,9,12
"BE1.Koch34Wh",604.532841121495,"BE1-Koch34Wh",10.57,9,12
"BE1.Koch34Wh",605.216021361816,"BE1-Koch34Wh",10.6255,9,12
"BE1.Koch34Wh",605.899201602136,"BE1-Koch34Wh",10.6745,9,12
"BE1.Koch34Wh",606.582381842457,"BE1-Koch34Wh",10.7248333333333,9,12
"BE1.Koch34Wh",607.265562082777,"BE1-Koch34Wh",10.7756666666667,9,12
"BE1.Koch34Wh",607.948742323098,"BE1-Koch34Wh",10.8278333333333,9,12
"BE1.Koch34Wh",608.631922563418,"BE1-Koch34Wh",10.884,9,12
"BE1.Koch34Wh",609.315102803738,"BE1-Koch34Wh",10.9391666666667,9,12
"BE1.Koch34Wh",609.998283044059,"BE1-Koch34Wh",11.0026666666667,10,13
"BE1.Koch34Wh",610.681463284379,"BE1-Koch34Wh",11.0595,10,13
"BE1.Koch34Wh",611.3646435247,"BE1-Koch34Wh",11.1228333333333,10,13
"BE1.Koch34Wh",612.04782376502,"BE1-Koch34Wh",11.1795,10,13
"BE1.Koch34Wh",612.731004005341,"BE1-Koch34Wh",11.2453333333333,10,13
"BE1.Koch34Wh",613.414184245661,"BE1-Koch34Wh",11.3086666666667,10,13
"BE1.Koch34Wh",614.097364485981,"BE1-Koch34Wh",11.3653333333333,10,13
"BE1.Koch34Wh",614.780544726302,"BE1-Koch34Wh",11.4248333333333,10,13
"BE1.Koch34Wh",615.463724966622,"BE1-Koch34Wh",11.4905,10,13
"BE1.Koch34Wh",616.146905206943,"BE1-Koch34Wh",11.5566666666667,10,13
"BE1.Koch34Wh",616.830085447263,"BE1-Koch34Wh",11.6171666666667,9,13
"BE1.Koch34Wh",617.513265687583,"BE1-Koch34Wh",11.683,9,13
"BE1.Koch34Wh",618.196445927904,"BE1-Koch34Wh",11.7466666666667,10,14
"BE1.Koch34Wh",618.879626168224,"BE1-Koch34Wh",11.8073333333333,10,14
"BE1.Koch34Wh",619.562806408545,"BE1-Koch34Wh",11.8675,10,14
"BE1.Koch34Wh",620.245986648865,"BE1-Koch34Wh",11.9268333333333,10,14
"BE1.Koch34Wh",620.929166889186,"BE1-Koch34Wh",11.9838333333333,10,14
"BE1.Koch34Wh",621.612347129506,"BE1-Koch34Wh",12.048,10,14
"BE1.Koch34Wh",622.295527369826,"BE1-Koch34Wh",12.1095,10,14
"BE1.Koch34Wh",622.978707610147,"BE1-Koch34Wh",12.1635,10,14
"BE1.Koch34Wh",623.661887850467,"BE1-Koch34Wh",12.2171666666667,10,14
"BE1.Koch34Wh",624.345068090788,"BE1-Koch34Wh",12.2656666666667,10,14
"BE1.Koch34Wh",625.028248331108,"BE1-Koch34Wh",12.3173333333333,10,14
"BE1.Koch34Wh",625.711428571429,"BE1-Koch34Wh",12.3691666666667,10,14
"BE1.Koch34Wh",626.394608811749,"BE1-Koch34Wh",12.4215,10,14
"BE1.Koch34Wh",627.077789052069,"BE1-Koch34Wh",12.4683333333333,10,14
"BE1.Koch34Wh",627.76096929239,"BE1-Koch34Wh",12.5193333333333,10,14
"BE1.Koch34Wh",628.44414953271,"BE1-Koch34Wh",12.5706666666667,10,14
"BE1.Koch34Wh",629.127329773031,"BE1-Koch34Wh",12.6198333333333,10,14
"BE1.Koch34Wh",629.810510013351,"BE1-Koch34Wh",12.6678333333333,10,14
"BE1.Koch34Wh",630.493690253672,"BE1-Koch34Wh",12.716,11,14
"BE1.Koch34Wh",631.176870493992,"BE1-Koch34Wh",12.7608333333333,11,14
"BE1.Koch34Wh",631.860050734312,"BE1-Koch34Wh",12.8086666666667,11,14
"BE1.Koch34Wh",632.543230974633,"BE1-Koch34Wh",12.862,10,14
"BE1.Koch34Wh",633.226411214953,"BE1-Koch34Wh",12.9088333333333,10,14
"BE1.Koch34Wh",633.909591455274,"BE1-Koch34Wh",12.954,10,14
"BE1.Koch34Wh",634.592771695594,"BE1-Koch34Wh",13.0028333333333,11,15
"BE1.Koch34Wh",635.275951935915,"BE1-Koch34Wh",13.055,11,15
"BE1.Koch34Wh",635.959132176235,"BE1-Koch34Wh",13.1036666666667,12,15
"BE1.Koch34Wh",636.642312416555,"BE1-Koch34Wh",13.1495,12,15
"BE1.Koch34Wh",637.325492656876,"BE1-Koch34Wh",13.2021666666667,12,15
"BE1.Koch34Wh",638.008672897196,"BE1-Koch34Wh",13.2606666666667,12,15
"BE1.Koch34Wh",638.691853137517,"BE1-Koch34Wh",13.3223333333333,12,15
"BE1.Koch34Wh",639.375033377837,"BE1-Koch34Wh",13.3776666666667,12,15
"BE1.Koch34Wh",640.058213618158,"BE1-Koch34Wh",13.4385,12,15
"BE1.Koch34Wh",640.741393858478,"BE1-Koch34Wh",13.4986666666667,12,15
"BE1.Koch34Wh",641.424574098798,"BE1-Koch34Wh",13.5646666666667,12,15
"BE1.Koch34Wh",642.107754339119,"BE1-Koch34Wh",13.6331666666667,12,15
"BE1.Koch34Wh",642.790934579439,"BE1-Koch34Wh",13.7068333333333,12,15
"BE1.Koch34Wh",643.47411481976,"BE1-Koch34Wh",13.7781666666667,12,15
"BE1.Koch34Wh",644.15729506008,"BE1-Koch34Wh",13.8495,13,15
"BE1.Koch34Wh",644.840475300401,"BE1-Koch34Wh",13.9195,13,15
"BE1.Koch34Wh",645.523655540721,"BE1-Koch34Wh",13.9956666666667,13,15
"BE1.Koch34Wh",646.206835781041,"BE1-Koch34Wh",14.0726666666667,13,15
"BE1.Koch34Wh",646.890016021362,"BE1-Koch34Wh",14.1451666666667,13,15
"BE1.Koch34Wh",647.573196261682,"BE1-Koch34Wh",14.2155,13,15
"BE1.Koch34Wh",648.256376502003,"BE1-Koch34Wh",14.285,13,15
"BE1.Koch34Wh",648.939556742323,"BE1-Koch34Wh",14.3466666666667,13,15
"BE1.Koch34Wh",649.622736982644,"BE1-Koch34Wh",14.4141666666667,13,15
"BE1.Koch34Wh",650.305917222964,"BE1-Koch34Wh",14.4725,13,15
"BE1.Koch34Wh",650.989097463284,"BE1-Koch34Wh",14.5361666666667,14,15
"BE1.Koch34Wh",651.672277703605,"BE1-Koch34Wh",14.587,14,15
"BE1.Koch34Wh",652.355457943925,"BE1-Koch34Wh",14.6386666666667,14,15
"BE1.Koch34Wh",653.038638184246,"BE1-Koch34Wh",14.6775,14,15
"BE1.Koch34Wh",653.721818424566,"BE1-Koch34Wh",14.7166666666667,14,15
"BE1.Koch34Wh",654.404998664887,"BE1-Koch34Wh",14.7546666666667,14,15
"BE1.Koch34Wh",655.088178905207,"BE1-Koch34Wh",14.7858333333333,14,15
"BE1.Koch34Wh",655.771359145527,"BE1-Koch34Wh",14.8165,14,15
"BE1.Koch34Wh",656.454539385848,"BE1-Koch34Wh",14.8431666666667,14,15
"BE1.Koch34Wh",657.137719626168,"BE1-Koch34Wh",14.8645,14,15
"BE1.Koch34Wh",657.820899866489,"BE1-Koch34Wh",14.883,14,15
"BE1.Koch34Wh",658.504080106809,"BE1-Koch34Wh",14.9023333333333,14,15
"BE1.Koch34Wh",659.187260347129,"BE1-Koch34Wh",14.9131666666667,14,15
"BE1.Koch34Wh",659.87044058745,"BE1-Koch34Wh",14.925,14,15
"BE1.Koch34Wh",660.55362082777,"BE1-Koch34Wh",14.9325,14,15
"BE1.Koch34Wh",661.236801068091,"BE1-Koch34Wh",14.9391666666667,14,15
"BE1.Koch34Wh",661.919981308411,"BE1-Koch34Wh",14.9463333333333,14,15
"BE1.Koch34Wh",662.603161548732,"BE1-Koch34Wh",14.9523333333333,15,15
"BE1.Koch34Wh",663.286341789052,"BE1-Koch34Wh",14.9576666666667,15,15
"BE1.Koch34Wh",663.969522029372,"BE1-Koch34Wh",14.9608333333333,15,15
"BE1.Koch34Wh",664.652702269693,"BE1-Koch34Wh",14.9633333333333,15,15
"BE1.Koch34Wh",665.335882510013,"BE1-Koch34Wh",14.9668333333333,15,15
"BE1.Koch34Wh",666.019062750334,"BE1-Koch34Wh",14.9691666666667,15,15
"BE1.Koch34Wh",666.702242990654,"BE1-Koch34Wh",14.9716666666667,15,15
"BE1.Koch34Wh",667.385423230975,"BE1-Koch34Wh",14.9726666666667,15,15
"BE1.Koch34Wh",668.068603471295,"BE1-Koch34Wh",14.974,15,15
"BE1.Koch34Wh",668.751783711616,"BE1-Koch34Wh",14.9753333333333,15,15
"BE1.Koch34Wh",669.434963951936,"BE1-Koch34Wh",14.9766666666667,15,15
"BE1.Koch34Wh",670.118144192256,"BE1-Koch34Wh",14.9775,15,15
"BE1.Koch34Wh",670.801324432577,"BE1-Koch34Wh",14.978,15,15
"BE1.Koch34Wh",671.484504672897,"BE1-Koch34Wh",14.9781666666667,15,15
"BE1.Koch34Wh",672.167684913218,"BE1-Koch34Wh",14.9785,15,15
"BE1.Koch34Wh",672.850865153538,"BE1-Koch34Wh",14.9795,15,15
"BE1.Koch34Wh",673.534045393859,"BE1-Koch34Wh",14.9798333333333,15,15
"BE1.Koch34Wh",674.217225634179,"BE1-Koch34Wh",14.98,15,15
"BE1.Koch34Wh",674.900405874499,"BE1-Koch34Wh",14.9808333333333,15,15
"BE1.Koch34Wh",675.58358611482,"BE1-Koch34Wh",14.9815,15,15
"BE1.Koch34Wh",676.26676635514,"BE1-Koch34Wh",14.9816666666667,15,15
"BE1.Koch34Wh",676.949946595461,"BE1-Koch34Wh",14.9816666666667,15,15
"BE1.Koch34Wh",677.633126835781,"BE1-Koch34Wh",14.9823333333333,15,15
"BE1.Koch34Wh",678.316307076102,"BE1-Koch34Wh",14.9826666666667,15,15
"BE1.Koch34Wh",678.999487316422,"BE1-Koch34Wh",14.9831666666667,15,15
"BE1.Koch34Wh",679.682667556742,"BE1-Koch34Wh",14.9833333333333,15,15
"BE1.Koch34Wh",680.365847797063,"BE1-Koch34Wh",14.9833333333333,15,15
"BE1.Koch34Wh",681.049028037383,"BE1-Koch34Wh",14.9838333333333,15,15
"BE1.Koch34Wh",681.732208277704,"BE1-Koch34Wh",14.984,15,15
"BE1.Koch34Wh",682.415388518024,"BE1-Koch34Wh",14.9841666666667,15,15
"BE1.Koch34Wh",683.098568758345,"BE1-Koch34Wh",14.9843333333333,15,15
"BE1.Koch34Wh",683.781748998665,"BE1-Koch34Wh",14.9845,15,15
"BE1.Koch34Wh",684.464929238985,"BE1-Koch34Wh",14.9846666666667,15,15
"BE1.Koch34Wh",685.148109479306,"BE1-Koch34Wh",14.9846666666667,15,15
"BE1.Koch34Wh",685.831289719626,"BE1-Koch34Wh",14.9848333333333,15,15
"BE1.Koch34Wh",686.514469959947,"BE1-Koch34Wh",14.985,15,15
"BE1.Koch34Wh",687.197650200267,"BE1-Koch34Wh",14.9851666666667,15,15
"BE1.Koch34Wh",687.880830440587,"BE1-Koch34Wh",14.9853333333333,15,15
"BE1.Koch34Wh",688.564010680908,"BE1-Koch34Wh",14.9855,15,15
"BE1.Koch34Wh",689.247190921228,"BE1-Koch34Wh",14.9858333333333,15,15
"BE1.Koch34Wh",689.930371161549,"BE1-Koch34Wh",14.9858333333333,15,15
"BE1.Koch34Wh",690.613551401869,"BE1-Koch34Wh",14.9858333333333,15,15
"BE1.Koch34Wh",691.29673164219,"BE1-Koch34Wh",14.9858333333333,15,15
"BE1.Koch34Wh",691.97991188251,"BE1-Koch34Wh",14.986,15,15
"BE1.Koch34Wh",692.66309212283,"BE1-Koch34Wh",14.986,15,15
"BE1.Koch34Wh",693.346272363151,"BE1-Koch34Wh",14.986,15,15
"BE1.Koch34Wh",694.029452603471,"BE1-Koch34Wh",14.9861666666667,15,15
"BE1.Koch34Wh",694.712632843792,"BE1-Koch34Wh",14.9861666666667,15,15
"BE1.Koch34Wh",695.395813084112,"BE1-Koch34Wh",14.9861666666667,15,15
"BE1.Koch34Wh",696.078993324433,"BE1-Koch34Wh",14.9861666666667,15,15
"BE1.Koch34Wh",696.762173564753,"BE1-Koch34Wh",14.9865,15,15
"BE1.Koch34Wh",697.445353805073,"BE1-Koch34Wh",14.9865,15,15
"BE1.Koch34Wh",698.128534045394,"BE1-Koch34Wh",14.9865,15,15
"BE1.Koch34Wh",698.811714285714,"BE1-Koch34Wh",14.9865,15,15
"BE1.Koch34Wh",699.494894526035,"BE1-Koch34Wh",14.987,15,15
"BE1.Koch34Wh",700.178074766355,"BE1-Koch34Wh",14.9873333333333,15,15
"BE1.Koch34Wh",700.861255006676,"BE1-Koch34Wh",14.9873333333333,15,15
"BE1.Koch34Wh",701.544435246996,"BE1-Koch34Wh",14.9876666666667,15,15
"BE1.Koch34Wh",702.227615487316,"BE1-Koch34Wh",14.9878333333333,15,15
"BE1.Koch34Wh",702.910795727637,"BE1-Koch34Wh",14.9878333333333,15,15
"BE1.Koch34Wh",703.593975967957,"BE1-Koch34Wh",14.9878333333333,15,15
"BE1.Koch34Wh",704.277156208278,"BE1-Koch34Wh",14.988,15,15
"BE1.Koch34Wh",704.960336448598,"BE1-Koch34Wh",14.988,15,15
"BE1.Koch34Wh",705.643516688919,"BE1-Koch34Wh",14.988,15,15
"BE1.Koch34Wh",706.326696929239,"BE1-Koch34Wh",14.988,15,15
"BE1.Koch34Wh",707.009877169559,"BE1-Koch34Wh",14.988,15,15
"BE1.Koch34Wh",707.69305740988,"BE1-Koch34Wh",14.988,15,15
"BE1.Koch34Wh",708.3762376502,"BE1-Koch34Wh",14.988,15,15
"BE1.Koch34Wh",709.059417890521,"BE1-Koch34Wh",14.988,15,15
"BE1.Koch34Wh",709.742598130841,"BE1-Koch34Wh",14.9881666666667,15,15
"BE1.Koch34Wh",710.425778371162,"BE1-Koch34Wh",14.9881666666667,15,15
"BE1.Koch34Wh",711.108958611482,"BE1-Koch34Wh",14.9883333333333,15,15
"BE1.Koch34Wh",711.792138851803,"BE1-Koch34Wh",14.9883333333333,15,15
"BE1.Koch34Wh",712.475319092123,"BE1-Koch34Wh",14.9883333333333,15,15
"BE1.Koch34Wh",713.158499332443,"BE1-Koch34Wh",14.9883333333333,15,15
"BE1.Koch34Wh",713.841679572764,"BE1-Koch34Wh",14.9883333333333,15,15
"BE1.Koch34Wh",714.524859813084,"BE1-Koch34Wh",14.9885,15,15
"BE1.Koch34Wh",715.208040053405,"BE1-Koch34Wh",14.9885,15,15
"BE1.Koch34Wh",715.891220293725,"BE1-Koch34Wh",14.9885,15,15
"BE1.Koch34Wh",716.574400534045,"BE1-Koch34Wh",14.9885,15,15
"BE1.Koch34Wh",717.257580774366,"BE1-Koch34Wh",14.9885,15,15
"BE1.Koch34Wh",717.940761014686,"BE1-Koch34Wh",14.9885,15,15
"BE1.Koch34Wh",718.623941255007,"BE1-Koch34Wh",14.9885,15,15
"BE1.Koch34Wh",719.307121495327,"BE1-Koch34Wh",14.9885,15,15
"BE1.Koch34Wh",719.990301735648,"BE1-Koch34Wh",14.9885,15,15
"BE1.Koch34Wh",720.673481975968,"BE1-Koch34Wh",14.9885,15,15
"BE1.Koch34Wh",721.356662216288,"BE1-Koch34Wh",14.9886666666667,15,15
"BE1.Koch34Wh",722.039842456609,"BE1-Koch34Wh",14.9886666666667,15,15
"BE1.Koch34Wh",722.723022696929,"BE1-Koch34Wh",14.9886666666667,15,15
"BE1.Koch34Wh",723.40620293725,"BE1-Koch34Wh",14.9886666666667,15,15
"BE1.Koch34Wh",724.08938317757,"BE1-Koch34Wh",14.9886666666667,15,15
"BE1.Koch34Wh",724.772563417891,"BE1-Koch34Wh",14.9886666666667,15,15
"BE1.Koch34Wh",725.455743658211,"BE1-Koch34Wh",14.9886666666667,15,15
"BE1.Koch34Wh",726.138923898531,"BE1-Koch34Wh",14.9888333333333,15,15
"BE1.Koch34Wh",726.822104138852,"BE1-Koch34Wh",14.9888333333333,15,15
"BE1.Koch34Wh",727.505284379172,"BE1-Koch34Wh",14.9888333333333,15,15
"BE1.Koch34Wh",728.188464619493,"BE1-Koch34Wh",14.9888333333333,15,15
"BE1.Koch34Wh",728.871644859813,"BE1-Koch34Wh",14.989,15,15
"BE1.Koch34Wh",729.554825100133,"BE1-Koch34Wh",14.989,15,15
"BE1.Koch34Wh",730.238005340454,"BE1-Koch34Wh",14.989,15,15
"BE1.Koch34Wh",730.921185580774,"BE1-Koch34Wh",14.989,15,15
"BE1.Koch34Wh",731.604365821095,"BE1-Koch34Wh",14.989,15,15
"BE1.Koch34Wh",732.287546061415,"BE1-Koch34Wh",14.989,15,15
"BE1.Koch34Wh",732.970726301736,"BE1-Koch34Wh",14.989,15,15
"BE1.Koch34Wh",733.653906542056,"BE1-Koch34Wh",14.989,15,15
"BE1.Koch34Wh",734.337086782377,"BE1-Koch34Wh",14.9891666666667,15,15
"BE1.Koch34Wh",735.020267022697,"BE1-Koch34Wh",14.9895,15,15
"BE1.Koch34Wh",735.703447263017,"BE1-Koch34Wh",14.9895,15,15
"BE1.Koch34Wh",736.386627503338,"BE1-Koch34Wh",14.9895,15,15
"BE1.Koch34Wh",737.069807743658,"BE1-Koch34Wh",14.9895,15,15
"BE1.Koch34Wh",737.752987983979,"BE1-Koch34Wh",14.9896666666667,15,15
"BE1.Koch34Wh",738.436168224299,"BE1-Koch34Wh",14.9896666666667,15,15
"BE1.Koch34Wh",739.11934846462,"BE1-Koch34Wh",14.9896666666667,15,15
"BE1.Koch34Wh",739.80252870494,"BE1-Koch34Wh",14.9896666666667,15,15
"BE1.Koch34Wh",740.48570894526,"BE1-Koch34Wh",14.9896666666667,15,15
"BE1.Koch34Wh",741.168889185581,"BE1-Koch34Wh",14.9896666666667,15,15
"BE1.Koch34Wh",741.852069425901,"BE1-Koch34Wh",14.9898333333333,15,15
"BE1.Koch34Wh",742.535249666222,"BE1-Koch34Wh",14.9898333333333,15,15
"BE1.Koch34Wh",743.218429906542,"BE1-Koch34Wh",14.99,15,15
"BE1.Koch34Wh",743.901610146863,"BE1-Koch34Wh",14.99,15,15
"BE1.Koch34Wh",744.584790387183,"BE1-Koch34Wh",14.99,15,15
"BE1.Koch34Wh",745.267970627503,"BE1-Koch34Wh",14.99,15,15
"BE1.Koch34Wh",745.951150867824,"BE1-Koch34Wh",14.9901666666667,15,15
"BE1.Koch34Wh",746.634331108144,"BE1-Koch34Wh",14.9905,15,15
"BE1.Koch34Wh",747.317511348465,"BE1-Koch34Wh",14.9905,15,15
"BE1.Koch34Wh",748.000691588785,"BE1-Koch34Wh",14.9906666666667,15,15
"BE1.Koch34Wh",748.683871829106,"BE1-Koch34Wh",14.9906666666667,15,15
"BE1.Koch34Wh",749.367052069426,"BE1-Koch34Wh",14.9908333333333,15,15
"BE1.Koch34Wh",750.050232309746,"BE1-Koch34Wh",14.9911666666667,15,15
"BE1.Koch34Wh",750.733412550067,"BE1-Koch34Wh",14.9915,15,15
"BE1.Koch34Wh",751.416592790387,"BE1-Koch34Wh",14.9918333333333,15,15
"BE1.Koch34Wh",752.099773030708,"BE1-Koch34Wh",14.9928333333333,15,15
"BE1.Koch34Wh",752.782953271028,"BE1-Koch34Wh",14.9935,15,15
"BE1.Koch34Wh",753.466133511349,"BE1-Koch34Wh",14.9943333333333,15,15
"BE1.Koch34Wh",754.149313751669,"BE1-Koch34Wh",14.9946666666667,15,15
"BE1.Koch34Wh",754.832493991989,"BE1-Koch34Wh",14.995,15,15
"BE1.Koch34Wh",755.51567423231,"BE1-Koch34Wh",14.9961666666667,15,15
"BE1.Koch34Wh",756.19885447263,"BE1-Koch34Wh",14.9963333333333,15,15
"BE1.Koch34Wh",756.882034712951,"BE1-Koch34Wh",14.9966666666667,15,15
"BE1.Koch34Wh",757.565214953271,"BE1-Koch34Wh",14.997,15,15
"BE1.Koch34Wh",758.248395193591,"BE1-Koch34Wh",14.997,15,15
"BE1.Koch34Wh",758.931575433912,"BE1-Koch34Wh",14.9975,15,15
"BE1.Koch34Wh",759.614755674232,"BE1-Koch34Wh",14.9976666666667,15,15
"BE1.Koch34Wh",760.297935914553,"BE1-Koch34Wh",14.9976666666667,15,15
"BE1.Koch34Wh",760.981116154873,"BE1-Koch34Wh",14.998,15,15
"BE1.Koch34Wh",761.664296395194,"BE1-Koch34Wh",14.998,15,15
"BE1.Koch34Wh",762.347476635514,"BE1-Koch34Wh",14.998,15,15
"BE1.Koch34Wh",763.030656875834,"BE1-Koch34Wh",14.9981666666667,15,15
"BE1.Koch34Wh",763.713837116155,"BE1-Koch34Wh",14.9983333333333,15,15
"BE1.Koch34Wh",764.397017356475,"BE1-Koch34Wh",14.9983333333333,15,15
"BE1.Koch34Wh",765.080197596796,"BE1-Koch34Wh",14.9983333333333,15,15
"BE1.Koch34Wh",765.763377837116,"BE1-Koch34Wh",14.9983333333333,15,15
"BE1.Koch34Wh",766.446558077437,"BE1-Koch34Wh",14.9983333333333,15,15
"BE1.Koch34Wh",767.129738317757,"BE1-Koch34Wh",14.9986666666667,15,15
"BE1.Koch34Wh",767.812918558078,"BE1-Koch34Wh",14.9988333333333,15,15
"BE1.Koch34Wh",768.496098798398,"BE1-Koch34Wh",14.999,15,15
"BE1.Koch34Wh",769.179279038718,"BE1-Koch34Wh",14.9993333333333,15,15
"BE1.Koch34Wh",769.862459279039,"BE1-Koch34Wh",14.9995,15,15
"BE1.Koch34Wh",770.545639519359,"BE1-Koch34Wh",14.9998333333333,15,15
"BE1.Koch34Wh",771.22881975968,"BE1-Koch34Wh",14.9998333333333,15,15
"BE1.Koch34Wh",771.912,"BE1-Koch34Wh",15,15,15
"BE1.Koch20Ye",260.21,"BE1-Koch20Ye",0.000166666666666667,0,0
"BE1.Koch20Ye",261.064260434057,"BE1-Koch20Ye",0.000166666666666667,0,0
"BE1.Koch20Ye",261.918520868113,"BE1-Koch20Ye",0.000166666666666667,0,0
"BE1.Koch20Ye",262.77278130217,"BE1-Koch20Ye",0.000166666666666667,0,0
"BE1.Koch20Ye",263.627041736227,"BE1-Koch20Ye",0.000166666666666667,0,0
"BE1.Koch20Ye",264.481302170284,"BE1-Koch20Ye",0.000166666666666667,0,0
"BE1.Koch20Ye",265.335562604341,"BE1-Koch20Ye",0.000166666666666667,0,0
"BE1.Koch20Ye",266.189823038397,"BE1-Koch20Ye",0.000166666666666667,0,0
"BE1.Koch20Ye",267.044083472454,"BE1-Koch20Ye",0.000166666666666667,0,0
"BE1.Koch20Ye",267.898343906511,"BE1-Koch20Ye",0.000166666666666667,0,0
"BE1.Koch20Ye",268.752604340568,"BE1-Koch20Ye",0.000166666666666667,0,0
"BE1.Koch20Ye",269.606864774624,"BE1-Koch20Ye",0.000333333333333333,0,0
"BE1.Koch20Ye",270.461125208681,"BE1-Koch20Ye",5e-04,0,0
"BE1.Koch20Ye",271.315385642738,"BE1-Koch20Ye",5e-04,0,0
"BE1.Koch20Ye",272.169646076795,"BE1-Koch20Ye",5e-04,0,0
"BE1.Koch20Ye",273.023906510851,"BE1-Koch20Ye",5e-04,0,0
"BE1.Koch20Ye",273.878166944908,"BE1-Koch20Ye",5e-04,0,0
"BE1.Koch20Ye",274.732427378965,"BE1-Koch20Ye",5e-04,0,0
"BE1.Koch20Ye",275.586687813022,"BE1-Koch20Ye",5e-04,0,0
"BE1.Koch20Ye",276.440948247078,"BE1-Koch20Ye",5e-04,0,0
"BE1.Koch20Ye",277.295208681135,"BE1-Koch20Ye",5e-04,0,0
"BE1.Koch20Ye",278.149469115192,"BE1-Koch20Ye",5e-04,0,0
"BE1.Koch20Ye",279.003729549249,"BE1-Koch20Ye",5e-04,0,0
"BE1.Koch20Ye",279.857989983306,"BE1-Koch20Ye",5e-04,0,0
"BE1.Koch20Ye",280.712250417362,"BE1-Koch20Ye",5e-04,0,0
"BE1.Koch20Ye",281.566510851419,"BE1-Koch20Ye",5e-04,0,0
"BE1.Koch20Ye",282.420771285476,"BE1-Koch20Ye",5e-04,0,0
"BE1.Koch20Ye",283.275031719533,"BE1-Koch20Ye",5e-04,0,0
"BE1.Koch20Ye",284.129292153589,"BE1-Koch20Ye",5e-04,0,0
"BE1.Koch20Ye",284.983552587646,"BE1-Koch20Ye",5e-04,0,0
"BE1.Koch20Ye",285.837813021703,"BE1-Koch20Ye",5e-04,0,0
"BE1.Koch20Ye",286.69207345576,"BE1-Koch20Ye",5e-04,0,0
"BE1.Koch20Ye",287.546333889816,"BE1-Koch20Ye",5e-04,0,0
"BE1.Koch20Ye",288.400594323873,"BE1-Koch20Ye",5e-04,0,0
"BE1.Koch20Ye",289.25485475793,"BE1-Koch20Ye",5e-04,0,0
"BE1.Koch20Ye",290.109115191987,"BE1-Koch20Ye",5e-04,0,0
"BE1.Koch20Ye",290.963375626043,"BE1-Koch20Ye",5e-04,0,0
"BE1.Koch20Ye",291.8176360601,"BE1-Koch20Ye",5e-04,0,0
"BE1.Koch20Ye",292.671896494157,"BE1-Koch20Ye",5e-04,0,0
"BE1.Koch20Ye",293.526156928214,"BE1-Koch20Ye",5e-04,0,0
"BE1.Koch20Ye",294.38041736227,"BE1-Koch20Ye",5e-04,0,0
"BE1.Koch20Ye",295.234677796327,"BE1-Koch20Ye",5e-04,0,0
"BE1.Koch20Ye",296.088938230384,"BE1-Koch20Ye",5e-04,0,0
"BE1.Koch20Ye",296.943198664441,"BE1-Koch20Ye",5e-04,0,0
"BE1.Koch20Ye",297.797459098497,"BE1-Koch20Ye",5e-04,0,0
"BE1.Koch20Ye",298.651719532554,"BE1-Koch20Ye",5e-04,0,0
"BE1.Koch20Ye",299.505979966611,"BE1-Koch20Ye",5e-04,0,0
"BE1.Koch20Ye",300.360240400668,"BE1-Koch20Ye",5e-04,0,0
"BE1.Koch20Ye",301.214500834725,"BE1-Koch20Ye",5e-04,0,0
"BE1.Koch20Ye",302.068761268781,"BE1-Koch20Ye",5e-04,0,0
"BE1.Koch20Ye",302.923021702838,"BE1-Koch20Ye",5e-04,0,0
"BE1.Koch20Ye",303.777282136895,"BE1-Koch20Ye",5e-04,0,0
"BE1.Koch20Ye",304.631542570952,"BE1-Koch20Ye",5e-04,0,0
"BE1.Koch20Ye",305.485803005008,"BE1-Koch20Ye",5e-04,0,0
"BE1.Koch20Ye",306.340063439065,"BE1-Koch20Ye",5e-04,0,0
"BE1.Koch20Ye",307.194323873122,"BE1-Koch20Ye",5e-04,0,0
"BE1.Koch20Ye",308.048584307179,"BE1-Koch20Ye",5e-04,0,0
"BE1.Koch20Ye",308.902844741235,"BE1-Koch20Ye",5e-04,0,0
"BE1.Koch20Ye",309.757105175292,"BE1-Koch20Ye",5e-04,0,0
"BE1.Koch20Ye",310.611365609349,"BE1-Koch20Ye",5e-04,0,0
"BE1.Koch20Ye",311.465626043406,"BE1-Koch20Ye",5e-04,0,0
"BE1.Koch20Ye",312.319886477462,"BE1-Koch20Ye",5e-04,0,0
"BE1.Koch20Ye",313.174146911519,"BE1-Koch20Ye",5e-04,0,0
"BE1.Koch20Ye",314.028407345576,"BE1-Koch20Ye",5e-04,0,0
"BE1.Koch20Ye",314.882667779633,"BE1-Koch20Ye",5e-04,0,0
"BE1.Koch20Ye",315.736928213689,"BE1-Koch20Ye",5e-04,0,0
"BE1.Koch20Ye",316.591188647746,"BE1-Koch20Ye",5e-04,0,0
"BE1.Koch20Ye",317.445449081803,"BE1-Koch20Ye",5e-04,0,0
"BE1.Koch20Ye",318.29970951586,"BE1-Koch20Ye",5e-04,0,0
"BE1.Koch20Ye",319.153969949917,"BE1-Koch20Ye",5e-04,0,0
"BE1.Koch20Ye",320.008230383973,"BE1-Koch20Ye",5e-04,0,0
"BE1.Koch20Ye",320.86249081803,"BE1-Koch20Ye",5e-04,0,0
"BE1.Koch20Ye",321.716751252087,"BE1-Koch20Ye",5e-04,0,0
"BE1.Koch20Ye",322.571011686144,"BE1-Koch20Ye",5e-04,0,0
"BE1.Koch20Ye",323.4252721202,"BE1-Koch20Ye",5e-04,0,0
"BE1.Koch20Ye",324.279532554257,"BE1-Koch20Ye",5e-04,0,0
"BE1.Koch20Ye",325.133792988314,"BE1-Koch20Ye",5e-04,0,0
"BE1.Koch20Ye",325.988053422371,"BE1-Koch20Ye",5e-04,0,0
"BE1.Koch20Ye",326.842313856427,"BE1-Koch20Ye",5e-04,0,0
"BE1.Koch20Ye",327.696574290484,"BE1-Koch20Ye",5e-04,0,0
"BE1.Koch20Ye",328.550834724541,"BE1-Koch20Ye",5e-04,0,0
"BE1.Koch20Ye",329.405095158598,"BE1-Koch20Ye",5e-04,0,0
"BE1.Koch20Ye",330.259355592654,"BE1-Koch20Ye",5e-04,0,0
"BE1.Koch20Ye",331.113616026711,"BE1-Koch20Ye",5e-04,0,0
"BE1.Koch20Ye",331.967876460768,"BE1-Koch20Ye",5e-04,0,0
"BE1.Koch20Ye",332.822136894825,"BE1-Koch20Ye",5e-04,0,0
"BE1.Koch20Ye",333.676397328881,"BE1-Koch20Ye",5e-04,0,0
"BE1.Koch20Ye",334.530657762938,"BE1-Koch20Ye",5e-04,0,0
"BE1.Koch20Ye",335.384918196995,"BE1-Koch20Ye",5e-04,0,0
"BE1.Koch20Ye",336.239178631052,"BE1-Koch20Ye",5e-04,0,0
"BE1.Koch20Ye",337.093439065108,"BE1-Koch20Ye",5e-04,0,0
"BE1.Koch20Ye",337.947699499165,"BE1-Koch20Ye",5e-04,0,0
"BE1.Koch20Ye",338.801959933222,"BE1-Koch20Ye",5e-04,0,0
"BE1.Koch20Ye",339.656220367279,"BE1-Koch20Ye",5e-04,0,0
"BE1.Koch20Ye",340.510480801336,"BE1-Koch20Ye",5e-04,0,0
"BE1.Koch20Ye",341.364741235392,"BE1-Koch20Ye",5e-04,0,0
"BE1.Koch20Ye",342.219001669449,"BE1-Koch20Ye",5e-04,0,0
"BE1.Koch20Ye",343.073262103506,"BE1-Koch20Ye",5e-04,0,0
"BE1.Koch20Ye",343.927522537563,"BE1-Koch20Ye",5e-04,0,0
"BE1.Koch20Ye",344.781782971619,"BE1-Koch20Ye",5e-04,0,0
"BE1.Koch20Ye",345.636043405676,"BE1-Koch20Ye",5e-04,0,0
"BE1.Koch20Ye",346.490303839733,"BE1-Koch20Ye",5e-04,0,0
"BE1.Koch20Ye",347.34456427379,"BE1-Koch20Ye",5e-04,0,0
"BE1.Koch20Ye",348.198824707846,"BE1-Koch20Ye",5e-04,0,0
"BE1.Koch20Ye",349.053085141903,"BE1-Koch20Ye",5e-04,0,0
"BE1.Koch20Ye",349.90734557596,"BE1-Koch20Ye",5e-04,0,0
"BE1.Koch20Ye",350.761606010017,"BE1-Koch20Ye",0.000666666666666667,0,0
"BE1.Koch20Ye",351.615866444073,"BE1-Koch20Ye",0.000666666666666667,0,0
"BE1.Koch20Ye",352.47012687813,"BE1-Koch20Ye",0.000666666666666667,0,0
"BE1.Koch20Ye",353.324387312187,"BE1-Koch20Ye",0.000833333333333333,0,0
"BE1.Koch20Ye",354.178647746244,"BE1-Koch20Ye",0.000833333333333333,0,0
"BE1.Koch20Ye",355.0329081803,"BE1-Koch20Ye",0.000833333333333333,0,0
"BE1.Koch20Ye",355.887168614357,"BE1-Koch20Ye",0.000833333333333333,0,0
"BE1.Koch20Ye",356.741429048414,"BE1-Koch20Ye",0.000833333333333333,0,0
"BE1.Koch20Ye",357.595689482471,"BE1-Koch20Ye",0.000833333333333333,0,0
"BE1.Koch20Ye",358.449949916528,"BE1-Koch20Ye",0.000833333333333333,0,0
"BE1.Koch20Ye",359.304210350584,"BE1-Koch20Ye",0.000833333333333333,0,0
"BE1.Koch20Ye",360.158470784641,"BE1-Koch20Ye",0.000833333333333333,0,0
"BE1.Koch20Ye",361.012731218698,"BE1-Koch20Ye",0.000833333333333333,0,0
"BE1.Koch20Ye",361.866991652755,"BE1-Koch20Ye",0.000833333333333333,0,0
"BE1.Koch20Ye",362.721252086811,"BE1-Koch20Ye",0.000833333333333333,0,0
"BE1.Koch20Ye",363.575512520868,"BE1-Koch20Ye",0.000833333333333333,0,0
"BE1.Koch20Ye",364.429772954925,"BE1-Koch20Ye",0.000833333333333333,0,0
"BE1.Koch20Ye",365.284033388982,"BE1-Koch20Ye",0.000833333333333333,0,0
"BE1.Koch20Ye",366.138293823038,"BE1-Koch20Ye",0.000833333333333333,0,0
"BE1.Koch20Ye",366.992554257095,"BE1-Koch20Ye",0.000833333333333333,0,0
"BE1.Koch20Ye",367.846814691152,"BE1-Koch20Ye",0.000833333333333333,0,0
"BE1.Koch20Ye",368.701075125209,"BE1-Koch20Ye",0.000833333333333333,0,0
"BE1.Koch20Ye",369.555335559265,"BE1-Koch20Ye",0.000833333333333333,0,0
"BE1.Koch20Ye",370.409595993322,"BE1-Koch20Ye",0.001,0,0
"BE1.Koch20Ye",371.263856427379,"BE1-Koch20Ye",0.001,0,0
"BE1.Koch20Ye",372.118116861436,"BE1-Koch20Ye",0.001,0,0
"BE1.Koch20Ye",372.972377295492,"BE1-Koch20Ye",0.001,0,0
"BE1.Koch20Ye",373.826637729549,"BE1-Koch20Ye",0.001,0,0
"BE1.Koch20Ye",374.680898163606,"BE1-Koch20Ye",0.001,0,0
"BE1.Koch20Ye",375.535158597663,"BE1-Koch20Ye",0.001,0,0
"BE1.Koch20Ye",376.38941903172,"BE1-Koch20Ye",0.001,0,0
"BE1.Koch20Ye",377.243679465776,"BE1-Koch20Ye",0.001,0,0
"BE1.Koch20Ye",378.097939899833,"BE1-Koch20Ye",0.001,0,0
"BE1.Koch20Ye",378.95220033389,"BE1-Koch20Ye",0.001,0,0
"BE1.Koch20Ye",379.806460767947,"BE1-Koch20Ye",0.001,0,0
"BE1.Koch20Ye",380.660721202003,"BE1-Koch20Ye",0.001,0,0
"BE1.Koch20Ye",381.51498163606,"BE1-Koch20Ye",0.001,0,0
"BE1.Koch20Ye",382.369242070117,"BE1-Koch20Ye",0.001,0,0
"BE1.Koch20Ye",383.223502504174,"BE1-Koch20Ye",0.001,0,0
"BE1.Koch20Ye",384.07776293823,"BE1-Koch20Ye",0.001,0,0
"BE1.Koch20Ye",384.932023372287,"BE1-Koch20Ye",0.001,0,0
"BE1.Koch20Ye",385.786283806344,"BE1-Koch20Ye",0.001,0,0
"BE1.Koch20Ye",386.640544240401,"BE1-Koch20Ye",0.001,0,0
"BE1.Koch20Ye",387.494804674457,"BE1-Koch20Ye",0.00116666666666667,0,0
"BE1.Koch20Ye",388.349065108514,"BE1-Koch20Ye",0.00116666666666667,0,0
"BE1.Koch20Ye",389.203325542571,"BE1-Koch20Ye",0.00116666666666667,0,0
"BE1.Koch20Ye",390.057585976628,"BE1-Koch20Ye",0.00116666666666667,0,0
"BE1.Koch20Ye",390.911846410684,"BE1-Koch20Ye",0.00116666666666667,0,0
"BE1.Koch20Ye",391.766106844741,"BE1-Koch20Ye",0.00116666666666667,0,0
"BE1.Koch20Ye",392.620367278798,"BE1-Koch20Ye",0.00116666666666667,0,0
"BE1.Koch20Ye",393.474627712855,"BE1-Koch20Ye",0.00116666666666667,0,0
"BE1.Koch20Ye",394.328888146911,"BE1-Koch20Ye",0.00116666666666667,0,0
"BE1.Koch20Ye",395.183148580968,"BE1-Koch20Ye",0.00116666666666667,0,0
"BE1.Koch20Ye",396.037409015025,"BE1-Koch20Ye",0.00116666666666667,0,0
"BE1.Koch20Ye",396.891669449082,"BE1-Koch20Ye",0.00116666666666667,0,0
"BE1.Koch20Ye",397.745929883139,"BE1-Koch20Ye",0.00116666666666667,0,0
"BE1.Koch20Ye",398.600190317195,"BE1-Koch20Ye",0.00116666666666667,0,0
"BE1.Koch20Ye",399.454450751252,"BE1-Koch20Ye",0.00116666666666667,0,0
"BE1.Koch20Ye",400.308711185309,"BE1-Koch20Ye",0.00116666666666667,0,0
"BE1.Koch20Ye",401.162971619366,"BE1-Koch20Ye",0.00116666666666667,0,0
"BE1.Koch20Ye",402.017232053422,"BE1-Koch20Ye",0.00116666666666667,0,0
"BE1.Koch20Ye",402.871492487479,"BE1-Koch20Ye",0.0015,0,0
"BE1.Koch20Ye",403.725752921536,"BE1-Koch20Ye",0.0015,0,0
"BE1.Koch20Ye",404.580013355593,"BE1-Koch20Ye",0.002,0,0
"BE1.Koch20Ye",405.434273789649,"BE1-Koch20Ye",0.00216666666666667,0,0
"BE1.Koch20Ye",406.288534223706,"BE1-Koch20Ye",0.0025,0,0
"BE1.Koch20Ye",407.142794657763,"BE1-Koch20Ye",0.0025,0,0
"BE1.Koch20Ye",407.99705509182,"BE1-Koch20Ye",0.00266666666666667,0,0
"BE1.Koch20Ye",408.851315525876,"BE1-Koch20Ye",0.00266666666666667,0,0
"BE1.Koch20Ye",409.705575959933,"BE1-Koch20Ye",0.00283333333333333,0,0
"BE1.Koch20Ye",410.55983639399,"BE1-Koch20Ye",0.00333333333333333,0,0
"BE1.Koch20Ye",411.414096828047,"BE1-Koch20Ye",0.004,0,0
"BE1.Koch20Ye",412.268357262104,"BE1-Koch20Ye",0.00466666666666667,0,0
"BE1.Koch20Ye",413.12261769616,"BE1-Koch20Ye",0.00516666666666667,0,0
"BE1.Koch20Ye",413.976878130217,"BE1-Koch20Ye",0.00533333333333333,0,0
"BE1.Koch20Ye",414.831138564274,"BE1-Koch20Ye",0.00716666666666667,0,0
"BE1.Koch20Ye",415.685398998331,"BE1-Koch20Ye",0.00883333333333333,0,0
"BE1.Koch20Ye",416.539659432387,"BE1-Koch20Ye",0.0116666666666667,0,0
"BE1.Koch20Ye",417.393919866444,"BE1-Koch20Ye",0.015,0,0
"BE1.Koch20Ye",418.248180300501,"BE1-Koch20Ye",0.018,0,0
"BE1.Koch20Ye",419.102440734558,"BE1-Koch20Ye",0.022,0,0
"BE1.Koch20Ye",419.956701168614,"BE1-Koch20Ye",0.0271666666666667,0,0
"BE1.Koch20Ye",420.810961602671,"BE1-Koch20Ye",0.0326666666666667,0,0
"BE1.Koch20Ye",421.665222036728,"BE1-Koch20Ye",0.0398333333333333,0,0
"BE1.Koch20Ye",422.519482470785,"BE1-Koch20Ye",0.0468333333333333,0,0
"BE1.Koch20Ye",423.373742904841,"BE1-Koch20Ye",0.056,0,1
"BE1.Koch20Ye",424.228003338898,"BE1-Koch20Ye",0.0658333333333333,0,1
"BE1.Koch20Ye",425.082263772955,"BE1-Koch20Ye",0.0748333333333333,0,1
"BE1.Koch20Ye",425.936524207012,"BE1-Koch20Ye",0.086,0,1
"BE1.Koch20Ye",426.790784641068,"BE1-Koch20Ye",0.0945,0,1
"BE1.Koch20Ye",427.645045075125,"BE1-Koch20Ye",0.104,0,1
"BE1.Koch20Ye",428.499305509182,"BE1-Koch20Ye",0.115166666666667,0,1
"BE1.Koch20Ye",429.353565943239,"BE1-Koch20Ye",0.1255,0,1
"BE1.Koch20Ye",430.207826377295,"BE1-Koch20Ye",0.135166666666667,0,1
"BE1.Koch20Ye",431.062086811352,"BE1-Koch20Ye",0.146166666666667,0,1
"BE1.Koch20Ye",431.916347245409,"BE1-Koch20Ye",0.158166666666667,0,1
"BE1.Koch20Ye",432.770607679466,"BE1-Koch20Ye",0.168666666666667,0,1
"BE1.Koch20Ye",433.624868113523,"BE1-Koch20Ye",0.182833333333333,0,1
"BE1.Koch20Ye",434.479128547579,"BE1-Koch20Ye",0.195,0,1
"BE1.Koch20Ye",435.333388981636,"BE1-Koch20Ye",0.207333333333333,0,1
"BE1.Koch20Ye",436.187649415693,"BE1-Koch20Ye",0.221,0,1
"BE1.Koch20Ye",437.04190984975,"BE1-Koch20Ye",0.235166666666667,0,1
"BE1.Koch20Ye",437.896170283806,"BE1-Koch20Ye",0.247833333333333,0,1
"BE1.Koch20Ye",438.750430717863,"BE1-Koch20Ye",0.263166666666667,0,1
"BE1.Koch20Ye",439.60469115192,"BE1-Koch20Ye",0.277166666666667,0,1
"BE1.Koch20Ye",440.458951585977,"BE1-Koch20Ye",0.292333333333333,0,1
"BE1.Koch20Ye",441.313212020033,"BE1-Koch20Ye",0.3055,0,1
"BE1.Koch20Ye",442.16747245409,"BE1-Koch20Ye",0.317833333333333,0,1
"BE1.Koch20Ye",443.021732888147,"BE1-Koch20Ye",0.3325,0,1
"BE1.Koch20Ye",443.875993322204,"BE1-Koch20Ye",0.348,0,1
"BE1.Koch20Ye",444.73025375626,"BE1-Koch20Ye",0.3655,0,1
"BE1.Koch20Ye",445.584514190317,"BE1-Koch20Ye",0.381833333333333,0,1
"BE1.Koch20Ye",446.438774624374,"BE1-Koch20Ye",0.395833333333333,0,1
"BE1.Koch20Ye",447.293035058431,"BE1-Koch20Ye",0.409666666666667,0,1
"BE1.Koch20Ye",448.147295492488,"BE1-Koch20Ye",0.4265,0,1
"BE1.Koch20Ye",449.001555926544,"BE1-Koch20Ye",0.441166666666667,0,1
"BE1.Koch20Ye",449.855816360601,"BE1-Koch20Ye",0.454,0,2
"BE1.Koch20Ye",450.710076794658,"BE1-Koch20Ye",0.469833333333333,0,2
"BE1.Koch20Ye",451.564337228715,"BE1-Koch20Ye",0.4865,0,2
"BE1.Koch20Ye",452.418597662771,"BE1-Koch20Ye",0.503666666666667,0,2
"BE1.Koch20Ye",453.272858096828,"BE1-Koch20Ye",0.517,0,2
"BE1.Koch20Ye",454.127118530885,"BE1-Koch20Ye",0.531166666666667,0,2
"BE1.Koch20Ye",454.981378964942,"BE1-Koch20Ye",0.5455,0,2
"BE1.Koch20Ye",455.835639398998,"BE1-Koch20Ye",0.5625,0,2
"BE1.Koch20Ye",456.689899833055,"BE1-Koch20Ye",0.577166666666667,0,2
"BE1.Koch20Ye",457.544160267112,"BE1-Koch20Ye",0.593166666666667,0,2
"BE1.Koch20Ye",458.398420701169,"BE1-Koch20Ye",0.608333333333333,0,2
"BE1.Koch20Ye",459.252681135225,"BE1-Koch20Ye",0.622333333333333,0,2
"BE1.Koch20Ye",460.106941569282,"BE1-Koch20Ye",0.639833333333333,0,2
"BE1.Koch20Ye",460.961202003339,"BE1-Koch20Ye",0.658166666666667,0,2
"BE1.Koch20Ye",461.815462437396,"BE1-Koch20Ye",0.673,0,2
"BE1.Koch20Ye",462.669722871452,"BE1-Koch20Ye",0.6875,0,2
"BE1.Koch20Ye",463.523983305509,"BE1-Koch20Ye",0.699666666666667,0,2
"BE1.Koch20Ye",464.378243739566,"BE1-Koch20Ye",0.713166666666667,0,2
"BE1.Koch20Ye",465.232504173623,"BE1-Koch20Ye",0.728666666666667,0,2
"BE1.Koch20Ye",466.086764607679,"BE1-Koch20Ye",0.741,0,2
"BE1.Koch20Ye",466.941025041736,"BE1-Koch20Ye",0.755166666666667,0,2
"BE1.Koch20Ye",467.795285475793,"BE1-Koch20Ye",0.767666666666667,0,2
"BE1.Koch20Ye",468.64954590985,"BE1-Koch20Ye",0.778833333333333,0,2
"BE1.Koch20Ye",469.503806343906,"BE1-Koch20Ye",0.791833333333333,0,2
"BE1.Koch20Ye",470.358066777963,"BE1-Koch20Ye",0.803333333333333,0,2
"BE1.Koch20Ye",471.21232721202,"BE1-Koch20Ye",0.814166666666667,0,2
"BE1.Koch20Ye",472.066587646077,"BE1-Koch20Ye",0.829166666666667,0,2
"BE1.Koch20Ye",472.920848080134,"BE1-Koch20Ye",0.841,0,2
"BE1.Koch20Ye",473.77510851419,"BE1-Koch20Ye",0.8545,0,2
"BE1.Koch20Ye",474.629368948247,"BE1-Koch20Ye",0.8655,0,2
"BE1.Koch20Ye",475.483629382304,"BE1-Koch20Ye",0.879166666666667,0,2
"BE1.Koch20Ye",476.337889816361,"BE1-Koch20Ye",0.892166666666667,0,2
"BE1.Koch20Ye",477.192150250417,"BE1-Koch20Ye",0.904333333333333,0,2
"BE1.Koch20Ye",478.046410684474,"BE1-Koch20Ye",0.918666666666667,0,2
"BE1.Koch20Ye",478.900671118531,"BE1-Koch20Ye",0.934666666666667,0,2
"BE1.Koch20Ye",479.754931552588,"BE1-Koch20Ye",0.949833333333333,0,2
"BE1.Koch20Ye",480.609191986644,"BE1-Koch20Ye",0.9625,0,2
"BE1.Koch20Ye",481.463452420701,"BE1-Koch20Ye",0.976666666666667,0,2
"BE1.Koch20Ye",482.317712854758,"BE1-Koch20Ye",0.992,0,2
"BE1.Koch20Ye",483.171973288815,"BE1-Koch20Ye",1.0055,0,2
"BE1.Koch20Ye",484.026233722871,"BE1-Koch20Ye",1.02133333333333,0,2
"BE1.Koch20Ye",484.880494156928,"BE1-Koch20Ye",1.038,0,2
"BE1.Koch20Ye",485.734754590985,"BE1-Koch20Ye",1.0525,0,2
"BE1.Koch20Ye",486.589015025042,"BE1-Koch20Ye",1.06783333333333,0,2
"BE1.Koch20Ye",487.443275459098,"BE1-Koch20Ye",1.08533333333333,0,2
"BE1.Koch20Ye",488.297535893155,"BE1-Koch20Ye",1.09766666666667,0,2
"BE1.Koch20Ye",489.151796327212,"BE1-Koch20Ye",1.11216666666667,0,2
"BE1.Koch20Ye",490.006056761269,"BE1-Koch20Ye",1.1285,0,2
"BE1.Koch20Ye",490.860317195326,"BE1-Koch20Ye",1.14266666666667,0,2
"BE1.Koch20Ye",491.714577629382,"BE1-Koch20Ye",1.15683333333333,0,2
"BE1.Koch20Ye",492.568838063439,"BE1-Koch20Ye",1.17416666666667,0,2
"BE1.Koch20Ye",493.423098497496,"BE1-Koch20Ye",1.18883333333333,0,2
"BE1.Koch20Ye",494.277358931553,"BE1-Koch20Ye",1.20283333333333,0,2
"BE1.Koch20Ye",495.131619365609,"BE1-Koch20Ye",1.2165,0,2
"BE1.Koch20Ye",495.985879799666,"BE1-Koch20Ye",1.23233333333333,0,2
"BE1.Koch20Ye",496.840140233723,"BE1-Koch20Ye",1.249,0,2
"BE1.Koch20Ye",497.69440066778,"BE1-Koch20Ye",1.26116666666667,0,2
"BE1.Koch20Ye",498.548661101836,"BE1-Koch20Ye",1.27466666666667,0,2
"BE1.Koch20Ye",499.402921535893,"BE1-Koch20Ye",1.28783333333333,0,2
"BE1.Koch20Ye",500.25718196995,"BE1-Koch20Ye",1.305,0,2
"BE1.Koch20Ye",501.111442404007,"BE1-Koch20Ye",1.3175,0,2
"BE1.Koch20Ye",501.965702838063,"BE1-Koch20Ye",1.33116666666667,0,2
"BE1.Koch20Ye",502.81996327212,"BE1-Koch20Ye",1.34833333333333,0,2
"BE1.Koch20Ye",503.674223706177,"BE1-Koch20Ye",1.36066666666667,0,2
"BE1.Koch20Ye",504.528484140234,"BE1-Koch20Ye",1.3735,0,2
"BE1.Koch20Ye",505.38274457429,"BE1-Koch20Ye",1.38466666666667,0,2
"BE1.Koch20Ye",506.237005008347,"BE1-Koch20Ye",1.398,0,2
"BE1.Koch20Ye",507.091265442404,"BE1-Koch20Ye",1.41033333333333,0,2
"BE1.Koch20Ye",507.945525876461,"BE1-Koch20Ye",1.42433333333333,0,2
"BE1.Koch20Ye",508.799786310518,"BE1-Koch20Ye",1.43733333333333,0,2
"BE1.Koch20Ye",509.654046744574,"BE1-Koch20Ye",1.4535,0,2
"BE1.Koch20Ye",510.508307178631,"BE1-Koch20Ye",1.479,0,2
"BE1.Koch20Ye",511.362567612688,"BE1-Koch20Ye",1.50983333333333,0,3
"BE1.Koch20Ye",512.216828046745,"BE1-Koch20Ye",1.53933333333333,0,3
"BE1.Koch20Ye",513.071088480801,"BE1-Koch20Ye",1.5715,0,3
"BE1.Koch20Ye",513.925348914858,"BE1-Koch20Ye",1.5985,0,3
"BE1.Koch20Ye",514.779609348915,"BE1-Koch20Ye",1.62966666666667,0,3
"BE1.Koch20Ye",515.633869782972,"BE1-Koch20Ye",1.66166666666667,0,3
"BE1.Koch20Ye",516.488130217028,"BE1-Koch20Ye",1.69133333333333,0,3
"BE1.Koch20Ye",517.342390651085,"BE1-Koch20Ye",1.7195,0,3
"BE1.Koch20Ye",518.196651085142,"BE1-Koch20Ye",1.74566666666667,0,3
"BE1.Koch20Ye",519.050911519199,"BE1-Koch20Ye",1.77116666666667,0,3
"BE1.Koch20Ye",519.905171953255,"BE1-Koch20Ye",1.79716666666667,0,3
"BE1.Koch20Ye",520.759432387312,"BE1-Koch20Ye",1.82,0,3
"BE1.Koch20Ye",521.613692821369,"BE1-Koch20Ye",1.83966666666667,0,3
"BE1.Koch20Ye",522.467953255426,"BE1-Koch20Ye",1.85866666666667,0,3
"BE1.Koch20Ye",523.322213689482,"BE1-Koch20Ye",1.87883333333333,1,3
"BE1.Koch20Ye",524.176474123539,"BE1-Koch20Ye",1.89983333333333,1,3
"BE1.Koch20Ye",525.030734557596,"BE1-Koch20Ye",1.91933333333333,1,3
"BE1.Koch20Ye",525.884994991653,"BE1-Koch20Ye",1.94066666666667,1,3
"BE1.Koch20Ye",526.73925542571,"BE1-Koch20Ye",1.96766666666667,1,3
"BE1.Koch20Ye",527.593515859766,"BE1-Koch20Ye",1.98683333333333,1,3
"BE1.Koch20Ye",528.447776293823,"BE1-Koch20Ye",2.01266666666667,1,3
"BE1.Koch20Ye",529.30203672788,"BE1-Koch20Ye",2.03716666666667,1,3
"BE1.Koch20Ye",530.156297161937,"BE1-Koch20Ye",2.0655,1,3
"BE1.Koch20Ye",531.010557595993,"BE1-Koch20Ye",2.09316666666667,1,3
"BE1.Koch20Ye",531.86481803005,"BE1-Koch20Ye",2.119,1,3
"BE1.Koch20Ye",532.719078464107,"BE1-Koch20Ye",2.15066666666667,0,3
"BE1.Koch20Ye",533.573338898164,"BE1-Koch20Ye",2.19,0,3
"BE1.Koch20Ye",534.42759933222,"BE1-Koch20Ye",2.22633333333333,1,4
"BE1.Koch20Ye",535.281859766277,"BE1-Koch20Ye",2.27416666666667,1,4
"BE1.Koch20Ye",536.136120200334,"BE1-Koch20Ye",2.31983333333333,1,4
"BE1.Koch20Ye",536.990380634391,"BE1-Koch20Ye",2.3715,1,4
"BE1.Koch20Ye",537.844641068447,"BE1-Koch20Ye",2.42233333333333,1,4
"BE1.Koch20Ye",538.698901502504,"BE1-Koch20Ye",2.48116666666667,1,4
"BE1.Koch20Ye",539.553161936561,"BE1-Koch20Ye",2.53733333333333,1,4
"BE1.Koch20Ye",540.407422370618,"BE1-Koch20Ye",2.60316666666667,1,4
"BE1.Koch20Ye",541.261682804674,"BE1-Koch20Ye",2.666,1,4
"BE1.Koch20Ye",542.115943238731,"BE1-Koch20Ye",2.729,1,4
"BE1.Koch20Ye",542.970203672788,"BE1-Koch20Ye",2.8025,1,4
"BE1.Koch20Ye",543.824464106845,"BE1-Koch20Ye",2.8695,1,4
"BE1.Koch20Ye",544.678724540901,"BE1-Koch20Ye",2.9425,1,4
"BE1.Koch20Ye",545.532984974958,"BE1-Koch20Ye",3.01116666666667,1,4
"BE1.Koch20Ye",546.387245409015,"BE1-Koch20Ye",3.0865,1,4
"BE1.Koch20Ye",547.241505843072,"BE1-Koch20Ye",3.15866666666667,1,4
"BE1.Koch20Ye",548.095766277129,"BE1-Koch20Ye",3.23033333333333,2,5
"BE1.Koch20Ye",548.950026711185,"BE1-Koch20Ye",3.296,2,5
"BE1.Koch20Ye",549.804287145242,"BE1-Koch20Ye",3.36616666666667,2,5
"BE1.Koch20Ye",550.658547579299,"BE1-Koch20Ye",3.436,2,5
"BE1.Koch20Ye",551.512808013356,"BE1-Koch20Ye",3.50516666666667,2,5
"BE1.Koch20Ye",552.367068447412,"BE1-Koch20Ye",3.57733333333333,2,5
"BE1.Koch20Ye",553.221328881469,"BE1-Koch20Ye",3.64983333333333,2,5
"BE1.Koch20Ye",554.075589315526,"BE1-Koch20Ye",3.72133333333333,2,5
"BE1.Koch20Ye",554.929849749583,"BE1-Koch20Ye",3.7895,2,5
"BE1.Koch20Ye",555.784110183639,"BE1-Koch20Ye",3.8595,2,5
"BE1.Koch20Ye",556.638370617696,"BE1-Koch20Ye",3.92983333333333,2,5
"BE1.Koch20Ye",557.492631051753,"BE1-Koch20Ye",3.996,2,5
"BE1.Koch20Ye",558.34689148581,"BE1-Koch20Ye",4.07133333333333,3,6
"BE1.Koch20Ye",559.201151919866,"BE1-Koch20Ye",4.143,3,6
"BE1.Koch20Ye",560.055412353923,"BE1-Koch20Ye",4.22483333333333,3,6
"BE1.Koch20Ye",560.90967278798,"BE1-Koch20Ye",4.29783333333333,3,6
"BE1.Koch20Ye",561.763933222037,"BE1-Koch20Ye",4.3735,3,6
"BE1.Koch20Ye",562.618193656093,"BE1-Koch20Ye",4.45033333333333,3,6
"BE1.Koch20Ye",563.47245409015,"BE1-Koch20Ye",4.5245,3,6
"BE1.Koch20Ye",564.326714524207,"BE1-Koch20Ye",4.60233333333333,3,6
"BE1.Koch20Ye",565.180974958264,"BE1-Koch20Ye",4.67883333333333,3,6
"BE1.Koch20Ye",566.035235392321,"BE1-Koch20Ye",4.757,3,6
"BE1.Koch20Ye",566.889495826377,"BE1-Koch20Ye",4.83933333333333,3,6
"BE1.Koch20Ye",567.743756260434,"BE1-Koch20Ye",4.91716666666667,3,7
"BE1.Koch20Ye",568.598016694491,"BE1-Koch20Ye",4.992,4,7
"BE1.Koch20Ye",569.452277128548,"BE1-Koch20Ye",5.06883333333333,4,7
"BE1.Koch20Ye",570.306537562604,"BE1-Koch20Ye",5.14783333333333,4,7
"BE1.Koch20Ye",571.160797996661,"BE1-Koch20Ye",5.23316666666667,4,7
"BE1.Koch20Ye",572.015058430718,"BE1-Koch20Ye",5.31633333333333,4,7
"BE1.Koch20Ye",572.869318864775,"BE1-Koch20Ye",5.4035,4,7
"BE1.Koch20Ye",573.723579298831,"BE1-Koch20Ye",5.4875,4,7
"BE1.Koch20Ye",574.577839732888,"BE1-Koch20Ye",5.5745,4,7
"BE1.Koch20Ye",575.432100166945,"BE1-Koch20Ye",5.66783333333333,3,7
"BE1.Koch20Ye",576.286360601002,"BE1-Koch20Ye",5.75533333333333,4,8
"BE1.Koch20Ye",577.140621035058,"BE1-Koch20Ye",5.83783333333333,4,8
"BE1.Koch20Ye",577.994881469115,"BE1-Koch20Ye",5.929,4,8
"BE1.Koch20Ye",578.849141903172,"BE1-Koch20Ye",6.0195,4,8
"BE1.Koch20Ye",579.703402337229,"BE1-Koch20Ye",6.1055,4,8
"BE1.Koch20Ye",580.557662771286,"BE1-Koch20Ye",6.19266666666667,4,8
"BE1.Koch20Ye",581.411923205342,"BE1-Koch20Ye",6.279,4,8
"BE1.Koch20Ye",582.266183639399,"BE1-Koch20Ye",6.3715,4,8
"BE1.Koch20Ye",583.120444073456,"BE1-Koch20Ye",6.46366666666667,4,8
"BE1.Koch20Ye",583.974704507513,"BE1-Koch20Ye",6.548,4,8
"BE1.Koch20Ye",584.828964941569,"BE1-Koch20Ye",6.64766666666667,5,9
"BE1.Koch20Ye",585.683225375626,"BE1-Koch20Ye",6.74183333333333,5,9
"BE1.Koch20Ye",586.537485809683,"BE1-Koch20Ye",6.836,5,9
"BE1.Koch20Ye",587.39174624374,"BE1-Koch20Ye",6.9285,5,9
"BE1.Koch20Ye",588.246006677796,"BE1-Koch20Ye",7.02066666666667,5,9
"BE1.Koch20Ye",589.100267111853,"BE1-Koch20Ye",7.10933333333333,5,9
"BE1.Koch20Ye",589.95452754591,"BE1-Koch20Ye",7.18666666666667,5,9
"BE1.Koch20Ye",590.808787979967,"BE1-Koch20Ye",7.27716666666667,5,9
"BE1.Koch20Ye",591.663048414023,"BE1-Koch20Ye",7.37,5,9
"BE1.Koch20Ye",592.51730884808,"BE1-Koch20Ye",7.46533333333333,5,9
"BE1.Koch20Ye",593.371569282137,"BE1-Koch20Ye",7.54816666666667,6,10
"BE1.Koch20Ye",594.225829716194,"BE1-Koch20Ye",7.64083333333333,6,10
"BE1.Koch20Ye",595.08009015025,"BE1-Koch20Ye",7.74616666666667,6,10
"BE1.Koch20Ye",595.934350584307,"BE1-Koch20Ye",7.83533333333333,6,10
"BE1.Koch20Ye",596.788611018364,"BE1-Koch20Ye",7.92983333333333,6,10
"BE1.Koch20Ye",597.642871452421,"BE1-Koch20Ye",8.02383333333333,6,10
"BE1.Koch20Ye",598.497131886478,"BE1-Koch20Ye",8.1205,6,10
"BE1.Koch20Ye",599.351392320534,"BE1-Koch20Ye",8.21483333333333,6,10
"BE1.Koch20Ye",600.205652754591,"BE1-Koch20Ye",8.30033333333333,7,11
"BE1.Koch20Ye",601.059913188648,"BE1-Koch20Ye",8.39083333333333,7,11
"BE1.Koch20Ye",601.914173622705,"BE1-Koch20Ye",8.4765,7,11
"BE1.Koch20Ye",602.768434056761,"BE1-Koch20Ye",8.56333333333333,7,11
"BE1.Koch20Ye",603.622694490818,"BE1-Koch20Ye",8.64333333333333,7,11
"BE1.Koch20Ye",604.476954924875,"BE1-Koch20Ye",8.72833333333333,7,11
"BE1.Koch20Ye",605.331215358932,"BE1-Koch20Ye",8.809,7,11
"BE1.Koch20Ye",606.185475792988,"BE1-Koch20Ye",8.88783333333333,7,11
"BE1.Koch20Ye",607.039736227045,"BE1-Koch20Ye",8.96383333333333,7,11
"BE1.Koch20Ye",607.893996661102,"BE1-Koch20Ye",9.03333333333333,7,11
"BE1.Koch20Ye",608.748257095159,"BE1-Koch20Ye",9.097,7,11
"BE1.Koch20Ye",609.602517529215,"BE1-Koch20Ye",9.15783333333333,7,11
"BE1.Koch20Ye",610.456777963272,"BE1-Koch20Ye",9.21783333333333,7,11
"BE1.Koch20Ye",611.311038397329,"BE1-Koch20Ye",9.2805,7,11
"BE1.Koch20Ye",612.165298831386,"BE1-Koch20Ye",9.33533333333333,7,11
"BE1.Koch20Ye",613.019559265442,"BE1-Koch20Ye",9.39583333333333,7,11
"BE1.Koch20Ye",613.873819699499,"BE1-Koch20Ye",9.45283333333333,6,11
"BE1.Koch20Ye",614.728080133556,"BE1-Koch20Ye",9.502,7,12
"BE1.Koch20Ye",615.582340567613,"BE1-Koch20Ye",9.559,8,12
"BE1.Koch20Ye",616.436601001669,"BE1-Koch20Ye",9.6125,8,12
"BE1.Koch20Ye",617.290861435726,"BE1-Koch20Ye",9.66933333333333,8,12
"BE1.Koch20Ye",618.145121869783,"BE1-Koch20Ye",9.7285,8,12
"BE1.Koch20Ye",618.99938230384,"BE1-Koch20Ye",9.79266666666667,8,12
"BE1.Koch20Ye",619.853642737897,"BE1-Koch20Ye",9.85483333333333,8,12
"BE1.Koch20Ye",620.707903171953,"BE1-Koch20Ye",9.9175,8,12
"BE1.Koch20Ye",621.56216360601,"BE1-Koch20Ye",9.9825,8,12
"BE1.Koch20Ye",622.416424040067,"BE1-Koch20Ye",10.0496666666667,8,12
"BE1.Koch20Ye",623.270684474124,"BE1-Koch20Ye",10.112,8,12
"BE1.Koch20Ye",624.12494490818,"BE1-Koch20Ye",10.1733333333333,8,12
"BE1.Koch20Ye",624.979205342237,"BE1-Koch20Ye",10.2356666666667,8,12
"BE1.Koch20Ye",625.833465776294,"BE1-Koch20Ye",10.3021666666667,8,12
"BE1.Koch20Ye",626.687726210351,"BE1-Koch20Ye",10.3711666666667,8,12
"BE1.Koch20Ye",627.541986644407,"BE1-Koch20Ye",10.4401666666667,8,12
"BE1.Koch20Ye",628.396247078464,"BE1-Koch20Ye",10.5126666666667,8,12
"BE1.Koch20Ye",629.250507512521,"BE1-Koch20Ye",10.5895,9,12
"BE1.Koch20Ye",630.104767946578,"BE1-Koch20Ye",10.6635,9,12
"BE1.Koch20Ye",630.959028380634,"BE1-Koch20Ye",10.7328333333333,9,12
"BE1.Koch20Ye",631.813288814691,"BE1-Koch20Ye",10.8066666666667,9,12
"BE1.Koch20Ye",632.667549248748,"BE1-Koch20Ye",10.8876666666667,9,12
"BE1.Koch20Ye",633.521809682805,"BE1-Koch20Ye",10.959,9,12
"BE1.Koch20Ye",634.376070116861,"BE1-Koch20Ye",11.0328333333333,9,12
"BE1.Koch20Ye",635.230330550918,"BE1-Koch20Ye",11.1145,9,12
"BE1.Koch20Ye",636.084590984975,"BE1-Koch20Ye",11.1921666666667,9,12
"BE1.Koch20Ye",636.938851419032,"BE1-Koch20Ye",11.2683333333333,9,12
"BE1.Koch20Ye",637.793111853088,"BE1-Koch20Ye",11.3291666666667,10,12
"BE1.Koch20Ye",638.647372287145,"BE1-Koch20Ye",11.4041666666667,10,12
"BE1.Koch20Ye",639.501632721202,"BE1-Koch20Ye",11.4585,10,12
"BE1.Koch20Ye",640.355893155259,"BE1-Koch20Ye",11.514,10,12
"BE1.Koch20Ye",641.210153589315,"BE1-Koch20Ye",11.5671666666667,10,12
"BE1.Koch20Ye",642.064414023372,"BE1-Koch20Ye",11.6218333333333,10,12
"BE1.Koch20Ye",642.918674457429,"BE1-Koch20Ye",11.6691666666667,11,12
"BE1.Koch20Ye",643.772934891486,"BE1-Koch20Ye",11.711,11,12
"BE1.Koch20Ye",644.627195325543,"BE1-Koch20Ye",11.7541666666667,11,12
"BE1.Koch20Ye",645.481455759599,"BE1-Koch20Ye",11.7871666666667,11,12
"BE1.Koch20Ye",646.335716193656,"BE1-Koch20Ye",11.822,11,12
"BE1.Koch20Ye",647.189976627713,"BE1-Koch20Ye",11.8498333333333,11,12
"BE1.Koch20Ye",648.04423706177,"BE1-Koch20Ye",11.8741666666667,11,12
"BE1.Koch20Ye",648.898497495826,"BE1-Koch20Ye",11.897,11,12
"BE1.Koch20Ye",649.752757929883,"BE1-Koch20Ye",11.9186666666667,11,12
"BE1.Koch20Ye",650.60701836394,"BE1-Koch20Ye",11.9341666666667,11,12
"BE1.Koch20Ye",651.461278797997,"BE1-Koch20Ye",11.9485,12,12
"BE1.Koch20Ye",652.315539232053,"BE1-Koch20Ye",11.959,12,12
"BE1.Koch20Ye",653.16979966611,"BE1-Koch20Ye",11.966,12,12
"BE1.Koch20Ye",654.024060100167,"BE1-Koch20Ye",11.9735,12,12
"BE1.Koch20Ye",654.878320534224,"BE1-Koch20Ye",11.9788333333333,12,12
"BE1.Koch20Ye",655.73258096828,"BE1-Koch20Ye",11.9816666666667,12,12
"BE1.Koch20Ye",656.586841402337,"BE1-Koch20Ye",11.9855,12,12
"BE1.Koch20Ye",657.441101836394,"BE1-Koch20Ye",11.9883333333333,12,12
"BE1.Koch20Ye",658.295362270451,"BE1-Koch20Ye",11.9896666666667,12,12
"BE1.Koch20Ye",659.149622704507,"BE1-Koch20Ye",11.9915,12,12
"BE1.Koch20Ye",660.003883138564,"BE1-Koch20Ye",11.9925,12,12
"BE1.Koch20Ye",660.858143572621,"BE1-Koch20Ye",11.9936666666667,12,12
"BE1.Koch20Ye",661.712404006678,"BE1-Koch20Ye",11.994,12,12
"BE1.Koch20Ye",662.566664440734,"BE1-Koch20Ye",11.995,12,12
"BE1.Koch20Ye",663.420924874791,"BE1-Koch20Ye",11.9958333333333,12,12
"BE1.Koch20Ye",664.275185308848,"BE1-Koch20Ye",11.9963333333333,12,12
"BE1.Koch20Ye",665.129445742905,"BE1-Koch20Ye",11.9965,12,12
"BE1.Koch20Ye",665.983706176962,"BE1-Koch20Ye",11.997,12,12
"BE1.Koch20Ye",666.837966611018,"BE1-Koch20Ye",11.9971666666667,12,12
"BE1.Koch20Ye",667.692227045075,"BE1-Koch20Ye",11.9973333333333,12,12
"BE1.Koch20Ye",668.546487479132,"BE1-Koch20Ye",11.9973333333333,12,12
"BE1.Koch20Ye",669.400747913189,"BE1-Koch20Ye",11.9975,12,12
"BE1.Koch20Ye",670.255008347245,"BE1-Koch20Ye",11.998,12,12
"BE1.Koch20Ye",671.109268781302,"BE1-Koch20Ye",11.998,12,12
"BE1.Koch20Ye",671.963529215359,"BE1-Koch20Ye",11.998,12,12
"BE1.Koch20Ye",672.817789649416,"BE1-Koch20Ye",11.998,12,12
"BE1.Koch20Ye",673.672050083472,"BE1-Koch20Ye",11.9981666666667,12,12
"BE1.Koch20Ye",674.526310517529,"BE1-Koch20Ye",11.9981666666667,12,12
"BE1.Koch20Ye",675.380570951586,"BE1-Koch20Ye",11.9983333333333,12,12
"BE1.Koch20Ye",676.234831385643,"BE1-Koch20Ye",11.9985,12,12
"BE1.Koch20Ye",677.089091819699,"BE1-Koch20Ye",11.9985,12,12
"BE1.Koch20Ye",677.943352253756,"BE1-Koch20Ye",11.9985,12,12
"BE1.Koch20Ye",678.797612687813,"BE1-Koch20Ye",11.9986666666667,12,12
"BE1.Koch20Ye",679.65187312187,"BE1-Koch20Ye",11.9986666666667,12,12
"BE1.Koch20Ye",680.506133555927,"BE1-Koch20Ye",11.9986666666667,12,12
"BE1.Koch20Ye",681.360393989983,"BE1-Koch20Ye",11.9988333333333,12,12
"BE1.Koch20Ye",682.21465442404,"BE1-Koch20Ye",11.9988333333333,12,12
"BE1.Koch20Ye",683.068914858097,"BE1-Koch20Ye",11.9988333333333,12,12
"BE1.Koch20Ye",683.923175292154,"BE1-Koch20Ye",11.9988333333333,12,12
"BE1.Koch20Ye",684.77743572621,"BE1-Koch20Ye",11.999,12,12
"BE1.Koch20Ye",685.631696160267,"BE1-Koch20Ye",11.999,12,12
"BE1.Koch20Ye",686.485956594324,"BE1-Koch20Ye",11.999,12,12
"BE1.Koch20Ye",687.340217028381,"BE1-Koch20Ye",11.999,12,12
"BE1.Koch20Ye",688.194477462437,"BE1-Koch20Ye",11.9991666666667,12,12
"BE1.Koch20Ye",689.048737896494,"BE1-Koch20Ye",11.9991666666667,12,12
"BE1.Koch20Ye",689.902998330551,"BE1-Koch20Ye",11.9991666666667,12,12
"BE1.Koch20Ye",690.757258764608,"BE1-Koch20Ye",11.9991666666667,12,12
"BE1.Koch20Ye",691.611519198664,"BE1-Koch20Ye",11.9991666666667,12,12
"BE1.Koch20Ye",692.465779632721,"BE1-Koch20Ye",11.9991666666667,12,12
"BE1.Koch20Ye",693.320040066778,"BE1-Koch20Ye",11.9991666666667,12,12
"BE1.Koch20Ye",694.174300500835,"BE1-Koch20Ye",11.9991666666667,12,12
"BE1.Koch20Ye",695.028560934892,"BE1-Koch20Ye",11.9991666666667,12,12
"BE1.Koch20Ye",695.882821368948,"BE1-Koch20Ye",11.9991666666667,12,12
"BE1.Koch20Ye",696.737081803005,"BE1-Koch20Ye",11.9991666666667,12,12
"BE1.Koch20Ye",697.591342237062,"BE1-Koch20Ye",11.9991666666667,12,12
"BE1.Koch20Ye",698.445602671119,"BE1-Koch20Ye",11.9991666666667,12,12
"BE1.Koch20Ye",699.299863105175,"BE1-Koch20Ye",11.9991666666667,12,12
"BE1.Koch20Ye",700.154123539232,"BE1-Koch20Ye",11.9991666666667,12,12
"BE1.Koch20Ye",701.008383973289,"BE1-Koch20Ye",11.9991666666667,12,12
"BE1.Koch20Ye",701.862644407346,"BE1-Koch20Ye",11.9993333333333,12,12
"BE1.Koch20Ye",702.716904841402,"BE1-Koch20Ye",11.9993333333333,12,12
"BE1.Koch20Ye",703.571165275459,"BE1-Koch20Ye",11.9993333333333,12,12
"BE1.Koch20Ye",704.425425709516,"BE1-Koch20Ye",11.9993333333333,12,12
"BE1.Koch20Ye",705.279686143573,"BE1-Koch20Ye",11.9993333333333,12,12
"BE1.Koch20Ye",706.133946577629,"BE1-Koch20Ye",11.9993333333333,12,12
"BE1.Koch20Ye",706.988207011686,"BE1-Koch20Ye",11.9993333333333,12,12
"BE1.Koch20Ye",707.842467445743,"BE1-Koch20Ye",11.9993333333333,12,12
"BE1.Koch20Ye",708.6967278798,"BE1-Koch20Ye",11.9993333333333,12,12
"BE1.Koch20Ye",709.550988313856,"BE1-Koch20Ye",11.9993333333333,12,12
"BE1.Koch20Ye",710.405248747913,"BE1-Koch20Ye",11.9993333333333,12,12
"BE1.Koch20Ye",711.25950918197,"BE1-Koch20Ye",11.9993333333333,12,12
"BE1.Koch20Ye",712.113769616027,"BE1-Koch20Ye",11.9993333333333,12,12
"BE1.Koch20Ye",712.968030050083,"BE1-Koch20Ye",11.9993333333333,12,12
"BE1.Koch20Ye",713.82229048414,"BE1-Koch20Ye",11.9993333333333,12,12
"BE1.Koch20Ye",714.676550918197,"BE1-Koch20Ye",11.9993333333333,12,12
"BE1.Koch20Ye",715.530811352254,"BE1-Koch20Ye",11.9993333333333,12,12
"BE1.Koch20Ye",716.385071786311,"BE1-Koch20Ye",11.9993333333333,12,12
"BE1.Koch20Ye",717.239332220367,"BE1-Koch20Ye",11.9993333333333,12,12
"BE1.Koch20Ye",718.093592654424,"BE1-Koch20Ye",11.9993333333333,12,12
"BE1.Koch20Ye",718.947853088481,"BE1-Koch20Ye",11.9993333333333,12,12
"BE1.Koch20Ye",719.802113522538,"BE1-Koch20Ye",11.9993333333333,12,12
"BE1.Koch20Ye",720.656373956594,"BE1-Koch20Ye",11.9993333333333,12,12
"BE1.Koch20Ye",721.510634390651,"BE1-Koch20Ye",11.9993333333333,12,12
"BE1.Koch20Ye",722.364894824708,"BE1-Koch20Ye",11.9993333333333,12,12
"BE1.Koch20Ye",723.219155258765,"BE1-Koch20Ye",11.9993333333333,12,12
"BE1.Koch20Ye",724.073415692821,"BE1-Koch20Ye",11.9993333333333,12,12
"BE1.Koch20Ye",724.927676126878,"BE1-Koch20Ye",11.9993333333333,12,12
"BE1.Koch20Ye",725.781936560935,"BE1-Koch20Ye",11.9993333333333,12,12
"BE1.Koch20Ye",726.636196994992,"BE1-Koch20Ye",11.9993333333333,12,12
"BE1.Koch20Ye",727.490457429048,"BE1-Koch20Ye",11.9993333333333,12,12
"BE1.Koch20Ye",728.344717863105,"BE1-Koch20Ye",11.9993333333333,12,12
"BE1.Koch20Ye",729.198978297162,"BE1-Koch20Ye",11.9993333333333,12,12
"BE1.Koch20Ye",730.053238731219,"BE1-Koch20Ye",11.9993333333333,12,12
"BE1.Koch20Ye",730.907499165275,"BE1-Koch20Ye",11.9993333333333,12,12
"BE1.Koch20Ye",731.761759599332,"BE1-Koch20Ye",11.9993333333333,12,12
"BE1.Koch20Ye",732.616020033389,"BE1-Koch20Ye",11.9993333333333,12,12
"BE1.Koch20Ye",733.470280467446,"BE1-Koch20Ye",11.9993333333333,12,12
"BE1.Koch20Ye",734.324540901503,"BE1-Koch20Ye",11.9993333333333,12,12
"BE1.Koch20Ye",735.178801335559,"BE1-Koch20Ye",11.9993333333333,12,12
"BE1.Koch20Ye",736.033061769616,"BE1-Koch20Ye",11.9993333333333,12,12
"BE1.Koch20Ye",736.887322203673,"BE1-Koch20Ye",11.9993333333333,12,12
"BE1.Koch20Ye",737.74158263773,"BE1-Koch20Ye",11.9993333333333,12,12
"BE1.Koch20Ye",738.595843071786,"BE1-Koch20Ye",11.9993333333333,12,12
"BE1.Koch20Ye",739.450103505843,"BE1-Koch20Ye",11.9993333333333,12,12
"BE1.Koch20Ye",740.3043639399,"BE1-Koch20Ye",11.9993333333333,12,12
"BE1.Koch20Ye",741.158624373957,"BE1-Koch20Ye",11.9993333333333,12,12
"BE1.Koch20Ye",742.012884808013,"BE1-Koch20Ye",11.9993333333333,12,12
"BE1.Koch20Ye",742.86714524207,"BE1-Koch20Ye",11.9993333333333,12,12
"BE1.Koch20Ye",743.721405676127,"BE1-Koch20Ye",11.9993333333333,12,12
"BE1.Koch20Ye",744.575666110184,"BE1-Koch20Ye",11.9993333333333,12,12
"BE1.Koch20Ye",745.42992654424,"BE1-Koch20Ye",11.9993333333333,12,12
"BE1.Koch20Ye",746.284186978297,"BE1-Koch20Ye",11.9993333333333,12,12
"BE1.Koch20Ye",747.138447412354,"BE1-Koch20Ye",11.9993333333333,12,12
"BE1.Koch20Ye",747.992707846411,"BE1-Koch20Ye",11.9993333333333,12,12
"BE1.Koch20Ye",748.846968280468,"BE1-Koch20Ye",11.9993333333333,12,12
"BE1.Koch20Ye",749.701228714524,"BE1-Koch20Ye",11.9993333333333,12,12
"BE1.Koch20Ye",750.555489148581,"BE1-Koch20Ye",11.9993333333333,12,12
"BE1.Koch20Ye",751.409749582638,"BE1-Koch20Ye",11.9993333333333,12,12
"BE1.Koch20Ye",752.264010016695,"BE1-Koch20Ye",11.9993333333333,12,12
"BE1.Koch20Ye",753.118270450751,"BE1-Koch20Ye",11.9993333333333,12,12
"BE1.Koch20Ye",753.972530884808,"BE1-Koch20Ye",11.9993333333333,12,12
"BE1.Koch20Ye",754.826791318865,"BE1-Koch20Ye",11.9995,12,12
"BE1.Koch20Ye",755.681051752922,"BE1-Koch20Ye",11.9995,12,12
"BE1.Koch20Ye",756.535312186978,"BE1-Koch20Ye",11.9995,12,12
"BE1.Koch20Ye",757.389572621035,"BE1-Koch20Ye",11.9995,12,12
"BE1.Koch20Ye",758.243833055092,"BE1-Koch20Ye",11.9995,12,12
"BE1.Koch20Ye",759.098093489149,"BE1-Koch20Ye",11.9995,12,12
"BE1.Koch20Ye",759.952353923205,"BE1-Koch20Ye",11.9996666666667,12,12
"BE1.Koch20Ye",760.806614357262,"BE1-Koch20Ye",11.9996666666667,12,12
"BE1.Koch20Ye",761.660874791319,"BE1-Koch20Ye",11.9996666666667,12,12
"BE1.Koch20Ye",762.515135225376,"BE1-Koch20Ye",11.9996666666667,12,12
"BE1.Koch20Ye",763.369395659432,"BE1-Koch20Ye",11.9996666666667,12,12
"BE1.Koch20Ye",764.223656093489,"BE1-Koch20Ye",11.9996666666667,12,12
"BE1.Koch20Ye",765.077916527546,"BE1-Koch20Ye",11.9996666666667,12,12
"BE1.Koch20Ye",765.932176961603,"BE1-Koch20Ye",11.9996666666667,12,12
"BE1.Koch20Ye",766.78643739566,"BE1-Koch20Ye",11.9996666666667,12,12
"BE1.Koch20Ye",767.640697829716,"BE1-Koch20Ye",11.9996666666667,12,12
"BE1.Koch20Ye",768.494958263773,"BE1-Koch20Ye",11.9996666666667,12,12
"BE1.Koch20Ye",769.34921869783,"BE1-Koch20Ye",11.9998333333333,12,12
"BE1.Koch20Ye",770.203479131887,"BE1-Koch20Ye",11.9998333333333,12,12
"BE1.Koch20Ye",771.057739565943,"BE1-Koch20Ye",11.9998333333333,12,12
"BE1.Koch20Ye",771.912,"BE1-Koch20Ye",12,12,12
"BE1.Reticella",366.975,"BE1-Reticella",0.000166666666666667,0,0
"BE1.Reticella",367.817054441261,"BE1-Reticella",0.000166666666666667,0,0
"BE1.Reticella",368.659108882522,"BE1-Reticella",0.000166666666666667,0,0
"BE1.Reticella",369.501163323782,"BE1-Reticella",0.000166666666666667,0,0
"BE1.Reticella",370.343217765043,"BE1-Reticella",0.000166666666666667,0,0
"BE1.Reticella",371.185272206304,"BE1-Reticella",0.000166666666666667,0,0
"BE1.Reticella",372.027326647565,"BE1-Reticella",0.000166666666666667,0,0
"BE1.Reticella",372.869381088825,"BE1-Reticella",0.000166666666666667,0,0
"BE1.Reticella",373.711435530086,"BE1-Reticella",0.000166666666666667,0,0
"BE1.Reticella",374.553489971347,"BE1-Reticella",0.000166666666666667,0,0
"BE1.Reticella",375.395544412607,"BE1-Reticella",0.000166666666666667,0,0
"BE1.Reticella",376.237598853868,"BE1-Reticella",0.000166666666666667,0,0
"BE1.Reticella",377.079653295129,"BE1-Reticella",0.000166666666666667,0,0
"BE1.Reticella",377.92170773639,"BE1-Reticella",0.000166666666666667,0,0
"BE1.Reticella",378.76376217765,"BE1-Reticella",0.000333333333333333,0,0
"BE1.Reticella",379.605816618911,"BE1-Reticella",0.000333333333333333,0,0
"BE1.Reticella",380.447871060172,"BE1-Reticella",5e-04,0,0
"BE1.Reticella",381.289925501433,"BE1-Reticella",5e-04,0,0
"BE1.Reticella",382.131979942693,"BE1-Reticella",5e-04,0,0
"BE1.Reticella",382.974034383954,"BE1-Reticella",5e-04,0,0
"BE1.Reticella",383.816088825215,"BE1-Reticella",5e-04,0,0
"BE1.Reticella",384.658143266476,"BE1-Reticella",5e-04,0,0
"BE1.Reticella",385.500197707736,"BE1-Reticella",5e-04,0,0
"BE1.Reticella",386.342252148997,"BE1-Reticella",5e-04,0,0
"BE1.Reticella",387.184306590258,"BE1-Reticella",5e-04,0,0
"BE1.Reticella",388.026361031519,"BE1-Reticella",5e-04,0,0
"BE1.Reticella",388.868415472779,"BE1-Reticella",5e-04,0,0
"BE1.Reticella",389.71046991404,"BE1-Reticella",5e-04,0,0
"BE1.Reticella",390.552524355301,"BE1-Reticella",5e-04,0,0
"BE1.Reticella",391.394578796562,"BE1-Reticella",5e-04,0,0
"BE1.Reticella",392.236633237822,"BE1-Reticella",5e-04,0,0
"BE1.Reticella",393.078687679083,"BE1-Reticella",5e-04,0,0
"BE1.Reticella",393.920742120344,"BE1-Reticella",5e-04,0,0
"BE1.Reticella",394.762796561605,"BE1-Reticella",5e-04,0,0
"BE1.Reticella",395.604851002865,"BE1-Reticella",5e-04,0,0
"BE1.Reticella",396.446905444126,"BE1-Reticella",5e-04,0,0
"BE1.Reticella",397.288959885387,"BE1-Reticella",0.000666666666666667,0,0
"BE1.Reticella",398.131014326648,"BE1-Reticella",0.000666666666666667,0,0
"BE1.Reticella",398.973068767908,"BE1-Reticella",0.000666666666666667,0,0
"BE1.Reticella",399.815123209169,"BE1-Reticella",0.000833333333333333,0,0
"BE1.Reticella",400.65717765043,"BE1-Reticella",0.000833333333333333,0,0
"BE1.Reticella",401.499232091691,"BE1-Reticella",0.001,0,0
"BE1.Reticella",402.341286532951,"BE1-Reticella",0.001,0,0
"BE1.Reticella",403.183340974212,"BE1-Reticella",0.001,0,0
"BE1.Reticella",404.025395415473,"BE1-Reticella",0.001,0,0
"BE1.Reticella",404.867449856734,"BE1-Reticella",0.001,0,0
"BE1.Reticella",405.709504297994,"BE1-Reticella",0.001,0,0
"BE1.Reticella",406.551558739255,"BE1-Reticella",0.001,0,0
"BE1.Reticella",407.393613180516,"BE1-Reticella",0.001,0,0
"BE1.Reticella",408.235667621777,"BE1-Reticella",0.001,0,0
"BE1.Reticella",409.077722063037,"BE1-Reticella",0.001,0,0
"BE1.Reticella",409.919776504298,"BE1-Reticella",0.00116666666666667,0,0
"BE1.Reticella",410.761830945559,"BE1-Reticella",0.0015,0,0
"BE1.Reticella",411.60388538682,"BE1-Reticella",0.0015,0,0
"BE1.Reticella",412.44593982808,"BE1-Reticella",0.0015,0,0
"BE1.Reticella",413.287994269341,"BE1-Reticella",0.00166666666666667,0,0
"BE1.Reticella",414.130048710602,"BE1-Reticella",0.00166666666666667,0,0
"BE1.Reticella",414.972103151862,"BE1-Reticella",0.00183333333333333,0,0
"BE1.Reticella",415.814157593123,"BE1-Reticella",0.002,0,0
"BE1.Reticella",416.656212034384,"BE1-Reticella",0.00233333333333333,0,0
"BE1.Reticella",417.498266475645,"BE1-Reticella",0.00266666666666667,0,0
"BE1.Reticella",418.340320916905,"BE1-Reticella",0.00266666666666667,0,0
"BE1.Reticella",419.182375358166,"BE1-Reticella",0.0035,0,0
"BE1.Reticella",420.024429799427,"BE1-Reticella",0.00366666666666667,0,0
"BE1.Reticella",420.866484240688,"BE1-Reticella",0.00416666666666667,0,0
"BE1.Reticella",421.708538681948,"BE1-Reticella",0.00533333333333333,0,0
"BE1.Reticella",422.550593123209,"BE1-Reticella",0.00633333333333333,0,0
"BE1.Reticella",423.39264756447,"BE1-Reticella",0.00833333333333333,0,0
"BE1.Reticella",424.234702005731,"BE1-Reticella",0.0105,0,0
"BE1.Reticella",425.076756446991,"BE1-Reticella",0.0121666666666667,0,0
"BE1.Reticella",425.918810888252,"BE1-Reticella",0.0143333333333333,0,0
"BE1.Reticella",426.760865329513,"BE1-Reticella",0.0166666666666667,0,0
"BE1.Reticella",427.602919770774,"BE1-Reticella",0.0195,0,0
"BE1.Reticella",428.444974212034,"BE1-Reticella",0.0233333333333333,0,0
"BE1.Reticella",429.287028653295,"BE1-Reticella",0.0263333333333333,0,0
"BE1.Reticella",430.129083094556,"BE1-Reticella",0.0286666666666667,0,0
"BE1.Reticella",430.971137535817,"BE1-Reticella",0.0315,0,0
"BE1.Reticella",431.813191977077,"BE1-Reticella",0.0358333333333333,0,0
"BE1.Reticella",432.655246418338,"BE1-Reticella",0.0406666666666667,0,0
"BE1.Reticella",433.497300859599,"BE1-Reticella",0.0446666666666667,0,0
"BE1.Reticella",434.33935530086,"BE1-Reticella",0.051,0,1
"BE1.Reticella",435.18140974212,"BE1-Reticella",0.0568333333333333,0,1
"BE1.Reticella",436.023464183381,"BE1-Reticella",0.0638333333333333,0,1
"BE1.Reticella",436.865518624642,"BE1-Reticella",0.0708333333333333,0,1
"BE1.Reticella",437.707573065903,"BE1-Reticella",0.0796666666666667,0,1
"BE1.Reticella",438.549627507163,"BE1-Reticella",0.0918333333333333,0,1
"BE1.Reticella",439.391681948424,"BE1-Reticella",0.103,0,1
"BE1.Reticella",440.233736389685,"BE1-Reticella",0.115166666666667,0,1
"BE1.Reticella",441.075790830946,"BE1-Reticella",0.1265,0,1
"BE1.Reticella",441.917845272206,"BE1-Reticella",0.138333333333333,0,1
"BE1.Reticella",442.759899713467,"BE1-Reticella",0.152,0,1
"BE1.Reticella",443.601954154728,"BE1-Reticella",0.165,0,1
"BE1.Reticella",444.444008595989,"BE1-Reticella",0.184833333333333,0,1
"BE1.Reticella",445.286063037249,"BE1-Reticella",0.201666666666667,0,1
"BE1.Reticella",446.12811747851,"BE1-Reticella",0.220833333333333,0,1
"BE1.Reticella",446.970171919771,"BE1-Reticella",0.236333333333333,0,1
"BE1.Reticella",447.812226361032,"BE1-Reticella",0.249166666666667,0,1
"BE1.Reticella",448.654280802292,"BE1-Reticella",0.262833333333333,0,1
"BE1.Reticella",449.496335243553,"BE1-Reticella",0.275,0,1
"BE1.Reticella",450.338389684814,"BE1-Reticella",0.288666666666667,0,1
"BE1.Reticella",451.180444126075,"BE1-Reticella",0.302333333333333,0,1
"BE1.Reticella",452.022498567335,"BE1-Reticella",0.315166666666667,0,1
"BE1.Reticella",452.864553008596,"BE1-Reticella",0.326166666666667,0,1
"BE1.Reticella",453.706607449857,"BE1-Reticella",0.34,0,1
"BE1.Reticella",454.548661891117,"BE1-Reticella",0.348833333333333,0,1
"BE1.Reticella",455.390716332378,"BE1-Reticella",0.363333333333333,0,1
"BE1.Reticella",456.232770773639,"BE1-Reticella",0.374166666666667,0,1
"BE1.Reticella",457.0748252149,"BE1-Reticella",0.385166666666667,0,1
"BE1.Reticella",457.91687965616,"BE1-Reticella",0.398333333333333,0,1
"BE1.Reticella",458.758934097421,"BE1-Reticella",0.41,0,1
"BE1.Reticella",459.600988538682,"BE1-Reticella",0.421166666666667,0,1
"BE1.Reticella",460.443042979943,"BE1-Reticella",0.431833333333333,0,1
"BE1.Reticella",461.285097421203,"BE1-Reticella",0.4425,0,1
"BE1.Reticella",462.127151862464,"BE1-Reticella",0.453666666666667,0,1
"BE1.Reticella",462.969206303725,"BE1-Reticella",0.464333333333333,0,2
"BE1.Reticella",463.811260744986,"BE1-Reticella",0.474,0,2
"BE1.Reticella",464.653315186246,"BE1-Reticella",0.482,0,2
"BE1.Reticella",465.495369627507,"BE1-Reticella",0.491166666666667,0,2
"BE1.Reticella",466.337424068768,"BE1-Reticella",0.498,0,2
"BE1.Reticella",467.179478510029,"BE1-Reticella",0.505333333333333,0,2
"BE1.Reticella",468.021532951289,"BE1-Reticella",0.512666666666667,0,2
"BE1.Reticella",468.86358739255,"BE1-Reticella",0.518333333333333,0,2
"BE1.Reticella",469.705641833811,"BE1-Reticella",0.525,0,2
"BE1.Reticella",470.547696275072,"BE1-Reticella",0.530666666666667,0,2
"BE1.Reticella",471.389750716332,"BE1-Reticella",0.535666666666667,0,2
"BE1.Reticella",472.231805157593,"BE1-Reticella",0.542166666666667,0,2
"BE1.Reticella",473.073859598854,"BE1-Reticella",0.547833333333333,0,2
"BE1.Reticella",473.915914040115,"BE1-Reticella",0.553,0,2
"BE1.Reticella",474.757968481375,"BE1-Reticella",0.559166666666667,0,2
"BE1.Reticella",475.600022922636,"BE1-Reticella",0.567833333333333,0,2
"BE1.Reticella",476.442077363897,"BE1-Reticella",0.574833333333333,0,2
"BE1.Reticella",477.284131805158,"BE1-Reticella",0.584166666666667,0,2
"BE1.Reticella",478.126186246418,"BE1-Reticella",0.594,0,2
"BE1.Reticella",478.968240687679,"BE1-Reticella",0.608,0,2
"BE1.Reticella",479.81029512894,"BE1-Reticella",0.620833333333333,0,2
"BE1.Reticella",480.652349570201,"BE1-Reticella",0.639333333333333,0,2
"BE1.Reticella",481.494404011461,"BE1-Reticella",0.6535,0,2
"BE1.Reticella",482.336458452722,"BE1-Reticella",0.6705,0,2
"BE1.Reticella",483.178512893983,"BE1-Reticella",0.689,0,2
"BE1.Reticella",484.020567335244,"BE1-Reticella",0.705833333333333,0,2
"BE1.Reticella",484.862621776504,"BE1-Reticella",0.725166666666667,0,2
"BE1.Reticella",485.704676217765,"BE1-Reticella",0.7475,0,2
"BE1.Reticella",486.546730659026,"BE1-Reticella",0.767666666666667,0,2
"BE1.Reticella",487.388785100287,"BE1-Reticella",0.785,0,2
"BE1.Reticella",488.230839541547,"BE1-Reticella",0.803833333333333,0,2
"BE1.Reticella",489.072893982808,"BE1-Reticella",0.822666666666667,0,2
"BE1.Reticella",489.914948424069,"BE1-Reticella",0.842666666666667,0,2
"BE1.Reticella",490.75700286533,"BE1-Reticella",0.858,0,2
"BE1.Reticella",491.59905730659,"BE1-Reticella",0.874166666666667,0,2
"BE1.Reticella",492.441111747851,"BE1-Reticella",0.889666666666667,0,2
"BE1.Reticella",493.283166189112,"BE1-Reticella",0.905,0,2
"BE1.Reticella",494.125220630372,"BE1-Reticella",0.917333333333333,0,2
"BE1.Reticella",494.967275071633,"BE1-Reticella",0.931166666666667,0,2
"BE1.Reticella",495.809329512894,"BE1-Reticella",0.945666666666667,0,2
"BE1.Reticella",496.651383954155,"BE1-Reticella",0.959333333333333,0,2
"BE1.Reticella",497.493438395415,"BE1-Reticella",0.970166666666667,0,2
"BE1.Reticella",498.335492836676,"BE1-Reticella",0.979833333333333,0,2
"BE1.Reticella",499.177547277937,"BE1-Reticella",0.9885,0,2
"BE1.Reticella",500.019601719198,"BE1-Reticella",0.997833333333333,0,2
"BE1.Reticella",500.861656160458,"BE1-Reticella",1.004,0,2
"BE1.Reticella",501.703710601719,"BE1-Reticella",1.0115,0,2
"BE1.Reticella",502.54576504298,"BE1-Reticella",1.01883333333333,0,2
"BE1.Reticella",503.387819484241,"BE1-Reticella",1.02716666666667,0,2
"BE1.Reticella",504.229873925501,"BE1-Reticella",1.03416666666667,0,2
"BE1.Reticella",505.071928366762,"BE1-Reticella",1.04033333333333,0,2
"BE1.Reticella",505.913982808023,"BE1-Reticella",1.04733333333333,0,2
"BE1.Reticella",506.756037249284,"BE1-Reticella",1.05383333333333,0,2
"BE1.Reticella",507.598091690544,"BE1-Reticella",1.063,0,2
"BE1.Reticella",508.440146131805,"BE1-Reticella",1.07183333333333,0,2
"BE1.Reticella",509.282200573066,"BE1-Reticella",1.08166666666667,0,2
"BE1.Reticella",510.124255014327,"BE1-Reticella",1.09683333333333,0,2
"BE1.Reticella",510.966309455587,"BE1-Reticella",1.14416666666667,0,2
"BE1.Reticella",511.808363896848,"BE1-Reticella",1.1955,0,3
"BE1.Reticella",512.650418338109,"BE1-Reticella",1.24183333333333,0,3
"BE1.Reticella",513.49247277937,"BE1-Reticella",1.28866666666667,0,3
"BE1.Reticella",514.33452722063,"BE1-Reticella",1.33733333333333,0,3
"BE1.Reticella",515.176581661891,"BE1-Reticella",1.3845,0,3
"BE1.Reticella",516.018636103152,"BE1-Reticella",1.43383333333333,0,3
"BE1.Reticella",516.860690544413,"BE1-Reticella",1.4785,0,3
"BE1.Reticella",517.702744985673,"BE1-Reticella",1.51983333333333,0,3
"BE1.Reticella",518.544799426934,"BE1-Reticella",1.55916666666667,0,3
"BE1.Reticella",519.386853868195,"BE1-Reticella",1.60016666666667,0,3
"BE1.Reticella",520.228908309456,"BE1-Reticella",1.63566666666667,0,3
"BE1.Reticella",521.070962750716,"BE1-Reticella",1.6725,0,3
"BE1.Reticella",521.913017191977,"BE1-Reticella",1.70666666666667,0,3
"BE1.Reticella",522.755071633238,"BE1-Reticella",1.7425,0,3
"BE1.Reticella",523.597126074499,"BE1-Reticella",1.77716666666667,0,3
"BE1.Reticella",524.439180515759,"BE1-Reticella",1.8105,0,3
"BE1.Reticella",525.28123495702,"BE1-Reticella",1.84566666666667,0,3
"BE1.Reticella",526.123289398281,"BE1-Reticella",1.88066666666667,0,4
"BE1.Reticella",526.965343839542,"BE1-Reticella",1.925,0,4
"BE1.Reticella",527.807398280802,"BE1-Reticella",1.96116666666667,0,4
"BE1.Reticella",528.649452722063,"BE1-Reticella",2.00116666666667,0,4
"BE1.Reticella",529.491507163324,"BE1-Reticella",2.04566666666667,1,4
"BE1.Reticella",530.333561604584,"BE1-Reticella",2.09466666666667,1,4
"BE1.Reticella",531.175616045845,"BE1-Reticella",2.136,1,4
"BE1.Reticella",532.017670487106,"BE1-Reticella",2.17983333333333,1,4
"BE1.Reticella",532.859724928367,"BE1-Reticella",2.23116666666667,1,4
"BE1.Reticella",533.701779369628,"BE1-Reticella",2.28283333333333,1,4
"BE1.Reticella",534.543833810888,"BE1-Reticella",2.33766666666667,1,4
"BE1.Reticella",535.385888252149,"BE1-Reticella",2.40216666666667,1,4
"BE1.Reticella",536.22794269341,"BE1-Reticella",2.45933333333333,1,4
"BE1.Reticella",537.069997134671,"BE1-Reticella",2.52266666666667,1,4
"BE1.Reticella",537.912051575931,"BE1-Reticella",2.59166666666667,1,4
"BE1.Reticella",538.754106017192,"BE1-Reticella",2.66116666666667,1,4
"BE1.Reticella",539.596160458453,"BE1-Reticella",2.73016666666667,1,4
"BE1.Reticella",540.438214899713,"BE1-Reticella",2.79733333333333,1,4
"BE1.Reticella",541.280269340974,"BE1-Reticella",2.86683333333333,1,4
"BE1.Reticella",542.122323782235,"BE1-Reticella",2.9365,1,4
"BE1.Reticella",542.964378223496,"BE1-Reticella",3.00666666666667,1,4
"BE1.Reticella",543.806432664756,"BE1-Reticella",3.07733333333333,2,5
"BE1.Reticella",544.648487106017,"BE1-Reticella",3.15416666666667,2,5
"BE1.Reticella",545.490541547278,"BE1-Reticella",3.22116666666667,2,5
"BE1.Reticella",546.332595988539,"BE1-Reticella",3.3015,2,5
"BE1.Reticella",547.174650429799,"BE1-Reticella",3.37716666666667,2,5
"BE1.Reticella",548.01670487106,"BE1-Reticella",3.454,2,5
"BE1.Reticella",548.858759312321,"BE1-Reticella",3.53116666666667,2,5
"BE1.Reticella",549.700813753582,"BE1-Reticella",3.61333333333333,2,5
"BE1.Reticella",550.542868194842,"BE1-Reticella",3.68866666666667,2,5
"BE1.Reticella",551.384922636103,"BE1-Reticella",3.76283333333333,2,5
"BE1.Reticella",552.226977077364,"BE1-Reticella",3.83766666666667,2,5
"BE1.Reticella",553.069031518625,"BE1-Reticella",3.9115,2,5
"BE1.Reticella",553.911085959885,"BE1-Reticella",3.9795,2,5
"BE1.Reticella",554.753140401146,"BE1-Reticella",4.05116666666667,2,5
"BE1.Reticella",555.595194842407,"BE1-Reticella",4.1275,3,6
"BE1.Reticella",556.437249283668,"BE1-Reticella",4.2005,3,6
"BE1.Reticella",557.279303724928,"BE1-Reticella",4.2715,3,6
"BE1.Reticella",558.121358166189,"BE1-Reticella",4.34016666666667,3,6
"BE1.Reticella",558.96341260745,"BE1-Reticella",4.40816666666667,3,6
"BE1.Reticella",559.805467048711,"BE1-Reticella",4.47633333333333,3,6
"BE1.Reticella",560.647521489971,"BE1-Reticella",4.54383333333333,3,6
"BE1.Reticella",561.489575931232,"BE1-Reticella",4.60933333333333,3,6
"BE1.Reticella",562.331630372493,"BE1-Reticella",4.67666666666667,3,6
"BE1.Reticella",563.173684813754,"BE1-Reticella",4.74016666666667,3,6
"BE1.Reticella",564.015739255014,"BE1-Reticella",4.80566666666667,3,6
"BE1.Reticella",564.857793696275,"BE1-Reticella",4.87066666666667,3,6
"BE1.Reticella",565.699848137536,"BE1-Reticella",4.9325,3,6
"BE1.Reticella",566.541902578797,"BE1-Reticella",4.98933333333333,3,6
"BE1.Reticella",567.383957020057,"BE1-Reticella",5.04933333333333,3,6
"BE1.Reticella",568.226011461318,"BE1-Reticella",5.10466666666667,3,6
"BE1.Reticella",569.068065902579,"BE1-Reticella",5.163,4,7
"BE1.Reticella",569.910120343839,"BE1-Reticella",5.2125,4,7
"BE1.Reticella",570.7521747851,"BE1-Reticella",5.269,4,7
"BE1.Reticella",571.594229226361,"BE1-Reticella",5.321,4,7
"BE1.Reticella",572.436283667622,"BE1-Reticella",5.37266666666667,4,7
"BE1.Reticella",573.278338108883,"BE1-Reticella",5.4225,4,7
"BE1.Reticella",574.120392550143,"BE1-Reticella",5.47733333333333,4,7
"BE1.Reticella",574.962446991404,"BE1-Reticella",5.5295,4,7
"BE1.Reticella",575.804501432665,"BE1-Reticella",5.58266666666667,4,7
"BE1.Reticella",576.646555873926,"BE1-Reticella",5.63466666666667,4,7
"BE1.Reticella",577.488610315186,"BE1-Reticella",5.677,4,7
"BE1.Reticella",578.330664756447,"BE1-Reticella",5.72783333333333,4,7
"BE1.Reticella",579.172719197708,"BE1-Reticella",5.77783333333333,4,7
"BE1.Reticella",580.014773638968,"BE1-Reticella",5.8215,4,7
"BE1.Reticella",580.856828080229,"BE1-Reticella",5.86866666666667,5,7
"BE1.Reticella",581.69888252149,"BE1-Reticella",5.9125,5,7
"BE1.Reticella",582.540936962751,"BE1-Reticella",5.95066666666667,5,7
"BE1.Reticella",583.382991404011,"BE1-Reticella",5.99333333333333,5,7
"BE1.Reticella",584.225045845272,"BE1-Reticella",6.0355,5,7
"BE1.Reticella",585.067100286533,"BE1-Reticella",6.08416666666667,5,7
"BE1.Reticella",585.909154727794,"BE1-Reticella",6.12416666666667,5,7
"BE1.Reticella",586.751209169054,"BE1-Reticella",6.168,5,7
"BE1.Reticella",587.593263610315,"BE1-Reticella",6.21066666666667,5,7
"BE1.Reticella",588.435318051576,"BE1-Reticella",6.25083333333333,5,7
"BE1.Reticella",589.277372492837,"BE1-Reticella",6.29383333333333,5,7
"BE1.Reticella",590.119426934097,"BE1-Reticella",6.33,5,7
"BE1.Reticella",590.961481375358,"BE1-Reticella",6.36866666666667,5,7
"BE1.Reticella",591.803535816619,"BE1-Reticella",6.409,5,7
"BE1.Reticella",592.64559025788,"BE1-Reticella",6.44333333333333,5,7
"BE1.Reticella",593.48764469914,"BE1-Reticella",6.47766666666667,5,7
"BE1.Reticella",594.329699140401,"BE1-Reticella",6.51266666666667,5,7
"BE1.Reticella",595.171753581662,"BE1-Reticella",6.552,6,7
"BE1.Reticella",596.013808022923,"BE1-Reticella",6.58366666666667,6,7
"BE1.Reticella",596.855862464183,"BE1-Reticella",6.61033333333333,6,7
"BE1.Reticella",597.697916905444,"BE1-Reticella",6.63716666666667,6,7
"BE1.Reticella",598.539971346705,"BE1-Reticella",6.66283333333333,6,7
"BE1.Reticella",599.382025787966,"BE1-Reticella",6.6865,6,7
"BE1.Reticella",600.224080229226,"BE1-Reticella",6.70716666666667,6,7
"BE1.Reticella",601.066134670487,"BE1-Reticella",6.73016666666667,6,7
"BE1.Reticella",601.908189111748,"BE1-Reticella",6.74733333333333,6,7
"BE1.Reticella",602.750243553009,"BE1-Reticella",6.76533333333333,6,7
"BE1.Reticella",603.592297994269,"BE1-Reticella",6.77583333333333,6,7
"BE1.Reticella",604.43435243553,"BE1-Reticella",6.78666666666667,6,7
"BE1.Reticella",605.276406876791,"BE1-Reticella",6.794,6,7
"BE1.Reticella",606.118461318052,"BE1-Reticella",6.80066666666667,6,7
"BE1.Reticella",606.960515759312,"BE1-Reticella",6.80766666666667,6,7
"BE1.Reticella",607.802570200573,"BE1-Reticella",6.81333333333333,6,7
"BE1.Reticella",608.644624641834,"BE1-Reticella",6.81666666666667,6,7
"BE1.Reticella",609.486679083094,"BE1-Reticella",6.82033333333333,6,7
"BE1.Reticella",610.328733524355,"BE1-Reticella",6.822,6,7
"BE1.Reticella",611.170787965616,"BE1-Reticella",6.82466666666667,6,7
"BE1.Reticella",612.012842406877,"BE1-Reticella",6.826,6,7
"BE1.Reticella",612.854896848138,"BE1-Reticella",6.82816666666667,6,7
"BE1.Reticella",613.696951289398,"BE1-Reticella",6.83066666666667,6,7
"BE1.Reticella",614.539005730659,"BE1-Reticella",6.83383333333333,6,7
"BE1.Reticella",615.38106017192,"BE1-Reticella",6.83766666666667,6,7
"BE1.Reticella",616.223114613181,"BE1-Reticella",6.8405,6,7
"BE1.Reticella",617.065169054441,"BE1-Reticella",6.84216666666667,6,7
"BE1.Reticella",617.907223495702,"BE1-Reticella",6.84433333333333,6,7
"BE1.Reticella",618.749277936963,"BE1-Reticella",6.84716666666667,6,7
"BE1.Reticella",619.591332378223,"BE1-Reticella",6.84983333333333,6,7
"BE1.Reticella",620.433386819484,"BE1-Reticella",6.852,6,7
"BE1.Reticella",621.275441260745,"BE1-Reticella",6.8555,6,7
"BE1.Reticella",622.117495702006,"BE1-Reticella",6.85833333333333,6,7
"BE1.Reticella",622.959550143266,"BE1-Reticella",6.86283333333333,6,7
"BE1.Reticella",623.801604584527,"BE1-Reticella",6.86766666666667,6,7
"BE1.Reticella",624.643659025788,"BE1-Reticella",6.871,6,7
"BE1.Reticella",625.485713467049,"BE1-Reticella",6.87633333333333,6,7
"BE1.Reticella",626.327767908309,"BE1-Reticella",6.881,6,7
"BE1.Reticella",627.16982234957,"BE1-Reticella",6.889,6,7
"BE1.Reticella",628.011876790831,"BE1-Reticella",6.89733333333333,6,7
"BE1.Reticella",628.853931232092,"BE1-Reticella",6.90466666666667,6,7
"BE1.Reticella",629.695985673352,"BE1-Reticella",6.91333333333333,6,7
"BE1.Reticella",630.538040114613,"BE1-Reticella",6.92233333333333,6,7
"BE1.Reticella",631.380094555874,"BE1-Reticella",6.92866666666667,6,7
"BE1.Reticella",632.222148997135,"BE1-Reticella",6.93466666666667,6,7
"BE1.Reticella",633.064203438395,"BE1-Reticella",6.942,6,7
"BE1.Reticella",633.906257879656,"BE1-Reticella",6.94866666666667,6,7
"BE1.Reticella",634.748312320917,"BE1-Reticella",6.95583333333333,7,7
"BE1.Reticella",635.590366762178,"BE1-Reticella",6.961,7,7
"BE1.Reticella",636.432421203438,"BE1-Reticella",6.9665,7,7
"BE1.Reticella",637.274475644699,"BE1-Reticella",6.97166666666667,7,7
"BE1.Reticella",638.11653008596,"BE1-Reticella",6.97583333333333,7,7
"BE1.Reticella",638.958584527221,"BE1-Reticella",6.98,7,7
"BE1.Reticella",639.800638968481,"BE1-Reticella",6.98316666666667,7,7
"BE1.Reticella",640.642693409742,"BE1-Reticella",6.986,7,7
"BE1.Reticella",641.484747851003,"BE1-Reticella",6.988,7,7
"BE1.Reticella",642.326802292264,"BE1-Reticella",6.98933333333333,7,7
"BE1.Reticella",643.168856733524,"BE1-Reticella",6.9915,7,7
"BE1.Reticella",644.010911174785,"BE1-Reticella",6.99316666666667,7,7
"BE1.Reticella",644.852965616046,"BE1-Reticella",6.99483333333333,7,7
"BE1.Reticella",645.695020057307,"BE1-Reticella",6.996,7,7
"BE1.Reticella",646.537074498567,"BE1-Reticella",6.99683333333333,7,7
"BE1.Reticella",647.379128939828,"BE1-Reticella",6.99766666666667,7,7
"BE1.Reticella",648.221183381089,"BE1-Reticella",6.99783333333333,7,7
"BE1.Reticella",649.063237822349,"BE1-Reticella",6.998,7,7
"BE1.Reticella",649.90529226361,"BE1-Reticella",6.998,7,7
"BE1.Reticella",650.747346704871,"BE1-Reticella",6.99833333333333,7,7
"BE1.Reticella",651.589401146132,"BE1-Reticella",6.99833333333333,7,7
"BE1.Reticella",652.431455587393,"BE1-Reticella",6.9985,7,7
"BE1.Reticella",653.273510028653,"BE1-Reticella",6.99933333333333,7,7
"BE1.Reticella",654.115564469914,"BE1-Reticella",6.9995,7,7
"BE1.Reticella",654.957618911175,"BE1-Reticella",6.9995,7,7
"BE1.Reticella",655.799673352436,"BE1-Reticella",6.99966666666667,7,7
"BE1.Reticella",656.641727793696,"BE1-Reticella",6.99983333333333,7,7
"BE1.Reticella",657.483782234957,"BE1-Reticella",6.99983333333333,7,7
"BE1.Reticella",658.325836676218,"BE1-Reticella",6.99983333333333,7,7
"BE1.Reticella",659.167891117478,"BE1-Reticella",6.99983333333333,7,7
"BE1.Reticella",660.009945558739,"BE1-Reticella",6.99983333333333,7,7
"BE1.Reticella",660.852,"BE1-Reticella",7,7,7
"BE1.Koch20Wh",422.186,"BE1-Koch20Wh",0.000166666666666667,0,0
"BE1.Koch20Wh",423.355652173913,"BE1-Koch20Wh",0.000166666666666667,0,0
"BE1.Koch20Wh",424.525304347826,"BE1-Koch20Wh",0.000166666666666667,0,0
"BE1.Koch20Wh",425.694956521739,"BE1-Koch20Wh",0.000166666666666667,0,0
"BE1.Koch20Wh",426.864608695652,"BE1-Koch20Wh",0.000166666666666667,0,0
"BE1.Koch20Wh",428.034260869565,"BE1-Koch20Wh",5e-04,0,0
"BE1.Koch20Wh",429.203913043478,"BE1-Koch20Wh",0.000666666666666667,0,0
"BE1.Koch20Wh",430.373565217391,"BE1-Koch20Wh",0.000833333333333333,0,0
"BE1.Koch20Wh",431.543217391304,"BE1-Koch20Wh",0.000833333333333333,0,0
"BE1.Koch20Wh",432.712869565217,"BE1-Koch20Wh",0.001,0,0
"BE1.Koch20Wh",433.88252173913,"BE1-Koch20Wh",0.001,0,0
"BE1.Koch20Wh",435.052173913043,"BE1-Koch20Wh",0.0015,0,0
"BE1.Koch20Wh",436.221826086957,"BE1-Koch20Wh",0.00166666666666667,0,0
"BE1.Koch20Wh",437.39147826087,"BE1-Koch20Wh",0.00216666666666667,0,0
"BE1.Koch20Wh",438.561130434783,"BE1-Koch20Wh",0.00266666666666667,0,0
"BE1.Koch20Wh",439.730782608696,"BE1-Koch20Wh",0.00333333333333333,0,0
"BE1.Koch20Wh",440.900434782609,"BE1-Koch20Wh",0.004,0,0
"BE1.Koch20Wh",442.070086956522,"BE1-Koch20Wh",0.00516666666666667,0,0
"BE1.Koch20Wh",443.239739130435,"BE1-Koch20Wh",0.00566666666666667,0,0
"BE1.Koch20Wh",444.409391304348,"BE1-Koch20Wh",0.00666666666666667,0,0
"BE1.Koch20Wh",445.579043478261,"BE1-Koch20Wh",0.00816666666666667,0,0
"BE1.Koch20Wh",446.748695652174,"BE1-Koch20Wh",0.009,0,0
"BE1.Koch20Wh",447.918347826087,"BE1-Koch20Wh",0.0095,0,0
"BE1.Koch20Wh",449.088,"BE1-Koch20Wh",0.0101666666666667,0,0
"BE1.Koch20Wh",450.257652173913,"BE1-Koch20Wh",0.0108333333333333,0,0
"BE1.Koch20Wh",451.427304347826,"BE1-Koch20Wh",0.0113333333333333,0,0
"BE1.Koch20Wh",452.596956521739,"BE1-Koch20Wh",0.0125,0,0
"BE1.Koch20Wh",453.766608695652,"BE1-Koch20Wh",0.0131666666666667,0,0
"BE1.Koch20Wh",454.936260869565,"BE1-Koch20Wh",0.0135,0,0
"BE1.Koch20Wh",456.105913043478,"BE1-Koch20Wh",0.0141666666666667,0,0
"BE1.Koch20Wh",457.275565217391,"BE1-Koch20Wh",0.0153333333333333,0,0
"BE1.Koch20Wh",458.445217391304,"BE1-Koch20Wh",0.016,0,0
"BE1.Koch20Wh",459.614869565217,"BE1-Koch20Wh",0.0163333333333333,0,0
"BE1.Koch20Wh",460.78452173913,"BE1-Koch20Wh",0.0171666666666667,0,0
"BE1.Koch20Wh",461.954173913043,"BE1-Koch20Wh",0.0176666666666667,0,0
"BE1.Koch20Wh",463.123826086957,"BE1-Koch20Wh",0.0186666666666667,0,0
"BE1.Koch20Wh",464.29347826087,"BE1-Koch20Wh",0.0188333333333333,0,0
"BE1.Koch20Wh",465.463130434783,"BE1-Koch20Wh",0.0193333333333333,0,0
"BE1.Koch20Wh",466.632782608696,"BE1-Koch20Wh",0.0193333333333333,0,0
"BE1.Koch20Wh",467.802434782609,"BE1-Koch20Wh",0.0195,0,0
"BE1.Koch20Wh",468.972086956522,"BE1-Koch20Wh",0.0196666666666667,0,0
"BE1.Koch20Wh",470.141739130435,"BE1-Koch20Wh",0.0198333333333333,0,0
"BE1.Koch20Wh",471.311391304348,"BE1-Koch20Wh",0.0198333333333333,0,0
"BE1.Koch20Wh",472.481043478261,"BE1-Koch20Wh",0.0205,0,0
"BE1.Koch20Wh",473.650695652174,"BE1-Koch20Wh",0.0208333333333333,0,0
"BE1.Koch20Wh",474.820347826087,"BE1-Koch20Wh",0.0211666666666667,0,0
"BE1.Koch20Wh",475.99,"BE1-Koch20Wh",0.0215,0,0
"BE1.Koch20Wh",477.159652173913,"BE1-Koch20Wh",0.0221666666666667,0,0
"BE1.Koch20Wh",478.329304347826,"BE1-Koch20Wh",0.0233333333333333,0,0
"BE1.Koch20Wh",479.498956521739,"BE1-Koch20Wh",0.0241666666666667,0,0
"BE1.Koch20Wh",480.668608695652,"BE1-Koch20Wh",0.025,0,0
"BE1.Koch20Wh",481.838260869565,"BE1-Koch20Wh",0.026,0,0
"BE1.Koch20Wh",483.007913043478,"BE1-Koch20Wh",0.0268333333333333,0,0
"BE1.Koch20Wh",484.177565217391,"BE1-Koch20Wh",0.028,0,0
"BE1.Koch20Wh",485.347217391304,"BE1-Koch20Wh",0.029,0,0
"BE1.Koch20Wh",486.516869565217,"BE1-Koch20Wh",0.0303333333333333,0,0
"BE1.Koch20Wh",487.68652173913,"BE1-Koch20Wh",0.0318333333333333,0,0
"BE1.Koch20Wh",488.856173913043,"BE1-Koch20Wh",0.034,0,0
"BE1.Koch20Wh",490.025826086956,"BE1-Koch20Wh",0.0353333333333333,0,0
"BE1.Koch20Wh",491.19547826087,"BE1-Koch20Wh",0.0361666666666667,0,0
"BE1.Koch20Wh",492.365130434783,"BE1-Koch20Wh",0.0368333333333333,0,0
"BE1.Koch20Wh",493.534782608696,"BE1-Koch20Wh",0.038,0,0
"BE1.Koch20Wh",494.704434782609,"BE1-Koch20Wh",0.0385,0,0
"BE1.Koch20Wh",495.874086956522,"BE1-Koch20Wh",0.0391666666666667,0,0
"BE1.Koch20Wh",497.043739130435,"BE1-Koch20Wh",0.04,0,0
"BE1.Koch20Wh",498.213391304348,"BE1-Koch20Wh",0.0401666666666667,0,0
"BE1.Koch20Wh",499.383043478261,"BE1-Koch20Wh",0.0408333333333333,0,0
"BE1.Koch20Wh",500.552695652174,"BE1-Koch20Wh",0.0415,0,0
"BE1.Koch20Wh",501.722347826087,"BE1-Koch20Wh",0.0418333333333333,0,0
"BE1.Koch20Wh",502.892,"BE1-Koch20Wh",0.0421666666666667,0,0
"BE1.Koch20Wh",504.061652173913,"BE1-Koch20Wh",0.0423333333333333,0,0
"BE1.Koch20Wh",505.231304347826,"BE1-Koch20Wh",0.0431666666666667,0,0
"BE1.Koch20Wh",506.400956521739,"BE1-Koch20Wh",0.0433333333333333,0,0
"BE1.Koch20Wh",507.570608695652,"BE1-Koch20Wh",0.0433333333333333,0,0
"BE1.Koch20Wh",508.740260869565,"BE1-Koch20Wh",0.0438333333333333,0,0
"BE1.Koch20Wh",509.909913043478,"BE1-Koch20Wh",0.0471666666666667,0,0
"BE1.Koch20Wh",511.079565217391,"BE1-Koch20Wh",0.0848333333333333,0,1
"BE1.Koch20Wh",512.249217391304,"BE1-Koch20Wh",0.1325,0,1
"BE1.Koch20Wh",513.418869565217,"BE1-Koch20Wh",0.177,0,1
"BE1.Koch20Wh",514.58852173913,"BE1-Koch20Wh",0.219833333333333,0,1
"BE1.Koch20Wh",515.758173913043,"BE1-Koch20Wh",0.266666666666667,0,1
"BE1.Koch20Wh",516.927826086957,"BE1-Koch20Wh",0.314833333333333,0,1
"BE1.Koch20Wh",518.09747826087,"BE1-Koch20Wh",0.364333333333333,0,1
"BE1.Koch20Wh",519.267130434783,"BE1-Koch20Wh",0.4135,0,1
"BE1.Koch20Wh",520.436782608696,"BE1-Koch20Wh",0.465333333333333,0,1
"BE1.Koch20Wh",521.606434782609,"BE1-Koch20Wh",0.519,0,1
"BE1.Koch20Wh",522.776086956522,"BE1-Koch20Wh",0.569333333333333,0,2
"BE1.Koch20Wh",523.945739130435,"BE1-Koch20Wh",0.626833333333333,0,2
"BE1.Koch20Wh",525.115391304348,"BE1-Koch20Wh",0.678666666666667,0,2
"BE1.Koch20Wh",526.285043478261,"BE1-Koch20Wh",0.7325,0,2
"BE1.Koch20Wh",527.454695652174,"BE1-Koch20Wh",0.790666666666667,0,2
"BE1.Koch20Wh",528.624347826087,"BE1-Koch20Wh",0.840666666666667,0,2
"BE1.Koch20Wh",529.794,"BE1-Koch20Wh",0.891833333333333,0,2
"BE1.Koch20Wh",530.963652173913,"BE1-Koch20Wh",0.938333333333333,0,2
"BE1.Koch20Wh",532.133304347826,"BE1-Koch20Wh",0.984833333333333,0,2
"BE1.Koch20Wh",533.302956521739,"BE1-Koch20Wh",1.03066666666667,0,2
"BE1.Koch20Wh",534.472608695652,"BE1-Koch20Wh",1.0695,0,2
"BE1.Koch20Wh",535.642260869565,"BE1-Koch20Wh",1.11183333333333,0,2
"BE1.Koch20Wh",536.811913043478,"BE1-Koch20Wh",1.14316666666667,0,2
"BE1.Koch20Wh",537.981565217391,"BE1-Koch20Wh",1.17133333333333,1,2
"BE1.Koch20Wh",539.151217391304,"BE1-Koch20Wh",1.20533333333333,1,2
"BE1.Koch20Wh",540.320869565217,"BE1-Koch20Wh",1.24416666666667,1,2
"BE1.Koch20Wh",541.49052173913,"BE1-Koch20Wh",1.2825,1,2
"BE1.Koch20Wh",542.660173913044,"BE1-Koch20Wh",1.31966666666667,1,2
"BE1.Koch20Wh",543.829826086956,"BE1-Koch20Wh",1.3585,1,2
"BE1.Koch20Wh",544.99947826087,"BE1-Koch20Wh",1.403,1,2
"BE1.Koch20Wh",546.169130434783,"BE1-Koch20Wh",1.44833333333333,1,2
"BE1.Koch20Wh",547.338782608696,"BE1-Koch20Wh",1.49766666666667,1,2
"BE1.Koch20Wh",548.508434782609,"BE1-Koch20Wh",1.54416666666667,0,2
"BE1.Koch20Wh",549.678086956522,"BE1-Koch20Wh",1.5885,1,3
"BE1.Koch20Wh",550.847739130435,"BE1-Koch20Wh",1.64016666666667,1,3
"BE1.Koch20Wh",552.017391304348,"BE1-Koch20Wh",1.69416666666667,1,3
"BE1.Koch20Wh",553.187043478261,"BE1-Koch20Wh",1.74733333333333,1,3
"BE1.Koch20Wh",554.356695652174,"BE1-Koch20Wh",1.80183333333333,1,3
"BE1.Koch20Wh",555.526347826087,"BE1-Koch20Wh",1.858,1,3
"BE1.Koch20Wh",556.696,"BE1-Koch20Wh",1.91416666666667,1,3
"BE1.Koch20Wh",557.865652173913,"BE1-Koch20Wh",1.97016666666667,1,3
"BE1.Koch20Wh",559.035304347826,"BE1-Koch20Wh",2.02966666666667,1,3
"BE1.Koch20Wh",560.204956521739,"BE1-Koch20Wh",2.09516666666667,1,3
"BE1.Koch20Wh",561.374608695652,"BE1-Koch20Wh",2.1565,1,3
"BE1.Koch20Wh",562.544260869565,"BE1-Koch20Wh",2.21916666666667,1,3
"BE1.Koch20Wh",563.713913043478,"BE1-Koch20Wh",2.28233333333333,1,4
"BE1.Koch20Wh",564.883565217391,"BE1-Koch20Wh",2.347,1,4
"BE1.Koch20Wh",566.053217391304,"BE1-Koch20Wh",2.41666666666667,1,4
"BE1.Koch20Wh",567.222869565217,"BE1-Koch20Wh",2.48666666666667,1,4
"BE1.Koch20Wh",568.39252173913,"BE1-Koch20Wh",2.55766666666667,1,4
"BE1.Koch20Wh",569.562173913043,"BE1-Koch20Wh",2.6285,1,4
"BE1.Koch20Wh",570.731826086957,"BE1-Koch20Wh",2.70233333333333,1,4
"BE1.Koch20Wh",571.90147826087,"BE1-Koch20Wh",2.77766666666667,2,4
"BE1.Koch20Wh",573.071130434783,"BE1-Koch20Wh",2.85716666666667,2,4
"BE1.Koch20Wh",574.240782608696,"BE1-Koch20Wh",2.93183333333333,2,4
"BE1.Koch20Wh",575.410434782609,"BE1-Koch20Wh",3.01216666666667,1,4
"BE1.Koch20Wh",576.580086956522,"BE1-Koch20Wh",3.09366666666667,1,4
"BE1.Koch20Wh",577.749739130435,"BE1-Koch20Wh",3.173,2,5
"BE1.Koch20Wh",578.919391304348,"BE1-Koch20Wh",3.24966666666667,2,5
"BE1.Koch20Wh",580.089043478261,"BE1-Koch20Wh",3.32483333333333,2,5
"BE1.Koch20Wh",581.258695652174,"BE1-Koch20Wh",3.4005,2,5
"BE1.Koch20Wh",582.428347826087,"BE1-Koch20Wh",3.479,2,5
"BE1.Koch20Wh",583.598,"BE1-Koch20Wh",3.55666666666667,2,5
"BE1.Koch20Wh",584.767652173913,"BE1-Koch20Wh",3.6355,2,5
"BE1.Koch20Wh",585.937304347826,"BE1-Koch20Wh",3.71166666666667,2,5
"BE1.Koch20Wh",587.106956521739,"BE1-Koch20Wh",3.7925,2,5
"BE1.Koch20Wh",588.276608695652,"BE1-Koch20Wh",3.8755,3,5
"BE1.Koch20Wh",589.446260869565,"BE1-Koch20Wh",3.94483333333333,3,5
"BE1.Koch20Wh",590.615913043478,"BE1-Koch20Wh",4.0175,3,5
"BE1.Koch20Wh",591.785565217391,"BE1-Koch20Wh",4.08833333333333,3,5
"BE1.Koch20Wh",592.955217391304,"BE1-Koch20Wh",4.16316666666667,3,5
"BE1.Koch20Wh",594.124869565217,"BE1-Koch20Wh",4.22966666666667,3,5
"BE1.Koch20Wh",595.29452173913,"BE1-Koch20Wh",4.29533333333333,3,5
"BE1.Koch20Wh",596.464173913044,"BE1-Koch20Wh",4.3595,3,5
"BE1.Koch20Wh",597.633826086957,"BE1-Koch20Wh",4.42483333333333,3,5
"BE1.Koch20Wh",598.80347826087,"BE1-Koch20Wh",4.48633333333333,3,5
"BE1.Koch20Wh",599.973130434783,"BE1-Koch20Wh",4.53683333333333,3,5
"BE1.Koch20Wh",601.142782608696,"BE1-Koch20Wh",4.586,3,5
"BE1.Koch20Wh",602.312434782609,"BE1-Koch20Wh",4.63233333333333,3,5
"BE1.Koch20Wh",603.482086956522,"BE1-Koch20Wh",4.6725,3,5
"BE1.Koch20Wh",604.651739130435,"BE1-Koch20Wh",4.71066666666667,3,5
"BE1.Koch20Wh",605.821391304348,"BE1-Koch20Wh",4.74666666666667,4,6
"BE1.Koch20Wh",606.991043478261,"BE1-Koch20Wh",4.7815,4,6
"BE1.Koch20Wh",608.160695652174,"BE1-Koch20Wh",4.81133333333333,4,6
"BE1.Koch20Wh",609.330347826087,"BE1-Koch20Wh",4.84183333333333,4,6
"BE1.Koch20Wh",610.5,"BE1-Koch20Wh",4.87233333333333,4,6
"BE1.Koch20Wh",611.669652173913,"BE1-Koch20Wh",4.90766666666667,4,6
"BE1.Koch20Wh",612.839304347826,"BE1-Koch20Wh",4.939,4,6
"BE1.Koch20Wh",614.008956521739,"BE1-Koch20Wh",4.97066666666667,4,6
"BE1.Koch20Wh",615.178608695652,"BE1-Koch20Wh",5.00233333333333,4,6
"BE1.Koch20Wh",616.348260869565,"BE1-Koch20Wh",5.03616666666667,4,6
"BE1.Koch20Wh",617.517913043478,"BE1-Koch20Wh",5.06933333333333,4,6
"BE1.Koch20Wh",618.687565217391,"BE1-Koch20Wh",5.1055,4,6
"BE1.Koch20Wh",619.857217391304,"BE1-Koch20Wh",5.13616666666667,4,6
"BE1.Koch20Wh",621.026869565217,"BE1-Koch20Wh",5.17116666666667,4,6
"BE1.Koch20Wh",622.196521739131,"BE1-Koch20Wh",5.20783333333333,4,6
"BE1.Koch20Wh",623.366173913043,"BE1-Koch20Wh",5.2375,4,6
"BE1.Koch20Wh",624.535826086956,"BE1-Koch20Wh",5.26566666666667,4,6
"BE1.Koch20Wh",625.70547826087,"BE1-Koch20Wh",5.29466666666667,4,6
"BE1.Koch20Wh",626.875130434783,"BE1-Koch20Wh",5.3245,4,6
"BE1.Koch20Wh",628.044782608696,"BE1-Koch20Wh",5.35816666666667,4,6
"BE1.Koch20Wh",629.214434782609,"BE1-Koch20Wh",5.39116666666667,4,6
"BE1.Koch20Wh",630.384086956522,"BE1-Koch20Wh",5.42366666666667,4,6
"BE1.Koch20Wh",631.553739130435,"BE1-Koch20Wh",5.453,5,6
"BE1.Koch20Wh",632.723391304348,"BE1-Koch20Wh",5.4875,5,6
"BE1.Koch20Wh",633.893043478261,"BE1-Koch20Wh",5.51966666666667,5,6
"BE1.Koch20Wh",635.062695652174,"BE1-Koch20Wh",5.552,5,6
"BE1.Koch20Wh",636.232347826087,"BE1-Koch20Wh",5.58266666666667,5,6
"BE1.Koch20Wh",637.402,"BE1-Koch20Wh",5.613,5,6
"BE1.Koch20Wh",638.571652173913,"BE1-Koch20Wh",5.6455,5,6
"BE1.Koch20Wh",639.741304347826,"BE1-Koch20Wh",5.6735,5,6
"BE1.Koch20Wh",640.910956521739,"BE1-Koch20Wh",5.70683333333333,5,6
"BE1.Koch20Wh",642.080608695652,"BE1-Koch20Wh",5.73833333333333,5,6
"BE1.Koch20Wh",643.250260869565,"BE1-Koch20Wh",5.77233333333333,5,6
"BE1.Koch20Wh",644.419913043478,"BE1-Koch20Wh",5.80616666666667,5,6
"BE1.Koch20Wh",645.589565217391,"BE1-Koch20Wh",5.83733333333333,5,6
"BE1.Koch20Wh",646.759217391304,"BE1-Koch20Wh",5.86516666666667,5,6
"BE1.Koch20Wh",647.928869565217,"BE1-Koch20Wh",5.89083333333333,5,6
"BE1.Koch20Wh",649.09852173913,"BE1-Koch20Wh",5.91366666666667,5,6
"BE1.Koch20Wh",650.268173913043,"BE1-Koch20Wh",5.93533333333333,5,6
"BE1.Koch20Wh",651.437826086957,"BE1-Koch20Wh",5.9545,6,6
"BE1.Koch20Wh",652.60747826087,"BE1-Koch20Wh",5.9665,6,6
"BE1.Koch20Wh",653.777130434783,"BE1-Koch20Wh",5.97466666666667,6,6
"BE1.Koch20Wh",654.946782608696,"BE1-Koch20Wh",5.98133333333333,6,6
"BE1.Koch20Wh",656.116434782609,"BE1-Koch20Wh",5.98483333333333,6,6
"BE1.Koch20Wh",657.286086956522,"BE1-Koch20Wh",5.989,6,6
"BE1.Koch20Wh",658.455739130435,"BE1-Koch20Wh",5.99083333333333,6,6
"BE1.Koch20Wh",659.625391304348,"BE1-Koch20Wh",5.99266666666667,6,6
"BE1.Koch20Wh",660.795043478261,"BE1-Koch20Wh",5.99383333333333,6,6
"BE1.Koch20Wh",661.964695652174,"BE1-Koch20Wh",5.99516666666667,6,6
"BE1.Koch20Wh",663.134347826087,"BE1-Koch20Wh",5.9955,6,6
"BE1.Koch20Wh",664.304,"BE1-Koch20Wh",5.9965,6,6
"BE1.Koch20Wh",665.473652173913,"BE1-Koch20Wh",5.99683333333333,6,6
"BE1.Koch20Wh",666.643304347826,"BE1-Koch20Wh",5.99716666666667,6,6
"BE1.Koch20Wh",667.812956521739,"BE1-Koch20Wh",5.99733333333333,6,6
"BE1.Koch20Wh",668.982608695652,"BE1-Koch20Wh",5.9975,6,6
"BE1.Koch20Wh",670.152260869565,"BE1-Koch20Wh",5.99783333333333,6,6
"BE1.Koch20Wh",671.321913043478,"BE1-Koch20Wh",5.998,6,6
"BE1.Koch20Wh",672.491565217391,"BE1-Koch20Wh",5.998,6,6
"BE1.Koch20Wh",673.661217391304,"BE1-Koch20Wh",5.99816666666667,6,6
"BE1.Koch20Wh",674.830869565217,"BE1-Koch20Wh",5.99816666666667,6,6
"BE1.Koch20Wh",676.00052173913,"BE1-Koch20Wh",5.9985,6,6
"BE1.Koch20Wh",677.170173913044,"BE1-Koch20Wh",5.9985,6,6
"BE1.Koch20Wh",678.339826086956,"BE1-Koch20Wh",5.9985,6,6
"BE1.Koch20Wh",679.50947826087,"BE1-Koch20Wh",5.99866666666667,6,6
"BE1.Koch20Wh",680.679130434783,"BE1-Koch20Wh",5.99866666666667,6,6
"BE1.Koch20Wh",681.848782608696,"BE1-Koch20Wh",5.99883333333333,6,6
"BE1.Koch20Wh",683.018434782609,"BE1-Koch20Wh",5.99883333333333,6,6
"BE1.Koch20Wh",684.188086956522,"BE1-Koch20Wh",5.99883333333333,6,6
"BE1.Koch20Wh",685.357739130435,"BE1-Koch20Wh",5.999,6,6
"BE1.Koch20Wh",686.527391304348,"BE1-Koch20Wh",5.999,6,6
"BE1.Koch20Wh",687.697043478261,"BE1-Koch20Wh",5.999,6,6
"BE1.Koch20Wh",688.866695652174,"BE1-Koch20Wh",5.99916666666667,6,6
"BE1.Koch20Wh",690.036347826087,"BE1-Koch20Wh",5.99916666666667,6,6
"BE1.Koch20Wh",691.206,"BE1-Koch20Wh",5.99916666666667,6,6
"BE1.Koch20Wh",692.375652173913,"BE1-Koch20Wh",5.99916666666667,6,6
"BE1.Koch20Wh",693.545304347826,"BE1-Koch20Wh",5.99916666666667,6,6
"BE1.Koch20Wh",694.714956521739,"BE1-Koch20Wh",5.99916666666667,6,6
"BE1.Koch20Wh",695.884608695652,"BE1-Koch20Wh",5.99916666666667,6,6
"BE1.Koch20Wh",697.054260869565,"BE1-Koch20Wh",5.99916666666667,6,6
"BE1.Koch20Wh",698.223913043478,"BE1-Koch20Wh",5.99916666666667,6,6
"BE1.Koch20Wh",699.393565217391,"BE1-Koch20Wh",5.99916666666667,6,6
"BE1.Koch20Wh",700.563217391304,"BE1-Koch20Wh",5.99916666666667,6,6
"BE1.Koch20Wh",701.732869565217,"BE1-Koch20Wh",5.99933333333333,6,6
"BE1.Koch20Wh",702.90252173913,"BE1-Koch20Wh",5.99933333333333,6,6
"BE1.Koch20Wh",704.072173913044,"BE1-Koch20Wh",5.99933333333333,6,6
"BE1.Koch20Wh",705.241826086957,"BE1-Koch20Wh",5.99933333333333,6,6
"BE1.Koch20Wh",706.41147826087,"BE1-Koch20Wh",5.99933333333333,6,6
"BE1.Koch20Wh",707.581130434783,"BE1-Koch20Wh",5.99933333333333,6,6
"BE1.Koch20Wh",708.750782608696,"BE1-Koch20Wh",5.99933333333333,6,6
"BE1.Koch20Wh",709.920434782609,"BE1-Koch20Wh",5.99933333333333,6,6
"BE1.Koch20Wh",711.090086956522,"BE1-Koch20Wh",5.99933333333333,6,6
"BE1.Koch20Wh",712.259739130435,"BE1-Koch20Wh",5.99933333333333,6,6
"BE1.Koch20Wh",713.429391304348,"BE1-Koch20Wh",5.99933333333333,6,6
"BE1.Koch20Wh",714.599043478261,"BE1-Koch20Wh",5.99933333333333,6,6
"BE1.Koch20Wh",715.768695652174,"BE1-Koch20Wh",5.99933333333333,6,6
"BE1.Koch20Wh",716.938347826087,"BE1-Koch20Wh",5.99933333333333,6,6
"BE1.Koch20Wh",718.108,"BE1-Koch20Wh",5.99933333333333,6,6
"BE1.Koch20Wh",719.277652173913,"BE1-Koch20Wh",5.99933333333333,6,6
"BE1.Koch20Wh",720.447304347826,"BE1-Koch20Wh",5.99933333333333,6,6
"BE1.Koch20Wh",721.616956521739,"BE1-Koch20Wh",5.99933333333333,6,6
"BE1.Koch20Wh",722.786608695652,"BE1-Koch20Wh",5.99933333333333,6,6
"BE1.Koch20Wh",723.956260869565,"BE1-Koch20Wh",5.99933333333333,6,6
"BE1.Koch20Wh",725.125913043478,"BE1-Koch20Wh",5.99933333333333,6,6
"BE1.Koch20Wh",726.295565217391,"BE1-Koch20Wh",5.99933333333333,6,6
"BE1.Koch20Wh",727.465217391304,"BE1-Koch20Wh",5.99933333333333,6,6
"BE1.Koch20Wh",728.634869565217,"BE1-Koch20Wh",5.99933333333333,6,6
"BE1.Koch20Wh",729.80452173913,"BE1-Koch20Wh",5.99933333333333,6,6
"BE1.Koch20Wh",730.974173913044,"BE1-Koch20Wh",5.99933333333333,6,6
"BE1.Koch20Wh",732.143826086957,"BE1-Koch20Wh",5.99933333333333,6,6
"BE1.Koch20Wh",733.31347826087,"BE1-Koch20Wh",5.99933333333333,6,6
"BE1.Koch20Wh",734.483130434783,"BE1-Koch20Wh",5.99933333333333,6,6
"BE1.Koch20Wh",735.652782608696,"BE1-Koch20Wh",5.99933333333333,6,6
"BE1.Koch20Wh",736.822434782609,"BE1-Koch20Wh",5.99933333333333,6,6
"BE1.Koch20Wh",737.992086956522,"BE1-Koch20Wh",5.99933333333333,6,6
"BE1.Koch20Wh",739.161739130435,"BE1-Koch20Wh",5.99933333333333,6,6
"BE1.Koch20Wh",740.331391304348,"BE1-Koch20Wh",5.99933333333333,6,6
"BE1.Koch20Wh",741.501043478261,"BE1-Koch20Wh",5.99933333333333,6,6
"BE1.Koch20Wh",742.670695652174,"BE1-Koch20Wh",5.99933333333333,6,6
"BE1.Koch20Wh",743.840347826087,"BE1-Koch20Wh",5.99933333333333,6,6
"BE1.Koch20Wh",745.01,"BE1-Koch20Wh",5.99933333333333,6,6
"BE1.Koch20Wh",746.179652173913,"BE1-Koch20Wh",5.99933333333333,6,6
"BE1.Koch20Wh",747.349304347826,"BE1-Koch20Wh",5.99933333333333,6,6
"BE1.Koch20Wh",748.518956521739,"BE1-Koch20Wh",5.99933333333333,6,6
"BE1.Koch20Wh",749.688608695652,"BE1-Koch20Wh",5.99933333333333,6,6
"BE1.Koch20Wh",750.858260869565,"BE1-Koch20Wh",5.99933333333333,6,6
"BE1.Koch20Wh",752.027913043478,"BE1-Koch20Wh",5.99933333333333,6,6
"BE1.Koch20Wh",753.197565217391,"BE1-Koch20Wh",5.99933333333333,6,6
"BE1.Koch20Wh",754.367217391304,"BE1-Koch20Wh",5.9995,6,6
"BE1.Koch20Wh",755.536869565217,"BE1-Koch20Wh",5.9995,6,6
"BE1.Koch20Wh",756.70652173913,"BE1-Koch20Wh",5.9995,6,6
"BE1.Koch20Wh",757.876173913043,"BE1-Koch20Wh",5.9995,6,6
"BE1.Koch20Wh",759.045826086957,"BE1-Koch20Wh",5.9995,6,6
"BE1.Koch20Wh",760.21547826087,"BE1-Koch20Wh",5.99966666666667,6,6
"BE1.Koch20Wh",761.385130434783,"BE1-Koch20Wh",5.99966666666667,6,6
"BE1.Koch20Wh",762.554782608696,"BE1-Koch20Wh",5.99966666666667,6,6
"BE1.Koch20Wh",763.724434782609,"BE1-Koch20Wh",5.99966666666667,6,6
"BE1.Koch20Wh",764.894086956522,"BE1-Koch20Wh",5.99966666666667,6,6
"BE1.Koch20Wh",766.063739130435,"BE1-Koch20Wh",5.99966666666667,6,6
"BE1.Koch20Wh",767.233391304348,"BE1-Koch20Wh",5.99966666666667,6,6
"BE1.Koch20Wh",768.403043478261,"BE1-Koch20Wh",5.99966666666667,6,6
"BE1.Koch20Wh",769.572695652174,"BE1-Koch20Wh",5.99983333333333,6,6
"BE1.Koch20Wh",770.742347826087,"BE1-Koch20Wh",5.99983333333333,6,6
"BE1.Koch20Wh",771.912,"BE1-Koch20Wh",6,6,6
"BE1.Dot34",402.393,"BE1-Dot34",0.000166666666666667,0,0
"BE1.Dot34",403.451793696275,"BE1-Dot34",0.000166666666666667,0,0
"BE1.Dot34",404.51058739255,"BE1-Dot34",0.000166666666666667,0,0
"BE1.Dot34",405.569381088825,"BE1-Dot34",0.000166666666666667,0,0
"BE1.Dot34",406.6281747851,"BE1-Dot34",0.000166666666666667,0,0
"BE1.Dot34",407.686968481375,"BE1-Dot34",0.000166666666666667,0,0
"BE1.Dot34",408.74576217765,"BE1-Dot34",0.000166666666666667,0,0
"BE1.Dot34",409.804555873925,"BE1-Dot34",0.000166666666666667,0,0
"BE1.Dot34",410.863349570201,"BE1-Dot34",0.000333333333333333,0,0
"BE1.Dot34",411.922143266476,"BE1-Dot34",5e-04,0,0
"BE1.Dot34",412.980936962751,"BE1-Dot34",0.000666666666666667,0,0
"BE1.Dot34",414.039730659026,"BE1-Dot34",0.000666666666666667,0,0
"BE1.Dot34",415.098524355301,"BE1-Dot34",0.000666666666666667,0,0
"BE1.Dot34",416.157318051576,"BE1-Dot34",0.001,0,0
"BE1.Dot34",417.216111747851,"BE1-Dot34",0.00133333333333333,0,0
"BE1.Dot34",418.274905444126,"BE1-Dot34",0.002,0,0
"BE1.Dot34",419.333699140401,"BE1-Dot34",0.002,0,0
"BE1.Dot34",420.392492836676,"BE1-Dot34",0.0025,0,0
"BE1.Dot34",421.451286532951,"BE1-Dot34",0.0035,0,0
"BE1.Dot34",422.510080229226,"BE1-Dot34",0.0045,0,0
"BE1.Dot34",423.568873925501,"BE1-Dot34",0.006,0,0
"BE1.Dot34",424.627667621776,"BE1-Dot34",0.00816666666666667,0,0
"BE1.Dot34",425.686461318052,"BE1-Dot34",0.0101666666666667,0,0
"BE1.Dot34",426.745255014327,"BE1-Dot34",0.014,0,0
"BE1.Dot34",427.804048710602,"BE1-Dot34",0.016,0,0
"BE1.Dot34",428.862842406877,"BE1-Dot34",0.0188333333333333,0,0
"BE1.Dot34",429.921636103152,"BE1-Dot34",0.0233333333333333,0,0
"BE1.Dot34",430.980429799427,"BE1-Dot34",0.0261666666666667,0,0
"BE1.Dot34",432.039223495702,"BE1-Dot34",0.0301666666666667,0,0
"BE1.Dot34",433.098017191977,"BE1-Dot34",0.0365,0,0
"BE1.Dot34",434.156810888252,"BE1-Dot34",0.0436666666666667,0,0
"BE1.Dot34",435.215604584527,"BE1-Dot34",0.0533333333333333,0,1
"BE1.Dot34",436.274398280802,"BE1-Dot34",0.0631666666666667,0,1
"BE1.Dot34",437.333191977077,"BE1-Dot34",0.0766666666666667,0,1
"BE1.Dot34",438.391985673352,"BE1-Dot34",0.0925,0,1
"BE1.Dot34",439.450779369627,"BE1-Dot34",0.109166666666667,0,1
"BE1.Dot34",440.509573065903,"BE1-Dot34",0.1285,0,1
"BE1.Dot34",441.568366762178,"BE1-Dot34",0.148666666666667,0,1
"BE1.Dot34",442.627160458453,"BE1-Dot34",0.1675,0,1
"BE1.Dot34",443.685954154728,"BE1-Dot34",0.186833333333333,0,1
"BE1.Dot34",444.744747851003,"BE1-Dot34",0.2115,0,1
"BE1.Dot34",445.803541547278,"BE1-Dot34",0.237833333333333,0,1
"BE1.Dot34",446.862335243553,"BE1-Dot34",0.258333333333333,0,1
"BE1.Dot34",447.921128939828,"BE1-Dot34",0.279,0,1
"BE1.Dot34",448.979922636103,"BE1-Dot34",0.303333333333333,0,1
"BE1.Dot34",450.038716332378,"BE1-Dot34",0.321833333333333,0,1
"BE1.Dot34",451.097510028653,"BE1-Dot34",0.341833333333333,0,1
"BE1.Dot34",452.156303724928,"BE1-Dot34",0.361833333333333,0,1
"BE1.Dot34",453.215097421203,"BE1-Dot34",0.381,0,1
"BE1.Dot34",454.273891117479,"BE1-Dot34",0.398666666666667,0,1
"BE1.Dot34",455.332684813754,"BE1-Dot34",0.4175,0,1
"BE1.Dot34",456.391478510029,"BE1-Dot34",0.437666666666667,0,1
"BE1.Dot34",457.450272206304,"BE1-Dot34",0.4555,0,2
"BE1.Dot34",458.509065902579,"BE1-Dot34",0.472166666666667,0,2
"BE1.Dot34",459.567859598854,"BE1-Dot34",0.490833333333333,0,2
"BE1.Dot34",460.626653295129,"BE1-Dot34",0.508833333333333,0,2
"BE1.Dot34",461.685446991404,"BE1-Dot34",0.529166666666667,0,2
"BE1.Dot34",462.744240687679,"BE1-Dot34",0.545166666666667,0,2
"BE1.Dot34",463.803034383954,"BE1-Dot34",0.5605,0,2
"BE1.Dot34",464.861828080229,"BE1-Dot34",0.5715,0,2
"BE1.Dot34",465.920621776504,"BE1-Dot34",0.583833333333333,0,2
"BE1.Dot34",466.979415472779,"BE1-Dot34",0.594333333333333,0,2
"BE1.Dot34",468.038209169054,"BE1-Dot34",0.600333333333333,0,2
"BE1.Dot34",469.09700286533,"BE1-Dot34",0.607666666666667,0,2
"BE1.Dot34",470.155796561605,"BE1-Dot34",0.615666666666667,0,2
"BE1.Dot34",471.21459025788,"BE1-Dot34",0.623666666666667,0,2
"BE1.Dot34",472.273383954155,"BE1-Dot34",0.631666666666667,0,2
"BE1.Dot34",473.33217765043,"BE1-Dot34",0.641166666666667,0,2
"BE1.Dot34",474.390971346705,"BE1-Dot34",0.6495,0,2
"BE1.Dot34",475.44976504298,"BE1-Dot34",0.660166666666667,0,2
"BE1.Dot34",476.508558739255,"BE1-Dot34",0.672,0,2
"BE1.Dot34",477.56735243553,"BE1-Dot34",0.688333333333333,0,2
"BE1.Dot34",478.626146131805,"BE1-Dot34",0.7065,0,2
"BE1.Dot34",479.68493982808,"BE1-Dot34",0.725333333333333,0,2
"BE1.Dot34",480.743733524355,"BE1-Dot34",0.746333333333333,0,2
"BE1.Dot34",481.80252722063,"BE1-Dot34",0.766833333333333,0,2
"BE1.Dot34",482.861320916905,"BE1-Dot34",0.789333333333333,0,2
"BE1.Dot34",483.920114613181,"BE1-Dot34",0.812333333333333,0,2
"BE1.Dot34",484.978908309456,"BE1-Dot34",0.840833333333333,0,2
"BE1.Dot34",486.037702005731,"BE1-Dot34",0.868333333333333,0,2
"BE1.Dot34",487.096495702006,"BE1-Dot34",0.894833333333333,0,2
"BE1.Dot34",488.155289398281,"BE1-Dot34",0.918166666666667,0,2
"BE1.Dot34",489.214083094556,"BE1-Dot34",0.941333333333333,0,2
"BE1.Dot34",490.272876790831,"BE1-Dot34",0.967,0,2
"BE1.Dot34",491.331670487106,"BE1-Dot34",0.986,0,2
"BE1.Dot34",492.390464183381,"BE1-Dot34",1.01233333333333,0,2
"BE1.Dot34",493.449257879656,"BE1-Dot34",1.03366666666667,0,2
"BE1.Dot34",494.508051575931,"BE1-Dot34",1.05216666666667,0,2
"BE1.Dot34",495.566845272206,"BE1-Dot34",1.074,0,2
"BE1.Dot34",496.625638968481,"BE1-Dot34",1.09516666666667,0,2
"BE1.Dot34",497.684432664756,"BE1-Dot34",1.11233333333333,0,2
"BE1.Dot34",498.743226361032,"BE1-Dot34",1.12533333333333,0,2
"BE1.Dot34",499.802020057307,"BE1-Dot34",1.139,0,2
"BE1.Dot34",500.860813753582,"BE1-Dot34",1.15166666666667,0,2
"BE1.Dot34",501.919607449857,"BE1-Dot34",1.16083333333333,0,2
"BE1.Dot34",502.978401146132,"BE1-Dot34",1.1745,0,2
"BE1.Dot34",504.037194842407,"BE1-Dot34",1.18466666666667,0,2
"BE1.Dot34",505.095988538682,"BE1-Dot34",1.195,0,2
"BE1.Dot34",506.154782234957,"BE1-Dot34",1.20516666666667,0,2
"BE1.Dot34",507.213575931232,"BE1-Dot34",1.21716666666667,0,2
"BE1.Dot34",508.272369627507,"BE1-Dot34",1.22633333333333,0,2
"BE1.Dot34",509.331163323782,"BE1-Dot34",1.2405,0,2
"BE1.Dot34",510.389957020057,"BE1-Dot34",1.26533333333333,0,2
"BE1.Dot34",511.448750716332,"BE1-Dot34",1.30183333333333,0,2
"BE1.Dot34",512.507544412607,"BE1-Dot34",1.33566666666667,0,2
"BE1.Dot34",513.566338108883,"BE1-Dot34",1.366,0,2
"BE1.Dot34",514.625131805158,"BE1-Dot34",1.40033333333333,0,2
"BE1.Dot34",515.683925501433,"BE1-Dot34",1.43633333333333,0,3
"BE1.Dot34",516.742719197708,"BE1-Dot34",1.4675,0,3
"BE1.Dot34",517.801512893983,"BE1-Dot34",1.49566666666667,0,3
"BE1.Dot34",518.860306590258,"BE1-Dot34",1.52116666666667,0,3
"BE1.Dot34",519.919100286533,"BE1-Dot34",1.54483333333333,0,3
"BE1.Dot34",520.977893982808,"BE1-Dot34",1.56583333333333,0,3
"BE1.Dot34",522.036687679083,"BE1-Dot34",1.58216666666667,0,3
"BE1.Dot34",523.095481375358,"BE1-Dot34",1.59983333333333,0,3
"BE1.Dot34",524.154275071633,"BE1-Dot34",1.618,0,3
"BE1.Dot34",525.213068767908,"BE1-Dot34",1.63516666666667,0,3
"BE1.Dot34",526.271862464183,"BE1-Dot34",1.65433333333333,0,3
"BE1.Dot34",527.330656160458,"BE1-Dot34",1.67566666666667,0,3
"BE1.Dot34",528.389449856734,"BE1-Dot34",1.698,0,3
"BE1.Dot34",529.448243553009,"BE1-Dot34",1.724,0,3
"BE1.Dot34",530.507037249284,"BE1-Dot34",1.7555,0,3
"BE1.Dot34",531.565830945559,"BE1-Dot34",1.78133333333333,0,3
"BE1.Dot34",532.624624641834,"BE1-Dot34",1.81683333333333,0,3
"BE1.Dot34",533.683418338109,"BE1-Dot34",1.85966666666667,0,3
"BE1.Dot34",534.742212034384,"BE1-Dot34",1.91,0,3
"BE1.Dot34",535.801005730659,"BE1-Dot34",1.97316666666667,0,3
"BE1.Dot34",536.859799426934,"BE1-Dot34",2.03766666666667,0,3
"BE1.Dot34",537.918593123209,"BE1-Dot34",2.1065,0,3
"BE1.Dot34",538.977386819484,"BE1-Dot34",2.18333333333333,1,4
"BE1.Dot34",540.036180515759,"BE1-Dot34",2.26433333333333,1,4
"BE1.Dot34",541.094974212034,"BE1-Dot34",2.351,1,4
"BE1.Dot34",542.153767908309,"BE1-Dot34",2.437,1,4
"BE1.Dot34",543.212561604585,"BE1-Dot34",2.529,1,4
"BE1.Dot34",544.27135530086,"BE1-Dot34",2.623,1,4
"BE1.Dot34",545.330148997135,"BE1-Dot34",2.71683333333333,1,4
"BE1.Dot34",546.38894269341,"BE1-Dot34",2.8095,1,4
"BE1.Dot34",547.447736389685,"BE1-Dot34",2.899,1,4
"BE1.Dot34",548.50653008596,"BE1-Dot34",2.98166666666667,1,4
"BE1.Dot34",549.565323782235,"BE1-Dot34",3.06166666666667,1,4
"BE1.Dot34",550.62411747851,"BE1-Dot34",3.13716666666667,1,4
"BE1.Dot34",551.682911174785,"BE1-Dot34",3.212,1,4
"BE1.Dot34",552.74170487106,"BE1-Dot34",3.29166666666667,1,4
"BE1.Dot34",553.800498567335,"BE1-Dot34",3.36383333333333,2,5
"BE1.Dot34",554.85929226361,"BE1-Dot34",3.43683333333333,2,5
"BE1.Dot34",555.918085959885,"BE1-Dot34",3.50566666666667,2,5
"BE1.Dot34",556.97687965616,"BE1-Dot34",3.57516666666667,2,5
"BE1.Dot34",558.035673352436,"BE1-Dot34",3.64483333333333,2,5
"BE1.Dot34",559.094467048711,"BE1-Dot34",3.71383333333333,2,5
"BE1.Dot34",560.153260744986,"BE1-Dot34",3.78383333333333,2,5
"BE1.Dot34",561.212054441261,"BE1-Dot34",3.85566666666667,3,5
"BE1.Dot34",562.270848137536,"BE1-Dot34",3.92266666666667,3,5
"BE1.Dot34",563.329641833811,"BE1-Dot34",3.99066666666667,3,5
"BE1.Dot34",564.388435530086,"BE1-Dot34",4.058,3,5
"BE1.Dot34",565.447229226361,"BE1-Dot34",4.12333333333333,3,5
"BE1.Dot34",566.506022922636,"BE1-Dot34",4.185,3,5
"BE1.Dot34",567.564816618911,"BE1-Dot34",4.25,2,5
"BE1.Dot34",568.623610315186,"BE1-Dot34",4.30783333333333,3,6
"BE1.Dot34",569.682404011461,"BE1-Dot34",4.36883333333333,3,6
"BE1.Dot34",570.741197707736,"BE1-Dot34",4.42616666666667,3,6
"BE1.Dot34",571.799991404012,"BE1-Dot34",4.48916666666667,3,6
"BE1.Dot34",572.858785100287,"BE1-Dot34",4.552,3,6
"BE1.Dot34",573.917578796562,"BE1-Dot34",4.61266666666667,3,6
"BE1.Dot34",574.976372492837,"BE1-Dot34",4.67116666666667,4,6
"BE1.Dot34",576.035166189112,"BE1-Dot34",4.73516666666667,4,6
"BE1.Dot34",577.093959885387,"BE1-Dot34",4.78916666666667,4,6
"BE1.Dot34",578.152753581662,"BE1-Dot34",4.84583333333333,4,6
"BE1.Dot34",579.211547277937,"BE1-Dot34",4.90083333333333,4,6
"BE1.Dot34",580.270340974212,"BE1-Dot34",4.95716666666667,4,6
"BE1.Dot34",581.329134670487,"BE1-Dot34",5.00866666666667,4,6
"BE1.Dot34",582.387928366762,"BE1-Dot34",5.065,4,6
"BE1.Dot34",583.446722063037,"BE1-Dot34",5.11816666666667,4,6
"BE1.Dot34",584.505515759312,"BE1-Dot34",5.16766666666667,4,6
"BE1.Dot34",585.564309455587,"BE1-Dot34",5.21666666666667,4,6
"BE1.Dot34",586.623103151863,"BE1-Dot34",5.2685,4,6
"BE1.Dot34",587.681896848138,"BE1-Dot34",5.31583333333333,4,6
"BE1.Dot34",588.740690544413,"BE1-Dot34",5.36383333333333,4,6
"BE1.Dot34",589.799484240688,"BE1-Dot34",5.41283333333333,4,6
"BE1.Dot34",590.858277936963,"BE1-Dot34",5.46333333333333,4,6
"BE1.Dot34",591.917071633238,"BE1-Dot34",5.51316666666667,4,6
"BE1.Dot34",592.975865329513,"BE1-Dot34",5.5565,4,6
"BE1.Dot34",594.034659025788,"BE1-Dot34",5.59716666666667,4,6
"BE1.Dot34",595.093452722063,"BE1-Dot34",5.64166666666667,4,6
"BE1.Dot34",596.152246418338,"BE1-Dot34",5.68233333333333,5,6
"BE1.Dot34",597.211040114613,"BE1-Dot34",5.72316666666667,5,6
"BE1.Dot34",598.269833810888,"BE1-Dot34",5.75833333333333,5,6
"BE1.Dot34",599.328627507163,"BE1-Dot34",5.78733333333333,5,6
"BE1.Dot34",600.387421203438,"BE1-Dot34",5.81616666666667,5,6
"BE1.Dot34",601.446214899713,"BE1-Dot34",5.8405,5,6
"BE1.Dot34",602.505008595989,"BE1-Dot34",5.8685,4,6
"BE1.Dot34",603.563802292264,"BE1-Dot34",5.89216666666667,5,7
"BE1.Dot34",604.622595988539,"BE1-Dot34",5.9185,5,7
"BE1.Dot34",605.681389684814,"BE1-Dot34",5.94266666666667,5,7
"BE1.Dot34",606.740183381089,"BE1-Dot34",5.96616666666667,5,7
"BE1.Dot34",607.798977077364,"BE1-Dot34",5.98616666666667,5,7
"BE1.Dot34",608.857770773639,"BE1-Dot34",6.00883333333333,5,7
"BE1.Dot34",609.916564469914,"BE1-Dot34",6.032,5,7
"BE1.Dot34",610.975358166189,"BE1-Dot34",6.05533333333333,5,7
"BE1.Dot34",612.034151862464,"BE1-Dot34",6.08033333333333,5,7
"BE1.Dot34",613.092945558739,"BE1-Dot34",6.10616666666667,5,7
"BE1.Dot34",614.151739255014,"BE1-Dot34",6.132,5,7
"BE1.Dot34",615.210532951289,"BE1-Dot34",6.1575,5,7
"BE1.Dot34",616.269326647565,"BE1-Dot34",6.18283333333333,5,7
"BE1.Dot34",617.32812034384,"BE1-Dot34",6.21033333333333,5,7
"BE1.Dot34",618.386914040115,"BE1-Dot34",6.24016666666667,5,7
"BE1.Dot34",619.44570773639,"BE1-Dot34",6.26533333333333,5,7
"BE1.Dot34",620.504501432665,"BE1-Dot34",6.28933333333333,5,7
"BE1.Dot34",621.56329512894,"BE1-Dot34",6.317,5,7
"BE1.Dot34",622.622088825215,"BE1-Dot34",6.34433333333333,5,7
"BE1.Dot34",623.68088252149,"BE1-Dot34",6.36583333333333,5,7
"BE1.Dot34",624.739676217765,"BE1-Dot34",6.38616666666667,6,7
"BE1.Dot34",625.79846991404,"BE1-Dot34",6.40433333333333,6,7
"BE1.Dot34",626.857263610315,"BE1-Dot34",6.42566666666667,6,7
"BE1.Dot34",627.91605730659,"BE1-Dot34",6.44683333333333,6,7
"BE1.Dot34",628.974851002865,"BE1-Dot34",6.46666666666667,6,7
"BE1.Dot34",630.03364469914,"BE1-Dot34",6.49083333333333,6,7
"BE1.Dot34",631.092438395415,"BE1-Dot34",6.509,6,7
"BE1.Dot34",632.151232091691,"BE1-Dot34",6.53066666666667,6,7
"BE1.Dot34",633.210025787966,"BE1-Dot34",6.552,6,7
"BE1.Dot34",634.268819484241,"BE1-Dot34",6.57266666666667,6,7
"BE1.Dot34",635.327613180516,"BE1-Dot34",6.5945,6,7
"BE1.Dot34",636.386406876791,"BE1-Dot34",6.61616666666667,6,7
"BE1.Dot34",637.445200573066,"BE1-Dot34",6.63783333333333,6,7
"BE1.Dot34",638.503994269341,"BE1-Dot34",6.66216666666667,6,7
"BE1.Dot34",639.562787965616,"BE1-Dot34",6.68383333333333,6,7
"BE1.Dot34",640.621581661891,"BE1-Dot34",6.71083333333333,6,7
"BE1.Dot34",641.680375358166,"BE1-Dot34",6.737,6,7
"BE1.Dot34",642.739169054441,"BE1-Dot34",6.76566666666667,6,7
"BE1.Dot34",643.797962750716,"BE1-Dot34",6.79283333333333,6,7
"BE1.Dot34",644.856756446991,"BE1-Dot34",6.8235,6,7
"BE1.Dot34",645.915550143267,"BE1-Dot34",6.849,6,7
"BE1.Dot34",646.974343839542,"BE1-Dot34",6.87283333333333,6,7
"BE1.Dot34",648.033137535817,"BE1-Dot34",6.896,6,7
"BE1.Dot34",649.091931232092,"BE1-Dot34",6.916,6,7
"BE1.Dot34",650.150724928367,"BE1-Dot34",6.93566666666667,6,7
"BE1.Dot34",651.209518624642,"BE1-Dot34",6.9535,7,7
"BE1.Dot34",652.268312320917,"BE1-Dot34",6.9655,7,7
"BE1.Dot34",653.327106017192,"BE1-Dot34",6.973,7,7
"BE1.Dot34",654.385899713467,"BE1-Dot34",6.979,7,7
"BE1.Dot34",655.444693409742,"BE1-Dot34",6.98333333333333,7,7
"BE1.Dot34",656.503487106017,"BE1-Dot34",6.987,7,7
"BE1.Dot34",657.562280802292,"BE1-Dot34",6.98933333333333,7,7
"BE1.Dot34",658.621074498567,"BE1-Dot34",6.99116666666667,7,7
"BE1.Dot34",659.679868194842,"BE1-Dot34",6.99266666666667,7,7
"BE1.Dot34",660.738661891118,"BE1-Dot34",6.99366666666667,7,7
"BE1.Dot34",661.797455587393,"BE1-Dot34",6.99416666666667,7,7
"BE1.Dot34",662.856249283668,"BE1-Dot34",6.99533333333333,7,7
"BE1.Dot34",663.915042979943,"BE1-Dot34",6.99633333333333,7,7
"BE1.Dot34",664.973836676218,"BE1-Dot34",6.99666666666667,7,7
"BE1.Dot34",666.032630372493,"BE1-Dot34",6.99716666666667,7,7
"BE1.Dot34",667.091424068768,"BE1-Dot34",6.99716666666667,7,7
"BE1.Dot34",668.150217765043,"BE1-Dot34",6.99733333333333,7,7
"BE1.Dot34",669.209011461318,"BE1-Dot34",6.9975,7,7
"BE1.Dot34",670.267805157593,"BE1-Dot34",6.998,7,7
"BE1.Dot34",671.326598853868,"BE1-Dot34",6.998,7,7
"BE1.Dot34",672.385392550143,"BE1-Dot34",6.998,7,7
"BE1.Dot34",673.444186246418,"BE1-Dot34",6.99816666666667,7,7
"BE1.Dot34",674.502979942693,"BE1-Dot34",6.99816666666667,7,7
"BE1.Dot34",675.561773638969,"BE1-Dot34",6.9985,7,7
"BE1.Dot34",676.620567335244,"BE1-Dot34",6.9985,7,7
"BE1.Dot34",677.679361031519,"BE1-Dot34",6.9985,7,7
"BE1.Dot34",678.738154727794,"BE1-Dot34",6.99866666666667,7,7
"BE1.Dot34",679.796948424069,"BE1-Dot34",6.99866666666667,7,7
"BE1.Dot34",680.855742120344,"BE1-Dot34",6.99866666666667,7,7
"BE1.Dot34",681.914535816619,"BE1-Dot34",6.99883333333333,7,7
"BE1.Dot34",682.973329512894,"BE1-Dot34",6.99883333333333,7,7
"BE1.Dot34",684.032123209169,"BE1-Dot34",6.99883333333333,7,7
"BE1.Dot34",685.090916905444,"BE1-Dot34",6.999,7,7
"BE1.Dot34",686.149710601719,"BE1-Dot34",6.999,7,7
"BE1.Dot34",687.208504297994,"BE1-Dot34",6.999,7,7
"BE1.Dot34",688.267297994269,"BE1-Dot34",6.99916666666667,7,7
"BE1.Dot34",689.326091690544,"BE1-Dot34",6.99916666666667,7,7
"BE1.Dot34",690.38488538682,"BE1-Dot34",6.99916666666667,7,7
"BE1.Dot34",691.443679083095,"BE1-Dot34",6.99916666666667,7,7
"BE1.Dot34",692.50247277937,"BE1-Dot34",6.99916666666667,7,7
"BE1.Dot34",693.561266475645,"BE1-Dot34",6.99916666666667,7,7
"BE1.Dot34",694.62006017192,"BE1-Dot34",6.99916666666667,7,7
"BE1.Dot34",695.678853868195,"BE1-Dot34",6.99916666666667,7,7
"BE1.Dot34",696.73764756447,"BE1-Dot34",6.99916666666667,7,7
"BE1.Dot34",697.796441260745,"BE1-Dot34",6.99916666666667,7,7
"BE1.Dot34",698.85523495702,"BE1-Dot34",6.99916666666667,7,7
"BE1.Dot34",699.914028653295,"BE1-Dot34",6.99916666666667,7,7
"BE1.Dot34",700.97282234957,"BE1-Dot34",6.99916666666667,7,7
"BE1.Dot34",702.031616045845,"BE1-Dot34",6.99933333333333,7,7
"BE1.Dot34",703.09040974212,"BE1-Dot34",6.99933333333333,7,7
"BE1.Dot34",704.149203438395,"BE1-Dot34",6.99933333333333,7,7
"BE1.Dot34",705.207997134671,"BE1-Dot34",6.99933333333333,7,7
"BE1.Dot34",706.266790830946,"BE1-Dot34",6.99933333333333,7,7
"BE1.Dot34",707.325584527221,"BE1-Dot34",6.99933333333333,7,7
"BE1.Dot34",708.384378223496,"BE1-Dot34",6.99933333333333,7,7
"BE1.Dot34",709.443171919771,"BE1-Dot34",6.99933333333333,7,7
"BE1.Dot34",710.501965616046,"BE1-Dot34",6.99933333333333,7,7
"BE1.Dot34",711.560759312321,"BE1-Dot34",6.99933333333333,7,7
"BE1.Dot34",712.619553008596,"BE1-Dot34",6.99933333333333,7,7
"BE1.Dot34",713.678346704871,"BE1-Dot34",6.99933333333333,7,7
"BE1.Dot34",714.737140401146,"BE1-Dot34",6.99933333333333,7,7
"BE1.Dot34",715.795934097421,"BE1-Dot34",6.99933333333333,7,7
"BE1.Dot34",716.854727793696,"BE1-Dot34",6.99933333333333,7,7
"BE1.Dot34",717.913521489971,"BE1-Dot34",6.99933333333333,7,7
"BE1.Dot34",718.972315186247,"BE1-Dot34",6.99933333333333,7,7
"BE1.Dot34",720.031108882521,"BE1-Dot34",6.99933333333333,7,7
"BE1.Dot34",721.089902578797,"BE1-Dot34",6.99933333333333,7,7
"BE1.Dot34",722.148696275072,"BE1-Dot34",6.99933333333333,7,7
"BE1.Dot34",723.207489971347,"BE1-Dot34",6.99933333333333,7,7
"BE1.Dot34",724.266283667622,"BE1-Dot34",6.99933333333333,7,7
"BE1.Dot34",725.325077363897,"BE1-Dot34",6.99933333333333,7,7
"BE1.Dot34",726.383871060172,"BE1-Dot34",6.99933333333333,7,7
"BE1.Dot34",727.442664756447,"BE1-Dot34",6.99933333333333,7,7
"BE1.Dot34",728.501458452722,"BE1-Dot34",6.99933333333333,7,7
"BE1.Dot34",729.560252148997,"BE1-Dot34",6.99933333333333,7,7
"BE1.Dot34",730.619045845272,"BE1-Dot34",6.99933333333333,7,7
"BE1.Dot34",731.677839541547,"BE1-Dot34",6.99933333333333,7,7
"BE1.Dot34",732.736633237822,"BE1-Dot34",6.99933333333333,7,7
"BE1.Dot34",733.795426934097,"BE1-Dot34",6.99933333333333,7,7
"BE1.Dot34",734.854220630373,"BE1-Dot34",6.99933333333333,7,7
"BE1.Dot34",735.913014326648,"BE1-Dot34",6.99933333333333,7,7
"BE1.Dot34",736.971808022923,"BE1-Dot34",6.99933333333333,7,7
"BE1.Dot34",738.030601719198,"BE1-Dot34",6.99933333333333,7,7
"BE1.Dot34",739.089395415473,"BE1-Dot34",6.99933333333333,7,7
"BE1.Dot34",740.148189111748,"BE1-Dot34",6.99933333333333,7,7
"BE1.Dot34",741.206982808023,"BE1-Dot34",6.99933333333333,7,7
"BE1.Dot34",742.265776504298,"BE1-Dot34",6.99933333333333,7,7
"BE1.Dot34",743.324570200573,"BE1-Dot34",6.99933333333333,7,7
"BE1.Dot34",744.383363896848,"BE1-Dot34",6.99933333333333,7,7
"BE1.Dot34",745.442157593123,"BE1-Dot34",6.99933333333333,7,7
"BE1.Dot34",746.500951289398,"BE1-Dot34",6.99933333333333,7,7
"BE1.Dot34",747.559744985673,"BE1-Dot34",6.99933333333333,7,7
"BE1.Dot34",748.618538681949,"BE1-Dot34",6.99933333333333,7,7
"BE1.Dot34",749.677332378224,"BE1-Dot34",6.99933333333333,7,7
"BE1.Dot34",750.736126074499,"BE1-Dot34",6.99933333333333,7,7
"BE1.Dot34",751.794919770774,"BE1-Dot34",6.99933333333333,7,7
"BE1.Dot34",752.853713467049,"BE1-Dot34",6.99933333333333,7,7
"BE1.Dot34",753.912507163324,"BE1-Dot34",6.99933333333333,7,7
"BE1.Dot34",754.971300859599,"BE1-Dot34",6.9995,7,7
"BE1.Dot34",756.030094555874,"BE1-Dot34",6.9995,7,7
"BE1.Dot34",757.088888252149,"BE1-Dot34",6.9995,7,7
"BE1.Dot34",758.147681948424,"BE1-Dot34",6.9995,7,7
"BE1.Dot34",759.206475644699,"BE1-Dot34",6.9995,7,7
"BE1.Dot34",760.265269340974,"BE1-Dot34",6.99966666666667,7,7
"BE1.Dot34",761.324063037249,"BE1-Dot34",6.99966666666667,7,7
"BE1.Dot34",762.382856733524,"BE1-Dot34",6.99966666666667,7,7
"BE1.Dot34",763.441650429799,"BE1-Dot34",6.99966666666667,7,7
"BE1.Dot34",764.500444126075,"BE1-Dot34",6.99966666666667,7,7
"BE1.Dot34",765.55923782235,"BE1-Dot34",6.99966666666667,7,7
"BE1.Dot34",766.618031518625,"BE1-Dot34",6.99966666666667,7,7
"BE1.Dot34",767.6768252149,"BE1-Dot34",6.99966666666667,7,7
"BE1.Dot34",768.735618911175,"BE1-Dot34",6.99983333333333,7,7
"BE1.Dot34",769.79441260745,"BE1-Dot34",6.99983333333333,7,7
"BE1.Dot34",770.853206303725,"BE1-Dot34",6.99983333333333,7,7
"BE1.Dot34",771.912,"BE1-Dot34",7,7,7
"BE1.Koch34Bl",402.393,"BE1-Koch34Bl",0.000166666666666667,0,0
"BE1.Koch34Bl",402.884428571429,"BE1-Koch34Bl",0.000166666666666667,0,0
"BE1.Koch34Bl",403.375857142857,"BE1-Koch34Bl",0.000166666666666667,0,0
"BE1.Koch34Bl",403.867285714286,"BE1-Koch34Bl",0.000166666666666667,0,0
"BE1.Koch34Bl",404.358714285714,"BE1-Koch34Bl",0.000166666666666667,0,0
"BE1.Koch34Bl",404.850142857143,"BE1-Koch34Bl",0.000166666666666667,0,0
"BE1.Koch34Bl",405.341571428571,"BE1-Koch34Bl",0.000166666666666667,0,0
"BE1.Koch34Bl",405.833,"BE1-Koch34Bl",0.000166666666666667,0,0
"BE1.Koch34Bl",406.324428571429,"BE1-Koch34Bl",0.000166666666666667,0,0
"BE1.Koch34Bl",406.815857142857,"BE1-Koch34Bl",0.000166666666666667,0,0
"BE1.Koch34Bl",407.307285714286,"BE1-Koch34Bl",0.000166666666666667,0,0
"BE1.Koch34Bl",407.798714285714,"BE1-Koch34Bl",0.000166666666666667,0,0
"BE1.Koch34Bl",408.290142857143,"BE1-Koch34Bl",0.000166666666666667,0,0
"BE1.Koch34Bl",408.781571428571,"BE1-Koch34Bl",0.000166666666666667,0,0
"BE1.Koch34Bl",409.273,"BE1-Koch34Bl",0.000166666666666667,0,0
"BE1.Koch34Bl",409.764428571429,"BE1-Koch34Bl",0.000166666666666667,0,0
"BE1.Koch34Bl",410.255857142857,"BE1-Koch34Bl",0.000333333333333333,0,0
"BE1.Koch34Bl",410.747285714286,"BE1-Koch34Bl",5e-04,0,0
"BE1.Koch34Bl",411.238714285714,"BE1-Koch34Bl",5e-04,0,0
"BE1.Koch34Bl",411.730142857143,"BE1-Koch34Bl",0.000833333333333333,0,0
"BE1.Koch34Bl",412.221571428571,"BE1-Koch34Bl",0.001,0,0
"BE1.Koch34Bl",412.713,"BE1-Koch34Bl",0.00133333333333333,0,0
"BE1.Koch34Bl",413.204428571429,"BE1-Koch34Bl",0.00133333333333333,0,0
"BE1.Koch34Bl",413.695857142857,"BE1-Koch34Bl",0.00133333333333333,0,0
"BE1.Koch34Bl",414.187285714286,"BE1-Koch34Bl",0.00133333333333333,0,0
"BE1.Koch34Bl",414.678714285714,"BE1-Koch34Bl",0.00133333333333333,0,0
"BE1.Koch34Bl",415.170142857143,"BE1-Koch34Bl",0.0015,0,0
"BE1.Koch34Bl",415.661571428571,"BE1-Koch34Bl",0.00166666666666667,0,0
"BE1.Koch34Bl",416.153,"BE1-Koch34Bl",0.00183333333333333,0,0
"BE1.Koch34Bl",416.644428571429,"BE1-Koch34Bl",0.002,0,0
"BE1.Koch34Bl",417.135857142857,"BE1-Koch34Bl",0.00233333333333333,0,0
"BE1.Koch34Bl",417.627285714286,"BE1-Koch34Bl",0.0025,0,0
"BE1.Koch34Bl",418.118714285714,"BE1-Koch34Bl",0.003,0,0
"BE1.Koch34Bl",418.610142857143,"BE1-Koch34Bl",0.00316666666666667,0,0
"BE1.Koch34Bl",419.101571428571,"BE1-Koch34Bl",0.00316666666666667,0,0
"BE1.Koch34Bl",419.593,"BE1-Koch34Bl",0.00333333333333333,0,0
"BE1.Koch34Bl",420.084428571429,"BE1-Koch34Bl",0.004,0,0
"BE1.Koch34Bl",420.575857142857,"BE1-Koch34Bl",0.00466666666666667,0,0
"BE1.Koch34Bl",421.067285714286,"BE1-Koch34Bl",0.00533333333333333,0,0
"BE1.Koch34Bl",421.558714285714,"BE1-Koch34Bl",0.0065,0,0
"BE1.Koch34Bl",422.050142857143,"BE1-Koch34Bl",0.007,0,0
"BE1.Koch34Bl",422.541571428571,"BE1-Koch34Bl",0.00766666666666667,0,0
"BE1.Koch34Bl",423.033,"BE1-Koch34Bl",0.00883333333333333,0,0
"BE1.Koch34Bl",423.524428571429,"BE1-Koch34Bl",0.0103333333333333,0,0
"BE1.Koch34Bl",424.015857142857,"BE1-Koch34Bl",0.0115,0,0
"BE1.Koch34Bl",424.507285714286,"BE1-Koch34Bl",0.0136666666666667,0,0
"BE1.Koch34Bl",424.998714285714,"BE1-Koch34Bl",0.015,0,0
"BE1.Koch34Bl",425.490142857143,"BE1-Koch34Bl",0.017,0,0
"BE1.Koch34Bl",425.981571428571,"BE1-Koch34Bl",0.0181666666666667,0,0
"BE1.Koch34Bl",426.473,"BE1-Koch34Bl",0.0206666666666667,0,0
"BE1.Koch34Bl",426.964428571429,"BE1-Koch34Bl",0.0231666666666667,0,0
"BE1.Koch34Bl",427.455857142857,"BE1-Koch34Bl",0.0243333333333333,0,0
"BE1.Koch34Bl",427.947285714286,"BE1-Koch34Bl",0.0258333333333333,0,0
"BE1.Koch34Bl",428.438714285714,"BE1-Koch34Bl",0.0266666666666667,0,0
"BE1.Koch34Bl",428.930142857143,"BE1-Koch34Bl",0.0293333333333333,0,0
"BE1.Koch34Bl",429.421571428571,"BE1-Koch34Bl",0.0316666666666667,0,0
"BE1.Koch34Bl",429.913,"BE1-Koch34Bl",0.0355,0,0
"BE1.Koch34Bl",430.404428571429,"BE1-Koch34Bl",0.038,0,0
"BE1.Koch34Bl",430.895857142857,"BE1-Koch34Bl",0.0411666666666667,0,0
"BE1.Koch34Bl",431.387285714286,"BE1-Koch34Bl",0.0435,0,0
"BE1.Koch34Bl",431.878714285714,"BE1-Koch34Bl",0.048,0,0
"BE1.Koch34Bl",432.370142857143,"BE1-Koch34Bl",0.0518333333333333,0,1
"BE1.Koch34Bl",432.861571428571,"BE1-Koch34Bl",0.0563333333333333,0,1
"BE1.Koch34Bl",433.353,"BE1-Koch34Bl",0.0628333333333333,0,1
"BE1.Koch34Bl",433.844428571429,"BE1-Koch34Bl",0.0681666666666667,0,1
"BE1.Koch34Bl",434.335857142857,"BE1-Koch34Bl",0.0725,0,1
"BE1.Koch34Bl",434.827285714286,"BE1-Koch34Bl",0.0793333333333333,0,1
"BE1.Koch34Bl",435.318714285714,"BE1-Koch34Bl",0.0873333333333333,0,1
"BE1.Koch34Bl",435.810142857143,"BE1-Koch34Bl",0.0953333333333333,0,1
"BE1.Koch34Bl",436.301571428571,"BE1-Koch34Bl",0.101333333333333,0,1
"BE1.Koch34Bl",436.793,"BE1-Koch34Bl",0.109333333333333,0,1
"BE1.Koch34Bl",437.284428571429,"BE1-Koch34Bl",0.118833333333333,0,1
"BE1.Koch34Bl",437.775857142857,"BE1-Koch34Bl",0.129833333333333,0,1
"BE1.Koch34Bl",438.267285714286,"BE1-Koch34Bl",0.140333333333333,0,1
"BE1.Koch34Bl",438.758714285714,"BE1-Koch34Bl",0.1535,0,1
"BE1.Koch34Bl",439.250142857143,"BE1-Koch34Bl",0.164833333333333,0,1
"BE1.Koch34Bl",439.741571428571,"BE1-Koch34Bl",0.1795,0,1
"BE1.Koch34Bl",440.233,"BE1-Koch34Bl",0.193833333333333,0,1
"BE1.Koch34Bl",440.724428571429,"BE1-Koch34Bl",0.2085,0,1
"BE1.Koch34Bl",441.215857142857,"BE1-Koch34Bl",0.222666666666667,0,1
"BE1.Koch34Bl",441.707285714286,"BE1-Koch34Bl",0.238,0,1
"BE1.Koch34Bl",442.198714285714,"BE1-Koch34Bl",0.253166666666667,0,1
"BE1.Koch34Bl",442.690142857143,"BE1-Koch34Bl",0.2675,0,1
"BE1.Koch34Bl",443.181571428571,"BE1-Koch34Bl",0.2815,0,1
"BE1.Koch34Bl",443.673,"BE1-Koch34Bl",0.297833333333333,0,1
"BE1.Koch34Bl",444.164428571429,"BE1-Koch34Bl",0.314833333333333,0,1
"BE1.Koch34Bl",444.655857142857,"BE1-Koch34Bl",0.333,0,1
"BE1.Koch34Bl",445.147285714286,"BE1-Koch34Bl",0.350333333333333,0,1
"BE1.Koch34Bl",445.638714285714,"BE1-Koch34Bl",0.3715,0,1
"BE1.Koch34Bl",446.130142857143,"BE1-Koch34Bl",0.389166666666667,0,1
"BE1.Koch34Bl",446.621571428571,"BE1-Koch34Bl",0.4065,0,2
"BE1.Koch34Bl",447.113,"BE1-Koch34Bl",0.424333333333333,0,2
"BE1.Koch34Bl",447.604428571429,"BE1-Koch34Bl",0.442166666666667,0,2
"BE1.Koch34Bl",448.095857142857,"BE1-Koch34Bl",0.459666666666667,0,2
"BE1.Koch34Bl",448.587285714286,"BE1-Koch34Bl",0.477166666666667,0,2
"BE1.Koch34Bl",449.078714285714,"BE1-Koch34Bl",0.493666666666667,0,2
"BE1.Koch34Bl",449.570142857143,"BE1-Koch34Bl",0.506666666666667,0,2
"BE1.Koch34Bl",450.061571428571,"BE1-Koch34Bl",0.520833333333333,0,2
"BE1.Koch34Bl",450.553,"BE1-Koch34Bl",0.5355,0,2
"BE1.Koch34Bl",451.044428571429,"BE1-Koch34Bl",0.5515,0,2
"BE1.Koch34Bl",451.535857142857,"BE1-Koch34Bl",0.5685,0,2
"BE1.Koch34Bl",452.027285714286,"BE1-Koch34Bl",0.583166666666667,0,2
"BE1.Koch34Bl",452.518714285714,"BE1-Koch34Bl",0.5995,0,2
"BE1.Koch34Bl",453.010142857143,"BE1-Koch34Bl",0.614666666666667,0,2
"BE1.Koch34Bl",453.501571428571,"BE1-Koch34Bl",0.630166666666667,0,2
"BE1.Koch34Bl",453.993,"BE1-Koch34Bl",0.6435,0,2
"BE1.Koch34Bl",454.484428571429,"BE1-Koch34Bl",0.657833333333333,0,2
"BE1.Koch34Bl",454.975857142857,"BE1-Koch34Bl",0.671166666666667,0,2
"BE1.Koch34Bl",455.467285714286,"BE1-Koch34Bl",0.6855,0,2
"BE1.Koch34Bl",455.958714285714,"BE1-Koch34Bl",0.702166666666667,0,2
"BE1.Koch34Bl",456.450142857143,"BE1-Koch34Bl",0.714833333333333,0,2
"BE1.Koch34Bl",456.941571428571,"BE1-Koch34Bl",0.728,0,2
"BE1.Koch34Bl",457.433,"BE1-Koch34Bl",0.742333333333333,0,2
"BE1.Koch34Bl",457.924428571429,"BE1-Koch34Bl",0.754166666666667,0,2
"BE1.Koch34Bl",458.415857142857,"BE1-Koch34Bl",0.768333333333333,0,2
"BE1.Koch34Bl",458.907285714286,"BE1-Koch34Bl",0.783,0,2
"BE1.Koch34Bl",459.398714285714,"BE1-Koch34Bl",0.796333333333333,0,2
"BE1.Koch34Bl",459.890142857143,"BE1-Koch34Bl",0.810666666666667,0,2
"BE1.Koch34Bl",460.381571428571,"BE1-Koch34Bl",0.825166666666667,0,2
"BE1.Koch34Bl",460.873,"BE1-Koch34Bl",0.838333333333333,0,2
"BE1.Koch34Bl",461.364428571429,"BE1-Koch34Bl",0.853333333333333,0,2
"BE1.Koch34Bl",461.855857142857,"BE1-Koch34Bl",0.8645,0,2
"BE1.Koch34Bl",462.347285714286,"BE1-Koch34Bl",0.876166666666667,0,2
"BE1.Koch34Bl",462.838714285714,"BE1-Koch34Bl",0.887166666666667,0,2
"BE1.Koch34Bl",463.330142857143,"BE1-Koch34Bl",0.8985,0,2
"BE1.Koch34Bl",463.821571428571,"BE1-Koch34Bl",0.908333333333333,0,2
"BE1.Koch34Bl",464.313,"BE1-Koch34Bl",0.917833333333333,0,2
"BE1.Koch34Bl",464.804428571429,"BE1-Koch34Bl",0.924833333333333,0,2
"BE1.Koch34Bl",465.295857142857,"BE1-Koch34Bl",0.935666666666667,0,2
"BE1.Koch34Bl",465.787285714286,"BE1-Koch34Bl",0.943333333333333,0,2
"BE1.Koch34Bl",466.278714285714,"BE1-Koch34Bl",0.949333333333333,0,2
"BE1.Koch34Bl",466.770142857143,"BE1-Koch34Bl",0.956833333333333,0,2
"BE1.Koch34Bl",467.261571428571,"BE1-Koch34Bl",0.964166666666667,0,2
"BE1.Koch34Bl",467.753,"BE1-Koch34Bl",0.971,0,2
"BE1.Koch34Bl",468.244428571429,"BE1-Koch34Bl",0.974833333333333,0,2
"BE1.Koch34Bl",468.735857142857,"BE1-Koch34Bl",0.979833333333333,0,2
"BE1.Koch34Bl",469.227285714286,"BE1-Koch34Bl",0.9865,0,2
"BE1.Koch34Bl",469.718714285714,"BE1-Koch34Bl",0.992833333333333,0,2
"BE1.Koch34Bl",470.210142857143,"BE1-Koch34Bl",0.998166666666667,0,2
"BE1.Koch34Bl",470.701571428571,"BE1-Koch34Bl",1.00383333333333,0,2
"BE1.Koch34Bl",471.193,"BE1-Koch34Bl",1.009,0,2
"BE1.Koch34Bl",471.684428571429,"BE1-Koch34Bl",1.01516666666667,0,2
"BE1.Koch34Bl",472.175857142857,"BE1-Koch34Bl",1.021,0,2
"BE1.Koch34Bl",472.667285714286,"BE1-Koch34Bl",1.02883333333333,0,2
"BE1.Koch34Bl",473.158714285714,"BE1-Koch34Bl",1.0345,0,2
"BE1.Koch34Bl",473.650142857143,"BE1-Koch34Bl",1.04266666666667,0,2
"BE1.Koch34Bl",474.141571428571,"BE1-Koch34Bl",1.04916666666667,0,3
"BE1.Koch34Bl",474.633,"BE1-Koch34Bl",1.0555,0,3
"BE1.Koch34Bl",475.124428571429,"BE1-Koch34Bl",1.064,0,3
"BE1.Koch34Bl",475.615857142857,"BE1-Koch34Bl",1.06983333333333,0,3
"BE1.Koch34Bl",476.107285714286,"BE1-Koch34Bl",1.07916666666667,0,3
"BE1.Koch34Bl",476.598714285714,"BE1-Koch34Bl",1.08533333333333,0,3
"BE1.Koch34Bl",477.090142857143,"BE1-Koch34Bl",1.09483333333333,0,3
"BE1.Koch34Bl",477.581571428571,"BE1-Koch34Bl",1.10666666666667,0,3
"BE1.Koch34Bl",478.073,"BE1-Koch34Bl",1.119,0,3
"BE1.Koch34Bl",478.564428571429,"BE1-Koch34Bl",1.13333333333333,0,3
"BE1.Koch34Bl",479.055857142857,"BE1-Koch34Bl",1.147,0,3
"BE1.Koch34Bl",479.547285714286,"BE1-Koch34Bl",1.1625,0,3
"BE1.Koch34Bl",480.038714285714,"BE1-Koch34Bl",1.1785,0,3
"BE1.Koch34Bl",480.530142857143,"BE1-Koch34Bl",1.19366666666667,0,3
"BE1.Koch34Bl",481.021571428571,"BE1-Koch34Bl",1.21166666666667,0,3
"BE1.Koch34Bl",481.513,"BE1-Koch34Bl",1.22783333333333,0,3
"BE1.Koch34Bl",482.004428571429,"BE1-Koch34Bl",1.24616666666667,0,3
"BE1.Koch34Bl",482.495857142857,"BE1-Koch34Bl",1.26283333333333,0,3
"BE1.Koch34Bl",482.987285714286,"BE1-Koch34Bl",1.28116666666667,0,3
"BE1.Koch34Bl",483.478714285714,"BE1-Koch34Bl",1.30083333333333,0,3
"BE1.Koch34Bl",483.970142857143,"BE1-Koch34Bl",1.3185,0,3
"BE1.Koch34Bl",484.461571428571,"BE1-Koch34Bl",1.33883333333333,0,3
"BE1.Koch34Bl",484.953,"BE1-Koch34Bl",1.36,0,3
"BE1.Koch34Bl",485.444428571429,"BE1-Koch34Bl",1.379,0,3
"BE1.Koch34Bl",485.935857142857,"BE1-Koch34Bl",1.40216666666667,0,3
"BE1.Koch34Bl",486.427285714286,"BE1-Koch34Bl",1.42516666666667,0,3
"BE1.Koch34Bl",486.918714285714,"BE1-Koch34Bl",1.44416666666667,0,3
"BE1.Koch34Bl",487.410142857143,"BE1-Koch34Bl",1.46533333333333,0,3
"BE1.Koch34Bl",487.901571428571,"BE1-Koch34Bl",1.48383333333333,0,3
"BE1.Koch34Bl",488.393,"BE1-Koch34Bl",1.50366666666667,0,3
"BE1.Koch34Bl",488.884428571429,"BE1-Koch34Bl",1.5235,0,3
"BE1.Koch34Bl",489.375857142857,"BE1-Koch34Bl",1.54316666666667,0,3
"BE1.Koch34Bl",489.867285714286,"BE1-Koch34Bl",1.56283333333333,0,3
"BE1.Koch34Bl",490.358714285714,"BE1-Koch34Bl",1.5845,0,3
"BE1.Koch34Bl",490.850142857143,"BE1-Koch34Bl",1.60216666666667,0,3
"BE1.Koch34Bl",491.341571428571,"BE1-Koch34Bl",1.62,0,3
"BE1.Koch34Bl",491.833,"BE1-Koch34Bl",1.64,0,3
"BE1.Koch34Bl",492.324428571429,"BE1-Koch34Bl",1.65733333333333,0,3
"BE1.Koch34Bl",492.815857142857,"BE1-Koch34Bl",1.6765,0,3
"BE1.Koch34Bl",493.307285714286,"BE1-Koch34Bl",1.69266666666667,0,3
"BE1.Koch34Bl",493.798714285714,"BE1-Koch34Bl",1.70816666666667,0,3
"BE1.Koch34Bl",494.290142857143,"BE1-Koch34Bl",1.721,0,3
"BE1.Koch34Bl",494.781571428571,"BE1-Koch34Bl",1.73483333333333,0,3
"BE1.Koch34Bl",495.273,"BE1-Koch34Bl",1.75283333333333,0,3
"BE1.Koch34Bl",495.764428571429,"BE1-Koch34Bl",1.76683333333333,0,3
"BE1.Koch34Bl",496.255857142857,"BE1-Koch34Bl",1.7855,0,3
"BE1.Koch34Bl",496.747285714286,"BE1-Koch34Bl",1.79816666666667,0,3
"BE1.Koch34Bl",497.238714285714,"BE1-Koch34Bl",1.81033333333333,0,3
"BE1.Koch34Bl",497.730142857143,"BE1-Koch34Bl",1.824,0,3
"BE1.Koch34Bl",498.221571428571,"BE1-Koch34Bl",1.83466666666667,0,3
"BE1.Koch34Bl",498.713,"BE1-Koch34Bl",1.84416666666667,0,3
"BE1.Koch34Bl",499.204428571429,"BE1-Koch34Bl",1.85533333333333,0,3
"BE1.Koch34Bl",499.695857142857,"BE1-Koch34Bl",1.86516666666667,0,3
"BE1.Koch34Bl",500.187285714286,"BE1-Koch34Bl",1.87366666666667,0,3
"BE1.Koch34Bl",500.678714285714,"BE1-Koch34Bl",1.8845,0,3
"BE1.Koch34Bl",501.170142857143,"BE1-Koch34Bl",1.8905,0,3
"BE1.Koch34Bl",501.661571428571,"BE1-Koch34Bl",1.89816666666667,0,3
"BE1.Koch34Bl",502.153,"BE1-Koch34Bl",1.9075,0,3
"BE1.Koch34Bl",502.644428571429,"BE1-Koch34Bl",1.9175,0,3
"BE1.Koch34Bl",503.135857142857,"BE1-Koch34Bl",1.92583333333333,0,3
"BE1.Koch34Bl",503.627285714286,"BE1-Koch34Bl",1.93283333333333,0,3
"BE1.Koch34Bl",504.118714285714,"BE1-Koch34Bl",1.94016666666667,0,3
"BE1.Koch34Bl",504.610142857143,"BE1-Koch34Bl",1.94866666666667,0,3
"BE1.Koch34Bl",505.101571428571,"BE1-Koch34Bl",1.95433333333333,0,3
"BE1.Koch34Bl",505.593,"BE1-Koch34Bl",1.96,0,3
"BE1.Koch34Bl",506.084428571429,"BE1-Koch34Bl",1.968,0,3
"BE1.Koch34Bl",506.575857142857,"BE1-Koch34Bl",1.97733333333333,0,4
"BE1.Koch34Bl",507.067285714286,"BE1-Koch34Bl",1.98916666666667,0,4
"BE1.Koch34Bl",507.558714285714,"BE1-Koch34Bl",1.99683333333333,0,4
"BE1.Koch34Bl",508.050142857143,"BE1-Koch34Bl",2.003,0,4
"BE1.Koch34Bl",508.541571428571,"BE1-Koch34Bl",2.0125,0,4
"BE1.Koch34Bl",509.033,"BE1-Koch34Bl",2.02233333333333,0,4
"BE1.Koch34Bl",509.524428571429,"BE1-Koch34Bl",2.03316666666667,0,4
"BE1.Koch34Bl",510.015857142857,"BE1-Koch34Bl",2.04516666666667,0,4
"BE1.Koch34Bl",510.507285714286,"BE1-Koch34Bl",2.05883333333333,0,4
"BE1.Koch34Bl",510.998714285714,"BE1-Koch34Bl",2.07183333333333,0,4
"BE1.Koch34Bl",511.490142857143,"BE1-Koch34Bl",2.084,1,4
"BE1.Koch34Bl",511.981571428571,"BE1-Koch34Bl",2.09383333333333,1,4
"BE1.Koch34Bl",512.473,"BE1-Koch34Bl",2.1065,1,4
"BE1.Koch34Bl",512.964428571428,"BE1-Koch34Bl",2.1195,1,4
"BE1.Koch34Bl",513.455857142857,"BE1-Koch34Bl",2.13016666666667,1,4
"BE1.Koch34Bl",513.947285714286,"BE1-Koch34Bl",2.14266666666667,1,4
"BE1.Koch34Bl",514.438714285714,"BE1-Koch34Bl",2.15583333333333,1,4
"BE1.Koch34Bl",514.930142857143,"BE1-Koch34Bl",2.16916666666667,1,4
"BE1.Koch34Bl",515.421571428571,"BE1-Koch34Bl",2.1815,1,4
"BE1.Koch34Bl",515.913,"BE1-Koch34Bl",2.195,1,4
"BE1.Koch34Bl",516.404428571429,"BE1-Koch34Bl",2.20816666666667,1,4
"BE1.Koch34Bl",516.895857142857,"BE1-Koch34Bl",2.21866666666667,1,4
"BE1.Koch34Bl",517.387285714286,"BE1-Koch34Bl",2.22883333333333,1,4
"BE1.Koch34Bl",517.878714285714,"BE1-Koch34Bl",2.239,1,4
"BE1.Koch34Bl",518.370142857143,"BE1-Koch34Bl",2.24966666666667,1,4
"BE1.Koch34Bl",518.861571428571,"BE1-Koch34Bl",2.25933333333333,1,4
"BE1.Koch34Bl",519.353,"BE1-Koch34Bl",2.26783333333333,1,4
"BE1.Koch34Bl",519.844428571429,"BE1-Koch34Bl",2.276,1,4
"BE1.Koch34Bl",520.335857142857,"BE1-Koch34Bl",2.28416666666667,1,4
"BE1.Koch34Bl",520.827285714286,"BE1-Koch34Bl",2.29416666666667,1,4
"BE1.Koch34Bl",521.318714285714,"BE1-Koch34Bl",2.3,1,4
"BE1.Koch34Bl",521.810142857143,"BE1-Koch34Bl",2.3065,1,4
"BE1.Koch34Bl",522.301571428571,"BE1-Koch34Bl",2.31233333333333,1,4
"BE1.Koch34Bl",522.793,"BE1-Koch34Bl",2.32016666666667,1,4
"BE1.Koch34Bl",523.284428571429,"BE1-Koch34Bl",2.32533333333333,1,4
"BE1.Koch34Bl",523.775857142857,"BE1-Koch34Bl",2.332,1,4
"BE1.Koch34Bl",524.267285714286,"BE1-Koch34Bl",2.33783333333333,1,4
"BE1.Koch34Bl",524.758714285714,"BE1-Koch34Bl",2.344,1,4
"BE1.Koch34Bl",525.250142857143,"BE1-Koch34Bl",2.35216666666667,1,4
"BE1.Koch34Bl",525.741571428571,"BE1-Koch34Bl",2.35883333333333,1,4
"BE1.Koch34Bl",526.233,"BE1-Koch34Bl",2.367,1,4
"BE1.Koch34Bl",526.724428571429,"BE1-Koch34Bl",2.37616666666667,1,4
"BE1.Koch34Bl",527.215857142857,"BE1-Koch34Bl",2.38333333333333,1,4
"BE1.Koch34Bl",527.707285714286,"BE1-Koch34Bl",2.39183333333333,1,4
"BE1.Koch34Bl",528.198714285714,"BE1-Koch34Bl",2.40066666666667,1,4
"BE1.Koch34Bl",528.690142857143,"BE1-Koch34Bl",2.40983333333333,1,4
"BE1.Koch34Bl",529.181571428571,"BE1-Koch34Bl",2.4185,1,4
"BE1.Koch34Bl",529.673,"BE1-Koch34Bl",2.42883333333333,1,4
"BE1.Koch34Bl",530.164428571429,"BE1-Koch34Bl",2.439,1,4
"BE1.Koch34Bl",530.655857142857,"BE1-Koch34Bl",2.44933333333333,1,4
"BE1.Koch34Bl",531.147285714286,"BE1-Koch34Bl",2.45933333333333,1,4
"BE1.Koch34Bl",531.638714285714,"BE1-Koch34Bl",2.47116666666667,1,4
"BE1.Koch34Bl",532.130142857143,"BE1-Koch34Bl",2.4845,1,4
"BE1.Koch34Bl",532.621571428571,"BE1-Koch34Bl",2.49966666666667,1,4
"BE1.Koch34Bl",533.113,"BE1-Koch34Bl",2.5165,1,4
"BE1.Koch34Bl",533.604428571429,"BE1-Koch34Bl",2.53166666666667,1,4
"BE1.Koch34Bl",534.095857142857,"BE1-Koch34Bl",2.551,1,4
"BE1.Koch34Bl",534.587285714286,"BE1-Koch34Bl",2.56833333333333,1,4
"BE1.Koch34Bl",535.078714285714,"BE1-Koch34Bl",2.58766666666667,1,4
"BE1.Koch34Bl",535.570142857143,"BE1-Koch34Bl",2.612,1,4
"BE1.Koch34Bl",536.061571428571,"BE1-Koch34Bl",2.63416666666667,1,4
"BE1.Koch34Bl",536.553,"BE1-Koch34Bl",2.65683333333333,1,4
"BE1.Koch34Bl",537.044428571429,"BE1-Koch34Bl",2.6815,1,4
"BE1.Koch34Bl",537.535857142857,"BE1-Koch34Bl",2.7045,1,4
"BE1.Koch34Bl",538.027285714286,"BE1-Koch34Bl",2.73133333333333,1,4
"BE1.Koch34Bl",538.518714285714,"BE1-Koch34Bl",2.76116666666667,1,4
"BE1.Koch34Bl",539.010142857143,"BE1-Koch34Bl",2.79233333333333,1,4
"BE1.Koch34Bl",539.501571428571,"BE1-Koch34Bl",2.82433333333333,1,4
"BE1.Koch34Bl",539.993,"BE1-Koch34Bl",2.86083333333333,1,4
"BE1.Koch34Bl",540.484428571429,"BE1-Koch34Bl",2.898,1,4
"BE1.Koch34Bl",540.975857142857,"BE1-Koch34Bl",2.937,1,4
"BE1.Koch34Bl",541.467285714286,"BE1-Koch34Bl",2.9715,1,4
"BE1.Koch34Bl",541.958714285714,"BE1-Koch34Bl",3.004,0,4
"BE1.Koch34Bl",542.450142857143,"BE1-Koch34Bl",3.04516666666667,1,5
"BE1.Koch34Bl",542.941571428571,"BE1-Koch34Bl",3.085,2,5
"BE1.Koch34Bl",543.433,"BE1-Koch34Bl",3.12283333333333,2,5
"BE1.Koch34Bl",543.924428571429,"BE1-Koch34Bl",3.161,2,5
"BE1.Koch34Bl",544.415857142857,"BE1-Koch34Bl",3.20466666666667,2,5
"BE1.Koch34Bl",544.907285714286,"BE1-Koch34Bl",3.254,2,5
"BE1.Koch34Bl",545.398714285714,"BE1-Koch34Bl",3.295,2,5
"BE1.Koch34Bl",545.890142857143,"BE1-Koch34Bl",3.33666666666667,2,5
"BE1.Koch34Bl",546.381571428571,"BE1-Koch34Bl",3.3845,2,5
"BE1.Koch34Bl",546.873,"BE1-Koch34Bl",3.4295,2,5
"BE1.Koch34Bl",547.364428571429,"BE1-Koch34Bl",3.47633333333333,2,5
"BE1.Koch34Bl",547.855857142857,"BE1-Koch34Bl",3.51816666666667,2,5
"BE1.Koch34Bl",548.347285714286,"BE1-Koch34Bl",3.56116666666667,2,5
"BE1.Koch34Bl",548.838714285714,"BE1-Koch34Bl",3.6075,2,5
"BE1.Koch34Bl",549.330142857143,"BE1-Koch34Bl",3.64666666666667,2,5
"BE1.Koch34Bl",549.821571428571,"BE1-Koch34Bl",3.687,2,5
"BE1.Koch34Bl",550.313,"BE1-Koch34Bl",3.72716666666667,2,5
"BE1.Koch34Bl",550.804428571429,"BE1-Koch34Bl",3.76983333333333,2,5
"BE1.Koch34Bl",551.295857142857,"BE1-Koch34Bl",3.81283333333333,2,5
"BE1.Koch34Bl",551.787285714286,"BE1-Koch34Bl",3.85533333333333,2,5
"BE1.Koch34Bl",552.278714285714,"BE1-Koch34Bl",3.90116666666667,2,5
"BE1.Koch34Bl",552.770142857143,"BE1-Koch34Bl",3.944,2,5
"BE1.Koch34Bl",553.261571428571,"BE1-Koch34Bl",3.987,2,5
"BE1.Koch34Bl",553.753,"BE1-Koch34Bl",4.029,2,5
"BE1.Koch34Bl",554.244428571429,"BE1-Koch34Bl",4.07266666666667,2,5
"BE1.Koch34Bl",554.735857142857,"BE1-Koch34Bl",4.11733333333333,3,6
"BE1.Koch34Bl",555.227285714286,"BE1-Koch34Bl",4.16166666666667,3,6
"BE1.Koch34Bl",555.718714285714,"BE1-Koch34Bl",4.20466666666667,3,6
"BE1.Koch34Bl",556.210142857143,"BE1-Koch34Bl",4.25383333333333,3,6
"BE1.Koch34Bl",556.701571428571,"BE1-Koch34Bl",4.2965,3,6
"BE1.Koch34Bl",557.193,"BE1-Koch34Bl",4.33666666666667,3,6
"BE1.Koch34Bl",557.684428571428,"BE1-Koch34Bl",4.38233333333333,3,6
"BE1.Koch34Bl",558.175857142857,"BE1-Koch34Bl",4.42883333333333,3,6
"BE1.Koch34Bl",558.667285714286,"BE1-Koch34Bl",4.46866666666667,3,6
"BE1.Koch34Bl",559.158714285714,"BE1-Koch34Bl",4.51066666666667,3,6
"BE1.Koch34Bl",559.650142857143,"BE1-Koch34Bl",4.55316666666667,3,6
"BE1.Koch34Bl",560.141571428571,"BE1-Koch34Bl",4.6005,3,6
"BE1.Koch34Bl",560.633,"BE1-Koch34Bl",4.646,3,6
"BE1.Koch34Bl",561.124428571429,"BE1-Koch34Bl",4.69266666666667,3,6
"BE1.Koch34Bl",561.615857142857,"BE1-Koch34Bl",4.737,3,6
"BE1.Koch34Bl",562.107285714286,"BE1-Koch34Bl",4.7805,3,6
"BE1.Koch34Bl",562.598714285714,"BE1-Koch34Bl",4.82533333333333,3,6
"BE1.Koch34Bl",563.090142857143,"BE1-Koch34Bl",4.87633333333333,3,6
"BE1.Koch34Bl",563.581571428571,"BE1-Koch34Bl",4.92216666666667,3,6
"BE1.Koch34Bl",564.073,"BE1-Koch34Bl",4.96583333333333,3,7
"BE1.Koch34Bl",564.564428571428,"BE1-Koch34Bl",5.012,4,7
"BE1.Koch34Bl",565.055857142857,"BE1-Koch34Bl",5.0575,4,7
"BE1.Koch34Bl",565.547285714286,"BE1-Koch34Bl",5.106,4,7
"BE1.Koch34Bl",566.038714285714,"BE1-Koch34Bl",5.15366666666667,4,7
"BE1.Koch34Bl",566.530142857143,"BE1-Koch34Bl",5.20216666666667,4,7
"BE1.Koch34Bl",567.021571428571,"BE1-Koch34Bl",5.25,4,7
"BE1.Koch34Bl",567.513,"BE1-Koch34Bl",5.29666666666667,4,7
"BE1.Koch34Bl",568.004428571429,"BE1-Koch34Bl",5.34483333333333,4,7
"BE1.Koch34Bl",568.495857142857,"BE1-Koch34Bl",5.39366666666667,4,7
"BE1.Koch34Bl",568.987285714286,"BE1-Koch34Bl",5.4405,4,7
"BE1.Koch34Bl",569.478714285714,"BE1-Koch34Bl",5.48383333333333,4,7
"BE1.Koch34Bl",569.970142857143,"BE1-Koch34Bl",5.53,4,7
"BE1.Koch34Bl",570.461571428571,"BE1-Koch34Bl",5.57833333333333,4,7
"BE1.Koch34Bl",570.953,"BE1-Koch34Bl",5.63366666666667,4,7
"BE1.Koch34Bl",571.444428571428,"BE1-Koch34Bl",5.681,4,7
"BE1.Koch34Bl",571.935857142857,"BE1-Koch34Bl",5.7315,4,7
"BE1.Koch34Bl",572.427285714286,"BE1-Koch34Bl",5.78716666666667,3,7
"BE1.Koch34Bl",572.918714285714,"BE1-Koch34Bl",5.83616666666667,4,8
"BE1.Koch34Bl",573.410142857143,"BE1-Koch34Bl",5.88733333333333,4,8
"BE1.Koch34Bl",573.901571428571,"BE1-Koch34Bl",5.94133333333333,4,8
"BE1.Koch34Bl",574.393,"BE1-Koch34Bl",5.99366666666667,4,8
"BE1.Koch34Bl",574.884428571429,"BE1-Koch34Bl",6.04616666666667,4,8
"BE1.Koch34Bl",575.375857142857,"BE1-Koch34Bl",6.10783333333333,4,8
"BE1.Koch34Bl",575.867285714286,"BE1-Koch34Bl",6.165,4,8
"BE1.Koch34Bl",576.358714285714,"BE1-Koch34Bl",6.21366666666667,4,8
"BE1.Koch34Bl",576.850142857143,"BE1-Koch34Bl",6.26633333333333,4,8
"BE1.Koch34Bl",577.341571428571,"BE1-Koch34Bl",6.31866666666667,4,8
"BE1.Koch34Bl",577.833,"BE1-Koch34Bl",6.37616666666667,4,8
"BE1.Koch34Bl",578.324428571428,"BE1-Koch34Bl",6.43816666666667,4,8
"BE1.Koch34Bl",578.815857142857,"BE1-Koch34Bl",6.49,4,8
"BE1.Koch34Bl",579.307285714286,"BE1-Koch34Bl",6.54133333333333,4,8
"BE1.Koch34Bl",579.798714285714,"BE1-Koch34Bl",6.5915,4,8
"BE1.Koch34Bl",580.290142857143,"BE1-Koch34Bl",6.64666666666667,5,9
"BE1.Koch34Bl",580.781571428571,"BE1-Koch34Bl",6.70066666666667,5,9
"BE1.Koch34Bl",581.273,"BE1-Koch34Bl",6.7525,5,9
"BE1.Koch34Bl",581.764428571429,"BE1-Koch34Bl",6.81616666666667,5,9
"BE1.Koch34Bl",582.255857142857,"BE1-Koch34Bl",6.87566666666667,5,9
"BE1.Koch34Bl",582.747285714286,"BE1-Koch34Bl",6.935,5,9
"BE1.Koch34Bl",583.238714285714,"BE1-Koch34Bl",6.993,5,9
"BE1.Koch34Bl",583.730142857143,"BE1-Koch34Bl",7.048,5,9
"BE1.Koch34Bl",584.221571428571,"BE1-Koch34Bl",7.10733333333333,5,9
"BE1.Koch34Bl",584.713,"BE1-Koch34Bl",7.1665,5,9
"BE1.Koch34Bl",585.204428571428,"BE1-Koch34Bl",7.22533333333333,5,9
"BE1.Koch34Bl",585.695857142857,"BE1-Koch34Bl",7.284,5,9
"BE1.Koch34Bl",586.187285714286,"BE1-Koch34Bl",7.3435,5,9
"BE1.Koch34Bl",586.678714285714,"BE1-Koch34Bl",7.41033333333333,5,9
"BE1.Koch34Bl",587.170142857143,"BE1-Koch34Bl",7.471,5,9
"BE1.Koch34Bl",587.661571428571,"BE1-Koch34Bl",7.5345,5,9
"BE1.Koch34Bl",588.153,"BE1-Koch34Bl",7.58983333333333,5,9
"BE1.Koch34Bl",588.644428571429,"BE1-Koch34Bl",7.64683333333333,6,10
"BE1.Koch34Bl",589.135857142857,"BE1-Koch34Bl",7.7055,6,10
"BE1.Koch34Bl",589.627285714286,"BE1-Koch34Bl",7.7635,6,10
"BE1.Koch34Bl",590.118714285714,"BE1-Koch34Bl",7.82266666666667,6,10
"BE1.Koch34Bl",590.610142857143,"BE1-Koch34Bl",7.88833333333333,6,10
"BE1.Koch34Bl",591.101571428571,"BE1-Koch34Bl",7.94933333333333,6,10
"BE1.Koch34Bl",591.593,"BE1-Koch34Bl",8.0175,6,10
"BE1.Koch34Bl",592.084428571429,"BE1-Koch34Bl",8.07716666666667,6,10
"BE1.Koch34Bl",592.575857142857,"BE1-Koch34Bl",8.141,6,10
"BE1.Koch34Bl",593.067285714286,"BE1-Koch34Bl",8.1995,6,10
"BE1.Koch34Bl",593.558714285714,"BE1-Koch34Bl",8.2635,6,10
"BE1.Koch34Bl",594.050142857143,"BE1-Koch34Bl",8.32316666666667,6,10
"BE1.Koch34Bl",594.541571428571,"BE1-Koch34Bl",8.38583333333333,6,10
"BE1.Koch34Bl",595.033,"BE1-Koch34Bl",8.45383333333333,6,10
"BE1.Koch34Bl",595.524428571429,"BE1-Koch34Bl",8.5165,6,10
"BE1.Koch34Bl",596.015857142857,"BE1-Koch34Bl",8.5765,6,10
"BE1.Koch34Bl",596.507285714286,"BE1-Koch34Bl",8.6355,6,10
"BE1.Koch34Bl",596.998714285714,"BE1-Koch34Bl",8.7025,6,10
"BE1.Koch34Bl",597.490142857143,"BE1-Koch34Bl",8.765,6,10
"BE1.Koch34Bl",597.981571428571,"BE1-Koch34Bl",8.82383333333333,6,10
"BE1.Koch34Bl",598.473,"BE1-Koch34Bl",8.88416666666667,7,11
"BE1.Koch34Bl",598.964428571428,"BE1-Koch34Bl",8.94466666666667,7,11
"BE1.Koch34Bl",599.455857142857,"BE1-Koch34Bl",9.00916666666667,7,11
"BE1.Koch34Bl",599.947285714286,"BE1-Koch34Bl",9.06783333333333,7,11
"BE1.Koch34Bl",600.438714285714,"BE1-Koch34Bl",9.1275,7,11
"BE1.Koch34Bl",600.930142857143,"BE1-Koch34Bl",9.19,7,11
"BE1.Koch34Bl",601.421571428571,"BE1-Koch34Bl",9.24866666666667,7,11
"BE1.Koch34Bl",601.913,"BE1-Koch34Bl",9.3115,7,11
"BE1.Koch34Bl",602.404428571429,"BE1-Koch34Bl",9.3715,7,11
"BE1.Koch34Bl",602.895857142857,"BE1-Koch34Bl",9.432,7,11
"BE1.Koch34Bl",603.387285714286,"BE1-Koch34Bl",9.4875,7,11
"BE1.Koch34Bl",603.878714285714,"BE1-Koch34Bl",9.54983333333333,7,11
"BE1.Koch34Bl",604.370142857143,"BE1-Koch34Bl",9.60883333333333,7,11
"BE1.Koch34Bl",604.861571428571,"BE1-Koch34Bl",9.66533333333333,7,11
"BE1.Koch34Bl",605.353,"BE1-Koch34Bl",9.7265,7,11
"BE1.Koch34Bl",605.844428571429,"BE1-Koch34Bl",9.78333333333333,8,12
"BE1.Koch34Bl",606.335857142857,"BE1-Koch34Bl",9.84233333333333,8,12
"BE1.Koch34Bl",606.827285714286,"BE1-Koch34Bl",9.89566666666667,8,12
"BE1.Koch34Bl",607.318714285714,"BE1-Koch34Bl",9.94883333333333,8,12
"BE1.Koch34Bl",607.810142857143,"BE1-Koch34Bl",10.0061666666667,8,12
"BE1.Koch34Bl",608.301571428571,"BE1-Koch34Bl",10.0608333333333,8,12
"BE1.Koch34Bl",608.793,"BE1-Koch34Bl",10.1125,8,12
"BE1.Koch34Bl",609.284428571429,"BE1-Koch34Bl",10.1631666666667,8,12
"BE1.Koch34Bl",609.775857142857,"BE1-Koch34Bl",10.2203333333333,8,12
"BE1.Koch34Bl",610.267285714286,"BE1-Koch34Bl",10.2736666666667,8,12
"BE1.Koch34Bl",610.758714285714,"BE1-Koch34Bl",10.3276666666667,8,12
"BE1.Koch34Bl",611.250142857143,"BE1-Koch34Bl",10.383,8,12
"BE1.Koch34Bl",611.741571428571,"BE1-Koch34Bl",10.433,8,12
"BE1.Koch34Bl",612.233,"BE1-Koch34Bl",10.482,8,12
"BE1.Koch34Bl",612.724428571428,"BE1-Koch34Bl",10.5368333333333,9,13
"BE1.Koch34Bl",613.215857142857,"BE1-Koch34Bl",10.5878333333333,9,13
"BE1.Koch34Bl",613.707285714286,"BE1-Koch34Bl",10.639,9,13
"BE1.Koch34Bl",614.198714285714,"BE1-Koch34Bl",10.6846666666667,9,13
"BE1.Koch34Bl",614.690142857143,"BE1-Koch34Bl",10.734,9,13
"BE1.Koch34Bl",615.181571428571,"BE1-Koch34Bl",10.7893333333333,9,13
"BE1.Koch34Bl",615.673,"BE1-Koch34Bl",10.8383333333333,9,13
"BE1.Koch34Bl",616.164428571429,"BE1-Koch34Bl",10.8945,9,13
"BE1.Koch34Bl",616.655857142857,"BE1-Koch34Bl",10.9498333333333,9,13
"BE1.Koch34Bl",617.147285714286,"BE1-Koch34Bl",11.001,9,13
"BE1.Koch34Bl",617.638714285714,"BE1-Koch34Bl",11.0595,9,13
"BE1.Koch34Bl",618.130142857143,"BE1-Koch34Bl",11.1101666666667,9,13
"BE1.Koch34Bl",618.621571428571,"BE1-Koch34Bl",11.158,9,13
"BE1.Koch34Bl",619.113,"BE1-Koch34Bl",11.2121666666667,9,13
"BE1.Koch34Bl",619.604428571429,"BE1-Koch34Bl",11.2636666666667,9,13
"BE1.Koch34Bl",620.095857142857,"BE1-Koch34Bl",11.319,9,13
"BE1.Koch34Bl",620.587285714286,"BE1-Koch34Bl",11.369,9,13
"BE1.Koch34Bl",621.078714285714,"BE1-Koch34Bl",11.4236666666667,8,13
"BE1.Koch34Bl",621.570142857143,"BE1-Koch34Bl",11.4833333333333,8,13
"BE1.Koch34Bl",622.061571428571,"BE1-Koch34Bl",11.5378333333333,9,14
"BE1.Koch34Bl",622.553,"BE1-Koch34Bl",11.5958333333333,9,14
"BE1.Koch34Bl",623.044428571429,"BE1-Koch34Bl",11.6468333333333,9,14
"BE1.Koch34Bl",623.535857142857,"BE1-Koch34Bl",11.6976666666667,10,14
"BE1.Koch34Bl",624.027285714286,"BE1-Koch34Bl",11.755,10,14
"BE1.Koch34Bl",624.518714285714,"BE1-Koch34Bl",11.8041666666667,10,14
"BE1.Koch34Bl",625.010142857143,"BE1-Koch34Bl",11.8538333333333,10,14
"BE1.Koch34Bl",625.501571428571,"BE1-Koch34Bl",11.9136666666667,10,14
"BE1.Koch34Bl",625.993,"BE1-Koch34Bl",11.9696666666667,10,14
"BE1.Koch34Bl",626.484428571428,"BE1-Koch34Bl",12.0236666666667,10,14
"BE1.Koch34Bl",626.975857142857,"BE1-Koch34Bl",12.0745,10,14
"BE1.Koch34Bl",627.467285714286,"BE1-Koch34Bl",12.128,10,14
"BE1.Koch34Bl",627.958714285714,"BE1-Koch34Bl",12.1866666666667,10,14
"BE1.Koch34Bl",628.450142857143,"BE1-Koch34Bl",12.241,10,14
"BE1.Koch34Bl",628.941571428571,"BE1-Koch34Bl",12.2961666666667,10,14
"BE1.Koch34Bl",629.433,"BE1-Koch34Bl",12.3498333333333,10,14
"BE1.Koch34Bl",629.924428571429,"BE1-Koch34Bl",12.4066666666667,10,14
"BE1.Koch34Bl",630.415857142857,"BE1-Koch34Bl",12.4598333333333,10,14
"BE1.Koch34Bl",630.907285714286,"BE1-Koch34Bl",12.5138333333333,10,14
"BE1.Koch34Bl",631.398714285714,"BE1-Koch34Bl",12.5711666666667,10,14
"BE1.Koch34Bl",631.890142857143,"BE1-Koch34Bl",12.6323333333333,10,14
"BE1.Koch34Bl",632.381571428571,"BE1-Koch34Bl",12.6908333333333,10,14
"BE1.Koch34Bl",632.873,"BE1-Koch34Bl",12.7511666666667,10,14
"BE1.Koch34Bl",633.364428571429,"BE1-Koch34Bl",12.8058333333333,10,14
"BE1.Koch34Bl",633.855857142857,"BE1-Koch34Bl",12.8576666666667,11,15
"BE1.Koch34Bl",634.347285714286,"BE1-Koch34Bl",12.9163333333333,11,15
"BE1.Koch34Bl",634.838714285714,"BE1-Koch34Bl",12.9693333333333,11,15
"BE1.Koch34Bl",635.330142857143,"BE1-Koch34Bl",13.0281666666667,11,15
"BE1.Koch34Bl",635.821571428571,"BE1-Koch34Bl",13.0855,11,15
"BE1.Koch34Bl",636.313,"BE1-Koch34Bl",13.1388333333333,11,15
"BE1.Koch34Bl",636.804428571429,"BE1-Koch34Bl",13.1873333333333,12,15
"BE1.Koch34Bl",637.295857142857,"BE1-Koch34Bl",13.2443333333333,12,15
"BE1.Koch34Bl",637.787285714286,"BE1-Koch34Bl",13.2983333333333,12,15
"BE1.Koch34Bl",638.278714285714,"BE1-Koch34Bl",13.3618333333333,12,15
"BE1.Koch34Bl",638.770142857143,"BE1-Koch34Bl",13.4185,12,15
"BE1.Koch34Bl",639.261571428571,"BE1-Koch34Bl",13.4668333333333,12,15
"BE1.Koch34Bl",639.753,"BE1-Koch34Bl",13.5201666666667,12,15
"BE1.Koch34Bl",640.244428571429,"BE1-Koch34Bl",13.575,12,15
"BE1.Koch34Bl",640.735857142857,"BE1-Koch34Bl",13.623,12,15
"BE1.Koch34Bl",641.227285714286,"BE1-Koch34Bl",13.6788333333333,12,15
"BE1.Koch34Bl",641.718714285714,"BE1-Koch34Bl",13.7301666666667,12,15
"BE1.Koch34Bl",642.210142857143,"BE1-Koch34Bl",13.7808333333333,12,15
"BE1.Koch34Bl",642.701571428571,"BE1-Koch34Bl",13.836,13,15
"BE1.Koch34Bl",643.193,"BE1-Koch34Bl",13.8888333333333,13,15
"BE1.Koch34Bl",643.684428571428,"BE1-Koch34Bl",13.9388333333333,13,15
"BE1.Koch34Bl",644.175857142857,"BE1-Koch34Bl",13.9873333333333,13,15
"BE1.Koch34Bl",644.667285714286,"BE1-Koch34Bl",14.033,13,15
"BE1.Koch34Bl",645.158714285714,"BE1-Koch34Bl",14.0813333333333,13,15
"BE1.Koch34Bl",645.650142857143,"BE1-Koch34Bl",14.1301666666667,13,15
"BE1.Koch34Bl",646.141571428571,"BE1-Koch34Bl",14.1793333333333,13,15
"BE1.Koch34Bl",646.633,"BE1-Koch34Bl",14.2248333333333,13,15
"BE1.Koch34Bl",647.124428571429,"BE1-Koch34Bl",14.2686666666667,13,15
"BE1.Koch34Bl",647.615857142857,"BE1-Koch34Bl",14.3155,13,15
"BE1.Koch34Bl",648.107285714286,"BE1-Koch34Bl",14.3561666666667,13,15
"BE1.Koch34Bl",648.598714285714,"BE1-Koch34Bl",14.393,13,15
"BE1.Koch34Bl",649.090142857143,"BE1-Koch34Bl",14.435,13,15
"BE1.Koch34Bl",649.581571428571,"BE1-Koch34Bl",14.4751666666667,14,15
"BE1.Koch34Bl",650.073,"BE1-Koch34Bl",14.512,14,15
"BE1.Koch34Bl",650.564428571428,"BE1-Koch34Bl",14.5481666666667,14,15
"BE1.Koch34Bl",651.055857142857,"BE1-Koch34Bl",14.5851666666667,14,15
"BE1.Koch34Bl",651.547285714286,"BE1-Koch34Bl",14.6151666666667,14,15
"BE1.Koch34Bl",652.038714285714,"BE1-Koch34Bl",14.6495,14,15
"BE1.Koch34Bl",652.530142857143,"BE1-Koch34Bl",14.6805,14,15
"BE1.Koch34Bl",653.021571428571,"BE1-Koch34Bl",14.7043333333333,14,15
"BE1.Koch34Bl",653.513,"BE1-Koch34Bl",14.7305,14,15
"BE1.Koch34Bl",654.004428571429,"BE1-Koch34Bl",14.757,14,15
"BE1.Koch34Bl",654.495857142857,"BE1-Koch34Bl",14.7785,14,15
"BE1.Koch34Bl",654.987285714286,"BE1-Koch34Bl",14.7971666666667,14,15
"BE1.Koch34Bl",655.478714285714,"BE1-Koch34Bl",14.8188333333333,14,15
"BE1.Koch34Bl",655.970142857143,"BE1-Koch34Bl",14.8368333333333,14,15
"BE1.Koch34Bl",656.461571428571,"BE1-Koch34Bl",14.8553333333333,14,15
"BE1.Koch34Bl",656.953,"BE1-Koch34Bl",14.8693333333333,14,15
"BE1.Koch34Bl",657.444428571428,"BE1-Koch34Bl",14.8828333333333,14,15
"BE1.Koch34Bl",657.935857142857,"BE1-Koch34Bl",14.8948333333333,14,15
"BE1.Koch34Bl",658.427285714286,"BE1-Koch34Bl",14.9088333333333,14,15
"BE1.Koch34Bl",658.918714285714,"BE1-Koch34Bl",14.9176666666667,14,15
"BE1.Koch34Bl",659.410142857143,"BE1-Koch34Bl",14.9241666666667,14,15
"BE1.Koch34Bl",659.901571428571,"BE1-Koch34Bl",14.932,14,15
"BE1.Koch34Bl",660.393,"BE1-Koch34Bl",14.937,14,15
"BE1.Koch34Bl",660.884428571429,"BE1-Koch34Bl",14.943,14,15
"BE1.Koch34Bl",661.375857142857,"BE1-Koch34Bl",14.9468333333333,14,15
"BE1.Koch34Bl",661.867285714286,"BE1-Koch34Bl",14.9508333333333,15,15
"BE1.Koch34Bl",662.358714285714,"BE1-Koch34Bl",14.9545,15,15
"BE1.Koch34Bl",662.850142857143,"BE1-Koch34Bl",14.9576666666667,15,15
"BE1.Koch34Bl",663.341571428571,"BE1-Koch34Bl",14.9623333333333,15,15
"BE1.Koch34Bl",663.833,"BE1-Koch34Bl",14.9641666666667,15,15
"BE1.Koch34Bl",664.324428571429,"BE1-Koch34Bl",14.965,15,15
"BE1.Koch34Bl",664.815857142857,"BE1-Koch34Bl",14.9675,15,15
"BE1.Koch34Bl",665.307285714286,"BE1-Koch34Bl",14.9698333333333,15,15
"BE1.Koch34Bl",665.798714285714,"BE1-Koch34Bl",14.9713333333333,15,15
"BE1.Koch34Bl",666.290142857143,"BE1-Koch34Bl",14.9733333333333,15,15
"BE1.Koch34Bl",666.781571428571,"BE1-Koch34Bl",14.9745,15,15
"BE1.Koch34Bl",667.273,"BE1-Koch34Bl",14.9751666666667,15,15
"BE1.Koch34Bl",667.764428571429,"BE1-Koch34Bl",14.9761666666667,15,15
"BE1.Koch34Bl",668.255857142857,"BE1-Koch34Bl",14.977,15,15
"BE1.Koch34Bl",668.747285714286,"BE1-Koch34Bl",14.9778333333333,15,15
"BE1.Koch34Bl",669.238714285714,"BE1-Koch34Bl",14.9788333333333,15,15
"BE1.Koch34Bl",669.730142857143,"BE1-Koch34Bl",14.9795,15,15
"BE1.Koch34Bl",670.221571428571,"BE1-Koch34Bl",14.9798333333333,15,15
"BE1.Koch34Bl",670.713,"BE1-Koch34Bl",14.98,15,15
"BE1.Koch34Bl",671.204428571428,"BE1-Koch34Bl",14.98,15,15
"BE1.Koch34Bl",671.695857142857,"BE1-Koch34Bl",14.9803333333333,15,15
"BE1.Koch34Bl",672.187285714286,"BE1-Koch34Bl",14.9805,15,15
"BE1.Koch34Bl",672.678714285714,"BE1-Koch34Bl",14.981,15,15
"BE1.Koch34Bl",673.170142857143,"BE1-Koch34Bl",14.9815,15,15
"BE1.Koch34Bl",673.661571428571,"BE1-Koch34Bl",14.9816666666667,15,15
"BE1.Koch34Bl",674.153,"BE1-Koch34Bl",14.9818333333333,15,15
"BE1.Koch34Bl",674.644428571429,"BE1-Koch34Bl",14.9823333333333,15,15
"BE1.Koch34Bl",675.135857142857,"BE1-Koch34Bl",14.9826666666667,15,15
"BE1.Koch34Bl",675.627285714286,"BE1-Koch34Bl",14.983,15,15
"BE1.Koch34Bl",676.118714285714,"BE1-Koch34Bl",14.9831666666667,15,15
"BE1.Koch34Bl",676.610142857143,"BE1-Koch34Bl",14.9831666666667,15,15
"BE1.Koch34Bl",677.101571428571,"BE1-Koch34Bl",14.9833333333333,15,15
"BE1.Koch34Bl",677.593,"BE1-Koch34Bl",14.9838333333333,15,15
"BE1.Koch34Bl",678.084428571429,"BE1-Koch34Bl",14.9841666666667,15,15
"BE1.Koch34Bl",678.575857142857,"BE1-Koch34Bl",14.9841666666667,15,15
"BE1.Koch34Bl",679.067285714286,"BE1-Koch34Bl",14.9845,15,15
"BE1.Koch34Bl",679.558714285714,"BE1-Koch34Bl",14.9846666666667,15,15
"BE1.Koch34Bl",680.050142857143,"BE1-Koch34Bl",14.9846666666667,15,15
"BE1.Koch34Bl",680.541571428571,"BE1-Koch34Bl",14.9848333333333,15,15
"BE1.Koch34Bl",681.033,"BE1-Koch34Bl",14.985,15,15
"BE1.Koch34Bl",681.524428571429,"BE1-Koch34Bl",14.985,15,15
"BE1.Koch34Bl",682.015857142857,"BE1-Koch34Bl",14.9853333333333,15,15
"BE1.Koch34Bl",682.507285714286,"BE1-Koch34Bl",14.9853333333333,15,15
"BE1.Koch34Bl",682.998714285714,"BE1-Koch34Bl",14.9855,15,15
"BE1.Koch34Bl",683.490142857143,"BE1-Koch34Bl",14.9855,15,15
"BE1.Koch34Bl",683.981571428571,"BE1-Koch34Bl",14.9856666666667,15,15
"BE1.Koch34Bl",684.473,"BE1-Koch34Bl",14.9856666666667,15,15
"BE1.Koch34Bl",684.964428571428,"BE1-Koch34Bl",14.9856666666667,15,15
"BE1.Koch34Bl",685.455857142857,"BE1-Koch34Bl",14.9858333333333,15,15
"BE1.Koch34Bl",685.947285714286,"BE1-Koch34Bl",14.9858333333333,15,15
"BE1.Koch34Bl",686.438714285714,"BE1-Koch34Bl",14.986,15,15
"BE1.Koch34Bl",686.930142857143,"BE1-Koch34Bl",14.9861666666667,15,15
"BE1.Koch34Bl",687.421571428571,"BE1-Koch34Bl",14.9861666666667,15,15
"BE1.Koch34Bl",687.913,"BE1-Koch34Bl",14.9861666666667,15,15
"BE1.Koch34Bl",688.404428571429,"BE1-Koch34Bl",14.9863333333333,15,15
"BE1.Koch34Bl",688.895857142857,"BE1-Koch34Bl",14.9866666666667,15,15
"BE1.Koch34Bl",689.387285714286,"BE1-Koch34Bl",14.9866666666667,15,15
"BE1.Koch34Bl",689.878714285714,"BE1-Koch34Bl",14.9866666666667,15,15
"BE1.Koch34Bl",690.370142857143,"BE1-Koch34Bl",14.9866666666667,15,15
"BE1.Koch34Bl",690.861571428571,"BE1-Koch34Bl",14.9866666666667,15,15
"BE1.Koch34Bl",691.353,"BE1-Koch34Bl",14.9866666666667,15,15
"BE1.Koch34Bl",691.844428571429,"BE1-Koch34Bl",14.9866666666667,15,15
"BE1.Koch34Bl",692.335857142857,"BE1-Koch34Bl",14.9868333333333,15,15
"BE1.Koch34Bl",692.827285714286,"BE1-Koch34Bl",14.9868333333333,15,15
"BE1.Koch34Bl",693.318714285714,"BE1-Koch34Bl",14.9868333333333,15,15
"BE1.Koch34Bl",693.810142857143,"BE1-Koch34Bl",14.9868333333333,15,15
"BE1.Koch34Bl",694.301571428571,"BE1-Koch34Bl",14.987,15,15
"BE1.Koch34Bl",694.793,"BE1-Koch34Bl",14.987,15,15
"BE1.Koch34Bl",695.284428571429,"BE1-Koch34Bl",14.987,15,15
"BE1.Koch34Bl",695.775857142857,"BE1-Koch34Bl",14.987,15,15
"BE1.Koch34Bl",696.267285714286,"BE1-Koch34Bl",14.9871666666667,15,15
"BE1.Koch34Bl",696.758714285714,"BE1-Koch34Bl",14.9873333333333,15,15
"BE1.Koch34Bl",697.250142857143,"BE1-Koch34Bl",14.9873333333333,15,15
"BE1.Koch34Bl",697.741571428571,"BE1-Koch34Bl",14.9873333333333,15,15
"BE1.Koch34Bl",698.233,"BE1-Koch34Bl",14.9873333333333,15,15
"BE1.Koch34Bl",698.724428571428,"BE1-Koch34Bl",14.9873333333333,15,15
"BE1.Koch34Bl",699.215857142857,"BE1-Koch34Bl",14.9878333333333,15,15
"BE1.Koch34Bl",699.707285714286,"BE1-Koch34Bl",14.9878333333333,15,15
"BE1.Koch34Bl",700.198714285714,"BE1-Koch34Bl",14.9881666666667,15,15
"BE1.Koch34Bl",700.690142857143,"BE1-Koch34Bl",14.9881666666667,15,15
"BE1.Koch34Bl",701.181571428571,"BE1-Koch34Bl",14.9881666666667,15,15
"BE1.Koch34Bl",701.673,"BE1-Koch34Bl",14.9885,15,15
"BE1.Koch34Bl",702.164428571429,"BE1-Koch34Bl",14.9885,15,15
"BE1.Koch34Bl",702.655857142857,"BE1-Koch34Bl",14.9885,15,15
"BE1.Koch34Bl",703.147285714286,"BE1-Koch34Bl",14.9885,15,15
"BE1.Koch34Bl",703.638714285714,"BE1-Koch34Bl",14.9885,15,15
"BE1.Koch34Bl",704.130142857143,"BE1-Koch34Bl",14.9886666666667,15,15
"BE1.Koch34Bl",704.621571428571,"BE1-Koch34Bl",14.9886666666667,15,15
"BE1.Koch34Bl",705.113,"BE1-Koch34Bl",14.9886666666667,15,15
"BE1.Koch34Bl",705.604428571429,"BE1-Koch34Bl",14.9886666666667,15,15
"BE1.Koch34Bl",706.095857142857,"BE1-Koch34Bl",14.9886666666667,15,15
"BE1.Koch34Bl",706.587285714286,"BE1-Koch34Bl",14.9886666666667,15,15
"BE1.Koch34Bl",707.078714285714,"BE1-Koch34Bl",14.9886666666667,15,15
"BE1.Koch34Bl",707.570142857143,"BE1-Koch34Bl",14.9886666666667,15,15
"BE1.Koch34Bl",708.061571428571,"BE1-Koch34Bl",14.9886666666667,15,15
"BE1.Koch34Bl",708.553,"BE1-Koch34Bl",14.9886666666667,15,15
"BE1.Koch34Bl",709.044428571429,"BE1-Koch34Bl",14.9886666666667,15,15
"BE1.Koch34Bl",709.535857142857,"BE1-Koch34Bl",14.9886666666667,15,15
"BE1.Koch34Bl",710.027285714286,"BE1-Koch34Bl",14.9888333333333,15,15
"BE1.Koch34Bl",710.518714285714,"BE1-Koch34Bl",14.9888333333333,15,15
"BE1.Koch34Bl",711.010142857143,"BE1-Koch34Bl",14.989,15,15
"BE1.Koch34Bl",711.501571428571,"BE1-Koch34Bl",14.989,15,15
"BE1.Koch34Bl",711.993,"BE1-Koch34Bl",14.989,15,15
"BE1.Koch34Bl",712.484428571428,"BE1-Koch34Bl",14.989,15,15
"BE1.Koch34Bl",712.975857142857,"BE1-Koch34Bl",14.989,15,15
"BE1.Koch34Bl",713.467285714286,"BE1-Koch34Bl",14.989,15,15
"BE1.Koch34Bl",713.958714285714,"BE1-Koch34Bl",14.989,15,15
"BE1.Koch34Bl",714.450142857143,"BE1-Koch34Bl",14.9891666666667,15,15
"BE1.Koch34Bl",714.941571428571,"BE1-Koch34Bl",14.9891666666667,15,15
"BE1.Koch34Bl",715.433,"BE1-Koch34Bl",14.9891666666667,15,15
"BE1.Koch34Bl",715.924428571429,"BE1-Koch34Bl",14.9891666666667,15,15
"BE1.Koch34Bl",716.415857142857,"BE1-Koch34Bl",14.9891666666667,15,15
"BE1.Koch34Bl",716.907285714286,"BE1-Koch34Bl",14.9891666666667,15,15
"BE1.Koch34Bl",717.398714285714,"BE1-Koch34Bl",14.9891666666667,15,15
"BE1.Koch34Bl",717.890142857143,"BE1-Koch34Bl",14.9891666666667,15,15
"BE1.Koch34Bl",718.381571428571,"BE1-Koch34Bl",14.9891666666667,15,15
"BE1.Koch34Bl",718.873,"BE1-Koch34Bl",14.9891666666667,15,15
"BE1.Koch34Bl",719.364428571429,"BE1-Koch34Bl",14.9891666666667,15,15
"BE1.Koch34Bl",719.855857142857,"BE1-Koch34Bl",14.9891666666667,15,15
"BE1.Koch34Bl",720.347285714286,"BE1-Koch34Bl",14.9891666666667,15,15
"BE1.Koch34Bl",720.838714285714,"BE1-Koch34Bl",14.9893333333333,15,15
"BE1.Koch34Bl",721.330142857143,"BE1-Koch34Bl",14.9893333333333,15,15
"BE1.Koch34Bl",721.821571428571,"BE1-Koch34Bl",14.9893333333333,15,15
"BE1.Koch34Bl",722.313,"BE1-Koch34Bl",14.9893333333333,15,15
"BE1.Koch34Bl",722.804428571429,"BE1-Koch34Bl",14.9893333333333,15,15
"BE1.Koch34Bl",723.295857142857,"BE1-Koch34Bl",14.9893333333333,15,15
"BE1.Koch34Bl",723.787285714286,"BE1-Koch34Bl",14.9893333333333,15,15
"BE1.Koch34Bl",724.278714285714,"BE1-Koch34Bl",14.9893333333333,15,15
"BE1.Koch34Bl",724.770142857143,"BE1-Koch34Bl",14.9893333333333,15,15
"BE1.Koch34Bl",725.261571428571,"BE1-Koch34Bl",14.9893333333333,15,15
"BE1.Koch34Bl",725.753,"BE1-Koch34Bl",14.9893333333333,15,15
"BE1.Koch34Bl",726.244428571428,"BE1-Koch34Bl",14.9895,15,15
"BE1.Koch34Bl",726.735857142857,"BE1-Koch34Bl",14.9895,15,15
"BE1.Koch34Bl",727.227285714286,"BE1-Koch34Bl",14.9895,15,15
"BE1.Koch34Bl",727.718714285714,"BE1-Koch34Bl",14.9895,15,15
"BE1.Koch34Bl",728.210142857143,"BE1-Koch34Bl",14.9895,15,15
"BE1.Koch34Bl",728.701571428571,"BE1-Koch34Bl",14.9896666666667,15,15
"BE1.Koch34Bl",729.193,"BE1-Koch34Bl",14.9896666666667,15,15
"BE1.Koch34Bl",729.684428571428,"BE1-Koch34Bl",14.9896666666667,15,15
"BE1.Koch34Bl",730.175857142857,"BE1-Koch34Bl",14.9896666666667,15,15
"BE1.Koch34Bl",730.667285714286,"BE1-Koch34Bl",14.9896666666667,15,15
"BE1.Koch34Bl",731.158714285714,"BE1-Koch34Bl",14.9896666666667,15,15
"BE1.Koch34Bl",731.650142857143,"BE1-Koch34Bl",14.9896666666667,15,15
"BE1.Koch34Bl",732.141571428571,"BE1-Koch34Bl",14.9896666666667,15,15
"BE1.Koch34Bl",732.633,"BE1-Koch34Bl",14.9896666666667,15,15
"BE1.Koch34Bl",733.124428571429,"BE1-Koch34Bl",14.9896666666667,15,15
"BE1.Koch34Bl",733.615857142857,"BE1-Koch34Bl",14.9896666666667,15,15
"BE1.Koch34Bl",734.107285714286,"BE1-Koch34Bl",14.9898333333333,15,15
"BE1.Koch34Bl",734.598714285714,"BE1-Koch34Bl",14.99,15,15
"BE1.Koch34Bl",735.090142857143,"BE1-Koch34Bl",14.9901666666667,15,15
"BE1.Koch34Bl",735.581571428571,"BE1-Koch34Bl",14.9901666666667,15,15
"BE1.Koch34Bl",736.073,"BE1-Koch34Bl",14.9901666666667,15,15
"BE1.Koch34Bl",736.564428571428,"BE1-Koch34Bl",14.9901666666667,15,15
"BE1.Koch34Bl",737.055857142857,"BE1-Koch34Bl",14.9901666666667,15,15
"BE1.Koch34Bl",737.547285714286,"BE1-Koch34Bl",14.9901666666667,15,15
"BE1.Koch34Bl",738.038714285714,"BE1-Koch34Bl",14.9903333333333,15,15
"BE1.Koch34Bl",738.530142857143,"BE1-Koch34Bl",14.9903333333333,15,15
"BE1.Koch34Bl",739.021571428571,"BE1-Koch34Bl",14.9903333333333,15,15
"BE1.Koch34Bl",739.513,"BE1-Koch34Bl",14.9903333333333,15,15
"BE1.Koch34Bl",740.004428571428,"BE1-Koch34Bl",14.9903333333333,15,15
"BE1.Koch34Bl",740.495857142857,"BE1-Koch34Bl",14.9903333333333,15,15
"BE1.Koch34Bl",740.987285714286,"BE1-Koch34Bl",14.9903333333333,15,15
"BE1.Koch34Bl",741.478714285714,"BE1-Koch34Bl",14.9905,15,15
"BE1.Koch34Bl",741.970142857143,"BE1-Koch34Bl",14.9905,15,15
"BE1.Koch34Bl",742.461571428571,"BE1-Koch34Bl",14.9905,15,15
"BE1.Koch34Bl",742.953,"BE1-Koch34Bl",14.9905,15,15
"BE1.Koch34Bl",743.444428571428,"BE1-Koch34Bl",14.9906666666667,15,15
"BE1.Koch34Bl",743.935857142857,"BE1-Koch34Bl",14.9906666666667,15,15
"BE1.Koch34Bl",744.427285714286,"BE1-Koch34Bl",14.9906666666667,15,15
"BE1.Koch34Bl",744.918714285714,"BE1-Koch34Bl",14.9906666666667,15,15
"BE1.Koch34Bl",745.410142857143,"BE1-Koch34Bl",14.9906666666667,15,15
"BE1.Koch34Bl",745.901571428571,"BE1-Koch34Bl",14.9908333333333,15,15
"BE1.Koch34Bl",746.393,"BE1-Koch34Bl",14.991,15,15
"BE1.Koch34Bl",746.884428571429,"BE1-Koch34Bl",14.9911666666667,15,15
"BE1.Koch34Bl",747.375857142857,"BE1-Koch34Bl",14.9911666666667,15,15
"BE1.Koch34Bl",747.867285714286,"BE1-Koch34Bl",14.9911666666667,15,15
"BE1.Koch34Bl",748.358714285714,"BE1-Koch34Bl",14.9913333333333,15,15
"BE1.Koch34Bl",748.850142857143,"BE1-Koch34Bl",14.9913333333333,15,15
"BE1.Koch34Bl",749.341571428571,"BE1-Koch34Bl",14.9915,15,15
"BE1.Koch34Bl",749.833,"BE1-Koch34Bl",14.9916666666667,15,15
"BE1.Koch34Bl",750.324428571428,"BE1-Koch34Bl",14.9918333333333,15,15
"BE1.Koch34Bl",750.815857142857,"BE1-Koch34Bl",14.9923333333333,15,15
"BE1.Koch34Bl",751.307285714286,"BE1-Koch34Bl",14.9925,15,15
"BE1.Koch34Bl",751.798714285714,"BE1-Koch34Bl",14.993,15,15
"BE1.Koch34Bl",752.290142857143,"BE1-Koch34Bl",14.9936666666667,15,15
"BE1.Koch34Bl",752.781571428571,"BE1-Koch34Bl",14.9941666666667,15,15
"BE1.Koch34Bl",753.273,"BE1-Koch34Bl",14.9946666666667,15,15
"BE1.Koch34Bl",753.764428571428,"BE1-Koch34Bl",14.9951666666667,15,15
"BE1.Koch34Bl",754.255857142857,"BE1-Koch34Bl",14.9953333333333,15,15
"BE1.Koch34Bl",754.747285714286,"BE1-Koch34Bl",14.9955,15,15
"BE1.Koch34Bl",755.238714285714,"BE1-Koch34Bl",14.9956666666667,15,15
"BE1.Koch34Bl",755.730142857143,"BE1-Koch34Bl",14.9966666666667,15,15
"BE1.Koch34Bl",756.221571428571,"BE1-Koch34Bl",14.9968333333333,15,15
"BE1.Koch34Bl",756.713,"BE1-Koch34Bl",14.997,15,15
"BE1.Koch34Bl",757.204428571428,"BE1-Koch34Bl",14.9973333333333,15,15
"BE1.Koch34Bl",757.695857142857,"BE1-Koch34Bl",14.9975,15,15
"BE1.Koch34Bl",758.187285714286,"BE1-Koch34Bl",14.9975,15,15
"BE1.Koch34Bl",758.678714285714,"BE1-Koch34Bl",14.9978333333333,15,15
"BE1.Koch34Bl",759.170142857143,"BE1-Koch34Bl",14.998,15,15
"BE1.Koch34Bl",759.661571428571,"BE1-Koch34Bl",14.998,15,15
"BE1.Koch34Bl",760.153,"BE1-Koch34Bl",14.998,15,15
"BE1.Koch34Bl",760.644428571429,"BE1-Koch34Bl",14.998,15,15
"BE1.Koch34Bl",761.135857142857,"BE1-Koch34Bl",14.9983333333333,15,15
"BE1.Koch34Bl",761.627285714286,"BE1-Koch34Bl",14.9983333333333,15,15
"BE1.Koch34Bl",762.118714285714,"BE1-Koch34Bl",14.9983333333333,15,15
"BE1.Koch34Bl",762.610142857143,"BE1-Koch34Bl",14.9985,15,15
"BE1.Koch34Bl",763.101571428571,"BE1-Koch34Bl",14.9985,15,15
"BE1.Koch34Bl",763.593,"BE1-Koch34Bl",14.9986666666667,15,15
"BE1.Koch34Bl",764.084428571429,"BE1-Koch34Bl",14.9986666666667,15,15
"BE1.Koch34Bl",764.575857142857,"BE1-Koch34Bl",14.9986666666667,15,15
"BE1.Koch34Bl",765.067285714286,"BE1-Koch34Bl",14.9986666666667,15,15
"BE1.Koch34Bl",765.558714285714,"BE1-Koch34Bl",14.9986666666667,15,15
"BE1.Koch34Bl",766.050142857143,"BE1-Koch34Bl",14.9986666666667,15,15
"BE1.Koch34Bl",766.541571428571,"BE1-Koch34Bl",14.9988333333333,15,15
"BE1.Koch34Bl",767.033,"BE1-Koch34Bl",14.999,15,15
"BE1.Koch34Bl",767.524428571429,"BE1-Koch34Bl",14.9991666666667,15,15
"BE1.Koch34Bl",768.015857142857,"BE1-Koch34Bl",14.9993333333333,15,15
"BE1.Koch34Bl",768.507285714286,"BE1-Koch34Bl",14.9993333333333,15,15
"BE1.Koch34Bl",768.998714285714,"BE1-Koch34Bl",14.9993333333333,15,15
"BE1.Koch34Bl",769.490142857143,"BE1-Koch34Bl",14.9995,15,15
"BE1.Koch34Bl",769.981571428571,"BE1-Koch34Bl",14.9998333333333,15,15
"BE1.Koch34Bl",770.473,"BE1-Koch34Bl",15,15,15
"BE1.Koch49.50",403.059,"BE1-Koch49/50",0.000166666666666667,0,0
"BE1.Koch49.50",404.773906040268,"BE1-Koch49/50",0.000166666666666667,0,0
"BE1.Koch49.50",406.488812080537,"BE1-Koch49/50",0.000166666666666667,0,0
"BE1.Koch49.50",408.203718120805,"BE1-Koch49/50",5e-04,0,0
"BE1.Koch49.50",409.918624161074,"BE1-Koch49/50",5e-04,0,0
"BE1.Koch49.50",411.633530201342,"BE1-Koch49/50",5e-04,0,0
"BE1.Koch49.50",413.348436241611,"BE1-Koch49/50",5e-04,0,0
"BE1.Koch49.50",415.063342281879,"BE1-Koch49/50",5e-04,0,0
"BE1.Koch49.50",416.778248322148,"BE1-Koch49/50",0.000666666666666667,0,0
"BE1.Koch49.50",418.493154362416,"BE1-Koch49/50",0.000833333333333333,0,0
"BE1.Koch49.50",420.208060402685,"BE1-Koch49/50",0.000833333333333333,0,0
"BE1.Koch49.50",421.922966442953,"BE1-Koch49/50",0.00133333333333333,0,0
"BE1.Koch49.50",423.637872483221,"BE1-Koch49/50",0.002,0,0
"BE1.Koch49.50",425.35277852349,"BE1-Koch49/50",0.003,0,0
"BE1.Koch49.50",427.067684563758,"BE1-Koch49/50",0.0035,0,0
"BE1.Koch49.50",428.782590604027,"BE1-Koch49/50",0.00416666666666667,0,0
"BE1.Koch49.50",430.497496644295,"BE1-Koch49/50",0.00583333333333333,0,0
"BE1.Koch49.50",432.212402684564,"BE1-Koch49/50",0.00883333333333333,0,0
"BE1.Koch49.50",433.927308724832,"BE1-Koch49/50",0.012,0,0
"BE1.Koch49.50",435.642214765101,"BE1-Koch49/50",0.015,0,0
"BE1.Koch49.50",437.357120805369,"BE1-Koch49/50",0.0195,0,0
"BE1.Koch49.50",439.072026845638,"BE1-Koch49/50",0.0286666666666667,0,0
"BE1.Koch49.50",440.786932885906,"BE1-Koch49/50",0.0366666666666667,0,0
"BE1.Koch49.50",442.501838926175,"BE1-Koch49/50",0.0493333333333333,0,0
"BE1.Koch49.50",444.216744966443,"BE1-Koch49/50",0.0625,0,1
"BE1.Koch49.50",445.931651006711,"BE1-Koch49/50",0.0748333333333333,0,1
"BE1.Koch49.50",447.64655704698,"BE1-Koch49/50",0.0878333333333333,0,1
"BE1.Koch49.50",449.361463087248,"BE1-Koch49/50",0.101833333333333,0,1
"BE1.Koch49.50",451.076369127517,"BE1-Koch49/50",0.113666666666667,0,1
"BE1.Koch49.50",452.791275167785,"BE1-Koch49/50",0.124666666666667,0,1
"BE1.Koch49.50",454.506181208054,"BE1-Koch49/50",0.1365,0,1
"BE1.Koch49.50",456.221087248322,"BE1-Koch49/50",0.147,0,1
"BE1.Koch49.50",457.935993288591,"BE1-Koch49/50",0.157333333333333,0,1
"BE1.Koch49.50",459.650899328859,"BE1-Koch49/50",0.167,0,1
"BE1.Koch49.50",461.365805369128,"BE1-Koch49/50",0.176,0,1
"BE1.Koch49.50",463.080711409396,"BE1-Koch49/50",0.184833333333333,0,1
"BE1.Koch49.50",464.795617449664,"BE1-Koch49/50",0.1915,0,1
"BE1.Koch49.50",466.510523489933,"BE1-Koch49/50",0.196666666666667,0,1
"BE1.Koch49.50",468.225429530201,"BE1-Koch49/50",0.199833333333333,0,1
"BE1.Koch49.50",469.94033557047,"BE1-Koch49/50",0.202666666666667,0,1
"BE1.Koch49.50",471.655241610738,"BE1-Koch49/50",0.2065,0,1
"BE1.Koch49.50",473.370147651007,"BE1-Koch49/50",0.2095,0,1
"BE1.Koch49.50",475.085053691275,"BE1-Koch49/50",0.214166666666667,0,1
"BE1.Koch49.50",476.799959731544,"BE1-Koch49/50",0.219833333333333,0,1
"BE1.Koch49.50",478.514865771812,"BE1-Koch49/50",0.228833333333333,0,1
"BE1.Koch49.50",480.229771812081,"BE1-Koch49/50",0.2395,0,1
"BE1.Koch49.50",481.944677852349,"BE1-Koch49/50",0.257666666666667,0,1
"BE1.Koch49.50",483.659583892617,"BE1-Koch49/50",0.272833333333333,0,1
"BE1.Koch49.50",485.374489932886,"BE1-Koch49/50",0.2895,0,1
"BE1.Koch49.50",487.089395973154,"BE1-Koch49/50",0.309666666666667,0,1
"BE1.Koch49.50",488.804302013423,"BE1-Koch49/50",0.329,0,1
"BE1.Koch49.50",490.519208053691,"BE1-Koch49/50",0.348333333333333,0,1
"BE1.Koch49.50",492.23411409396,"BE1-Koch49/50",0.366333333333333,0,1
"BE1.Koch49.50",493.949020134228,"BE1-Koch49/50",0.380666666666667,0,1
"BE1.Koch49.50",495.663926174497,"BE1-Koch49/50",0.393166666666667,0,1
"BE1.Koch49.50",497.378832214765,"BE1-Koch49/50",0.404166666666667,0,1
"BE1.Koch49.50",499.093738255034,"BE1-Koch49/50",0.412166666666667,0,1
"BE1.Koch49.50",500.808644295302,"BE1-Koch49/50",0.417,0,1
"BE1.Koch49.50",502.52355033557,"BE1-Koch49/50",0.422666666666667,0,1
"BE1.Koch49.50",504.238456375839,"BE1-Koch49/50",0.427333333333333,0,1
"BE1.Koch49.50",505.953362416107,"BE1-Koch49/50",0.431833333333333,0,1
"BE1.Koch49.50",507.668268456376,"BE1-Koch49/50",0.436666666666667,0,1
"BE1.Koch49.50",509.383174496644,"BE1-Koch49/50",0.441166666666667,0,1
"BE1.Koch49.50",511.098080536913,"BE1-Koch49/50",0.4845,0,1
"BE1.Koch49.50",512.812986577181,"BE1-Koch49/50",0.550166666666667,0,1
"BE1.Koch49.50",514.52789261745,"BE1-Koch49/50",0.615333333333333,0,2
"BE1.Koch49.50",516.242798657718,"BE1-Koch49/50",0.677333333333333,0,2
"BE1.Koch49.50",517.957704697987,"BE1-Koch49/50",0.7365,0,2
"BE1.Koch49.50",519.672610738255,"BE1-Koch49/50",0.7895,0,2
"BE1.Koch49.50",521.387516778523,"BE1-Koch49/50",0.8415,0,2
"BE1.Koch49.50",523.102422818792,"BE1-Koch49/50",0.896,0,2
"BE1.Koch49.50",524.81732885906,"BE1-Koch49/50",0.944666666666667,0,2
"BE1.Koch49.50",526.532234899329,"BE1-Koch49/50",1.00016666666667,0,2
"BE1.Koch49.50",528.247140939597,"BE1-Koch49/50",1.0565,0,2
"BE1.Koch49.50",529.962046979866,"BE1-Koch49/50",1.12066666666667,0,2
"BE1.Koch49.50",531.676953020134,"BE1-Koch49/50",1.18316666666667,0,2
"BE1.Koch49.50",533.391859060403,"BE1-Koch49/50",1.24716666666667,0,2
"BE1.Koch49.50",535.106765100671,"BE1-Koch49/50",1.31683333333333,0,2
"BE1.Koch49.50",536.82167114094,"BE1-Koch49/50",1.3745,0,2
"BE1.Koch49.50",538.536577181208,"BE1-Koch49/50",1.43316666666667,0,2
"BE1.Koch49.50",540.251483221477,"BE1-Koch49/50",1.493,1,2
"BE1.Koch49.50",541.966389261745,"BE1-Koch49/50",1.54383333333333,1,2
"BE1.Koch49.50",543.681295302013,"BE1-Koch49/50",1.59166666666667,1,2
"BE1.Koch49.50",545.396201342282,"BE1-Koch49/50",1.63383333333333,1,2
"BE1.Koch49.50",547.11110738255,"BE1-Koch49/50",1.67283333333333,1,2
"BE1.Koch49.50",548.826013422819,"BE1-Koch49/50",1.71116666666667,1,2
"BE1.Koch49.50",550.540919463087,"BE1-Koch49/50",1.7455,1,2
"BE1.Koch49.50",552.255825503356,"BE1-Koch49/50",1.77516666666667,1,2
"BE1.Koch49.50",553.970731543624,"BE1-Koch49/50",1.808,1,2
"BE1.Koch49.50",555.685637583893,"BE1-Koch49/50",1.83816666666667,1,2
"BE1.Koch49.50",557.400543624161,"BE1-Koch49/50",1.86316666666667,1,2
"BE1.Koch49.50",559.11544966443,"BE1-Koch49/50",1.89216666666667,1,2
"BE1.Koch49.50",560.830355704698,"BE1-Koch49/50",1.9175,1,2
"BE1.Koch49.50",562.545261744966,"BE1-Koch49/50",1.9405,1,2
"BE1.Koch49.50",564.260167785235,"BE1-Koch49/50",1.965,1,2
"BE1.Koch49.50",565.975073825503,"BE1-Koch49/50",1.98583333333333,1,3
"BE1.Koch49.50",567.689979865772,"BE1-Koch49/50",2.00816666666667,1,3
"BE1.Koch49.50",569.40488590604,"BE1-Koch49/50",2.02833333333333,2,3
"BE1.Koch49.50",571.119791946309,"BE1-Koch49/50",2.04916666666667,2,3
"BE1.Koch49.50",572.834697986577,"BE1-Koch49/50",2.07033333333333,2,3
"BE1.Koch49.50",574.549604026846,"BE1-Koch49/50",2.09383333333333,2,3
"BE1.Koch49.50",576.264510067114,"BE1-Koch49/50",2.12116666666667,2,3
"BE1.Koch49.50",577.979416107383,"BE1-Koch49/50",2.14683333333333,2,3
"BE1.Koch49.50",579.694322147651,"BE1-Koch49/50",2.17233333333333,2,3
"BE1.Koch49.50",581.40922818792,"BE1-Koch49/50",2.2015,2,3
"BE1.Koch49.50",583.124134228188,"BE1-Koch49/50",2.23066666666667,2,3
"BE1.Koch49.50",584.839040268456,"BE1-Koch49/50",2.25866666666667,2,3
"BE1.Koch49.50",586.553946308725,"BE1-Koch49/50",2.29183333333333,2,3
"BE1.Koch49.50",588.268852348993,"BE1-Koch49/50",2.3205,2,3
"BE1.Koch49.50",589.983758389262,"BE1-Koch49/50",2.34933333333333,2,3
"BE1.Koch49.50",591.69866442953,"BE1-Koch49/50",2.3805,2,3
"BE1.Koch49.50",593.413570469799,"BE1-Koch49/50",2.41316666666667,2,3
"BE1.Koch49.50",595.128476510067,"BE1-Koch49/50",2.4475,2,3
"BE1.Koch49.50",596.843382550336,"BE1-Koch49/50",2.48,2,3
"BE1.Koch49.50",598.558288590604,"BE1-Koch49/50",2.513,2,3
"BE1.Koch49.50",600.273194630872,"BE1-Koch49/50",2.54866666666667,2,3
"BE1.Koch49.50",601.988100671141,"BE1-Koch49/50",2.58216666666667,2,3
"BE1.Koch49.50",603.703006711409,"BE1-Koch49/50",2.61133333333333,2,3
"BE1.Koch49.50",605.417912751678,"BE1-Koch49/50",2.6395,2,3
"BE1.Koch49.50",607.132818791946,"BE1-Koch49/50",2.66183333333333,2,3
"BE1.Koch49.50",608.847724832215,"BE1-Koch49/50",2.67533333333333,2,3
"BE1.Koch49.50",610.562630872483,"BE1-Koch49/50",2.68933333333333,2,3
"BE1.Koch49.50",612.277536912752,"BE1-Koch49/50",2.69916666666667,2,3
"BE1.Koch49.50",613.99244295302,"BE1-Koch49/50",2.70916666666667,2,3
"BE1.Koch49.50",615.707348993289,"BE1-Koch49/50",2.72116666666667,2,3
"BE1.Koch49.50",617.422255033557,"BE1-Koch49/50",2.73116666666667,2,3
"BE1.Koch49.50",619.137161073825,"BE1-Koch49/50",2.743,2,3
"BE1.Koch49.50",620.852067114094,"BE1-Koch49/50",2.758,2,3
"BE1.Koch49.50",622.566973154362,"BE1-Koch49/50",2.77033333333333,2,3
"BE1.Koch49.50",624.281879194631,"BE1-Koch49/50",2.787,2,3
"BE1.Koch49.50",625.996785234899,"BE1-Koch49/50",2.80833333333333,2,3
"BE1.Koch49.50",627.711691275168,"BE1-Koch49/50",2.82516666666667,2,3
"BE1.Koch49.50",629.426597315436,"BE1-Koch49/50",2.8455,2,3
"BE1.Koch49.50",631.141503355705,"BE1-Koch49/50",2.8685,2,3
"BE1.Koch49.50",632.856409395973,"BE1-Koch49/50",2.8905,2,3
"BE1.Koch49.50",634.571315436242,"BE1-Koch49/50",2.91133333333333,2,3
"BE1.Koch49.50",636.28622147651,"BE1-Koch49/50",2.9345,2,3
"BE1.Koch49.50",638.001127516779,"BE1-Koch49/50",2.95216666666667,3,3
"BE1.Koch49.50",639.716033557047,"BE1-Koch49/50",2.9675,3,3
"BE1.Koch49.50",641.430939597316,"BE1-Koch49/50",2.9785,3,3
"BE1.Koch49.50",643.145845637584,"BE1-Koch49/50",2.988,3,3
"BE1.Koch49.50",644.860751677852,"BE1-Koch49/50",2.99233333333333,3,3
"BE1.Koch49.50",646.575657718121,"BE1-Koch49/50",2.99533333333333,3,3
"BE1.Koch49.50",648.290563758389,"BE1-Koch49/50",2.99733333333333,3,3
"BE1.Koch49.50",650.005469798658,"BE1-Koch49/50",2.998,3,3
"BE1.Koch49.50",651.720375838926,"BE1-Koch49/50",2.99816666666667,3,3
"BE1.Koch49.50",653.435281879195,"BE1-Koch49/50",2.99883333333333,3,3
"BE1.Koch49.50",655.150187919463,"BE1-Koch49/50",2.99933333333333,3,3
"BE1.Koch49.50",656.865093959732,"BE1-Koch49/50",2.99983333333333,3,3
"BE1.Koch49.50",658.58,"BE1-Koch49/50",3,3,3
"BE1.Koch34Ye",403.059,"BE1-Koch34Ye",0.000166666666666667,0,0
"BE1.Koch34Ye",403.739879699248,"BE1-Koch34Ye",0.000166666666666667,0,0
"BE1.Koch34Ye",404.420759398496,"BE1-Koch34Ye",0.000166666666666667,0,0
"BE1.Koch34Ye",405.101639097744,"BE1-Koch34Ye",0.000166666666666667,0,0
"BE1.Koch34Ye",405.782518796993,"BE1-Koch34Ye",0.000166666666666667,0,0
"BE1.Koch34Ye",406.463398496241,"BE1-Koch34Ye",0.000166666666666667,0,0
"BE1.Koch34Ye",407.144278195489,"BE1-Koch34Ye",5e-04,0,0
"BE1.Koch34Ye",407.825157894737,"BE1-Koch34Ye",5e-04,0,0
"BE1.Koch34Ye",408.506037593985,"BE1-Koch34Ye",5e-04,0,0
"BE1.Koch34Ye",409.186917293233,"BE1-Koch34Ye",5e-04,0,0
"BE1.Koch34Ye",409.867796992481,"BE1-Koch34Ye",5e-04,0,0
"BE1.Koch34Ye",410.548676691729,"BE1-Koch34Ye",5e-04,0,0
"BE1.Koch34Ye",411.229556390977,"BE1-Koch34Ye",5e-04,0,0
"BE1.Koch34Ye",411.910436090226,"BE1-Koch34Ye",0.000666666666666667,0,0
"BE1.Koch34Ye",412.591315789474,"BE1-Koch34Ye",0.000666666666666667,0,0
"BE1.Koch34Ye",413.272195488722,"BE1-Koch34Ye",0.000666666666666667,0,0
"BE1.Koch34Ye",413.95307518797,"BE1-Koch34Ye",0.000666666666666667,0,0
"BE1.Koch34Ye",414.633954887218,"BE1-Koch34Ye",0.000666666666666667,0,0
"BE1.Koch34Ye",415.314834586466,"BE1-Koch34Ye",0.000666666666666667,0,0
"BE1.Koch34Ye",415.995714285714,"BE1-Koch34Ye",0.000833333333333333,0,0
"BE1.Koch34Ye",416.676593984962,"BE1-Koch34Ye",0.000833333333333333,0,0
"BE1.Koch34Ye",417.357473684211,"BE1-Koch34Ye",0.000833333333333333,0,0
"BE1.Koch34Ye",418.038353383459,"BE1-Koch34Ye",0.001,0,0
"BE1.Koch34Ye",418.719233082707,"BE1-Koch34Ye",0.001,0,0
"BE1.Koch34Ye",419.400112781955,"BE1-Koch34Ye",0.00116666666666667,0,0
"BE1.Koch34Ye",420.080992481203,"BE1-Koch34Ye",0.00116666666666667,0,0
"BE1.Koch34Ye",420.761872180451,"BE1-Koch34Ye",0.00133333333333333,0,0
"BE1.Koch34Ye",421.442751879699,"BE1-Koch34Ye",0.0015,0,0
"BE1.Koch34Ye",422.123631578947,"BE1-Koch34Ye",0.00183333333333333,0,0
"BE1.Koch34Ye",422.804511278195,"BE1-Koch34Ye",0.002,0,0
"BE1.Koch34Ye",423.485390977444,"BE1-Koch34Ye",0.003,0,0
"BE1.Koch34Ye",424.166270676692,"BE1-Koch34Ye",0.00316666666666667,0,0
"BE1.Koch34Ye",424.84715037594,"BE1-Koch34Ye",0.004,0,0
"BE1.Koch34Ye",425.528030075188,"BE1-Koch34Ye",0.0045,0,0
"BE1.Koch34Ye",426.208909774436,"BE1-Koch34Ye",0.00533333333333333,0,0
"BE1.Koch34Ye",426.889789473684,"BE1-Koch34Ye",0.00566666666666667,0,0
"BE1.Koch34Ye",427.570669172932,"BE1-Koch34Ye",0.00633333333333333,0,0
"BE1.Koch34Ye",428.25154887218,"BE1-Koch34Ye",0.0065,0,0
"BE1.Koch34Ye",428.932428571429,"BE1-Koch34Ye",0.00766666666666667,0,0
"BE1.Koch34Ye",429.613308270677,"BE1-Koch34Ye",0.00816666666666667,0,0
"BE1.Koch34Ye",430.294187969925,"BE1-Koch34Ye",0.00916666666666667,0,0
"BE1.Koch34Ye",430.975067669173,"BE1-Koch34Ye",0.00983333333333333,0,0
"BE1.Koch34Ye",431.655947368421,"BE1-Koch34Ye",0.0118333333333333,0,0
"BE1.Koch34Ye",432.336827067669,"BE1-Koch34Ye",0.0135,0,0
"BE1.Koch34Ye",433.017706766917,"BE1-Koch34Ye",0.0151666666666667,0,0
"BE1.Koch34Ye",433.698586466165,"BE1-Koch34Ye",0.0178333333333333,0,0
"BE1.Koch34Ye",434.379466165414,"BE1-Koch34Ye",0.0195,0,0
"BE1.Koch34Ye",435.060345864662,"BE1-Koch34Ye",0.0218333333333333,0,0
"BE1.Koch34Ye",435.74122556391,"BE1-Koch34Ye",0.0238333333333333,0,0
"BE1.Koch34Ye",436.422105263158,"BE1-Koch34Ye",0.027,0,0
"BE1.Koch34Ye",437.102984962406,"BE1-Koch34Ye",0.0293333333333333,0,0
"BE1.Koch34Ye",437.783864661654,"BE1-Koch34Ye",0.0325,0,0
"BE1.Koch34Ye",438.464744360902,"BE1-Koch34Ye",0.037,0,0
"BE1.Koch34Ye",439.14562406015,"BE1-Koch34Ye",0.0433333333333333,0,0
"BE1.Koch34Ye",439.826503759399,"BE1-Koch34Ye",0.0495,0,0
"BE1.Koch34Ye",440.507383458647,"BE1-Koch34Ye",0.0543333333333333,0,1
"BE1.Koch34Ye",441.188263157895,"BE1-Koch34Ye",0.0591666666666667,0,1
"BE1.Koch34Ye",441.869142857143,"BE1-Koch34Ye",0.0666666666666667,0,1
"BE1.Koch34Ye",442.550022556391,"BE1-Koch34Ye",0.0741666666666667,0,1
"BE1.Koch34Ye",443.230902255639,"BE1-Koch34Ye",0.0828333333333333,0,1
"BE1.Koch34Ye",443.911781954887,"BE1-Koch34Ye",0.0911666666666667,0,1
"BE1.Koch34Ye",444.592661654135,"BE1-Koch34Ye",0.0995,0,1
"BE1.Koch34Ye",445.273541353384,"BE1-Koch34Ye",0.108333333333333,0,1
"BE1.Koch34Ye",445.954421052632,"BE1-Koch34Ye",0.116,0,1
"BE1.Koch34Ye",446.63530075188,"BE1-Koch34Ye",0.1265,0,1
"BE1.Koch34Ye",447.316180451128,"BE1-Koch34Ye",0.136333333333333,0,1
"BE1.Koch34Ye",447.997060150376,"BE1-Koch34Ye",0.144833333333333,0,1
"BE1.Koch34Ye",448.677939849624,"BE1-Koch34Ye",0.1535,0,1
"BE1.Koch34Ye",449.358819548872,"BE1-Koch34Ye",0.1635,0,1
"BE1.Koch34Ye",450.03969924812,"BE1-Koch34Ye",0.170166666666667,0,1
"BE1.Koch34Ye",450.720578947368,"BE1-Koch34Ye",0.177,0,1
"BE1.Koch34Ye",451.401458646617,"BE1-Koch34Ye",0.185166666666667,0,1
"BE1.Koch34Ye",452.082338345865,"BE1-Koch34Ye",0.191833333333333,0,1
"BE1.Koch34Ye",452.763218045113,"BE1-Koch34Ye",0.1995,0,1
"BE1.Koch34Ye",453.444097744361,"BE1-Koch34Ye",0.2065,0,1
"BE1.Koch34Ye",454.124977443609,"BE1-Koch34Ye",0.213333333333333,0,1
"BE1.Koch34Ye",454.805857142857,"BE1-Koch34Ye",0.220166666666667,0,1
"BE1.Koch34Ye",455.486736842105,"BE1-Koch34Ye",0.228333333333333,0,1
"BE1.Koch34Ye",456.167616541353,"BE1-Koch34Ye",0.234666666666667,0,1
"BE1.Koch34Ye",456.848496240602,"BE1-Koch34Ye",0.240166666666667,0,1
"BE1.Koch34Ye",457.52937593985,"BE1-Koch34Ye",0.247166666666667,0,1
"BE1.Koch34Ye",458.210255639098,"BE1-Koch34Ye",0.252,0,1
"BE1.Koch34Ye",458.891135338346,"BE1-Koch34Ye",0.258166666666667,0,1
"BE1.Koch34Ye",459.572015037594,"BE1-Koch34Ye",0.263333333333333,0,1
"BE1.Koch34Ye",460.252894736842,"BE1-Koch34Ye",0.269166666666667,0,1
"BE1.Koch34Ye",460.93377443609,"BE1-Koch34Ye",0.276166666666667,0,1
"BE1.Koch34Ye",461.614654135338,"BE1-Koch34Ye",0.279166666666667,0,1
"BE1.Koch34Ye",462.295533834586,"BE1-Koch34Ye",0.2855,0,1
"BE1.Koch34Ye",462.976413533835,"BE1-Koch34Ye",0.291166666666667,0,1
"BE1.Koch34Ye",463.657293233083,"BE1-Koch34Ye",0.295333333333333,0,1
"BE1.Koch34Ye",464.338172932331,"BE1-Koch34Ye",0.300166666666667,0,1
"BE1.Koch34Ye",465.019052631579,"BE1-Koch34Ye",0.3025,0,1
"BE1.Koch34Ye",465.699932330827,"BE1-Koch34Ye",0.306,0,1
"BE1.Koch34Ye",466.380812030075,"BE1-Koch34Ye",0.308333333333333,0,1
"BE1.Koch34Ye",467.061691729323,"BE1-Koch34Ye",0.311,0,1
"BE1.Koch34Ye",467.742571428571,"BE1-Koch34Ye",0.313333333333333,0,1
"BE1.Koch34Ye",468.42345112782,"BE1-Koch34Ye",0.3155,0,1
"BE1.Koch34Ye",469.104330827068,"BE1-Koch34Ye",0.316833333333333,0,1
"BE1.Koch34Ye",469.785210526316,"BE1-Koch34Ye",0.318333333333333,0,1
"BE1.Koch34Ye",470.466090225564,"BE1-Koch34Ye",0.321,0,1
"BE1.Koch34Ye",471.146969924812,"BE1-Koch34Ye",0.322166666666667,0,1
"BE1.Koch34Ye",471.82784962406,"BE1-Koch34Ye",0.324166666666667,0,1
"BE1.Koch34Ye",472.508729323308,"BE1-Koch34Ye",0.326666666666667,0,1
"BE1.Koch34Ye",473.189609022556,"BE1-Koch34Ye",0.328166666666667,0,1
"BE1.Koch34Ye",473.870488721805,"BE1-Koch34Ye",0.330833333333333,0,1
"BE1.Koch34Ye",474.551368421053,"BE1-Koch34Ye",0.334333333333333,0,1
"BE1.Koch34Ye",475.232248120301,"BE1-Koch34Ye",0.337666666666667,0,1
"BE1.Koch34Ye",475.913127819549,"BE1-Koch34Ye",0.340333333333333,0,1
"BE1.Koch34Ye",476.594007518797,"BE1-Koch34Ye",0.3435,0,1
"BE1.Koch34Ye",477.274887218045,"BE1-Koch34Ye",0.348,0,1
"BE1.Koch34Ye",477.955766917293,"BE1-Koch34Ye",0.3535,0,1
"BE1.Koch34Ye",478.636646616541,"BE1-Koch34Ye",0.359666666666667,0,1
"BE1.Koch34Ye",479.31752631579,"BE1-Koch34Ye",0.365833333333333,0,1
"BE1.Koch34Ye",479.998406015038,"BE1-Koch34Ye",0.3735,0,1
"BE1.Koch34Ye",480.679285714286,"BE1-Koch34Ye",0.382833333333333,0,1
"BE1.Koch34Ye",481.360165413534,"BE1-Koch34Ye",0.3945,0,1
"BE1.Koch34Ye",482.041045112782,"BE1-Koch34Ye",0.405666666666667,0,1
"BE1.Koch34Ye",482.72192481203,"BE1-Koch34Ye",0.4155,0,1
"BE1.Koch34Ye",483.402804511278,"BE1-Koch34Ye",0.427666666666667,0,1
"BE1.Koch34Ye",484.083684210526,"BE1-Koch34Ye",0.4375,0,1
"BE1.Koch34Ye",484.764563909774,"BE1-Koch34Ye",0.449833333333333,0,2
"BE1.Koch34Ye",485.445443609023,"BE1-Koch34Ye",0.461666666666667,0,2
"BE1.Koch34Ye",486.126323308271,"BE1-Koch34Ye",0.477333333333333,0,2
"BE1.Koch34Ye",486.807203007519,"BE1-Koch34Ye",0.487833333333333,0,2
"BE1.Koch34Ye",487.488082706767,"BE1-Koch34Ye",0.500333333333333,0,2
"BE1.Koch34Ye",488.168962406015,"BE1-Koch34Ye",0.509833333333333,0,2
"BE1.Koch34Ye",488.849842105263,"BE1-Koch34Ye",0.524166666666667,0,2
"BE1.Koch34Ye",489.530721804511,"BE1-Koch34Ye",0.535166666666667,0,2
"BE1.Koch34Ye",490.211601503759,"BE1-Koch34Ye",0.547833333333333,0,2
"BE1.Koch34Ye",490.892481203008,"BE1-Koch34Ye",0.562,0,2
"BE1.Koch34Ye",491.573360902256,"BE1-Koch34Ye",0.573833333333333,0,2
"BE1.Koch34Ye",492.254240601504,"BE1-Koch34Ye",0.5835,0,2
"BE1.Koch34Ye",492.935120300752,"BE1-Koch34Ye",0.594,0,2
"BE1.Koch34Ye",493.616,"BE1-Koch34Ye",0.601666666666667,0,2
"BE1.Koch34Ye",494.296879699248,"BE1-Koch34Ye",0.609,0,2
"BE1.Koch34Ye",494.977759398496,"BE1-Koch34Ye",0.617166666666667,0,2
"BE1.Koch34Ye",495.658639097744,"BE1-Koch34Ye",0.624,0,2
"BE1.Koch34Ye",496.339518796992,"BE1-Koch34Ye",0.631666666666667,0,2
"BE1.Koch34Ye",497.020398496241,"BE1-Koch34Ye",0.639,0,2
"BE1.Koch34Ye",497.701278195489,"BE1-Koch34Ye",0.6455,0,2
"BE1.Koch34Ye",498.382157894737,"BE1-Koch34Ye",0.650833333333333,0,2
"BE1.Koch34Ye",499.063037593985,"BE1-Koch34Ye",0.655333333333333,0,2
"BE1.Koch34Ye",499.743917293233,"BE1-Koch34Ye",0.6585,0,2
"BE1.Koch34Ye",500.424796992481,"BE1-Koch34Ye",0.661666666666667,0,2
"BE1.Koch34Ye",501.105676691729,"BE1-Koch34Ye",0.665,0,2
"BE1.Koch34Ye",501.786556390977,"BE1-Koch34Ye",0.668833333333333,0,2
"BE1.Koch34Ye",502.467436090226,"BE1-Koch34Ye",0.673,0,2
"BE1.Koch34Ye",503.148315789474,"BE1-Koch34Ye",0.676,0,2
"BE1.Koch34Ye",503.829195488722,"BE1-Koch34Ye",0.6795,0,2
"BE1.Koch34Ye",504.51007518797,"BE1-Koch34Ye",0.682,0,2
"BE1.Koch34Ye",505.190954887218,"BE1-Koch34Ye",0.684333333333333,0,2
"BE1.Koch34Ye",505.871834586466,"BE1-Koch34Ye",0.687333333333333,0,2
"BE1.Koch34Ye",506.552714285714,"BE1-Koch34Ye",0.690666666666667,0,2
"BE1.Koch34Ye",507.233593984962,"BE1-Koch34Ye",0.693,0,2
"BE1.Koch34Ye",507.914473684211,"BE1-Koch34Ye",0.695833333333333,0,2
"BE1.Koch34Ye",508.595353383459,"BE1-Koch34Ye",0.698333333333333,0,2
"BE1.Koch34Ye",509.276233082707,"BE1-Koch34Ye",0.700833333333333,0,2
"BE1.Koch34Ye",509.957112781955,"BE1-Koch34Ye",0.7055,0,2
"BE1.Koch34Ye",510.637992481203,"BE1-Koch34Ye",0.711166666666667,0,2
"BE1.Koch34Ye",511.318872180451,"BE1-Koch34Ye",0.719,0,2
"BE1.Koch34Ye",511.999751879699,"BE1-Koch34Ye",0.727,0,2
"BE1.Koch34Ye",512.680631578947,"BE1-Koch34Ye",0.734166666666667,0,2
"BE1.Koch34Ye",513.361511278196,"BE1-Koch34Ye",0.739666666666667,0,2
"BE1.Koch34Ye",514.042390977444,"BE1-Koch34Ye",0.749166666666667,0,2
"BE1.Koch34Ye",514.723270676692,"BE1-Koch34Ye",0.758166666666667,0,2
"BE1.Koch34Ye",515.40415037594,"BE1-Koch34Ye",0.766166666666667,0,2
"BE1.Koch34Ye",516.085030075188,"BE1-Koch34Ye",0.774666666666667,0,2
"BE1.Koch34Ye",516.765909774436,"BE1-Koch34Ye",0.782,0,2
"BE1.Koch34Ye",517.446789473684,"BE1-Koch34Ye",0.787666666666667,0,2
"BE1.Koch34Ye",518.127669172932,"BE1-Koch34Ye",0.792666666666667,0,2
"BE1.Koch34Ye",518.80854887218,"BE1-Koch34Ye",0.797833333333333,0,2
"BE1.Koch34Ye",519.489428571429,"BE1-Koch34Ye",0.803333333333333,0,2
"BE1.Koch34Ye",520.170308270677,"BE1-Koch34Ye",0.8095,0,2
"BE1.Koch34Ye",520.851187969925,"BE1-Koch34Ye",0.8135,0,2
"BE1.Koch34Ye",521.532067669173,"BE1-Koch34Ye",0.817833333333333,0,2
"BE1.Koch34Ye",522.212947368421,"BE1-Koch34Ye",0.822333333333333,0,2
"BE1.Koch34Ye",522.893827067669,"BE1-Koch34Ye",0.827333333333333,0,2
"BE1.Koch34Ye",523.574706766917,"BE1-Koch34Ye",0.8295,0,2
"BE1.Koch34Ye",524.255586466165,"BE1-Koch34Ye",0.832666666666667,0,2
"BE1.Koch34Ye",524.936466165414,"BE1-Koch34Ye",0.835833333333333,0,2
"BE1.Koch34Ye",525.617345864662,"BE1-Koch34Ye",0.84,0,2
"BE1.Koch34Ye",526.29822556391,"BE1-Koch34Ye",0.846166666666667,0,2
"BE1.Koch34Ye",526.979105263158,"BE1-Koch34Ye",0.851166666666667,0,2
"BE1.Koch34Ye",527.659984962406,"BE1-Koch34Ye",0.855666666666667,0,2
"BE1.Koch34Ye",528.340864661654,"BE1-Koch34Ye",0.862,0,2
"BE1.Koch34Ye",529.021744360902,"BE1-Koch34Ye",0.8695,0,2
"BE1.Koch34Ye",529.70262406015,"BE1-Koch34Ye",0.8765,0,2
"BE1.Koch34Ye",530.383503759399,"BE1-Koch34Ye",0.883666666666667,0,2
"BE1.Koch34Ye",531.064383458647,"BE1-Koch34Ye",0.890166666666667,0,2
"BE1.Koch34Ye",531.745263157895,"BE1-Koch34Ye",0.898166666666667,0,2
"BE1.Koch34Ye",532.426142857143,"BE1-Koch34Ye",0.9085,0,2
"BE1.Koch34Ye",533.107022556391,"BE1-Koch34Ye",0.9195,0,2
"BE1.Koch34Ye",533.787902255639,"BE1-Koch34Ye",0.932333333333333,0,2
"BE1.Koch34Ye",534.468781954887,"BE1-Koch34Ye",0.945333333333333,0,2
"BE1.Koch34Ye",535.149661654135,"BE1-Koch34Ye",0.960833333333333,0,2
"BE1.Koch34Ye",535.830541353384,"BE1-Koch34Ye",0.975,0,2
"BE1.Koch34Ye",536.511421052632,"BE1-Koch34Ye",0.992333333333333,0,2
"BE1.Koch34Ye",537.19230075188,"BE1-Koch34Ye",1.01066666666667,0,2
"BE1.Koch34Ye",537.873180451128,"BE1-Koch34Ye",1.03,0,2
"BE1.Koch34Ye",538.554060150376,"BE1-Koch34Ye",1.0565,0,2
"BE1.Koch34Ye",539.234939849624,"BE1-Koch34Ye",1.0845,0,2
"BE1.Koch34Ye",539.915819548872,"BE1-Koch34Ye",1.11566666666667,0,3
"BE1.Koch34Ye",540.59669924812,"BE1-Koch34Ye",1.15266666666667,0,3
"BE1.Koch34Ye",541.277578947369,"BE1-Koch34Ye",1.1905,0,3
"BE1.Koch34Ye",541.958458646617,"BE1-Koch34Ye",1.22733333333333,0,3
"BE1.Koch34Ye",542.639338345865,"BE1-Koch34Ye",1.27616666666667,0,3
"BE1.Koch34Ye",543.320218045113,"BE1-Koch34Ye",1.32066666666667,0,3
"BE1.Koch34Ye",544.001097744361,"BE1-Koch34Ye",1.367,0,3
"BE1.Koch34Ye",544.681977443609,"BE1-Koch34Ye",1.4155,0,3
"BE1.Koch34Ye",545.362857142857,"BE1-Koch34Ye",1.4685,0,3
"BE1.Koch34Ye",546.043736842105,"BE1-Koch34Ye",1.52216666666667,0,3
"BE1.Koch34Ye",546.724616541353,"BE1-Koch34Ye",1.58,0,3
"BE1.Koch34Ye",547.405496240602,"BE1-Koch34Ye",1.6405,0,3
"BE1.Koch34Ye",548.08637593985,"BE1-Koch34Ye",1.6945,0,3
"BE1.Koch34Ye",548.767255639098,"BE1-Koch34Ye",1.74816666666667,0,3
"BE1.Koch34Ye",549.448135338346,"BE1-Koch34Ye",1.80216666666667,0,3
"BE1.Koch34Ye",550.129015037594,"BE1-Koch34Ye",1.85533333333333,0,3
"BE1.Koch34Ye",550.809894736842,"BE1-Koch34Ye",1.9175,0,3
"BE1.Koch34Ye",551.49077443609,"BE1-Koch34Ye",1.978,0,3
"BE1.Koch34Ye",552.171654135338,"BE1-Koch34Ye",2.03866666666667,0,3
"BE1.Koch34Ye",552.852533834586,"BE1-Koch34Ye",2.09983333333333,1,4
"BE1.Koch34Ye",553.533413533835,"BE1-Koch34Ye",2.15783333333333,1,4
"BE1.Koch34Ye",554.214293233083,"BE1-Koch34Ye",2.2175,1,4
"BE1.Koch34Ye",554.895172932331,"BE1-Koch34Ye",2.27483333333333,1,4
"BE1.Koch34Ye",555.576052631579,"BE1-Koch34Ye",2.33516666666667,1,4
"BE1.Koch34Ye",556.256932330827,"BE1-Koch34Ye",2.39416666666667,1,4
"BE1.Koch34Ye",556.937812030075,"BE1-Koch34Ye",2.45083333333333,1,4
"BE1.Koch34Ye",557.618691729323,"BE1-Koch34Ye",2.51083333333333,1,4
"BE1.Koch34Ye",558.299571428571,"BE1-Koch34Ye",2.575,1,4
"BE1.Koch34Ye",558.98045112782,"BE1-Koch34Ye",2.63383333333333,1,4
"BE1.Koch34Ye",559.661330827068,"BE1-Koch34Ye",2.69666666666667,1,4
"BE1.Koch34Ye",560.342210526316,"BE1-Koch34Ye",2.75766666666667,1,4
"BE1.Koch34Ye",561.023090225564,"BE1-Koch34Ye",2.81366666666667,1,4
"BE1.Koch34Ye",561.703969924812,"BE1-Koch34Ye",2.87283333333333,1,4
"BE1.Koch34Ye",562.38484962406,"BE1-Koch34Ye",2.93216666666667,1,4
"BE1.Koch34Ye",563.065729323308,"BE1-Koch34Ye",2.99116666666667,1,4
"BE1.Koch34Ye",563.746609022556,"BE1-Koch34Ye",3.0435,1,4
"BE1.Koch34Ye",564.427488721805,"BE1-Koch34Ye",3.102,1,4
"BE1.Koch34Ye",565.108368421053,"BE1-Koch34Ye",3.16133333333333,2,5
"BE1.Koch34Ye",565.789248120301,"BE1-Koch34Ye",3.21833333333333,2,5
"BE1.Koch34Ye",566.470127819549,"BE1-Koch34Ye",3.274,2,5
"BE1.Koch34Ye",567.151007518797,"BE1-Koch34Ye",3.3315,2,5
"BE1.Koch34Ye",567.831887218045,"BE1-Koch34Ye",3.384,2,5
"BE1.Koch34Ye",568.512766917293,"BE1-Koch34Ye",3.43683333333333,2,5
"BE1.Koch34Ye",569.193646616541,"BE1-Koch34Ye",3.4835,2,5
"BE1.Koch34Ye",569.874526315789,"BE1-Koch34Ye",3.53066666666667,2,5
"BE1.Koch34Ye",570.555406015038,"BE1-Koch34Ye",3.58566666666667,2,5
"BE1.Koch34Ye",571.236285714286,"BE1-Koch34Ye",3.63733333333333,2,5
"BE1.Koch34Ye",571.917165413534,"BE1-Koch34Ye",3.687,2,5
"BE1.Koch34Ye",572.598045112782,"BE1-Koch34Ye",3.7355,2,5
"BE1.Koch34Ye",573.27892481203,"BE1-Koch34Ye",3.78666666666667,2,5
"BE1.Koch34Ye",573.959804511278,"BE1-Koch34Ye",3.83333333333333,2,5
"BE1.Koch34Ye",574.640684210526,"BE1-Koch34Ye",3.8815,2,5
"BE1.Koch34Ye",575.321563909774,"BE1-Koch34Ye",3.9305,2,5
"BE1.Koch34Ye",576.002443609023,"BE1-Koch34Ye",3.97383333333333,2,5
"BE1.Koch34Ye",576.683323308271,"BE1-Koch34Ye",4.01866666666667,2,5
"BE1.Koch34Ye",577.364203007519,"BE1-Koch34Ye",4.0645,2,5
"BE1.Koch34Ye",578.045082706767,"BE1-Koch34Ye",4.11566666666667,2,5
"BE1.Koch34Ye",578.725962406015,"BE1-Koch34Ye",4.16216666666667,3,6
"BE1.Koch34Ye",579.406842105263,"BE1-Koch34Ye",4.21283333333333,3,6
"BE1.Koch34Ye",580.087721804511,"BE1-Koch34Ye",4.26,3,6
"BE1.Koch34Ye",580.768601503759,"BE1-Koch34Ye",4.30116666666667,3,6
"BE1.Koch34Ye",581.449481203008,"BE1-Koch34Ye",4.34566666666667,3,6
"BE1.Koch34Ye",582.130360902256,"BE1-Koch34Ye",4.39383333333333,3,6
"BE1.Koch34Ye",582.811240601504,"BE1-Koch34Ye",4.43733333333333,3,6
"BE1.Koch34Ye",583.492120300752,"BE1-Koch34Ye",4.47933333333333,3,6
"BE1.Koch34Ye",584.173,"BE1-Koch34Ye",4.52516666666667,3,6
"BE1.Koch34Ye",584.853879699248,"BE1-Koch34Ye",4.57533333333333,3,6
"BE1.Koch34Ye",585.534759398496,"BE1-Koch34Ye",4.6215,3,6
"BE1.Koch34Ye",586.215639097744,"BE1-Koch34Ye",4.6685,3,6
"BE1.Koch34Ye",586.896518796992,"BE1-Koch34Ye",4.7225,3,6
"BE1.Koch34Ye",587.577398496241,"BE1-Koch34Ye",4.76833333333333,3,6
"BE1.Koch34Ye",588.258278195489,"BE1-Koch34Ye",4.814,3,6
"BE1.Koch34Ye",588.939157894737,"BE1-Koch34Ye",4.8575,3,6
"BE1.Koch34Ye",589.620037593985,"BE1-Koch34Ye",4.89966666666667,3,6
"BE1.Koch34Ye",590.300917293233,"BE1-Koch34Ye",4.94683333333333,3,6
"BE1.Koch34Ye",590.981796992481,"BE1-Koch34Ye",4.98983333333333,3,6
"BE1.Koch34Ye",591.662676691729,"BE1-Koch34Ye",5.04,4,6
"BE1.Koch34Ye",592.343556390977,"BE1-Koch34Ye",5.0865,4,6
"BE1.Koch34Ye",593.024436090226,"BE1-Koch34Ye",5.13116666666667,4,6
"BE1.Koch34Ye",593.705315789474,"BE1-Koch34Ye",5.18166666666667,3,6
"BE1.Koch34Ye",594.386195488722,"BE1-Koch34Ye",5.22616666666667,3,6
"BE1.Koch34Ye",595.06707518797,"BE1-Koch34Ye",5.274,3,6
"BE1.Koch34Ye",595.747954887218,"BE1-Koch34Ye",5.31916666666667,3,6
"BE1.Koch34Ye",596.428834586466,"BE1-Koch34Ye",5.363,4,7
"BE1.Koch34Ye",597.109714285714,"BE1-Koch34Ye",5.41066666666667,4,7
"BE1.Koch34Ye",597.790593984962,"BE1-Koch34Ye",5.4535,4,7
"BE1.Koch34Ye",598.471473684211,"BE1-Koch34Ye",5.4955,4,7
"BE1.Koch34Ye",599.152353383459,"BE1-Koch34Ye",5.54,4,7
"BE1.Koch34Ye",599.833233082707,"BE1-Koch34Ye",5.583,4,7
"BE1.Koch34Ye",600.514112781955,"BE1-Koch34Ye",5.62016666666667,4,7
"BE1.Koch34Ye",601.194992481203,"BE1-Koch34Ye",5.65933333333333,4,7
"BE1.Koch34Ye",601.875872180451,"BE1-Koch34Ye",5.69816666666667,4,7
"BE1.Koch34Ye",602.556751879699,"BE1-Koch34Ye",5.737,4,7
"BE1.Koch34Ye",603.237631578947,"BE1-Koch34Ye",5.77266666666667,4,7
"BE1.Koch34Ye",603.918511278196,"BE1-Koch34Ye",5.80716666666667,5,7
"BE1.Koch34Ye",604.599390977444,"BE1-Koch34Ye",5.84016666666667,5,7
"BE1.Koch34Ye",605.280270676692,"BE1-Koch34Ye",5.87483333333333,5,7
"BE1.Koch34Ye",605.96115037594,"BE1-Koch34Ye",5.91066666666667,5,7
"BE1.Koch34Ye",606.642030075188,"BE1-Koch34Ye",5.94283333333333,5,7
"BE1.Koch34Ye",607.322909774436,"BE1-Koch34Ye",5.97666666666667,5,7
"BE1.Koch34Ye",608.003789473684,"BE1-Koch34Ye",6.01283333333333,5,7
"BE1.Koch34Ye",608.684669172932,"BE1-Koch34Ye",6.04466666666667,5,7
"BE1.Koch34Ye",609.365548872181,"BE1-Koch34Ye",6.07616666666667,5,7
"BE1.Koch34Ye",610.046428571429,"BE1-Koch34Ye",6.111,4,7
"BE1.Koch34Ye",610.727308270677,"BE1-Koch34Ye",6.14416666666667,4,7
"BE1.Koch34Ye",611.408187969925,"BE1-Koch34Ye",6.1785,4,7
"BE1.Koch34Ye",612.089067669173,"BE1-Koch34Ye",6.21133333333333,4,7
"BE1.Koch34Ye",612.769947368421,"BE1-Koch34Ye",6.24466666666667,5,8
"BE1.Koch34Ye",613.450827067669,"BE1-Koch34Ye",6.27833333333333,5,8
"BE1.Koch34Ye",614.131706766917,"BE1-Koch34Ye",6.3025,5,8
"BE1.Koch34Ye",614.812586466165,"BE1-Koch34Ye",6.33066666666667,5,8
"BE1.Koch34Ye",615.493466165414,"BE1-Koch34Ye",6.36283333333333,5,8
"BE1.Koch34Ye",616.174345864662,"BE1-Koch34Ye",6.39516666666667,5,8
"BE1.Koch34Ye",616.85522556391,"BE1-Koch34Ye",6.427,5,8
"BE1.Koch34Ye",617.536105263158,"BE1-Koch34Ye",6.4595,5,8
"BE1.Koch34Ye",618.216984962406,"BE1-Koch34Ye",6.48716666666667,5,8
"BE1.Koch34Ye",618.897864661654,"BE1-Koch34Ye",6.52116666666667,5,8
"BE1.Koch34Ye",619.578744360902,"BE1-Koch34Ye",6.552,5,8
"BE1.Koch34Ye",620.25962406015,"BE1-Koch34Ye",6.58533333333333,5,8
"BE1.Koch34Ye",620.940503759399,"BE1-Koch34Ye",6.61416666666667,5,8
"BE1.Koch34Ye",621.621383458647,"BE1-Koch34Ye",6.64683333333333,5,8
"BE1.Koch34Ye",622.302263157895,"BE1-Koch34Ye",6.67816666666667,5,8
"BE1.Koch34Ye",622.983142857143,"BE1-Koch34Ye",6.71116666666667,5,8
"BE1.Koch34Ye",623.664022556391,"BE1-Koch34Ye",6.74166666666667,5,8
"BE1.Koch34Ye",624.344902255639,"BE1-Koch34Ye",6.7715,5,8
"BE1.Koch34Ye",625.025781954887,"BE1-Koch34Ye",6.79733333333333,5,8
"BE1.Koch34Ye",625.706661654135,"BE1-Koch34Ye",6.82933333333333,5,8
"BE1.Koch34Ye",626.387541353384,"BE1-Koch34Ye",6.86266666666667,6,8
"BE1.Koch34Ye",627.068421052632,"BE1-Koch34Ye",6.89416666666667,6,8
"BE1.Koch34Ye",627.74930075188,"BE1-Koch34Ye",6.9265,6,8
"BE1.Koch34Ye",628.430180451128,"BE1-Koch34Ye",6.95833333333333,6,8
"BE1.Koch34Ye",629.111060150376,"BE1-Koch34Ye",6.99266666666667,6,8
"BE1.Koch34Ye",629.791939849624,"BE1-Koch34Ye",7.026,6,8
"BE1.Koch34Ye",630.472819548872,"BE1-Koch34Ye",7.05483333333333,6,8
"BE1.Koch34Ye",631.15369924812,"BE1-Koch34Ye",7.08433333333333,6,8
"BE1.Koch34Ye",631.834578947368,"BE1-Koch34Ye",7.11866666666667,6,8
"BE1.Koch34Ye",632.515458646617,"BE1-Koch34Ye",7.155,6,8
"BE1.Koch34Ye",633.196338345865,"BE1-Koch34Ye",7.1895,6,8
"BE1.Koch34Ye",633.877218045113,"BE1-Koch34Ye",7.222,6,8
"BE1.Koch34Ye",634.558097744361,"BE1-Koch34Ye",7.25566666666667,6,8
"BE1.Koch34Ye",635.238977443609,"BE1-Koch34Ye",7.28866666666667,6,8
"BE1.Koch34Ye",635.919857142857,"BE1-Koch34Ye",7.32633333333333,6,8
"BE1.Koch34Ye",636.600736842105,"BE1-Koch34Ye",7.35433333333333,6,8
"BE1.Koch34Ye",637.281616541353,"BE1-Koch34Ye",7.38933333333333,6,8
"BE1.Koch34Ye",637.962496240601,"BE1-Koch34Ye",7.42083333333333,6,8
"BE1.Koch34Ye",638.64337593985,"BE1-Koch34Ye",7.45733333333333,6,8
"BE1.Koch34Ye",639.324255639098,"BE1-Koch34Ye",7.48566666666667,7,8
"BE1.Koch34Ye",640.005135338346,"BE1-Koch34Ye",7.51866666666667,7,8
"BE1.Koch34Ye",640.686015037594,"BE1-Koch34Ye",7.5485,7,8
"BE1.Koch34Ye",641.366894736842,"BE1-Koch34Ye",7.582,7,8
"BE1.Koch34Ye",642.04777443609,"BE1-Koch34Ye",7.61333333333333,7,8
"BE1.Koch34Ye",642.728654135338,"BE1-Koch34Ye",7.64466666666667,7,8
"BE1.Koch34Ye",643.409533834586,"BE1-Koch34Ye",7.67733333333333,7,8
"BE1.Koch34Ye",644.090413533835,"BE1-Koch34Ye",7.7105,7,8
"BE1.Koch34Ye",644.771293233083,"BE1-Koch34Ye",7.73633333333333,7,8
"BE1.Koch34Ye",645.452172932331,"BE1-Koch34Ye",7.7645,7,8
"BE1.Koch34Ye",646.133052631579,"BE1-Koch34Ye",7.793,7,8
"BE1.Koch34Ye",646.813932330827,"BE1-Koch34Ye",7.821,7,8
"BE1.Koch34Ye",647.494812030075,"BE1-Koch34Ye",7.84466666666667,7,8
"BE1.Koch34Ye",648.175691729323,"BE1-Koch34Ye",7.86816666666667,7,8
"BE1.Koch34Ye",648.856571428571,"BE1-Koch34Ye",7.88783333333333,7,8
"BE1.Koch34Ye",649.53745112782,"BE1-Koch34Ye",7.90616666666667,7,8
"BE1.Koch34Ye",650.218330827068,"BE1-Koch34Ye",7.92283333333333,7,8
"BE1.Koch34Ye",650.899210526316,"BE1-Koch34Ye",7.939,7,8
"BE1.Koch34Ye",651.580090225564,"BE1-Koch34Ye",7.94883333333333,7,8
"BE1.Koch34Ye",652.260969924812,"BE1-Koch34Ye",7.9595,8,8
"BE1.Koch34Ye",652.94184962406,"BE1-Koch34Ye",7.96766666666667,8,8
"BE1.Koch34Ye",653.622729323308,"BE1-Koch34Ye",7.9735,8,8
"BE1.Koch34Ye",654.303609022556,"BE1-Koch34Ye",7.978,8,8
"BE1.Koch34Ye",654.984488721805,"BE1-Koch34Ye",7.98216666666667,8,8
"BE1.Koch34Ye",655.665368421053,"BE1-Koch34Ye",7.9865,8,8
"BE1.Koch34Ye",656.346248120301,"BE1-Koch34Ye",7.99,8,8
"BE1.Koch34Ye",657.027127819549,"BE1-Koch34Ye",7.9925,8,8
"BE1.Koch34Ye",657.708007518797,"BE1-Koch34Ye",7.99433333333333,8,8
"BE1.Koch34Ye",658.388887218045,"BE1-Koch34Ye",7.996,8,8
"BE1.Koch34Ye",659.069766917293,"BE1-Koch34Ye",7.997,8,8
"BE1.Koch34Ye",659.750646616541,"BE1-Koch34Ye",7.9975,8,8
"BE1.Koch34Ye",660.431526315789,"BE1-Koch34Ye",7.99766666666667,8,8
"BE1.Koch34Ye",661.112406015038,"BE1-Koch34Ye",7.998,8,8
"BE1.Koch34Ye",661.793285714286,"BE1-Koch34Ye",7.99816666666667,8,8
"BE1.Koch34Ye",662.474165413534,"BE1-Koch34Ye",7.99816666666667,8,8
"BE1.Koch34Ye",663.155045112782,"BE1-Koch34Ye",7.9985,8,8
"BE1.Koch34Ye",663.83592481203,"BE1-Koch34Ye",7.99883333333333,8,8
"BE1.Koch34Ye",664.516804511278,"BE1-Koch34Ye",7.99883333333333,8,8
"BE1.Koch34Ye",665.197684210526,"BE1-Koch34Ye",7.99883333333333,8,8
"BE1.Koch34Ye",665.878563909774,"BE1-Koch34Ye",7.99916666666667,8,8
"BE1.Koch34Ye",666.559443609023,"BE1-Koch34Ye",7.99916666666667,8,8
"BE1.Koch34Ye",667.240323308271,"BE1-Koch34Ye",7.99933333333333,8,8
"BE1.Koch34Ye",667.921203007519,"BE1-Koch34Ye",7.99933333333333,8,8
"BE1.Koch34Ye",668.602082706767,"BE1-Koch34Ye",7.9995,8,8
"BE1.Koch34Ye",669.282962406015,"BE1-Koch34Ye",7.99966666666667,8,8
"BE1.Koch34Ye",669.963842105263,"BE1-Koch34Ye",7.99966666666667,8,8
"BE1.Koch34Ye",670.644721804511,"BE1-Koch34Ye",7.99966666666667,8,8
"BE1.Koch34Ye",671.325601503759,"BE1-Koch34Ye",7.99966666666667,8,8
"BE1.Koch34Ye",672.006481203008,"BE1-Koch34Ye",7.99966666666667,8,8
"BE1.Koch34Ye",672.687360902256,"BE1-Koch34Ye",7.99966666666667,8,8
"BE1.Koch34Ye",673.368240601504,"BE1-Koch34Ye",7.99983333333333,8,8
"BE1.Koch34Ye",674.049120300752,"BE1-Koch34Ye",7.99983333333333,8,8
"BE1.Koch34Ye",674.73,"BE1-Koch34Ye",8,8,8
"BE1.DotReg",409.905,"BE1-DotReg",0.000166666666666667,0,0
"BE1.DotReg",411.38418875502,"BE1-DotReg",0.000166666666666667,0,0
"BE1.DotReg",412.86337751004,"BE1-DotReg",5e-04,0,0
"BE1.DotReg",414.34256626506,"BE1-DotReg",5e-04,0,0
"BE1.DotReg",415.82175502008,"BE1-DotReg",0.000666666666666667,0,0
"BE1.DotReg",417.3009437751,"BE1-DotReg",0.000833333333333333,0,0
"BE1.DotReg",418.78013253012,"BE1-DotReg",0.001,0,0
"BE1.DotReg",420.259321285141,"BE1-DotReg",0.00166666666666667,0,0
"BE1.DotReg",421.738510040161,"BE1-DotReg",0.003,0,0
"BE1.DotReg",423.217698795181,"BE1-DotReg",0.00383333333333333,0,0
"BE1.DotReg",424.696887550201,"BE1-DotReg",0.0065,0,0
"BE1.DotReg",426.176076305221,"BE1-DotReg",0.00766666666666667,0,0
"BE1.DotReg",427.655265060241,"BE1-DotReg",0.00866666666666667,0,0
"BE1.DotReg",429.134453815261,"BE1-DotReg",0.0105,0,0
"BE1.DotReg",430.613642570281,"BE1-DotReg",0.014,0,0
"BE1.DotReg",432.092831325301,"BE1-DotReg",0.0176666666666667,0,0
"BE1.DotReg",433.572020080321,"BE1-DotReg",0.0236666666666667,0,0
"BE1.DotReg",435.051208835341,"BE1-DotReg",0.0291666666666667,0,0
"BE1.DotReg",436.530397590361,"BE1-DotReg",0.0371666666666667,0,0
"BE1.DotReg",438.009586345381,"BE1-DotReg",0.0456666666666667,0,0
"BE1.DotReg",439.488775100402,"BE1-DotReg",0.0575,0,1
"BE1.DotReg",440.967963855422,"BE1-DotReg",0.071,0,1
"BE1.DotReg",442.447152610442,"BE1-DotReg",0.086,0,1
"BE1.DotReg",443.926341365462,"BE1-DotReg",0.0993333333333333,0,1
"BE1.DotReg",445.405530120482,"BE1-DotReg",0.116666666666667,0,1
"BE1.DotReg",446.884718875502,"BE1-DotReg",0.133333333333333,0,1
"BE1.DotReg",448.363907630522,"BE1-DotReg",0.149166666666667,0,1
"BE1.DotReg",449.843096385542,"BE1-DotReg",0.164166666666667,0,1
"BE1.DotReg",451.322285140562,"BE1-DotReg",0.18,0,1
"BE1.DotReg",452.801473895582,"BE1-DotReg",0.194333333333333,0,1
"BE1.DotReg",454.280662650602,"BE1-DotReg",0.207666666666667,0,1
"BE1.DotReg",455.759851405622,"BE1-DotReg",0.222333333333333,0,1
"BE1.DotReg",457.239040160643,"BE1-DotReg",0.235,0,1
"BE1.DotReg",458.718228915663,"BE1-DotReg",0.248666666666667,0,1
"BE1.DotReg",460.197417670683,"BE1-DotReg",0.264166666666667,0,1
"BE1.DotReg",461.676606425703,"BE1-DotReg",0.276333333333333,0,1
"BE1.DotReg",463.155795180723,"BE1-DotReg",0.2865,0,1
"BE1.DotReg",464.634983935743,"BE1-DotReg",0.294666666666667,0,1
"BE1.DotReg",466.114172690763,"BE1-DotReg",0.303833333333333,0,1
"BE1.DotReg",467.593361445783,"BE1-DotReg",0.3125,0,1
"BE1.DotReg",469.072550200803,"BE1-DotReg",0.317166666666667,0,1
"BE1.DotReg",470.551738955823,"BE1-DotReg",0.3235,0,1
"BE1.DotReg",472.030927710843,"BE1-DotReg",0.329166666666667,0,1
"BE1.DotReg",473.510116465863,"BE1-DotReg",0.335666666666667,0,1
"BE1.DotReg",474.989305220883,"BE1-DotReg",0.342833333333333,0,1
"BE1.DotReg",476.468493975904,"BE1-DotReg",0.3485,0,1
"BE1.DotReg",477.947682730924,"BE1-DotReg",0.355666666666667,0,1
"BE1.DotReg",479.426871485944,"BE1-DotReg",0.370333333333333,0,1
"BE1.DotReg",480.906060240964,"BE1-DotReg",0.385333333333333,0,1
"BE1.DotReg",482.385248995984,"BE1-DotReg",0.401666666666667,0,1
"BE1.DotReg",483.864437751004,"BE1-DotReg",0.418333333333333,0,1
"BE1.DotReg",485.343626506024,"BE1-DotReg",0.435166666666667,0,1
"BE1.DotReg",486.822815261044,"BE1-DotReg",0.454,0,1
"BE1.DotReg",488.302004016064,"BE1-DotReg",0.475833333333333,0,1
"BE1.DotReg",489.781192771084,"BE1-DotReg",0.495333333333333,0,1
"BE1.DotReg",491.260381526104,"BE1-DotReg",0.513,0,1
"BE1.DotReg",492.739570281124,"BE1-DotReg",0.528833333333333,0,1
"BE1.DotReg",494.218759036145,"BE1-DotReg",0.546,0,1
"BE1.DotReg",495.697947791165,"BE1-DotReg",0.559166666666667,0,1
"BE1.DotReg",497.177136546185,"BE1-DotReg",0.573833333333333,0,1
"BE1.DotReg",498.656325301205,"BE1-DotReg",0.585166666666667,0,1
"BE1.DotReg",500.135514056225,"BE1-DotReg",0.594166666666667,0,1
"BE1.DotReg",501.614702811245,"BE1-DotReg",0.603166666666667,0,1
"BE1.DotReg",503.093891566265,"BE1-DotReg",0.611833333333333,0,1
"BE1.DotReg",504.573080321285,"BE1-DotReg",0.617666666666667,0,1
"BE1.DotReg",506.052269076305,"BE1-DotReg",0.626,0,1
"BE1.DotReg",507.531457831325,"BE1-DotReg",0.635666666666667,0,1
"BE1.DotReg",509.010646586345,"BE1-DotReg",0.644333333333333,0,1
"BE1.DotReg",510.489835341365,"BE1-DotReg",0.653833333333333,0,1
"BE1.DotReg",511.969024096386,"BE1-DotReg",0.663333333333333,0,1
"BE1.DotReg",513.448212851406,"BE1-DotReg",0.672166666666667,0,1
"BE1.DotReg",514.927401606426,"BE1-DotReg",0.6825,0,1
"BE1.DotReg",516.406590361446,"BE1-DotReg",0.692,0,1
"BE1.DotReg",517.885779116466,"BE1-DotReg",0.6995,0,1
"BE1.DotReg",519.364967871486,"BE1-DotReg",0.707333333333333,0,1
"BE1.DotReg",520.844156626506,"BE1-DotReg",0.714833333333333,0,1
"BE1.DotReg",522.323345381526,"BE1-DotReg",0.7195,0,1
"BE1.DotReg",523.802534136546,"BE1-DotReg",0.724333333333333,0,1
"BE1.DotReg",525.281722891566,"BE1-DotReg",0.7285,0,1
"BE1.DotReg",526.760911646586,"BE1-DotReg",0.735666666666667,0,1
"BE1.DotReg",528.240100401606,"BE1-DotReg",0.742666666666667,0,2
"BE1.DotReg",529.719289156626,"BE1-DotReg",0.748333333333333,0,2
"BE1.DotReg",531.198477911647,"BE1-DotReg",0.7555,0,2
"BE1.DotReg",532.677666666667,"BE1-DotReg",0.767,0,2
"BE1.DotReg",534.156855421687,"BE1-DotReg",0.778166666666667,0,2
"BE1.DotReg",535.636044176707,"BE1-DotReg",0.791166666666667,0,2
"BE1.DotReg",537.115232931727,"BE1-DotReg",0.807166666666667,0,2
"BE1.DotReg",538.594421686747,"BE1-DotReg",0.825166666666667,0,2
"BE1.DotReg",540.073610441767,"BE1-DotReg",0.848333333333333,0,2
"BE1.DotReg",541.552799196787,"BE1-DotReg",0.872666666666667,0,2
"BE1.DotReg",543.031987951807,"BE1-DotReg",0.9005,0,2
"BE1.DotReg",544.511176706827,"BE1-DotReg",0.930833333333333,0,2
"BE1.DotReg",545.990365461847,"BE1-DotReg",0.965333333333333,0,2
"BE1.DotReg",547.469554216867,"BE1-DotReg",1.00366666666667,0,2
"BE1.DotReg",548.948742971887,"BE1-DotReg",1.04366666666667,0,2
"BE1.DotReg",550.427931726908,"BE1-DotReg",1.089,0,2
"BE1.DotReg",551.907120481928,"BE1-DotReg",1.13766666666667,0,2
"BE1.DotReg",553.386309236948,"BE1-DotReg",1.19166666666667,0,2
"BE1.DotReg",554.865497991968,"BE1-DotReg",1.24933333333333,0,2
"BE1.DotReg",556.344686746988,"BE1-DotReg",1.30883333333333,0,2
"BE1.DotReg",557.823875502008,"BE1-DotReg",1.36816666666667,0,2
"BE1.DotReg",559.303064257028,"BE1-DotReg",1.42816666666667,1,3
"BE1.DotReg",560.782253012048,"BE1-DotReg",1.49633333333333,1,3
"BE1.DotReg",562.261441767068,"BE1-DotReg",1.565,1,3
"BE1.DotReg",563.740630522088,"BE1-DotReg",1.63483333333333,1,3
"BE1.DotReg",565.219819277108,"BE1-DotReg",1.71233333333333,1,3
"BE1.DotReg",566.699008032128,"BE1-DotReg",1.7955,1,3
"BE1.DotReg",568.178196787149,"BE1-DotReg",1.876,1,3
"BE1.DotReg",569.657385542169,"BE1-DotReg",1.96083333333333,1,3
"BE1.DotReg",571.136574297189,"BE1-DotReg",2.04283333333333,1,3
"BE1.DotReg",572.615763052209,"BE1-DotReg",2.1375,1,3
"BE1.DotReg",574.094951807229,"BE1-DotReg",2.22416666666667,1,3
"BE1.DotReg",575.574140562249,"BE1-DotReg",2.31383333333333,1,4
"BE1.DotReg",577.053329317269,"BE1-DotReg",2.39983333333333,1,4
"BE1.DotReg",578.532518072289,"BE1-DotReg",2.488,1,4
"BE1.DotReg",580.011706827309,"BE1-DotReg",2.57083333333333,1,4
"BE1.DotReg",581.490895582329,"BE1-DotReg",2.6515,1,4
"BE1.DotReg",582.970084337349,"BE1-DotReg",2.73683333333333,1,4
"BE1.DotReg",584.449273092369,"BE1-DotReg",2.82283333333333,2,4
"BE1.DotReg",585.928461847389,"BE1-DotReg",2.905,2,4
"BE1.DotReg",587.40765060241,"BE1-DotReg",2.99066666666667,2,4
"BE1.DotReg",588.88683935743,"BE1-DotReg",3.07066666666667,2,4
"BE1.DotReg",590.36602811245,"BE1-DotReg",3.14133333333333,2,4
"BE1.DotReg",591.84521686747,"BE1-DotReg",3.2215,2,4
"BE1.DotReg",593.32440562249,"BE1-DotReg",3.28933333333333,2,4
"BE1.DotReg",594.80359437751,"BE1-DotReg",3.3615,2,4
"BE1.DotReg",596.28278313253,"BE1-DotReg",3.43066666666667,2,4
"BE1.DotReg",597.76197188755,"BE1-DotReg",3.495,3,4
"BE1.DotReg",599.24116064257,"BE1-DotReg",3.5515,3,4
"BE1.DotReg",600.72034939759,"BE1-DotReg",3.60033333333333,3,4
"BE1.DotReg",602.19953815261,"BE1-DotReg",3.64183333333333,3,4
"BE1.DotReg",603.67872690763,"BE1-DotReg",3.67266666666667,3,4
"BE1.DotReg",605.157915662651,"BE1-DotReg",3.695,3,4
"BE1.DotReg",606.637104417671,"BE1-DotReg",3.71483333333333,3,4
"BE1.DotReg",608.116293172691,"BE1-DotReg",3.72766666666667,3,4
"BE1.DotReg",609.595481927711,"BE1-DotReg",3.73833333333333,3,4
"BE1.DotReg",611.074670682731,"BE1-DotReg",3.74583333333333,3,4
"BE1.DotReg",612.553859437751,"BE1-DotReg",3.75416666666667,3,4
"BE1.DotReg",614.033048192771,"BE1-DotReg",3.76066666666667,3,4
"BE1.DotReg",615.512236947791,"BE1-DotReg",3.7675,3,4
"BE1.DotReg",616.991425702811,"BE1-DotReg",3.77433333333333,3,4
"BE1.DotReg",618.470614457831,"BE1-DotReg",3.783,3,4
"BE1.DotReg",619.949803212851,"BE1-DotReg",3.79166666666667,3,4
"BE1.DotReg",621.428991967871,"BE1-DotReg",3.8,3,4
"BE1.DotReg",622.908180722892,"BE1-DotReg",3.81216666666667,3,4
"BE1.DotReg",624.387369477912,"BE1-DotReg",3.82133333333333,3,4
"BE1.DotReg",625.866558232932,"BE1-DotReg",3.8355,3,4
"BE1.DotReg",627.345746987952,"BE1-DotReg",3.85166666666667,3,4
"BE1.DotReg",628.824935742972,"BE1-DotReg",3.87083333333333,3,4
"BE1.DotReg",630.304124497992,"BE1-DotReg",3.89033333333333,3,4
"BE1.DotReg",631.783313253012,"BE1-DotReg",3.90816666666667,3,4
"BE1.DotReg",633.262502008032,"BE1-DotReg",3.92516666666667,3,4
"BE1.DotReg",634.741690763052,"BE1-DotReg",3.94366666666667,3,4
"BE1.DotReg",636.220879518072,"BE1-DotReg",3.95733333333333,4,4
"BE1.DotReg",637.700068273092,"BE1-DotReg",3.96983333333333,4,4
"BE1.DotReg",639.179257028112,"BE1-DotReg",3.979,4,4
"BE1.DotReg",640.658445783132,"BE1-DotReg",3.98483333333333,4,4
"BE1.DotReg",642.137634538152,"BE1-DotReg",3.99116666666667,4,4
"BE1.DotReg",643.616823293173,"BE1-DotReg",3.99366666666667,4,4
"BE1.DotReg",645.096012048193,"BE1-DotReg",3.99483333333333,4,4
"BE1.DotReg",646.575200803213,"BE1-DotReg",3.996,4,4
"BE1.DotReg",648.054389558233,"BE1-DotReg",3.99716666666667,4,4
"BE1.DotReg",649.533578313253,"BE1-DotReg",3.998,4,4
"BE1.DotReg",651.012767068273,"BE1-DotReg",3.99966666666667,4,4
"BE1.DotReg",652.491955823293,"BE1-DotReg",4.00066666666667,4,4
"BE1.DotReg",653.971144578313,"BE1-DotReg",4.00116666666667,4,4
"BE1.DotReg",655.450333333333,"BE1-DotReg",4.00316666666667,4,4
"BE1.DotReg",656.929522088353,"BE1-DotReg",4.006,4,4
"BE1.DotReg",658.408710843373,"BE1-DotReg",4.01183333333333,4,4
"BE1.DotReg",659.887899598393,"BE1-DotReg",4.02133333333333,4,4
"BE1.DotReg",661.367088353414,"BE1-DotReg",4.03716666666667,4,4
"BE1.DotReg",662.846277108434,"BE1-DotReg",4.06083333333333,4,5
"BE1.DotReg",664.325465863454,"BE1-DotReg",4.09633333333333,4,5
"BE1.DotReg",665.804654618474,"BE1-DotReg",4.136,4,5
"BE1.DotReg",667.283843373494,"BE1-DotReg",4.18566666666667,4,5
"BE1.DotReg",668.763032128514,"BE1-DotReg",4.23533333333333,4,5
"BE1.DotReg",670.242220883534,"BE1-DotReg",4.28766666666667,4,5
"BE1.DotReg",671.721409638554,"BE1-DotReg",4.33616666666667,4,5
"BE1.DotReg",673.200598393574,"BE1-DotReg",4.38233333333333,4,5
"BE1.DotReg",674.679787148594,"BE1-DotReg",4.42166666666667,4,5
"BE1.DotReg",676.158975903614,"BE1-DotReg",4.45916666666667,4,5
"BE1.DotReg",677.638164658634,"BE1-DotReg",4.48816666666667,4,5
"BE1.DotReg",679.117353413655,"BE1-DotReg",4.51316666666667,4,5
"BE1.DotReg",680.596542168675,"BE1-DotReg",4.5335,4,5
"BE1.DotReg",682.075730923695,"BE1-DotReg",4.54933333333333,4,5
"BE1.DotReg",683.554919678715,"BE1-DotReg",4.563,4,5
"BE1.DotReg",685.034108433735,"BE1-DotReg",4.57533333333333,4,5
"BE1.DotReg",686.513297188755,"BE1-DotReg",4.583,4,5
"BE1.DotReg",687.992485943775,"BE1-DotReg",4.58733333333333,4,5
"BE1.DotReg",689.471674698795,"BE1-DotReg",4.5925,4,5
"BE1.DotReg",690.950863453815,"BE1-DotReg",4.597,4,5
"BE1.DotReg",692.430052208835,"BE1-DotReg",4.60066666666667,4,5
"BE1.DotReg",693.909240963855,"BE1-DotReg",4.60516666666667,4,5
"BE1.DotReg",695.388429718875,"BE1-DotReg",4.60766666666667,4,5
"BE1.DotReg",696.867618473896,"BE1-DotReg",4.611,4,5
"BE1.DotReg",698.346807228916,"BE1-DotReg",4.61416666666667,4,5
"BE1.DotReg",699.825995983936,"BE1-DotReg",4.61666666666667,4,5
"BE1.DotReg",701.305184738956,"BE1-DotReg",4.62016666666667,4,5
"BE1.DotReg",702.784373493976,"BE1-DotReg",4.6235,4,5
"BE1.DotReg",704.263562248996,"BE1-DotReg",4.62566666666667,4,5
"BE1.DotReg",705.742751004016,"BE1-DotReg",4.6275,4,5
"BE1.DotReg",707.221939759036,"BE1-DotReg",4.6285,4,5
"BE1.DotReg",708.701128514056,"BE1-DotReg",4.629,4,5
"BE1.DotReg",710.180317269076,"BE1-DotReg",4.62916666666667,4,5
"BE1.DotReg",711.659506024096,"BE1-DotReg",4.62983333333333,4,5
"BE1.DotReg",713.138694779116,"BE1-DotReg",4.63,4,5
"BE1.DotReg",714.617883534136,"BE1-DotReg",4.63016666666667,4,5
"BE1.DotReg",716.097072289157,"BE1-DotReg",4.63016666666667,4,5
"BE1.DotReg",717.576261044177,"BE1-DotReg",4.6305,4,5
"BE1.DotReg",719.055449799197,"BE1-DotReg",4.6305,4,5
"BE1.DotReg",720.534638554217,"BE1-DotReg",4.631,4,5
"BE1.DotReg",722.013827309237,"BE1-DotReg",4.63183333333333,4,5
"BE1.DotReg",723.493016064257,"BE1-DotReg",4.63233333333333,4,5
"BE1.DotReg",724.972204819277,"BE1-DotReg",4.63283333333333,4,5
"BE1.DotReg",726.451393574297,"BE1-DotReg",4.63366666666667,4,5
"BE1.DotReg",727.930582329317,"BE1-DotReg",4.63416666666667,4,5
"BE1.DotReg",729.409771084337,"BE1-DotReg",4.6345,4,5
"BE1.DotReg",730.888959839357,"BE1-DotReg",4.63583333333333,4,5
"BE1.DotReg",732.368148594377,"BE1-DotReg",4.63666666666667,4,5
"BE1.DotReg",733.847337349398,"BE1-DotReg",4.63816666666667,4,5
"BE1.DotReg",735.326526104418,"BE1-DotReg",4.6385,4,5
"BE1.DotReg",736.805714859438,"BE1-DotReg",4.63916666666667,4,5
"BE1.DotReg",738.284903614458,"BE1-DotReg",4.6405,4,5
"BE1.DotReg",739.764092369478,"BE1-DotReg",4.6415,4,5
"BE1.DotReg",741.243281124498,"BE1-DotReg",4.64333333333333,4,5
"BE1.DotReg",742.722469879518,"BE1-DotReg",4.64766666666667,4,5
"BE1.DotReg",744.201658634538,"BE1-DotReg",4.65166666666667,4,5
"BE1.DotReg",745.680847389558,"BE1-DotReg",4.66116666666667,4,5
"BE1.DotReg",747.160036144578,"BE1-DotReg",4.67716666666667,4,5
"BE1.DotReg",748.639224899598,"BE1-DotReg",4.6935,4,5
"BE1.DotReg",750.118413654618,"BE1-DotReg",4.71583333333333,4,5
"BE1.DotReg",751.597602409639,"BE1-DotReg",4.739,4,5
"BE1.DotReg",753.076791164659,"BE1-DotReg",4.77366666666667,4,5
"BE1.DotReg",754.555979919679,"BE1-DotReg",4.81066666666667,4,5
"BE1.DotReg",756.035168674699,"BE1-DotReg",4.84883333333333,4,5
"BE1.DotReg",757.514357429719,"BE1-DotReg",4.87866666666667,4,5
"BE1.DotReg",758.993546184739,"BE1-DotReg",4.89783333333333,4,5
"BE1.DotReg",760.472734939759,"BE1-DotReg",4.911,4,5
"BE1.DotReg",761.951923694779,"BE1-DotReg",4.924,4,5
"BE1.DotReg",763.431112449799,"BE1-DotReg",4.93316666666667,4,5
"BE1.DotReg",764.910301204819,"BE1-DotReg",4.944,4,5
"BE1.DotReg",766.389489959839,"BE1-DotReg",4.9525,5,5
"BE1.DotReg",767.868678714859,"BE1-DotReg",4.96183333333333,5,5
"BE1.DotReg",769.347867469879,"BE1-DotReg",4.9745,5,5
"BE1.DotReg",770.827056224899,"BE1-DotReg",4.99,5,5
"BE1.DotReg",772.30624497992,"BE1-DotReg",4.99483333333333,5,5
"BE1.DotReg",773.78543373494,"BE1-DotReg",4.99733333333333,5,5
"BE1.DotReg",775.26462248996,"BE1-DotReg",4.99916666666667,5,5
"BE1.DotReg",776.74381124498,"BE1-DotReg",4.99966666666667,5,5
"BE1.DotReg",778.223,"BE1-DotReg",5,5,5
"BE1.SegGlob",440.839,"BE1-SegGlob",0.000166666666666667,0,0
"BE1.SegGlob",443.060966442953,"BE1-SegGlob",0.000166666666666667,0,0
"BE1.SegGlob",445.282932885906,"BE1-SegGlob",0.000333333333333333,0,0
"BE1.SegGlob",447.504899328859,"BE1-SegGlob",0.000666666666666667,0,0
"BE1.SegGlob",449.726865771812,"BE1-SegGlob",0.001,0,0
"BE1.SegGlob",451.948832214765,"BE1-SegGlob",0.00133333333333333,0,0
"BE1.SegGlob",454.170798657718,"BE1-SegGlob",0.00133333333333333,0,0
"BE1.SegGlob",456.392765100671,"BE1-SegGlob",0.0015,0,0
"BE1.SegGlob",458.614731543624,"BE1-SegGlob",0.00183333333333333,0,0
"BE1.SegGlob",460.836697986577,"BE1-SegGlob",0.002,0,0
"BE1.SegGlob",463.05866442953,"BE1-SegGlob",0.00216666666666667,0,0
"BE1.SegGlob",465.280630872483,"BE1-SegGlob",0.00216666666666667,0,0
"BE1.SegGlob",467.502597315436,"BE1-SegGlob",0.00216666666666667,0,0
"BE1.SegGlob",469.724563758389,"BE1-SegGlob",0.00216666666666667,0,0
"BE1.SegGlob",471.946530201342,"BE1-SegGlob",0.00216666666666667,0,0
"BE1.SegGlob",474.168496644295,"BE1-SegGlob",0.00216666666666667,0,0
"BE1.SegGlob",476.390463087248,"BE1-SegGlob",0.00216666666666667,0,0
"BE1.SegGlob",478.612429530201,"BE1-SegGlob",0.0025,0,0
"BE1.SegGlob",480.834395973154,"BE1-SegGlob",0.00266666666666667,0,0
"BE1.SegGlob",483.056362416107,"BE1-SegGlob",0.003,0,0
"BE1.SegGlob",485.27832885906,"BE1-SegGlob",0.00316666666666667,0,0
"BE1.SegGlob",487.500295302013,"BE1-SegGlob",0.00366666666666667,0,0
"BE1.SegGlob",489.722261744966,"BE1-SegGlob",0.004,0,0
"BE1.SegGlob",491.944228187919,"BE1-SegGlob",0.00416666666666667,0,0
"BE1.SegGlob",494.166194630872,"BE1-SegGlob",0.00433333333333333,0,0
"BE1.SegGlob",496.388161073826,"BE1-SegGlob",0.0045,0,0
"BE1.SegGlob",498.610127516779,"BE1-SegGlob",0.0045,0,0
"BE1.SegGlob",500.832093959732,"BE1-SegGlob",0.00483333333333333,0,0
"BE1.SegGlob",503.054060402685,"BE1-SegGlob",0.00483333333333333,0,0
"BE1.SegGlob",505.276026845638,"BE1-SegGlob",0.00483333333333333,0,0
"BE1.SegGlob",507.497993288591,"BE1-SegGlob",0.00483333333333333,0,0
"BE1.SegGlob",509.719959731544,"BE1-SegGlob",0.0055,0,0
"BE1.SegGlob",511.941926174497,"BE1-SegGlob",0.0161666666666667,0,0
"BE1.SegGlob",514.16389261745,"BE1-SegGlob",0.0286666666666667,0,0
"BE1.SegGlob",516.385859060403,"BE1-SegGlob",0.0436666666666667,0,0
"BE1.SegGlob",518.607825503356,"BE1-SegGlob",0.0538333333333333,0,1
"BE1.SegGlob",520.829791946309,"BE1-SegGlob",0.0623333333333333,0,1
"BE1.SegGlob",523.051758389262,"BE1-SegGlob",0.0685,0,1
"BE1.SegGlob",525.273724832215,"BE1-SegGlob",0.0745,0,1
"BE1.SegGlob",527.495691275168,"BE1-SegGlob",0.0826666666666667,0,1
"BE1.SegGlob",529.717657718121,"BE1-SegGlob",0.093,0,1
"BE1.SegGlob",531.939624161074,"BE1-SegGlob",0.104333333333333,0,1
"BE1.SegGlob",534.161590604027,"BE1-SegGlob",0.125166666666667,0,1
"BE1.SegGlob",536.38355704698,"BE1-SegGlob",0.1505,0,1
"BE1.SegGlob",538.605523489933,"BE1-SegGlob",0.181666666666667,0,1
"BE1.SegGlob",540.827489932886,"BE1-SegGlob",0.234,0,1
"BE1.SegGlob",543.049456375839,"BE1-SegGlob",0.292666666666667,0,1
"BE1.SegGlob",545.271422818792,"BE1-SegGlob",0.358166666666667,0,1
"BE1.SegGlob",547.493389261745,"BE1-SegGlob",0.430833333333333,0,1
"BE1.SegGlob",549.715355704698,"BE1-SegGlob",0.491333333333333,0,1
"BE1.SegGlob",551.937322147651,"BE1-SegGlob",0.559666666666667,0,1
"BE1.SegGlob",554.159288590604,"BE1-SegGlob",0.625333333333333,0,1
"BE1.SegGlob",556.381255033557,"BE1-SegGlob",0.6845,0,1
"BE1.SegGlob",558.60322147651,"BE1-SegGlob",0.746,0,1
"BE1.SegGlob",560.825187919463,"BE1-SegGlob",0.801666666666667,0,1
"BE1.SegGlob",563.047154362416,"BE1-SegGlob",0.8595,0,2
"BE1.SegGlob",565.269120805369,"BE1-SegGlob",0.916666666666667,0,2
"BE1.SegGlob",567.491087248322,"BE1-SegGlob",0.9685,0,2
"BE1.SegGlob",569.713053691275,"BE1-SegGlob",1.01966666666667,0,2
"BE1.SegGlob",571.935020134228,"BE1-SegGlob",1.0735,0,2
"BE1.SegGlob",574.156986577181,"BE1-SegGlob",1.1315,0,2
"BE1.SegGlob",576.378953020134,"BE1-SegGlob",1.18566666666667,0,2
"BE1.SegGlob",578.600919463087,"BE1-SegGlob",1.24366666666667,1,2
"BE1.SegGlob",580.82288590604,"BE1-SegGlob",1.299,1,2
"BE1.SegGlob",583.044852348993,"BE1-SegGlob",1.35866666666667,1,2
"BE1.SegGlob",585.266818791946,"BE1-SegGlob",1.41783333333333,1,2
"BE1.SegGlob",587.488785234899,"BE1-SegGlob",1.4805,1,2
"BE1.SegGlob",589.710751677852,"BE1-SegGlob",1.54416666666667,1,2
"BE1.SegGlob",591.932718120805,"BE1-SegGlob",1.61366666666667,1,2
"BE1.SegGlob",594.154684563758,"BE1-SegGlob",1.6815,1,2
"BE1.SegGlob",596.376651006711,"BE1-SegGlob",1.74216666666667,1,2
"BE1.SegGlob",598.598617449665,"BE1-SegGlob",1.7975,1,2
"BE1.SegGlob",600.820583892617,"BE1-SegGlob",1.85,1,2
"BE1.SegGlob",603.04255033557,"BE1-SegGlob",1.904,1,2
"BE1.SegGlob",605.264516778524,"BE1-SegGlob",1.9485,1,3
"BE1.SegGlob",607.486483221477,"BE1-SegGlob",1.9935,1,3
"BE1.SegGlob",609.70844966443,"BE1-SegGlob",2.04266666666667,1,3
"BE1.SegGlob",611.930416107383,"BE1-SegGlob",2.09266666666667,1,3
"BE1.SegGlob",614.152382550336,"BE1-SegGlob",2.147,1,3
"BE1.SegGlob",616.374348993289,"BE1-SegGlob",2.20016666666667,1,3
"BE1.SegGlob",618.596315436242,"BE1-SegGlob",2.25816666666667,1,3
"BE1.SegGlob",620.818281879195,"BE1-SegGlob",2.31033333333333,1,3
"BE1.SegGlob",623.040248322148,"BE1-SegGlob",2.36266666666667,2,3
"BE1.SegGlob",625.262214765101,"BE1-SegGlob",2.406,2,3
"BE1.SegGlob",627.484181208054,"BE1-SegGlob",2.445,2,3
"BE1.SegGlob",629.706147651007,"BE1-SegGlob",2.48866666666667,2,3
"BE1.SegGlob",631.92811409396,"BE1-SegGlob",2.52766666666667,2,3
"BE1.SegGlob",634.150080536913,"BE1-SegGlob",2.573,2,3
"BE1.SegGlob",636.372046979866,"BE1-SegGlob",2.615,2,3
"BE1.SegGlob",638.594013422819,"BE1-SegGlob",2.66383333333333,2,3
"BE1.SegGlob",640.815979865772,"BE1-SegGlob",2.71616666666667,2,3
"BE1.SegGlob",643.037946308725,"BE1-SegGlob",2.7735,2,3
"BE1.SegGlob",645.259912751678,"BE1-SegGlob",2.83333333333333,2,3
"BE1.SegGlob",647.481879194631,"BE1-SegGlob",2.88416666666667,2,3
"BE1.SegGlob",649.703845637584,"BE1-SegGlob",2.9295,2,3
"BE1.SegGlob",651.925812080537,"BE1-SegGlob",2.9625,3,3
"BE1.SegGlob",654.14777852349,"BE1-SegGlob",2.978,3,3
"BE1.SegGlob",656.369744966443,"BE1-SegGlob",2.9865,3,3
"BE1.SegGlob",658.591711409396,"BE1-SegGlob",2.99116666666667,3,3
"BE1.SegGlob",660.813677852349,"BE1-SegGlob",2.99383333333333,3,3
"BE1.SegGlob",663.035644295302,"BE1-SegGlob",2.9955,3,3
"BE1.SegGlob",665.257610738255,"BE1-SegGlob",2.99683333333333,3,3
"BE1.SegGlob",667.479577181208,"BE1-SegGlob",2.99733333333333,3,3
"BE1.SegGlob",669.701543624161,"BE1-SegGlob",2.9975,3,3
"BE1.SegGlob",671.923510067114,"BE1-SegGlob",2.998,3,3
"BE1.SegGlob",674.145476510067,"BE1-SegGlob",2.99816666666667,3,3
"BE1.SegGlob",676.36744295302,"BE1-SegGlob",2.9985,3,3
"BE1.SegGlob",678.589409395973,"BE1-SegGlob",2.99866666666667,3,3
"BE1.SegGlob",680.811375838926,"BE1-SegGlob",2.99866666666667,3,3
"BE1.SegGlob",683.033342281879,"BE1-SegGlob",2.99883333333333,3,3
"BE1.SegGlob",685.255308724832,"BE1-SegGlob",2.999,3,3
"BE1.SegGlob",687.477275167785,"BE1-SegGlob",2.999,3,3
"BE1.SegGlob",689.699241610738,"BE1-SegGlob",2.99916666666667,3,3
"BE1.SegGlob",691.921208053691,"BE1-SegGlob",2.99916666666667,3,3
"BE1.SegGlob",694.143174496644,"BE1-SegGlob",2.99916666666667,3,3
"BE1.SegGlob",696.365140939597,"BE1-SegGlob",2.99916666666667,3,3
"BE1.SegGlob",698.58710738255,"BE1-SegGlob",2.99916666666667,3,3
"BE1.SegGlob",700.809073825503,"BE1-SegGlob",2.99916666666667,3,3
"BE1.SegGlob",703.031040268456,"BE1-SegGlob",2.99933333333333,3,3
"BE1.SegGlob",705.253006711409,"BE1-SegGlob",2.99933333333333,3,3
"BE1.SegGlob",707.474973154362,"BE1-SegGlob",2.99933333333333,3,3
"BE1.SegGlob",709.696939597315,"BE1-SegGlob",2.99933333333333,3,3
"BE1.SegGlob",711.918906040268,"BE1-SegGlob",2.99933333333333,3,3
"BE1.SegGlob",714.140872483222,"BE1-SegGlob",2.99933333333333,3,3
"BE1.SegGlob",716.362838926175,"BE1-SegGlob",2.99933333333333,3,3
"BE1.SegGlob",718.584805369128,"BE1-SegGlob",2.99933333333333,3,3
"BE1.SegGlob",720.806771812081,"BE1-SegGlob",2.99933333333333,3,3
"BE1.SegGlob",723.028738255034,"BE1-SegGlob",2.99933333333333,3,3
"BE1.SegGlob",725.250704697987,"BE1-SegGlob",2.99933333333333,3,3
"BE1.SegGlob",727.47267114094,"BE1-SegGlob",2.99933333333333,3,3
"BE1.SegGlob",729.694637583893,"BE1-SegGlob",2.99933333333333,3,3
"BE1.SegGlob",731.916604026846,"BE1-SegGlob",2.99933333333333,3,3
"BE1.SegGlob",734.138570469799,"BE1-SegGlob",2.99933333333333,3,3
"BE1.SegGlob",736.360536912752,"BE1-SegGlob",2.99933333333333,3,3
"BE1.SegGlob",738.582503355705,"BE1-SegGlob",2.99933333333333,3,3
"BE1.SegGlob",740.804469798658,"BE1-SegGlob",2.99933333333333,3,3
"BE1.SegGlob",743.026436241611,"BE1-SegGlob",2.99933333333333,3,3
"BE1.SegGlob",745.248402684564,"BE1-SegGlob",2.99933333333333,3,3
"BE1.SegGlob",747.470369127517,"BE1-SegGlob",2.99933333333333,3,3
"BE1.SegGlob",749.69233557047,"BE1-SegGlob",2.99933333333333,3,3
"BE1.SegGlob",751.914302013423,"BE1-SegGlob",2.99933333333333,3,3
"BE1.SegGlob",754.136268456376,"BE1-SegGlob",2.99933333333333,3,3
"BE1.SegGlob",756.358234899329,"BE1-SegGlob",2.9995,3,3
"BE1.SegGlob",758.580201342282,"BE1-SegGlob",2.9995,3,3
"BE1.SegGlob",760.802167785235,"BE1-SegGlob",2.99966666666667,3,3
"BE1.SegGlob",763.024134228188,"BE1-SegGlob",2.99966666666667,3,3
"BE1.SegGlob",765.246100671141,"BE1-SegGlob",2.99966666666667,3,3
"BE1.SegGlob",767.468067114094,"BE1-SegGlob",2.99966666666667,3,3
"BE1.SegGlob",769.690033557047,"BE1-SegGlob",2.99983333333333,3,3
"BE1.SegGlob",771.912,"BE1-SegGlob",3,3,3
"BE2.c.Metal",411.792,"BE2-c Metal",0.000166666666666667,0,0
"BE2.c.Metal",413.008581939799,"BE2-c Metal",0.000166666666666667,0,0
"BE2.c.Metal",414.225163879599,"BE2-c Metal",0.000166666666666667,0,0
"BE2.c.Metal",415.441745819398,"BE2-c Metal",0.000166666666666667,0,0
"BE2.c.Metal",416.658327759197,"BE2-c Metal",0.000166666666666667,0,0
"BE2.c.Metal",417.874909698997,"BE2-c Metal",0.000166666666666667,0,0
"BE2.c.Metal",419.091491638796,"BE2-c Metal",0.000166666666666667,0,0
"BE2.c.Metal",420.308073578595,"BE2-c Metal",0.000166666666666667,0,0
"BE2.c.Metal",421.524655518395,"BE2-c Metal",0.000166666666666667,0,0
"BE2.c.Metal",422.741237458194,"BE2-c Metal",0.000166666666666667,0,0
"BE2.c.Metal",423.957819397993,"BE2-c Metal",0.000666666666666667,0,0
"BE2.c.Metal",425.174401337793,"BE2-c Metal",0.000666666666666667,0,0
"BE2.c.Metal",426.390983277592,"BE2-c Metal",0.00116666666666667,0,0
"BE2.c.Metal",427.607565217391,"BE2-c Metal",0.00166666666666667,0,0
"BE2.c.Metal",428.824147157191,"BE2-c Metal",0.00183333333333333,0,0
"BE2.c.Metal",430.04072909699,"BE2-c Metal",0.00216666666666667,0,0
"BE2.c.Metal",431.257311036789,"BE2-c Metal",0.00266666666666667,0,0
"BE2.c.Metal",432.473892976589,"BE2-c Metal",0.00333333333333333,0,0
"BE2.c.Metal",433.690474916388,"BE2-c Metal",0.00466666666666667,0,0
"BE2.c.Metal",434.907056856187,"BE2-c Metal",0.006,0,0
"BE2.c.Metal",436.123638795987,"BE2-c Metal",0.00733333333333333,0,0
"BE2.c.Metal",437.340220735786,"BE2-c Metal",0.00866666666666667,0,0
"BE2.c.Metal",438.556802675585,"BE2-c Metal",0.0101666666666667,0,0
"BE2.c.Metal",439.773384615385,"BE2-c Metal",0.014,0,0
"BE2.c.Metal",440.989966555184,"BE2-c Metal",0.0166666666666667,0,0
"BE2.c.Metal",442.206548494983,"BE2-c Metal",0.0211666666666667,0,0
"BE2.c.Metal",443.423130434783,"BE2-c Metal",0.026,0,0
"BE2.c.Metal",444.639712374582,"BE2-c Metal",0.0298333333333333,0,0
"BE2.c.Metal",445.856294314381,"BE2-c Metal",0.0353333333333333,0,0
"BE2.c.Metal",447.072876254181,"BE2-c Metal",0.0445,0,0
"BE2.c.Metal",448.28945819398,"BE2-c Metal",0.0495,0,0
"BE2.c.Metal",449.506040133779,"BE2-c Metal",0.0541666666666667,0,1
"BE2.c.Metal",450.722622073579,"BE2-c Metal",0.0583333333333333,0,1
"BE2.c.Metal",451.939204013378,"BE2-c Metal",0.0625,0,1
"BE2.c.Metal",453.155785953177,"BE2-c Metal",0.0675,0,1
"BE2.c.Metal",454.372367892977,"BE2-c Metal",0.0721666666666667,0,1
"BE2.c.Metal",455.588949832776,"BE2-c Metal",0.077,0,1
"BE2.c.Metal",456.805531772575,"BE2-c Metal",0.0805,0,1
"BE2.c.Metal",458.022113712375,"BE2-c Metal",0.0843333333333333,0,1
"BE2.c.Metal",459.238695652174,"BE2-c Metal",0.0871666666666667,0,1
"BE2.c.Metal",460.455277591973,"BE2-c Metal",0.0896666666666667,0,1
"BE2.c.Metal",461.671859531773,"BE2-c Metal",0.0918333333333333,0,1
"BE2.c.Metal",462.888441471572,"BE2-c Metal",0.095,0,1
"BE2.c.Metal",464.105023411371,"BE2-c Metal",0.0973333333333333,0,1
"BE2.c.Metal",465.321605351171,"BE2-c Metal",0.0988333333333333,0,1
"BE2.c.Metal",466.53818729097,"BE2-c Metal",0.0991666666666667,0,1
"BE2.c.Metal",467.754769230769,"BE2-c Metal",0.100833333333333,0,1
"BE2.c.Metal",468.971351170569,"BE2-c Metal",0.1015,0,1
"BE2.c.Metal",470.187933110368,"BE2-c Metal",0.102,0,1
"BE2.c.Metal",471.404515050167,"BE2-c Metal",0.1025,0,1
"BE2.c.Metal",472.621096989967,"BE2-c Metal",0.104833333333333,0,1
"BE2.c.Metal",473.837678929766,"BE2-c Metal",0.1065,0,1
"BE2.c.Metal",475.054260869565,"BE2-c Metal",0.1085,0,1
"BE2.c.Metal",476.270842809365,"BE2-c Metal",0.110166666666667,0,1
"BE2.c.Metal",477.487424749164,"BE2-c Metal",0.112,0,1
"BE2.c.Metal",478.704006688963,"BE2-c Metal",0.115166666666667,0,1
"BE2.c.Metal",479.920588628763,"BE2-c Metal",0.120333333333333,0,1
"BE2.c.Metal",481.137170568562,"BE2-c Metal",0.126833333333333,0,1
"BE2.c.Metal",482.353752508361,"BE2-c Metal",0.133833333333333,0,1
"BE2.c.Metal",483.570334448161,"BE2-c Metal",0.141666666666667,0,1
"BE2.c.Metal",484.78691638796,"BE2-c Metal",0.147833333333333,0,1
"BE2.c.Metal",486.003498327759,"BE2-c Metal",0.156333333333333,0,1
"BE2.c.Metal",487.220080267559,"BE2-c Metal",0.165333333333333,0,1
"BE2.c.Metal",488.436662207358,"BE2-c Metal",0.172166666666667,0,1
"BE2.c.Metal",489.653244147157,"BE2-c Metal",0.181333333333333,0,1
"BE2.c.Metal",490.869826086956,"BE2-c Metal",0.190166666666667,0,1
"BE2.c.Metal",492.086408026756,"BE2-c Metal",0.196833333333333,0,1
"BE2.c.Metal",493.302989966555,"BE2-c Metal",0.2025,0,1
"BE2.c.Metal",494.519571906354,"BE2-c Metal",0.207,0,1
"BE2.c.Metal",495.736153846154,"BE2-c Metal",0.211333333333333,0,1
"BE2.c.Metal",496.952735785953,"BE2-c Metal",0.215,0,1
"BE2.c.Metal",498.169317725752,"BE2-c Metal",0.218833333333333,0,1
"BE2.c.Metal",499.385899665552,"BE2-c Metal",0.221166666666667,0,1
"BE2.c.Metal",500.602481605351,"BE2-c Metal",0.222833333333333,0,1
"BE2.c.Metal",501.81906354515,"BE2-c Metal",0.226,0,1
"BE2.c.Metal",503.03564548495,"BE2-c Metal",0.227666666666667,0,1
"BE2.c.Metal",504.252227424749,"BE2-c Metal",0.229666666666667,0,1
"BE2.c.Metal",505.468809364548,"BE2-c Metal",0.230833333333333,0,1
"BE2.c.Metal",506.685391304348,"BE2-c Metal",0.233,0,1
"BE2.c.Metal",507.901973244147,"BE2-c Metal",0.2345,0,1
"BE2.c.Metal",509.118555183946,"BE2-c Metal",0.236333333333333,0,1
"BE2.c.Metal",510.335137123746,"BE2-c Metal",0.239166666666667,0,1
"BE2.c.Metal",511.551719063545,"BE2-c Metal",0.240666666666667,0,1
"BE2.c.Metal",512.768301003345,"BE2-c Metal",0.242833333333333,0,1
"BE2.c.Metal",513.984882943144,"BE2-c Metal",0.2445,0,1
"BE2.c.Metal",515.201464882943,"BE2-c Metal",0.247,0,1
"BE2.c.Metal",516.418046822742,"BE2-c Metal",0.249,0,1
"BE2.c.Metal",517.634628762542,"BE2-c Metal",0.250333333333333,0,1
"BE2.c.Metal",518.851210702341,"BE2-c Metal",0.251666666666667,0,1
"BE2.c.Metal",520.06779264214,"BE2-c Metal",0.252666666666667,0,1
"BE2.c.Metal",521.28437458194,"BE2-c Metal",0.254166666666667,0,1
"BE2.c.Metal",522.500956521739,"BE2-c Metal",0.255333333333333,0,1
"BE2.c.Metal",523.717538461538,"BE2-c Metal",0.256333333333333,0,1
"BE2.c.Metal",524.934120401338,"BE2-c Metal",0.257,0,1
"BE2.c.Metal",526.150702341137,"BE2-c Metal",0.258333333333333,0,1
"BE2.c.Metal",527.367284280936,"BE2-c Metal",0.2595,0,1
"BE2.c.Metal",528.583866220736,"BE2-c Metal",0.261166666666667,0,1
"BE2.c.Metal",529.800448160535,"BE2-c Metal",0.262,0,1
"BE2.c.Metal",531.017030100334,"BE2-c Metal",0.264166666666667,0,1
"BE2.c.Metal",532.233612040134,"BE2-c Metal",0.266833333333333,0,1
"BE2.c.Metal",533.450193979933,"BE2-c Metal",0.2705,0,1
"BE2.c.Metal",534.666775919732,"BE2-c Metal",0.273666666666667,0,1
"BE2.c.Metal",535.883357859532,"BE2-c Metal",0.278,0,1
"BE2.c.Metal",537.099939799331,"BE2-c Metal",0.283666666666667,0,1
"BE2.c.Metal",538.31652173913,"BE2-c Metal",0.293666666666667,0,1
"BE2.c.Metal",539.53310367893,"BE2-c Metal",0.305,0,1
"BE2.c.Metal",540.749685618729,"BE2-c Metal",0.319833333333333,0,1
"BE2.c.Metal",541.966267558528,"BE2-c Metal",0.338,0,1
"BE2.c.Metal",543.182849498328,"BE2-c Metal",0.360833333333333,0,1
"BE2.c.Metal",544.399431438127,"BE2-c Metal",0.388166666666667,0,1
"BE2.c.Metal",545.616013377926,"BE2-c Metal",0.420666666666667,0,1
"BE2.c.Metal",546.832595317726,"BE2-c Metal",0.458166666666667,0,1
"BE2.c.Metal",548.049177257525,"BE2-c Metal",0.5015,0,1
"BE2.c.Metal",549.265759197324,"BE2-c Metal",0.545833333333333,0,2
"BE2.c.Metal",550.482341137124,"BE2-c Metal",0.597,0,2
"BE2.c.Metal",551.698923076923,"BE2-c Metal",0.651666666666667,0,2
"BE2.c.Metal",552.915505016722,"BE2-c Metal",0.717166666666667,0,2
"BE2.c.Metal",554.132086956522,"BE2-c Metal",0.775,0,2
"BE2.c.Metal",555.348668896321,"BE2-c Metal",0.8395,0,2
"BE2.c.Metal",556.56525083612,"BE2-c Metal",0.909166666666667,0,2
"BE2.c.Metal",557.78183277592,"BE2-c Metal",0.984166666666667,0,2
"BE2.c.Metal",558.998414715719,"BE2-c Metal",1.05416666666667,0,2
"BE2.c.Metal",560.214996655518,"BE2-c Metal",1.12266666666667,0,2
"BE2.c.Metal",561.431578595318,"BE2-c Metal",1.18966666666667,0,2
"BE2.c.Metal",562.648160535117,"BE2-c Metal",1.26316666666667,0,2
"BE2.c.Metal",563.864742474916,"BE2-c Metal",1.34183333333333,0,3
"BE2.c.Metal",565.081324414716,"BE2-c Metal",1.4255,0,3
"BE2.c.Metal",566.297906354515,"BE2-c Metal",1.5095,0,3
"BE2.c.Metal",567.514488294314,"BE2-c Metal",1.5885,0,3
"BE2.c.Metal",568.731070234114,"BE2-c Metal",1.66716666666667,0,3
"BE2.c.Metal",569.947652173913,"BE2-c Metal",1.755,0,3
"BE2.c.Metal",571.164234113712,"BE2-c Metal",1.843,0,3
"BE2.c.Metal",572.380816053512,"BE2-c Metal",1.928,0,3
"BE2.c.Metal",573.597397993311,"BE2-c Metal",2.0115,0,3
"BE2.c.Metal",574.81397993311,"BE2-c Metal",2.09766666666667,0,3
"BE2.c.Metal",576.03056187291,"BE2-c Metal",2.1855,0,3
"BE2.c.Metal",577.247143812709,"BE2-c Metal",2.26966666666667,1,4
"BE2.c.Metal",578.463725752508,"BE2-c Metal",2.346,1,4
"BE2.c.Metal",579.680307692308,"BE2-c Metal",2.424,1,4
"BE2.c.Metal",580.896889632107,"BE2-c Metal",2.50316666666667,1,4
"BE2.c.Metal",582.113471571906,"BE2-c Metal",2.584,1,4
"BE2.c.Metal",583.330053511706,"BE2-c Metal",2.66366666666667,1,4
"BE2.c.Metal",584.546635451505,"BE2-c Metal",2.744,1,4
"BE2.c.Metal",585.763217391304,"BE2-c Metal",2.82166666666667,2,4
"BE2.c.Metal",586.979799331104,"BE2-c Metal",2.89566666666667,2,4
"BE2.c.Metal",588.196381270903,"BE2-c Metal",2.9695,2,4
"BE2.c.Metal",589.412963210702,"BE2-c Metal",3.03983333333333,2,4
"BE2.c.Metal",590.629545150502,"BE2-c Metal",3.12033333333333,2,4
"BE2.c.Metal",591.846127090301,"BE2-c Metal",3.20016666666667,2,4
"BE2.c.Metal",593.0627090301,"BE2-c Metal",3.26966666666667,2,4
"BE2.c.Metal",594.2792909699,"BE2-c Metal",3.3375,2,4
"BE2.c.Metal",595.495872909699,"BE2-c Metal",3.4015,2,4
"BE2.c.Metal",596.712454849498,"BE2-c Metal",3.4615,2,4
"BE2.c.Metal",597.929036789298,"BE2-c Metal",3.51516666666667,2,4
"BE2.c.Metal",599.145618729097,"BE2-c Metal",3.56766666666667,3,4
"BE2.c.Metal",600.362200668896,"BE2-c Metal",3.6145,3,4
"BE2.c.Metal",601.578782608696,"BE2-c Metal",3.65416666666667,3,4
"BE2.c.Metal",602.795364548495,"BE2-c Metal",3.6875,3,4
"BE2.c.Metal",604.011946488294,"BE2-c Metal",3.71466666666667,3,4
"BE2.c.Metal",605.228528428094,"BE2-c Metal",3.73183333333333,3,4
"BE2.c.Metal",606.445110367893,"BE2-c Metal",3.74816666666667,3,4
"BE2.c.Metal",607.661692307692,"BE2-c Metal",3.75916666666667,3,4
"BE2.c.Metal",608.878274247492,"BE2-c Metal",3.767,3,4
"BE2.c.Metal",610.094856187291,"BE2-c Metal",3.77533333333333,3,4
"BE2.c.Metal",611.31143812709,"BE2-c Metal",3.7795,3,4
"BE2.c.Metal",612.52802006689,"BE2-c Metal",3.78283333333333,3,4
"BE2.c.Metal",613.744602006689,"BE2-c Metal",3.78883333333333,3,4
"BE2.c.Metal",614.961183946488,"BE2-c Metal",3.79316666666667,3,4
"BE2.c.Metal",616.177765886288,"BE2-c Metal",3.79666666666667,3,4
"BE2.c.Metal",617.394347826087,"BE2-c Metal",3.80233333333333,3,4
"BE2.c.Metal",618.610929765886,"BE2-c Metal",3.8065,3,4
"BE2.c.Metal",619.827511705686,"BE2-c Metal",3.81183333333333,3,4
"BE2.c.Metal",621.044093645485,"BE2-c Metal",3.8195,3,4
"BE2.c.Metal",622.260675585284,"BE2-c Metal",3.82716666666667,3,4
"BE2.c.Metal",623.477257525084,"BE2-c Metal",3.837,3,4
"BE2.c.Metal",624.693839464883,"BE2-c Metal",3.84633333333333,3,4
"BE2.c.Metal",625.910421404682,"BE2-c Metal",3.85583333333333,3,4
"BE2.c.Metal",627.127003344482,"BE2-c Metal",3.8695,3,4
"BE2.c.Metal",628.343585284281,"BE2-c Metal",3.88316666666667,3,4
"BE2.c.Metal",629.56016722408,"BE2-c Metal",3.90583333333333,3,4
"BE2.c.Metal",630.77674916388,"BE2-c Metal",3.94833333333333,3,4
"BE2.c.Metal",631.993331103679,"BE2-c Metal",3.98533333333333,3,5
"BE2.c.Metal",633.209913043478,"BE2-c Metal",4.02316666666667,3,5
"BE2.c.Metal",634.426494983278,"BE2-c Metal",4.0565,4,5
"BE2.c.Metal",635.643076923077,"BE2-c Metal",4.097,4,5
"BE2.c.Metal",636.859658862876,"BE2-c Metal",4.13916666666667,4,5
"BE2.c.Metal",638.076240802676,"BE2-c Metal",4.1805,4,5
"BE2.c.Metal",639.292822742475,"BE2-c Metal",4.22916666666667,4,5
"BE2.c.Metal",640.509404682274,"BE2-c Metal",4.28383333333333,4,5
"BE2.c.Metal",641.725986622073,"BE2-c Metal",4.3445,4,5
"BE2.c.Metal",642.942568561873,"BE2-c Metal",4.42066666666667,4,5
"BE2.c.Metal",644.159150501672,"BE2-c Metal",4.50133333333333,4,5
"BE2.c.Metal",645.375732441472,"BE2-c Metal",4.592,4,5
"BE2.c.Metal",646.592314381271,"BE2-c Metal",4.6735,4,5
"BE2.c.Metal",647.80889632107,"BE2-c Metal",4.75816666666667,4,5
"BE2.c.Metal",649.025478260869,"BE2-c Metal",4.8325,4,5
"BE2.c.Metal",650.242060200669,"BE2-c Metal",4.89916666666667,4,5
"BE2.c.Metal",651.458642140468,"BE2-c Metal",4.96033333333333,4,6
"BE2.c.Metal",652.675224080268,"BE2-c Metal",5.02016666666667,4,6
"BE2.c.Metal",653.891806020067,"BE2-c Metal",5.07966666666667,5,6
"BE2.c.Metal",655.108387959866,"BE2-c Metal",5.13916666666667,5,6
"BE2.c.Metal",656.324969899665,"BE2-c Metal",5.20766666666667,5,6
"BE2.c.Metal",657.541551839465,"BE2-c Metal",5.28233333333333,5,6
"BE2.c.Metal",658.758133779264,"BE2-c Metal",5.35133333333333,5,6
"BE2.c.Metal",659.974715719064,"BE2-c Metal",5.43816666666667,5,6
"BE2.c.Metal",661.191297658863,"BE2-c Metal",5.5145,5,6
"BE2.c.Metal",662.407879598662,"BE2-c Metal",5.58366666666667,5,6
"BE2.c.Metal",663.624461538461,"BE2-c Metal",5.646,5,6
"BE2.c.Metal",664.841043478261,"BE2-c Metal",5.7025,5,6
"BE2.c.Metal",666.05762541806,"BE2-c Metal",5.7455,5,6
"BE2.c.Metal",667.274207357859,"BE2-c Metal",5.784,5,6
"BE2.c.Metal",668.490789297659,"BE2-c Metal",5.81783333333333,5,6
"BE2.c.Metal",669.707371237458,"BE2-c Metal",5.84216666666667,5,6
"BE2.c.Metal",670.923953177258,"BE2-c Metal",5.85966666666667,5,6
"BE2.c.Metal",672.140535117057,"BE2-c Metal",5.87616666666667,5,6
"BE2.c.Metal",673.357117056856,"BE2-c Metal",5.88783333333333,5,6
"BE2.c.Metal",674.573698996655,"BE2-c Metal",5.8965,5,6
"BE2.c.Metal",675.790280936455,"BE2-c Metal",5.90433333333333,5,6
"BE2.c.Metal",677.006862876254,"BE2-c Metal",5.91133333333333,5,6
"BE2.c.Metal",678.223444816053,"BE2-c Metal",5.91583333333333,5,6
"BE2.c.Metal",679.440026755853,"BE2-c Metal",5.921,5,6
"BE2.c.Metal",680.656608695652,"BE2-c Metal",5.9235,5,6
"BE2.c.Metal",681.873190635451,"BE2-c Metal",5.92566666666667,5,6
"BE2.c.Metal",683.089772575251,"BE2-c Metal",5.92683333333333,5,6
"BE2.c.Metal",684.30635451505,"BE2-c Metal",5.92866666666667,5,6
"BE2.c.Metal",685.52293645485,"BE2-c Metal",5.931,5,6
"BE2.c.Metal",686.739518394649,"BE2-c Metal",5.93233333333333,5,6
"BE2.c.Metal",687.956100334448,"BE2-c Metal",5.93266666666667,5,6
"BE2.c.Metal",689.172682274247,"BE2-c Metal",5.93316666666667,5,6
"BE2.c.Metal",690.389264214047,"BE2-c Metal",5.93383333333333,5,6
"BE2.c.Metal",691.605846153846,"BE2-c Metal",5.93433333333333,5,6
"BE2.c.Metal",692.822428093645,"BE2-c Metal",5.93483333333333,5,6
"BE2.c.Metal",694.039010033445,"BE2-c Metal",5.93533333333333,5,6
"BE2.c.Metal",695.255591973244,"BE2-c Metal",5.936,5,6
"BE2.c.Metal",696.472173913043,"BE2-c Metal",5.93633333333333,5,6
"BE2.c.Metal",697.688755852843,"BE2-c Metal",5.93733333333333,5,6
"BE2.c.Metal",698.905337792642,"BE2-c Metal",5.9375,5,6
"BE2.c.Metal",700.121919732441,"BE2-c Metal",5.93833333333333,5,6
"BE2.c.Metal",701.338501672241,"BE2-c Metal",5.93883333333333,5,6
"BE2.c.Metal",702.55508361204,"BE2-c Metal",5.93983333333333,5,6
"BE2.c.Metal",703.771665551839,"BE2-c Metal",5.94,5,6
"BE2.c.Metal",704.988247491639,"BE2-c Metal",5.9405,5,6
"BE2.c.Metal",706.204829431438,"BE2-c Metal",5.94066666666667,5,6
"BE2.c.Metal",707.421411371237,"BE2-c Metal",5.94083333333333,5,6
"BE2.c.Metal",708.637993311037,"BE2-c Metal",5.941,5,6
"BE2.c.Metal",709.854575250836,"BE2-c Metal",5.94116666666667,5,6
"BE2.c.Metal",711.071157190635,"BE2-c Metal",5.94116666666667,5,6
"BE2.c.Metal",712.287739130435,"BE2-c Metal",5.94116666666667,5,6
"BE2.c.Metal",713.504321070234,"BE2-c Metal",5.94116666666667,5,6
"BE2.c.Metal",714.720903010033,"BE2-c Metal",5.94133333333333,5,6
"BE2.c.Metal",715.937484949833,"BE2-c Metal",5.9415,5,6
"BE2.c.Metal",717.154066889632,"BE2-c Metal",5.9415,5,6
"BE2.c.Metal",718.370648829431,"BE2-c Metal",5.94166666666667,5,6
"BE2.c.Metal",719.587230769231,"BE2-c Metal",5.94183333333333,5,6
"BE2.c.Metal",720.80381270903,"BE2-c Metal",5.94183333333333,5,6
"BE2.c.Metal",722.020394648829,"BE2-c Metal",5.94183333333333,5,6
"BE2.c.Metal",723.236976588629,"BE2-c Metal",5.94216666666667,5,6
"BE2.c.Metal",724.453558528428,"BE2-c Metal",5.94216666666667,5,6
"BE2.c.Metal",725.670140468227,"BE2-c Metal",5.94216666666667,5,6
"BE2.c.Metal",726.886722408027,"BE2-c Metal",5.9425,5,6
"BE2.c.Metal",728.103304347826,"BE2-c Metal",5.94283333333333,5,6
"BE2.c.Metal",729.319886287625,"BE2-c Metal",5.94283333333333,5,6
"BE2.c.Metal",730.536468227425,"BE2-c Metal",5.943,5,6
"BE2.c.Metal",731.753050167224,"BE2-c Metal",5.94383333333333,5,6
"BE2.c.Metal",732.969632107023,"BE2-c Metal",5.94383333333333,5,6
"BE2.c.Metal",734.186214046823,"BE2-c Metal",5.944,5,6
"BE2.c.Metal",735.402795986622,"BE2-c Metal",5.94433333333333,5,6
"BE2.c.Metal",736.619377926421,"BE2-c Metal",5.94433333333333,5,6
"BE2.c.Metal",737.835959866221,"BE2-c Metal",5.94433333333333,5,6
"BE2.c.Metal",739.05254180602,"BE2-c Metal",5.94433333333333,5,6
"BE2.c.Metal",740.269123745819,"BE2-c Metal",5.94483333333333,5,6
"BE2.c.Metal",741.485705685619,"BE2-c Metal",5.9455,5,6
"BE2.c.Metal",742.702287625418,"BE2-c Metal",5.94633333333333,5,6
"BE2.c.Metal",743.918869565217,"BE2-c Metal",5.9475,5,6
"BE2.c.Metal",745.135451505017,"BE2-c Metal",5.94816666666667,5,6
"BE2.c.Metal",746.352033444816,"BE2-c Metal",5.94966666666667,5,6
"BE2.c.Metal",747.568615384615,"BE2-c Metal",5.95266666666667,6,6
"BE2.c.Metal",748.785197324415,"BE2-c Metal",5.9545,6,6
"BE2.c.Metal",750.001779264214,"BE2-c Metal",5.95716666666667,6,6
"BE2.c.Metal",751.218361204013,"BE2-c Metal",5.95966666666667,6,6
"BE2.c.Metal",752.434943143813,"BE2-c Metal",5.962,6,6
"BE2.c.Metal",753.651525083612,"BE2-c Metal",5.96533333333333,6,6
"BE2.c.Metal",754.868107023411,"BE2-c Metal",5.97033333333333,6,6
"BE2.c.Metal",756.084688963211,"BE2-c Metal",5.976,6,6
"BE2.c.Metal",757.30127090301,"BE2-c Metal",5.97983333333333,6,6
"BE2.c.Metal",758.517852842809,"BE2-c Metal",5.98216666666667,6,6
"BE2.c.Metal",759.734434782609,"BE2-c Metal",5.9835,6,6
"BE2.c.Metal",760.951016722408,"BE2-c Metal",5.98466666666667,6,6
"BE2.c.Metal",762.167598662207,"BE2-c Metal",5.98616666666667,6,6
"BE2.c.Metal",763.384180602007,"BE2-c Metal",5.98733333333333,6,6
"BE2.c.Metal",764.600762541806,"BE2-c Metal",5.98916666666667,6,6
"BE2.c.Metal",765.817344481605,"BE2-c Metal",5.991,6,6
"BE2.c.Metal",767.033926421405,"BE2-c Metal",5.99183333333333,6,6
"BE2.c.Metal",768.250508361204,"BE2-c Metal",5.99316666666667,6,6
"BE2.c.Metal",769.467090301003,"BE2-c Metal",5.9955,6,6
"BE2.c.Metal",770.683672240803,"BE2-c Metal",5.998,6,6
"BE2.c.Metal",771.900254180602,"BE2-c Metal",5.99866666666667,6,6
"BE2.c.Metal",773.116836120401,"BE2-c Metal",5.99933333333333,6,6
"BE2.c.Metal",774.333418060201,"BE2-c Metal",5.9995,6,6
"BE2.c.Metal",775.55,"BE2-c Metal",6,6,6
"BE1.Orange",411.792,"BE1-Orange",0.000166666666666667,0,0
"BE1.Orange",412.602151447661,"BE1-Orange",0.000166666666666667,0,0
"BE1.Orange",413.412302895323,"BE1-Orange",0.000166666666666667,0,0
"BE1.Orange",414.222454342984,"BE1-Orange",0.000166666666666667,0,0
"BE1.Orange",415.032605790646,"BE1-Orange",0.000166666666666667,0,0
"BE1.Orange",415.842757238307,"BE1-Orange",0.000166666666666667,0,0
"BE1.Orange",416.652908685969,"BE1-Orange",0.000166666666666667,0,0
"BE1.Orange",417.46306013363,"BE1-Orange",0.000166666666666667,0,0
"BE1.Orange",418.273211581292,"BE1-Orange",0.000166666666666667,0,0
"BE1.Orange",419.083363028953,"BE1-Orange",0.000166666666666667,0,0
"BE1.Orange",419.893514476615,"BE1-Orange",0.000166666666666667,0,0
"BE1.Orange",420.703665924276,"BE1-Orange",0.000166666666666667,0,0
"BE1.Orange",421.513817371938,"BE1-Orange",0.000166666666666667,0,0
"BE1.Orange",422.323968819599,"BE1-Orange",0.000166666666666667,0,0
"BE1.Orange",423.134120267261,"BE1-Orange",0.000333333333333333,0,0
"BE1.Orange",423.944271714922,"BE1-Orange",0.000666666666666667,0,0
"BE1.Orange",424.754423162583,"BE1-Orange",0.000666666666666667,0,0
"BE1.Orange",425.564574610245,"BE1-Orange",0.000833333333333333,0,0
"BE1.Orange",426.374726057906,"BE1-Orange",0.00116666666666667,0,0
"BE1.Orange",427.184877505568,"BE1-Orange",0.0015,0,0
"BE1.Orange",427.995028953229,"BE1-Orange",0.00183333333333333,0,0
"BE1.Orange",428.805180400891,"BE1-Orange",0.00183333333333333,0,0
"BE1.Orange",429.615331848552,"BE1-Orange",0.00183333333333333,0,0
"BE1.Orange",430.425483296214,"BE1-Orange",0.00233333333333333,0,0
"BE1.Orange",431.235634743875,"BE1-Orange",0.0025,0,0
"BE1.Orange",432.045786191537,"BE1-Orange",0.00316666666666667,0,0
"BE1.Orange",432.855937639198,"BE1-Orange",0.004,0,0
"BE1.Orange",433.66608908686,"BE1-Orange",0.00433333333333333,0,0
"BE1.Orange",434.476240534521,"BE1-Orange",0.00483333333333333,0,0
"BE1.Orange",435.286391982183,"BE1-Orange",0.00566666666666667,0,0
"BE1.Orange",436.096543429844,"BE1-Orange",0.00616666666666667,0,0
"BE1.Orange",436.906694877506,"BE1-Orange",0.00633333333333333,0,0
"BE1.Orange",437.716846325167,"BE1-Orange",0.00716666666666667,0,0
"BE1.Orange",438.526997772828,"BE1-Orange",0.008,0,0
"BE1.Orange",439.33714922049,"BE1-Orange",0.0101666666666667,0,0
"BE1.Orange",440.147300668151,"BE1-Orange",0.0123333333333333,0,0
"BE1.Orange",440.957452115813,"BE1-Orange",0.0138333333333333,0,0
"BE1.Orange",441.767603563474,"BE1-Orange",0.016,0,0
"BE1.Orange",442.577755011136,"BE1-Orange",0.0185,0,0
"BE1.Orange",443.387906458797,"BE1-Orange",0.0218333333333333,0,0
"BE1.Orange",444.198057906459,"BE1-Orange",0.0241666666666667,0,0
"BE1.Orange",445.00820935412,"BE1-Orange",0.0266666666666667,0,0
"BE1.Orange",445.818360801782,"BE1-Orange",0.0301666666666667,0,0
"BE1.Orange",446.628512249443,"BE1-Orange",0.0353333333333333,0,0
"BE1.Orange",447.438663697105,"BE1-Orange",0.0396666666666667,0,0
"BE1.Orange",448.248815144766,"BE1-Orange",0.0425,0,0
"BE1.Orange",449.058966592428,"BE1-Orange",0.0455,0,0
"BE1.Orange",449.869118040089,"BE1-Orange",0.048,0,0
"BE1.Orange",450.679269487751,"BE1-Orange",0.05,0,0
"BE1.Orange",451.489420935412,"BE1-Orange",0.0518333333333333,0,1
"BE1.Orange",452.299572383073,"BE1-Orange",0.0556666666666667,0,1
"BE1.Orange",453.109723830735,"BE1-Orange",0.0588333333333333,0,1
"BE1.Orange",453.919875278396,"BE1-Orange",0.0621666666666667,0,1
"BE1.Orange",454.730026726058,"BE1-Orange",0.0648333333333333,0,1
"BE1.Orange",455.540178173719,"BE1-Orange",0.0668333333333333,0,1
"BE1.Orange",456.350329621381,"BE1-Orange",0.0693333333333333,0,1
"BE1.Orange",457.160481069042,"BE1-Orange",0.071,0,1
"BE1.Orange",457.970632516704,"BE1-Orange",0.0726666666666667,0,1
"BE1.Orange",458.780783964365,"BE1-Orange",0.0743333333333333,0,1
"BE1.Orange",459.590935412027,"BE1-Orange",0.0751666666666667,0,1
"BE1.Orange",460.401086859688,"BE1-Orange",0.0775,0,1
"BE1.Orange",461.21123830735,"BE1-Orange",0.0786666666666667,0,1
"BE1.Orange",462.021389755011,"BE1-Orange",0.0791666666666667,0,1
"BE1.Orange",462.831541202673,"BE1-Orange",0.0815,0,1
"BE1.Orange",463.641692650334,"BE1-Orange",0.0828333333333333,0,1
"BE1.Orange",464.451844097995,"BE1-Orange",0.0843333333333333,0,1
"BE1.Orange",465.261995545657,"BE1-Orange",0.0851666666666667,0,1
"BE1.Orange",466.072146993318,"BE1-Orange",0.0851666666666667,0,1
"BE1.Orange",466.88229844098,"BE1-Orange",0.0853333333333333,0,1
"BE1.Orange",467.692449888641,"BE1-Orange",0.0868333333333333,0,1
"BE1.Orange",468.502601336303,"BE1-Orange",0.0871666666666667,0,1
"BE1.Orange",469.312752783964,"BE1-Orange",0.0875,0,1
"BE1.Orange",470.122904231626,"BE1-Orange",0.088,0,1
"BE1.Orange",470.933055679287,"BE1-Orange",0.0883333333333333,0,1
"BE1.Orange",471.743207126949,"BE1-Orange",0.0891666666666667,0,1
"BE1.Orange",472.55335857461,"BE1-Orange",0.0903333333333333,0,1
"BE1.Orange",473.363510022272,"BE1-Orange",0.0908333333333333,0,1
"BE1.Orange",474.173661469933,"BE1-Orange",0.0925,0,1
"BE1.Orange",474.983812917595,"BE1-Orange",0.0935,0,1
"BE1.Orange",475.793964365256,"BE1-Orange",0.0941666666666667,0,1
"BE1.Orange",476.604115812918,"BE1-Orange",0.0951666666666667,0,1
"BE1.Orange",477.414267260579,"BE1-Orange",0.0965,0,1
"BE1.Orange",478.22441870824,"BE1-Orange",0.0983333333333333,0,1
"BE1.Orange",479.034570155902,"BE1-Orange",0.100333333333333,0,1
"BE1.Orange",479.844721603563,"BE1-Orange",0.103166666666667,0,1
"BE1.Orange",480.654873051225,"BE1-Orange",0.107166666666667,0,1
"BE1.Orange",481.465024498886,"BE1-Orange",0.110333333333333,0,1
"BE1.Orange",482.275175946548,"BE1-Orange",0.115166666666667,0,1
"BE1.Orange",483.085327394209,"BE1-Orange",0.119166666666667,0,1
"BE1.Orange",483.895478841871,"BE1-Orange",0.124,0,1
"BE1.Orange",484.705630289532,"BE1-Orange",0.128,0,1
"BE1.Orange",485.515781737194,"BE1-Orange",0.132833333333333,0,1
"BE1.Orange",486.325933184855,"BE1-Orange",0.1375,0,1
"BE1.Orange",487.136084632517,"BE1-Orange",0.142333333333333,0,1
"BE1.Orange",487.946236080178,"BE1-Orange",0.1455,0,1
"BE1.Orange",488.75638752784,"BE1-Orange",0.150833333333333,0,1
"BE1.Orange",489.566538975501,"BE1-Orange",0.155333333333333,0,1
"BE1.Orange",490.376690423163,"BE1-Orange",0.1605,0,1
"BE1.Orange",491.186841870824,"BE1-Orange",0.165833333333333,0,1
"BE1.Orange",491.996993318485,"BE1-Orange",0.169833333333333,0,1
"BE1.Orange",492.807144766147,"BE1-Orange",0.173666666666667,0,1
"BE1.Orange",493.617296213808,"BE1-Orange",0.1755,0,1
"BE1.Orange",494.42744766147,"BE1-Orange",0.178,0,1
"BE1.Orange",495.237599109131,"BE1-Orange",0.180666666666667,0,1
"BE1.Orange",496.047750556793,"BE1-Orange",0.183,0,1
"BE1.Orange",496.857902004454,"BE1-Orange",0.184833333333333,0,1
"BE1.Orange",497.668053452116,"BE1-Orange",0.187166666666667,0,1
"BE1.Orange",498.478204899777,"BE1-Orange",0.188833333333333,0,1
"BE1.Orange",499.288356347439,"BE1-Orange",0.1905,0,1
"BE1.Orange",500.0985077951,"BE1-Orange",0.191333333333333,0,1
"BE1.Orange",500.908659242762,"BE1-Orange",0.193,0,1
"BE1.Orange",501.718810690423,"BE1-Orange",0.1945,0,1
"BE1.Orange",502.528962138085,"BE1-Orange",0.1955,0,1
"BE1.Orange",503.339113585746,"BE1-Orange",0.196833333333333,0,1
"BE1.Orange",504.149265033408,"BE1-Orange",0.198166666666667,0,1
"BE1.Orange",504.959416481069,"BE1-Orange",0.199,0,1
"BE1.Orange",505.76956792873,"BE1-Orange",0.199333333333333,0,1
"BE1.Orange",506.579719376392,"BE1-Orange",0.200833333333333,0,1
"BE1.Orange",507.389870824053,"BE1-Orange",0.2015,0,1
"BE1.Orange",508.200022271715,"BE1-Orange",0.202333333333333,0,1
"BE1.Orange",509.010173719376,"BE1-Orange",0.203166666666667,0,1
"BE1.Orange",509.820325167038,"BE1-Orange",0.204333333333333,0,1
"BE1.Orange",510.630476614699,"BE1-Orange",0.2055,0,1
"BE1.Orange",511.440628062361,"BE1-Orange",0.206333333333333,0,1
"BE1.Orange",512.250779510022,"BE1-Orange",0.207666666666667,0,1
"BE1.Orange",513.060930957684,"BE1-Orange",0.2085,0,1
"BE1.Orange",513.871082405345,"BE1-Orange",0.209166666666667,0,1
"BE1.Orange",514.681233853007,"BE1-Orange",0.211,0,1
"BE1.Orange",515.491385300668,"BE1-Orange",0.212333333333333,0,1
"BE1.Orange",516.30153674833,"BE1-Orange",0.213166666666667,0,1
"BE1.Orange",517.111688195991,"BE1-Orange",0.214,0,1
"BE1.Orange",517.921839643653,"BE1-Orange",0.214833333333333,0,1
"BE1.Orange",518.731991091314,"BE1-Orange",0.215333333333333,0,1
"BE1.Orange",519.542142538975,"BE1-Orange",0.2155,0,1
"BE1.Orange",520.352293986637,"BE1-Orange",0.2165,0,1
"BE1.Orange",521.162445434298,"BE1-Orange",0.217166666666667,0,1
"BE1.Orange",521.97259688196,"BE1-Orange",0.218166666666667,0,1
"BE1.Orange",522.782748329621,"BE1-Orange",0.218833333333333,0,1
"BE1.Orange",523.592899777283,"BE1-Orange",0.219333333333333,0,1
"BE1.Orange",524.403051224944,"BE1-Orange",0.219666666666667,0,1
"BE1.Orange",525.213202672606,"BE1-Orange",0.220333333333333,0,1
"BE1.Orange",526.023354120267,"BE1-Orange",0.221,0,1
"BE1.Orange",526.833505567929,"BE1-Orange",0.222,0,1
"BE1.Orange",527.64365701559,"BE1-Orange",0.2225,0,1
"BE1.Orange",528.453808463252,"BE1-Orange",0.223333333333333,0,1
"BE1.Orange",529.263959910913,"BE1-Orange",0.223666666666667,0,1
"BE1.Orange",530.074111358575,"BE1-Orange",0.224833333333333,0,1
"BE1.Orange",530.884262806236,"BE1-Orange",0.226166666666667,0,1
"BE1.Orange",531.694414253898,"BE1-Orange",0.227333333333333,0,1
"BE1.Orange",532.504565701559,"BE1-Orange",0.228833333333333,0,1
"BE1.Orange",533.31471714922,"BE1-Orange",0.231,0,1
"BE1.Orange",534.124868596882,"BE1-Orange",0.233,0,1
"BE1.Orange",534.935020044543,"BE1-Orange",0.235166666666667,0,1
"BE1.Orange",535.745171492205,"BE1-Orange",0.2375,0,1
"BE1.Orange",536.555322939866,"BE1-Orange",0.239666666666667,0,1
"BE1.Orange",537.365474387528,"BE1-Orange",0.243333333333333,0,1
"BE1.Orange",538.175625835189,"BE1-Orange",0.249833333333333,0,1
"BE1.Orange",538.985777282851,"BE1-Orange",0.256833333333333,0,1
"BE1.Orange",539.795928730512,"BE1-Orange",0.263666666666667,0,1
"BE1.Orange",540.606080178174,"BE1-Orange",0.271666666666667,0,1
"BE1.Orange",541.416231625835,"BE1-Orange",0.280333333333333,0,1
"BE1.Orange",542.226383073497,"BE1-Orange",0.290666666666667,0,1
"BE1.Orange",543.036534521158,"BE1-Orange",0.302,0,1
"BE1.Orange",543.84668596882,"BE1-Orange",0.312833333333333,0,1
"BE1.Orange",544.656837416481,"BE1-Orange",0.328833333333333,0,1
"BE1.Orange",545.466988864143,"BE1-Orange",0.3435,0,1
"BE1.Orange",546.277140311804,"BE1-Orange",0.361666666666667,0,1
"BE1.Orange",547.087291759465,"BE1-Orange",0.378833333333333,0,1
"BE1.Orange",547.897443207127,"BE1-Orange",0.398,0,1
"BE1.Orange",548.707594654788,"BE1-Orange",0.414333333333333,0,1
"BE1.Orange",549.51774610245,"BE1-Orange",0.434166666666667,0,1
"BE1.Orange",550.327897550111,"BE1-Orange",0.4525,0,1
"BE1.Orange",551.138048997773,"BE1-Orange",0.4695,0,1
"BE1.Orange",551.948200445434,"BE1-Orange",0.4915,0,1
"BE1.Orange",552.758351893096,"BE1-Orange",0.511333333333333,0,1
"BE1.Orange",553.568503340757,"BE1-Orange",0.5295,0,1
"BE1.Orange",554.378654788419,"BE1-Orange",0.548666666666667,0,1
"BE1.Orange",555.18880623608,"BE1-Orange",0.571333333333333,0,1
"BE1.Orange",555.998957683742,"BE1-Orange",0.593833333333333,0,1
"BE1.Orange",556.809109131403,"BE1-Orange",0.615166666666667,0,1
"BE1.Orange",557.619260579065,"BE1-Orange",0.637666666666667,0,1
"BE1.Orange",558.429412026726,"BE1-Orange",0.660833333333333,0,1
"BE1.Orange",559.239563474388,"BE1-Orange",0.680833333333333,0,1
"BE1.Orange",560.049714922049,"BE1-Orange",0.7025,0,1
"BE1.Orange",560.85986636971,"BE1-Orange",0.723666666666667,0,1
"BE1.Orange",561.670017817372,"BE1-Orange",0.745333333333333,0,1
"BE1.Orange",562.480169265033,"BE1-Orange",0.765666666666667,0,1
"BE1.Orange",563.290320712695,"BE1-Orange",0.791833333333333,0,1
"BE1.Orange",564.100472160356,"BE1-Orange",0.811333333333333,0,1
"BE1.Orange",564.910623608018,"BE1-Orange",0.833,0,2
"BE1.Orange",565.720775055679,"BE1-Orange",0.855166666666667,0,2
"BE1.Orange",566.530926503341,"BE1-Orange",0.877,0,2
"BE1.Orange",567.341077951002,"BE1-Orange",0.895166666666667,0,2
"BE1.Orange",568.151229398664,"BE1-Orange",0.918333333333333,0,2
"BE1.Orange",568.961380846325,"BE1-Orange",0.939333333333333,0,2
"BE1.Orange",569.771532293987,"BE1-Orange",0.959333333333333,0,2
"BE1.Orange",570.581683741648,"BE1-Orange",0.981833333333333,0,2
"BE1.Orange",571.39183518931,"BE1-Orange",1.00566666666667,0,2
"BE1.Orange",572.201986636971,"BE1-Orange",1.03033333333333,0,2
"BE1.Orange",573.012138084633,"BE1-Orange",1.05316666666667,0,2
"BE1.Orange",573.822289532294,"BE1-Orange",1.07783333333333,0,2
"BE1.Orange",574.632440979955,"BE1-Orange",1.10266666666667,0,2
"BE1.Orange",575.442592427617,"BE1-Orange",1.1265,0,2
"BE1.Orange",576.252743875278,"BE1-Orange",1.1545,0,2
"BE1.Orange",577.06289532294,"BE1-Orange",1.181,0,2
"BE1.Orange",577.873046770601,"BE1-Orange",1.20666666666667,0,2
"BE1.Orange",578.683198218263,"BE1-Orange",1.2295,0,2
"BE1.Orange",579.493349665924,"BE1-Orange",1.25616666666667,0,2
"BE1.Orange",580.303501113586,"BE1-Orange",1.28283333333333,0,2
"BE1.Orange",581.113652561247,"BE1-Orange",1.309,0,2
"BE1.Orange",581.923804008909,"BE1-Orange",1.33866666666667,0,2
"BE1.Orange",582.73395545657,"BE1-Orange",1.36633333333333,0,2
"BE1.Orange",583.544106904232,"BE1-Orange",1.39866666666667,0,2
"BE1.Orange",584.354258351893,"BE1-Orange",1.42933333333333,0,2
"BE1.Orange",585.164409799555,"BE1-Orange",1.4595,0,2
"BE1.Orange",585.974561247216,"BE1-Orange",1.48833333333333,1,3
"BE1.Orange",586.784712694877,"BE1-Orange",1.51883333333333,1,3
"BE1.Orange",587.594864142539,"BE1-Orange",1.54566666666667,1,3
"BE1.Orange",588.4050155902,"BE1-Orange",1.575,1,3
"BE1.Orange",589.215167037862,"BE1-Orange",1.60816666666667,1,3
"BE1.Orange",590.025318485523,"BE1-Orange",1.6405,1,3
"BE1.Orange",590.835469933185,"BE1-Orange",1.67533333333333,1,3
"BE1.Orange",591.645621380846,"BE1-Orange",1.71466666666667,1,3
"BE1.Orange",592.455772828508,"BE1-Orange",1.75083333333333,1,3
"BE1.Orange",593.265924276169,"BE1-Orange",1.78833333333333,1,3
"BE1.Orange",594.076075723831,"BE1-Orange",1.82716666666667,1,3
"BE1.Orange",594.886227171492,"BE1-Orange",1.86616666666667,1,3
"BE1.Orange",595.696378619154,"BE1-Orange",1.89883333333333,1,3
"BE1.Orange",596.506530066815,"BE1-Orange",1.9365,1,3
"BE1.Orange",597.316681514477,"BE1-Orange",1.97766666666667,1,3
"BE1.Orange",598.126832962138,"BE1-Orange",2.0215,1,3
"BE1.Orange",598.936984409799,"BE1-Orange",2.0625,1,3
"BE1.Orange",599.747135857461,"BE1-Orange",2.11016666666667,1,3
"BE1.Orange",600.557287305122,"BE1-Orange",2.158,1,3
"BE1.Orange",601.367438752784,"BE1-Orange",2.20383333333333,1,3
"BE1.Orange",602.177590200445,"BE1-Orange",2.2525,1,3
"BE1.Orange",602.987741648107,"BE1-Orange",2.31366666666667,1,4
"BE1.Orange",603.797893095768,"BE1-Orange",2.3725,1,4
"BE1.Orange",604.60804454343,"BE1-Orange",2.4365,1,4
"BE1.Orange",605.418195991091,"BE1-Orange",2.50616666666667,1,4
"BE1.Orange",606.228347438753,"BE1-Orange",2.573,1,4
"BE1.Orange",607.038498886414,"BE1-Orange",2.64516666666667,1,4
"BE1.Orange",607.848650334076,"BE1-Orange",2.715,1,4
"BE1.Orange",608.658801781737,"BE1-Orange",2.79116666666667,1,4
"BE1.Orange",609.468953229399,"BE1-Orange",2.87,1,4
"BE1.Orange",610.27910467706,"BE1-Orange",2.94966666666667,2,5
"BE1.Orange",611.089256124721,"BE1-Orange",3.03216666666667,2,5
"BE1.Orange",611.899407572383,"BE1-Orange",3.11716666666667,2,5
"BE1.Orange",612.709559020044,"BE1-Orange",3.2085,2,5
"BE1.Orange",613.519710467706,"BE1-Orange",3.29016666666667,2,5
"BE1.Orange",614.329861915367,"BE1-Orange",3.37416666666667,1,5
"BE1.Orange",615.140013363029,"BE1-Orange",3.45916666666667,1,5
"BE1.Orange",615.95016481069,"BE1-Orange",3.54716666666667,1,5
"BE1.Orange",616.760316258352,"BE1-Orange",3.634,1,5
"BE1.Orange",617.570467706013,"BE1-Orange",3.72166666666667,2,6
"BE1.Orange",618.380619153675,"BE1-Orange",3.811,2,6
"BE1.Orange",619.190770601336,"BE1-Orange",3.89066666666667,2,6
"BE1.Orange",620.000922048998,"BE1-Orange",3.96216666666667,2,6
"BE1.Orange",620.811073496659,"BE1-Orange",4.04666666666667,2,6
"BE1.Orange",621.621224944321,"BE1-Orange",4.12933333333333,2,6
"BE1.Orange",622.431376391982,"BE1-Orange",4.20916666666667,2,6
"BE1.Orange",623.241527839644,"BE1-Orange",4.28366666666667,2,6
"BE1.Orange",624.051679287305,"BE1-Orange",4.36,2,6
"BE1.Orange",624.861830734967,"BE1-Orange",4.4365,2,6
"BE1.Orange",625.671982182628,"BE1-Orange",4.50366666666667,2,6
"BE1.Orange",626.482133630289,"BE1-Orange",4.57333333333333,2,6
"BE1.Orange",627.292285077951,"BE1-Orange",4.64183333333333,2,6
"BE1.Orange",628.102436525612,"BE1-Orange",4.71333333333333,2,6
"BE1.Orange",628.912587973274,"BE1-Orange",4.776,3,7
"BE1.Orange",629.722739420935,"BE1-Orange",4.85483333333333,3,7
"BE1.Orange",630.532890868597,"BE1-Orange",4.93366666666667,3,7
"BE1.Orange",631.343042316258,"BE1-Orange",5.00983333333333,3,7
"BE1.Orange",632.15319376392,"BE1-Orange",5.09516666666667,3,7
"BE1.Orange",632.963345211581,"BE1-Orange",5.18033333333333,3,7
"BE1.Orange",633.773496659243,"BE1-Orange",5.25466666666667,3,7
"BE1.Orange",634.583648106904,"BE1-Orange",5.3345,3,7
"BE1.Orange",635.393799554566,"BE1-Orange",5.425,3,7
"BE1.Orange",636.203951002227,"BE1-Orange",5.50766666666667,4,7
"BE1.Orange",637.014102449889,"BE1-Orange",5.60216666666667,4,7
"BE1.Orange",637.82425389755,"BE1-Orange",5.70216666666667,3,7
"BE1.Orange",638.634405345211,"BE1-Orange",5.8155,3,7
"BE1.Orange",639.444556792873,"BE1-Orange",5.92216666666667,4,8
"BE1.Orange",640.254708240534,"BE1-Orange",6.038,4,8
"BE1.Orange",641.064859688196,"BE1-Orange",6.1665,4,8
"BE1.Orange",641.875011135857,"BE1-Orange",6.29166666666667,5,8
"BE1.Orange",642.685162583519,"BE1-Orange",6.43666666666667,5,8
"BE1.Orange",643.49531403118,"BE1-Orange",6.5765,5,8
"BE1.Orange",644.305465478842,"BE1-Orange",6.72166666666667,5,8
"BE1.Orange",645.115616926503,"BE1-Orange",6.8705,5,8
"BE1.Orange",645.925768374165,"BE1-Orange",7.01333333333333,5,8
"BE1.Orange",646.735919821826,"BE1-Orange",7.14616666666667,6,8
"BE1.Orange",647.546071269488,"BE1-Orange",7.277,6,8
"BE1.Orange",648.356222717149,"BE1-Orange",7.40333333333333,6,8
"BE1.Orange",649.166374164811,"BE1-Orange",7.51233333333333,6,8
"BE1.Orange",649.976525612472,"BE1-Orange",7.61816666666667,6,8
"BE1.Orange",650.786677060134,"BE1-Orange",7.71,6,8
"BE1.Orange",651.596828507795,"BE1-Orange",7.79766666666667,7,9
"BE1.Orange",652.406979955457,"BE1-Orange",7.87066666666667,7,9
"BE1.Orange",653.217131403118,"BE1-Orange",7.93583333333333,7,9
"BE1.Orange",654.027282850779,"BE1-Orange",7.9945,7,9
"BE1.Orange",654.837434298441,"BE1-Orange",8.055,7,9
"BE1.Orange",655.647585746102,"BE1-Orange",8.11016666666667,7,9
"BE1.Orange",656.457737193764,"BE1-Orange",8.16916666666667,8,9
"BE1.Orange",657.267888641425,"BE1-Orange",8.22666666666667,8,9
"BE1.Orange",658.078040089087,"BE1-Orange",8.28233333333333,8,9
"BE1.Orange",658.888191536748,"BE1-Orange",8.33533333333333,8,9
"BE1.Orange",659.69834298441,"BE1-Orange",8.39366666666667,8,9
"BE1.Orange",660.508494432071,"BE1-Orange",8.45633333333333,8,9
"BE1.Orange",661.318645879733,"BE1-Orange",8.50433333333333,8,9
"BE1.Orange",662.128797327394,"BE1-Orange",8.55583333333333,8,9
"BE1.Orange",662.938948775056,"BE1-Orange",8.6,8,9
"BE1.Orange",663.749100222717,"BE1-Orange",8.64166666666667,8,9
"BE1.Orange",664.559251670379,"BE1-Orange",8.68016666666667,8,9
"BE1.Orange",665.36940311804,"BE1-Orange",8.71316666666667,8,9
"BE1.Orange",666.179554565701,"BE1-Orange",8.74333333333333,8,9
"BE1.Orange",666.989706013363,"BE1-Orange",8.77033333333333,8,9
"BE1.Orange",667.799857461024,"BE1-Orange",8.79116666666667,8,9
"BE1.Orange",668.610008908686,"BE1-Orange",8.81216666666667,8,9
"BE1.Orange",669.420160356347,"BE1-Orange",8.83,8,9
"BE1.Orange",670.230311804009,"BE1-Orange",8.8435,8,9
"BE1.Orange",671.04046325167,"BE1-Orange",8.8555,8,9
"BE1.Orange",671.850614699332,"BE1-Orange",8.86766666666667,8,9
"BE1.Orange",672.660766146993,"BE1-Orange",8.87633333333333,8,9
"BE1.Orange",673.470917594655,"BE1-Orange",8.884,8,9
"BE1.Orange",674.281069042316,"BE1-Orange",8.89,8,9
"BE1.Orange",675.091220489978,"BE1-Orange",8.895,8,9
"BE1.Orange",675.901371937639,"BE1-Orange",8.90116666666667,8,9
"BE1.Orange",676.711523385301,"BE1-Orange",8.9065,8,9
"BE1.Orange",677.521674832962,"BE1-Orange",8.91,8,9
"BE1.Orange",678.331826280624,"BE1-Orange",8.91233333333333,8,9
"BE1.Orange",679.141977728285,"BE1-Orange",8.9165,8,9
"BE1.Orange",679.952129175947,"BE1-Orange",8.9185,8,9
"BE1.Orange",680.762280623608,"BE1-Orange",8.9205,8,9
"BE1.Orange",681.572432071269,"BE1-Orange",8.92183333333333,8,9
"BE1.Orange",682.382583518931,"BE1-Orange",8.92316666666667,8,9
"BE1.Orange",683.192734966592,"BE1-Orange",8.924,8,9
"BE1.Orange",684.002886414254,"BE1-Orange",8.92516666666667,8,9
"BE1.Orange",684.813037861915,"BE1-Orange",8.92666666666667,8,9
"BE1.Orange",685.623189309577,"BE1-Orange",8.92833333333333,8,9
"BE1.Orange",686.433340757238,"BE1-Orange",8.929,8,9
"BE1.Orange",687.2434922049,"BE1-Orange",8.92966666666667,8,9
"BE1.Orange",688.053643652561,"BE1-Orange",8.93033333333333,8,9
"BE1.Orange",688.863795100223,"BE1-Orange",8.9305,8,9
"BE1.Orange",689.673946547884,"BE1-Orange",8.93083333333333,8,9
"BE1.Orange",690.484097995546,"BE1-Orange",8.93133333333333,8,9
"BE1.Orange",691.294249443207,"BE1-Orange",8.9315,8,9
"BE1.Orange",692.104400890869,"BE1-Orange",8.932,8,9
"BE1.Orange",692.91455233853,"BE1-Orange",8.93233333333333,8,9
"BE1.Orange",693.724703786191,"BE1-Orange",8.9325,8,9
"BE1.Orange",694.534855233853,"BE1-Orange",8.93316666666667,8,9
"BE1.Orange",695.345006681514,"BE1-Orange",8.9335,8,9
"BE1.Orange",696.155158129176,"BE1-Orange",8.93366666666667,8,9
"BE1.Orange",696.965309576837,"BE1-Orange",8.93416666666667,8,9
"BE1.Orange",697.775461024499,"BE1-Orange",8.935,8,9
"BE1.Orange",698.58561247216,"BE1-Orange",8.935,8,9
"BE1.Orange",699.395763919822,"BE1-Orange",8.93516666666667,8,9
"BE1.Orange",700.205915367483,"BE1-Orange",8.936,8,9
"BE1.Orange",701.016066815145,"BE1-Orange",8.9365,8,9
"BE1.Orange",701.826218262806,"BE1-Orange",8.93716666666667,8,9
"BE1.Orange",702.636369710468,"BE1-Orange",8.93766666666667,8,9
"BE1.Orange",703.446521158129,"BE1-Orange",8.93766666666667,8,9
"BE1.Orange",704.256672605791,"BE1-Orange",8.938,8,9
"BE1.Orange",705.066824053452,"BE1-Orange",8.93833333333333,8,9
"BE1.Orange",705.876975501114,"BE1-Orange",8.9385,8,9
"BE1.Orange",706.687126948775,"BE1-Orange",8.93866666666667,8,9
"BE1.Orange",707.497278396437,"BE1-Orange",8.93866666666667,8,9
"BE1.Orange",708.307429844098,"BE1-Orange",8.93883333333333,8,9
"BE1.Orange",709.117581291759,"BE1-Orange",8.939,8,9
"BE1.Orange",709.927732739421,"BE1-Orange",8.939,8,9
"BE1.Orange",710.737884187082,"BE1-Orange",8.939,8,9
"BE1.Orange",711.548035634744,"BE1-Orange",8.939,8,9
"BE1.Orange",712.358187082405,"BE1-Orange",8.939,8,9
"BE1.Orange",713.168338530067,"BE1-Orange",8.939,8,9
"BE1.Orange",713.978489977728,"BE1-Orange",8.93916666666667,8,9
"BE1.Orange",714.78864142539,"BE1-Orange",8.93916666666667,8,9
"BE1.Orange",715.598792873051,"BE1-Orange",8.93933333333333,8,9
"BE1.Orange",716.408944320713,"BE1-Orange",8.93933333333333,8,9
"BE1.Orange",717.219095768374,"BE1-Orange",8.93933333333333,8,9
"BE1.Orange",718.029247216036,"BE1-Orange",8.93933333333333,8,9
"BE1.Orange",718.839398663697,"BE1-Orange",8.9395,8,9
"BE1.Orange",719.649550111359,"BE1-Orange",8.93966666666667,8,9
"BE1.Orange",720.45970155902,"BE1-Orange",8.93966666666667,8,9
"BE1.Orange",721.269853006681,"BE1-Orange",8.93966666666667,8,9
"BE1.Orange",722.080004454343,"BE1-Orange",8.93966666666667,8,9
"BE1.Orange",722.890155902004,"BE1-Orange",8.93966666666667,8,9
"BE1.Orange",723.700307349666,"BE1-Orange",8.94,8,9
"BE1.Orange",724.510458797327,"BE1-Orange",8.94,8,9
"BE1.Orange",725.320610244989,"BE1-Orange",8.94,8,9
"BE1.Orange",726.13076169265,"BE1-Orange",8.94016666666667,8,9
"BE1.Orange",726.940913140312,"BE1-Orange",8.94033333333333,8,9
"BE1.Orange",727.751064587973,"BE1-Orange",8.94066666666667,8,9
"BE1.Orange",728.561216035635,"BE1-Orange",8.94066666666667,8,9
"BE1.Orange",729.371367483296,"BE1-Orange",8.94066666666667,8,9
"BE1.Orange",730.181518930958,"BE1-Orange",8.94066666666667,8,9
"BE1.Orange",730.991670378619,"BE1-Orange",8.94133333333333,8,9
"BE1.Orange",731.801821826281,"BE1-Orange",8.94166666666667,8,9
"BE1.Orange",732.611973273942,"BE1-Orange",8.94166666666667,8,9
"BE1.Orange",733.422124721603,"BE1-Orange",8.94166666666667,8,9
"BE1.Orange",734.232276169265,"BE1-Orange",8.94183333333333,8,9
"BE1.Orange",735.042427616926,"BE1-Orange",8.94216666666667,8,9
"BE1.Orange",735.852579064588,"BE1-Orange",8.94233333333333,8,9
"BE1.Orange",736.662730512249,"BE1-Orange",8.94233333333333,8,9
"BE1.Orange",737.472881959911,"BE1-Orange",8.94233333333333,8,9
"BE1.Orange",738.283033407572,"BE1-Orange",8.94233333333333,8,9
"BE1.Orange",739.093184855234,"BE1-Orange",8.94233333333333,8,9
"BE1.Orange",739.903336302895,"BE1-Orange",8.94283333333333,8,9
"BE1.Orange",740.713487750557,"BE1-Orange",8.94316666666667,8,9
"BE1.Orange",741.523639198218,"BE1-Orange",8.94366666666667,8,9
"BE1.Orange",742.33379064588,"BE1-Orange",8.944,8,9
"BE1.Orange",743.143942093541,"BE1-Orange",8.945,8,9
"BE1.Orange",743.954093541203,"BE1-Orange",8.94566666666667,8,9
"BE1.Orange",744.764244988864,"BE1-Orange",8.94633333333333,8,9
"BE1.Orange",745.574396436526,"BE1-Orange",8.9465,8,9
"BE1.Orange",746.384547884187,"BE1-Orange",8.94783333333333,8,9
"BE1.Orange",747.194699331848,"BE1-Orange",8.94983333333333,9,9
"BE1.Orange",748.00485077951,"BE1-Orange",8.95183333333333,9,9
"BE1.Orange",748.815002227171,"BE1-Orange",8.95283333333333,9,9
"BE1.Orange",749.625153674833,"BE1-Orange",8.95483333333333,9,9
"BE1.Orange",750.435305122494,"BE1-Orange",8.9565,9,9
"BE1.Orange",751.245456570156,"BE1-Orange",8.95833333333333,9,9
"BE1.Orange",752.055608017817,"BE1-Orange",8.96,9,9
"BE1.Orange",752.865759465479,"BE1-Orange",8.96083333333333,9,9
"BE1.Orange",753.67591091314,"BE1-Orange",8.964,9,9
"BE1.Orange",754.486062360802,"BE1-Orange",8.96783333333333,9,9
"BE1.Orange",755.296213808463,"BE1-Orange",8.97133333333333,9,9
"BE1.Orange",756.106365256125,"BE1-Orange",8.97516666666667,9,9
"BE1.Orange",756.916516703786,"BE1-Orange",8.97833333333333,9,9
"BE1.Orange",757.726668151448,"BE1-Orange",8.97933333333333,9,9
"BE1.Orange",758.536819599109,"BE1-Orange",8.98133333333333,9,9
"BE1.Orange",759.34697104677,"BE1-Orange",8.98216666666667,9,9
"BE1.Orange",760.157122494432,"BE1-Orange",8.98333333333333,9,9
"BE1.Orange",760.967273942093,"BE1-Orange",8.984,9,9
"BE1.Orange",761.777425389755,"BE1-Orange",8.98533333333333,9,9
"BE1.Orange",762.587576837416,"BE1-Orange",8.986,9,9
"BE1.Orange",763.397728285078,"BE1-Orange",8.98666666666667,9,9
"BE1.Orange",764.207879732739,"BE1-Orange",8.988,9,9
"BE1.Orange",765.018031180401,"BE1-Orange",8.989,9,9
"BE1.Orange",765.828182628062,"BE1-Orange",8.99033333333333,9,9
"BE1.Orange",766.638334075724,"BE1-Orange",8.991,9,9
"BE1.Orange",767.448485523385,"BE1-Orange",8.99183333333333,9,9
"BE1.Orange",768.258636971047,"BE1-Orange",8.99266666666667,9,9
"BE1.Orange",769.068788418708,"BE1-Orange",8.99466666666667,9,9
"BE1.Orange",769.87893986637,"BE1-Orange",8.99566666666667,9,9
"BE1.Orange",770.689091314031,"BE1-Orange",8.99783333333333,9,9
"BE1.Orange",771.499242761693,"BE1-Orange",8.99833333333333,9,9
"BE1.Orange",772.309394209354,"BE1-Orange",8.999,9,9
"BE1.Orange",773.119545657016,"BE1-Orange",8.99933333333333,9,9
"BE1.Orange",773.929697104677,"BE1-Orange",8.99933333333333,9,9
"BE1.Orange",774.739848552338,"BE1-Orange",8.9995,9,9
"BE1.Orange",775.55,"BE1-Orange",9,9,9
"BE1.Cowrie",433.841,"BE1-Cowrie",0.000166666666666667,0,0
"BE1.Cowrie",434.848345211581,"BE1-Cowrie",0.000166666666666667,0,0
"BE1.Cowrie",435.855690423163,"BE1-Cowrie",0.000166666666666667,0,0
"BE1.Cowrie",436.863035634744,"BE1-Cowrie",0.000166666666666667,0,0
"BE1.Cowrie",437.870380846325,"BE1-Cowrie",0.000166666666666667,0,0
"BE1.Cowrie",438.877726057906,"BE1-Cowrie",0.000166666666666667,0,0
"BE1.Cowrie",439.885071269488,"BE1-Cowrie",0.000166666666666667,0,0
"BE1.Cowrie",440.892416481069,"BE1-Cowrie",0.000166666666666667,0,0
"BE1.Cowrie",441.89976169265,"BE1-Cowrie",0.000333333333333333,0,0
"BE1.Cowrie",442.907106904232,"BE1-Cowrie",0.000333333333333333,0,0
"BE1.Cowrie",443.914452115813,"BE1-Cowrie",0.000333333333333333,0,0
"BE1.Cowrie",444.921797327394,"BE1-Cowrie",0.000333333333333333,0,0
"BE1.Cowrie",445.929142538975,"BE1-Cowrie",0.000333333333333333,0,0
"BE1.Cowrie",446.936487750557,"BE1-Cowrie",0.000333333333333333,0,0
"BE1.Cowrie",447.943832962138,"BE1-Cowrie",0.000333333333333333,0,0
"BE1.Cowrie",448.951178173719,"BE1-Cowrie",0.000333333333333333,0,0
"BE1.Cowrie",449.958523385301,"BE1-Cowrie",0.000333333333333333,0,0
"BE1.Cowrie",450.965868596882,"BE1-Cowrie",0.000333333333333333,0,0
"BE1.Cowrie",451.973213808463,"BE1-Cowrie",0.000333333333333333,0,0
"BE1.Cowrie",452.980559020045,"BE1-Cowrie",5e-04,0,0
"BE1.Cowrie",453.987904231626,"BE1-Cowrie",5e-04,0,0
"BE1.Cowrie",454.995249443207,"BE1-Cowrie",5e-04,0,0
"BE1.Cowrie",456.002594654788,"BE1-Cowrie",5e-04,0,0
"BE1.Cowrie",457.00993986637,"BE1-Cowrie",5e-04,0,0
"BE1.Cowrie",458.017285077951,"BE1-Cowrie",5e-04,0,0
"BE1.Cowrie",459.024630289532,"BE1-Cowrie",5e-04,0,0
"BE1.Cowrie",460.031975501114,"BE1-Cowrie",5e-04,0,0
"BE1.Cowrie",461.039320712695,"BE1-Cowrie",5e-04,0,0
"BE1.Cowrie",462.046665924276,"BE1-Cowrie",5e-04,0,0
"BE1.Cowrie",463.054011135857,"BE1-Cowrie",5e-04,0,0
"BE1.Cowrie",464.061356347439,"BE1-Cowrie",5e-04,0,0
"BE1.Cowrie",465.06870155902,"BE1-Cowrie",5e-04,0,0
"BE1.Cowrie",466.076046770601,"BE1-Cowrie",5e-04,0,0
"BE1.Cowrie",467.083391982183,"BE1-Cowrie",5e-04,0,0
"BE1.Cowrie",468.090737193764,"BE1-Cowrie",5e-04,0,0
"BE1.Cowrie",469.098082405345,"BE1-Cowrie",5e-04,0,0
"BE1.Cowrie",470.105427616927,"BE1-Cowrie",5e-04,0,0
"BE1.Cowrie",471.112772828508,"BE1-Cowrie",0.000666666666666667,0,0
"BE1.Cowrie",472.120118040089,"BE1-Cowrie",0.000666666666666667,0,0
"BE1.Cowrie",473.12746325167,"BE1-Cowrie",0.000666666666666667,0,0
"BE1.Cowrie",474.134808463252,"BE1-Cowrie",0.000666666666666667,0,0
"BE1.Cowrie",475.142153674833,"BE1-Cowrie",0.000666666666666667,0,0
"BE1.Cowrie",476.149498886414,"BE1-Cowrie",0.000666666666666667,0,0
"BE1.Cowrie",477.156844097996,"BE1-Cowrie",0.001,0,0
"BE1.Cowrie",478.164189309577,"BE1-Cowrie",0.001,0,0
"BE1.Cowrie",479.171534521158,"BE1-Cowrie",0.00116666666666667,0,0
"BE1.Cowrie",480.178879732739,"BE1-Cowrie",0.00133333333333333,0,0
"BE1.Cowrie",481.186224944321,"BE1-Cowrie",0.00133333333333333,0,0
"BE1.Cowrie",482.193570155902,"BE1-Cowrie",0.00133333333333333,0,0
"BE1.Cowrie",483.200915367483,"BE1-Cowrie",0.0015,0,0
"BE1.Cowrie",484.208260579065,"BE1-Cowrie",0.0015,0,0
"BE1.Cowrie",485.215605790646,"BE1-Cowrie",0.0015,0,0
"BE1.Cowrie",486.222951002227,"BE1-Cowrie",0.0015,0,0
"BE1.Cowrie",487.230296213808,"BE1-Cowrie",0.00166666666666667,0,0
"BE1.Cowrie",488.23764142539,"BE1-Cowrie",0.00166666666666667,0,0
"BE1.Cowrie",489.244986636971,"BE1-Cowrie",0.002,0,0
"BE1.Cowrie",490.252331848552,"BE1-Cowrie",0.002,0,0
"BE1.Cowrie",491.259677060134,"BE1-Cowrie",0.00216666666666667,0,0
"BE1.Cowrie",492.267022271715,"BE1-Cowrie",0.00233333333333333,0,0
"BE1.Cowrie",493.274367483296,"BE1-Cowrie",0.00233333333333333,0,0
"BE1.Cowrie",494.281712694878,"BE1-Cowrie",0.00233333333333333,0,0
"BE1.Cowrie",495.289057906459,"BE1-Cowrie",0.00233333333333333,0,0
"BE1.Cowrie",496.29640311804,"BE1-Cowrie",0.00233333333333333,0,0
"BE1.Cowrie",497.303748329621,"BE1-Cowrie",0.0025,0,0
"BE1.Cowrie",498.311093541203,"BE1-Cowrie",0.0025,0,0
"BE1.Cowrie",499.318438752784,"BE1-Cowrie",0.0025,0,0
"BE1.Cowrie",500.325783964365,"BE1-Cowrie",0.00266666666666667,0,0
"BE1.Cowrie",501.333129175947,"BE1-Cowrie",0.00266666666666667,0,0
"BE1.Cowrie",502.340474387528,"BE1-Cowrie",0.00283333333333333,0,0
"BE1.Cowrie",503.347819599109,"BE1-Cowrie",0.00283333333333333,0,0
"BE1.Cowrie",504.35516481069,"BE1-Cowrie",0.00283333333333333,0,0
"BE1.Cowrie",505.362510022272,"BE1-Cowrie",0.00283333333333333,0,0
"BE1.Cowrie",506.369855233853,"BE1-Cowrie",0.00283333333333333,0,0
"BE1.Cowrie",507.377200445434,"BE1-Cowrie",0.00283333333333333,0,0
"BE1.Cowrie",508.384545657016,"BE1-Cowrie",0.00283333333333333,0,0
"BE1.Cowrie",509.391890868597,"BE1-Cowrie",0.00283333333333333,0,0
"BE1.Cowrie",510.399236080178,"BE1-Cowrie",0.00283333333333333,0,0
"BE1.Cowrie",511.406581291759,"BE1-Cowrie",0.00283333333333333,0,0
"BE1.Cowrie",512.413926503341,"BE1-Cowrie",0.00283333333333333,0,0
"BE1.Cowrie",513.421271714922,"BE1-Cowrie",0.00283333333333333,0,0
"BE1.Cowrie",514.428616926503,"BE1-Cowrie",0.00283333333333333,0,0
"BE1.Cowrie",515.435962138085,"BE1-Cowrie",0.00283333333333333,0,0
"BE1.Cowrie",516.443307349666,"BE1-Cowrie",0.00283333333333333,0,0
"BE1.Cowrie",517.450652561247,"BE1-Cowrie",0.00283333333333333,0,0
"BE1.Cowrie",518.457997772829,"BE1-Cowrie",0.00283333333333333,0,0
"BE1.Cowrie",519.46534298441,"BE1-Cowrie",0.00283333333333333,0,0
"BE1.Cowrie",520.472688195991,"BE1-Cowrie",0.00283333333333333,0,0
"BE1.Cowrie",521.480033407572,"BE1-Cowrie",0.00283333333333333,0,0
"BE1.Cowrie",522.487378619154,"BE1-Cowrie",0.00283333333333333,0,0
"BE1.Cowrie",523.494723830735,"BE1-Cowrie",0.00283333333333333,0,0
"BE1.Cowrie",524.502069042316,"BE1-Cowrie",0.00283333333333333,0,0
"BE1.Cowrie",525.509414253898,"BE1-Cowrie",0.00283333333333333,0,0
"BE1.Cowrie",526.516759465479,"BE1-Cowrie",0.00283333333333333,0,0
"BE1.Cowrie",527.52410467706,"BE1-Cowrie",0.00283333333333333,0,0
"BE1.Cowrie",528.531449888641,"BE1-Cowrie",0.00283333333333333,0,0
"BE1.Cowrie",529.538795100223,"BE1-Cowrie",0.00283333333333333,0,0
"BE1.Cowrie",530.546140311804,"BE1-Cowrie",0.00283333333333333,0,0
"BE1.Cowrie",531.553485523385,"BE1-Cowrie",0.00283333333333333,0,0
"BE1.Cowrie",532.560830734967,"BE1-Cowrie",0.00283333333333333,0,0
"BE1.Cowrie",533.568175946548,"BE1-Cowrie",0.00283333333333333,0,0
"BE1.Cowrie",534.575521158129,"BE1-Cowrie",0.00283333333333333,0,0
"BE1.Cowrie",535.58286636971,"BE1-Cowrie",0.00283333333333333,0,0
"BE1.Cowrie",536.590211581292,"BE1-Cowrie",0.00283333333333333,0,0
"BE1.Cowrie",537.597556792873,"BE1-Cowrie",0.003,0,0
"BE1.Cowrie",538.604902004454,"BE1-Cowrie",0.003,0,0
"BE1.Cowrie",539.612247216036,"BE1-Cowrie",0.003,0,0
"BE1.Cowrie",540.619592427617,"BE1-Cowrie",0.003,0,0
"BE1.Cowrie",541.626937639198,"BE1-Cowrie",0.00316666666666667,0,0
"BE1.Cowrie",542.63428285078,"BE1-Cowrie",0.0035,0,0
"BE1.Cowrie",543.641628062361,"BE1-Cowrie",0.00383333333333333,0,0
"BE1.Cowrie",544.648973273942,"BE1-Cowrie",0.00416666666666667,0,0
"BE1.Cowrie",545.656318485523,"BE1-Cowrie",0.0045,0,0
"BE1.Cowrie",546.663663697105,"BE1-Cowrie",0.00483333333333333,0,0
"BE1.Cowrie",547.671008908686,"BE1-Cowrie",0.00616666666666667,0,0
"BE1.Cowrie",548.678354120267,"BE1-Cowrie",0.00683333333333333,0,0
"BE1.Cowrie",549.685699331849,"BE1-Cowrie",0.00883333333333333,0,0
"BE1.Cowrie",550.69304454343,"BE1-Cowrie",0.0106666666666667,0,0
"BE1.Cowrie",551.700389755011,"BE1-Cowrie",0.0115,0,0
"BE1.Cowrie",552.707734966592,"BE1-Cowrie",0.0143333333333333,0,0
"BE1.Cowrie",553.715080178174,"BE1-Cowrie",0.0166666666666667,0,0
"BE1.Cowrie",554.722425389755,"BE1-Cowrie",0.0183333333333333,0,0
"BE1.Cowrie",555.729770601336,"BE1-Cowrie",0.023,0,0
"BE1.Cowrie",556.737115812918,"BE1-Cowrie",0.0265,0,0
"BE1.Cowrie",557.744461024499,"BE1-Cowrie",0.03,0,0
"BE1.Cowrie",558.75180623608,"BE1-Cowrie",0.0336666666666667,0,0
"BE1.Cowrie",559.759151447661,"BE1-Cowrie",0.0385,0,0
"BE1.Cowrie",560.766496659243,"BE1-Cowrie",0.0433333333333333,0,0
"BE1.Cowrie",561.773841870824,"BE1-Cowrie",0.048,0,0
"BE1.Cowrie",562.781187082405,"BE1-Cowrie",0.0535,0,1
"BE1.Cowrie",563.788532293987,"BE1-Cowrie",0.0603333333333333,0,1
"BE1.Cowrie",564.795877505568,"BE1-Cowrie",0.0663333333333333,0,1
"BE1.Cowrie",565.803222717149,"BE1-Cowrie",0.0751666666666667,0,1
"BE1.Cowrie",566.810567928731,"BE1-Cowrie",0.0855,0,1
"BE1.Cowrie",567.817913140312,"BE1-Cowrie",0.0951666666666667,0,1
"BE1.Cowrie",568.825258351893,"BE1-Cowrie",0.109333333333333,0,1
"BE1.Cowrie",569.832603563474,"BE1-Cowrie",0.122,0,1
"BE1.Cowrie",570.839948775056,"BE1-Cowrie",0.137,0,1
"BE1.Cowrie",571.847293986637,"BE1-Cowrie",0.155333333333333,0,1
"BE1.Cowrie",572.854639198218,"BE1-Cowrie",0.177,0,1
"BE1.Cowrie",573.8619844098,"BE1-Cowrie",0.199166666666667,0,1
"BE1.Cowrie",574.869329621381,"BE1-Cowrie",0.222333333333333,0,1
"BE1.Cowrie",575.876674832962,"BE1-Cowrie",0.247166666666667,0,1
"BE1.Cowrie",576.884020044543,"BE1-Cowrie",0.271666666666667,0,1
"BE1.Cowrie",577.891365256125,"BE1-Cowrie",0.296833333333333,0,1
"BE1.Cowrie",578.898710467706,"BE1-Cowrie",0.319166666666667,0,1
"BE1.Cowrie",579.906055679287,"BE1-Cowrie",0.346666666666667,0,1
"BE1.Cowrie",580.913400890869,"BE1-Cowrie",0.375333333333333,0,1
"BE1.Cowrie",581.92074610245,"BE1-Cowrie",0.407,0,1
"BE1.Cowrie",582.928091314031,"BE1-Cowrie",0.438333333333333,0,1
"BE1.Cowrie",583.935436525612,"BE1-Cowrie",0.475833333333333,0,1
"BE1.Cowrie",584.942781737194,"BE1-Cowrie",0.510333333333333,0,2
"BE1.Cowrie",585.950126948775,"BE1-Cowrie",0.542,0,2
"BE1.Cowrie",586.957472160356,"BE1-Cowrie",0.573166666666667,0,2
"BE1.Cowrie",587.964817371938,"BE1-Cowrie",0.606666666666667,0,2
"BE1.Cowrie",588.972162583519,"BE1-Cowrie",0.645833333333333,0,2
"BE1.Cowrie",589.9795077951,"BE1-Cowrie",0.678,0,2
"BE1.Cowrie",590.986853006681,"BE1-Cowrie",0.721,0,2
"BE1.Cowrie",591.994198218263,"BE1-Cowrie",0.7625,0,2
"BE1.Cowrie",593.001543429844,"BE1-Cowrie",0.807166666666667,0,2
"BE1.Cowrie",594.008888641425,"BE1-Cowrie",0.856333333333333,0,2
"BE1.Cowrie",595.016233853007,"BE1-Cowrie",0.898666666666667,0,2
"BE1.Cowrie",596.023579064588,"BE1-Cowrie",0.938333333333333,0,2
"BE1.Cowrie",597.030924276169,"BE1-Cowrie",0.985666666666667,0,2
"BE1.Cowrie",598.038269487751,"BE1-Cowrie",1.03783333333333,0,2
"BE1.Cowrie",599.045614699332,"BE1-Cowrie",1.09083333333333,0,2
"BE1.Cowrie",600.052959910913,"BE1-Cowrie",1.151,0,2
"BE1.Cowrie",601.060305122494,"BE1-Cowrie",1.20966666666667,0,2
"BE1.Cowrie",602.067650334076,"BE1-Cowrie",1.27416666666667,0,3
"BE1.Cowrie",603.074995545657,"BE1-Cowrie",1.3505,0,3
"BE1.Cowrie",604.082340757238,"BE1-Cowrie",1.422,0,3
"BE1.Cowrie",605.08968596882,"BE1-Cowrie",1.491,0,3
"BE1.Cowrie",606.097031180401,"BE1-Cowrie",1.56983333333333,0,3
"BE1.Cowrie",607.104376391982,"BE1-Cowrie",1.654,0,3
"BE1.Cowrie",608.111721603564,"BE1-Cowrie",1.73516666666667,0,3
"BE1.Cowrie",609.119066815145,"BE1-Cowrie",1.81766666666667,0,3
"BE1.Cowrie",610.126412026726,"BE1-Cowrie",1.89733333333333,0,3
"BE1.Cowrie",611.133757238307,"BE1-Cowrie",1.97683333333333,1,4
"BE1.Cowrie",612.141102449889,"BE1-Cowrie",2.0635,1,4
"BE1.Cowrie",613.14844766147,"BE1-Cowrie",2.14566666666667,1,4
"BE1.Cowrie",614.155792873051,"BE1-Cowrie",2.22733333333333,1,4
"BE1.Cowrie",615.163138084632,"BE1-Cowrie",2.313,1,4
"BE1.Cowrie",616.170483296214,"BE1-Cowrie",2.38983333333333,1,4
"BE1.Cowrie",617.177828507795,"BE1-Cowrie",2.47883333333333,1,4
"BE1.Cowrie",618.185173719376,"BE1-Cowrie",2.55483333333333,1,4
"BE1.Cowrie",619.192518930958,"BE1-Cowrie",2.635,1,4
"BE1.Cowrie",620.199864142539,"BE1-Cowrie",2.715,0,4
"BE1.Cowrie",621.20720935412,"BE1-Cowrie",2.79783333333333,1,5
"BE1.Cowrie",622.214554565702,"BE1-Cowrie",2.87883333333333,1,5
"BE1.Cowrie",623.221899777283,"BE1-Cowrie",2.95516666666667,1,5
"BE1.Cowrie",624.229244988864,"BE1-Cowrie",3.0385,1,5
"BE1.Cowrie",625.236590200445,"BE1-Cowrie",3.11933333333333,1,5
"BE1.Cowrie",626.243935412027,"BE1-Cowrie",3.194,1,5
"BE1.Cowrie",627.251280623608,"BE1-Cowrie",3.2715,2,5
"BE1.Cowrie",628.258625835189,"BE1-Cowrie",3.3465,2,5
"BE1.Cowrie",629.265971046771,"BE1-Cowrie",3.41983333333333,2,5
"BE1.Cowrie",630.273316258352,"BE1-Cowrie",3.49983333333333,2,5
"BE1.Cowrie",631.280661469933,"BE1-Cowrie",3.57233333333333,2,5
"BE1.Cowrie",632.288006681515,"BE1-Cowrie",3.64416666666667,2,5
"BE1.Cowrie",633.295351893096,"BE1-Cowrie",3.71966666666667,2,5
"BE1.Cowrie",634.302697104677,"BE1-Cowrie",3.80083333333333,2,5
"BE1.Cowrie",635.310042316258,"BE1-Cowrie",3.884,2,5
"BE1.Cowrie",636.31738752784,"BE1-Cowrie",3.96633333333333,2,5
"BE1.Cowrie",637.324732739421,"BE1-Cowrie",4.05283333333333,2,5
"BE1.Cowrie",638.332077951002,"BE1-Cowrie",4.1365,2,5
"BE1.Cowrie",639.339423162584,"BE1-Cowrie",4.21716666666667,3,5
"BE1.Cowrie",640.346768374165,"BE1-Cowrie",4.29766666666667,3,5
"BE1.Cowrie",641.354113585746,"BE1-Cowrie",4.3845,3,5
"BE1.Cowrie",642.361458797327,"BE1-Cowrie",4.46983333333333,3,5
"BE1.Cowrie",643.368804008909,"BE1-Cowrie",4.554,3,5
"BE1.Cowrie",644.37614922049,"BE1-Cowrie",4.636,2,5
"BE1.Cowrie",645.383494432071,"BE1-Cowrie",4.71566666666667,4,6
"BE1.Cowrie",646.390839643652,"BE1-Cowrie",4.79283333333333,4,6
"BE1.Cowrie",647.398184855234,"BE1-Cowrie",4.86566666666667,4,6
"BE1.Cowrie",648.405530066815,"BE1-Cowrie",4.9385,4,6
"BE1.Cowrie",649.412875278396,"BE1-Cowrie",5.00216666666667,4,6
"BE1.Cowrie",650.420220489978,"BE1-Cowrie",5.07016666666667,4,6
"BE1.Cowrie",651.427565701559,"BE1-Cowrie",5.13266666666667,4,6
"BE1.Cowrie",652.43491091314,"BE1-Cowrie",5.204,4,6
"BE1.Cowrie",653.442256124722,"BE1-Cowrie",5.28216666666667,5,6
"BE1.Cowrie",654.449601336303,"BE1-Cowrie",5.36216666666667,5,6
"BE1.Cowrie",655.456946547884,"BE1-Cowrie",5.44566666666667,5,6
"BE1.Cowrie",656.464291759465,"BE1-Cowrie",5.5355,5,6
"BE1.Cowrie",657.471636971047,"BE1-Cowrie",5.62133333333333,5,7
"BE1.Cowrie",658.478982182628,"BE1-Cowrie",5.71166666666667,5,7
"BE1.Cowrie",659.486327394209,"BE1-Cowrie",5.80433333333333,5,7
"BE1.Cowrie",660.493672605791,"BE1-Cowrie",5.90783333333333,5,7
"BE1.Cowrie",661.501017817372,"BE1-Cowrie",6.002,5,7
"BE1.Cowrie",662.508363028953,"BE1-Cowrie",6.10816666666667,5,7
"BE1.Cowrie",663.515708240535,"BE1-Cowrie",6.21366666666667,5,7
"BE1.Cowrie",664.523053452116,"BE1-Cowrie",6.31816666666667,5,8
"BE1.Cowrie",665.530398663697,"BE1-Cowrie",6.422,5,8
"BE1.Cowrie",666.537743875278,"BE1-Cowrie",6.5145,5,8
"BE1.Cowrie",667.54508908686,"BE1-Cowrie",6.6055,5,8
"BE1.Cowrie",668.552434298441,"BE1-Cowrie",6.701,5,8
"BE1.Cowrie",669.559779510022,"BE1-Cowrie",6.78683333333333,6,8
"BE1.Cowrie",670.567124721604,"BE1-Cowrie",6.8775,6,8
"BE1.Cowrie",671.574469933185,"BE1-Cowrie",6.95683333333333,5,8
"BE1.Cowrie",672.581815144766,"BE1-Cowrie",7.0415,5,8
"BE1.Cowrie",673.589160356347,"BE1-Cowrie",7.115,6,9
"BE1.Cowrie",674.596505567929,"BE1-Cowrie",7.1805,6,9
"BE1.Cowrie",675.60385077951,"BE1-Cowrie",7.242,6,9
"BE1.Cowrie",676.611195991091,"BE1-Cowrie",7.29916666666667,6,9
"BE1.Cowrie",677.618541202673,"BE1-Cowrie",7.35266666666667,6,9
"BE1.Cowrie",678.625886414254,"BE1-Cowrie",7.4,6,9
"BE1.Cowrie",679.633231625835,"BE1-Cowrie",7.4445,6,9
"BE1.Cowrie",680.640576837416,"BE1-Cowrie",7.48483333333333,6,9
"BE1.Cowrie",681.647922048998,"BE1-Cowrie",7.51666666666667,6,9
"BE1.Cowrie",682.655267260579,"BE1-Cowrie",7.5455,6,9
"BE1.Cowrie",683.66261247216,"BE1-Cowrie",7.57316666666667,6,9
"BE1.Cowrie",684.669957683742,"BE1-Cowrie",7.59916666666667,6,9
"BE1.Cowrie",685.677302895323,"BE1-Cowrie",7.62016666666667,6,9
"BE1.Cowrie",686.684648106904,"BE1-Cowrie",7.64033333333333,6,9
"BE1.Cowrie",687.691993318486,"BE1-Cowrie",7.65533333333333,6,9
"BE1.Cowrie",688.699338530067,"BE1-Cowrie",7.66966666666667,6,9
"BE1.Cowrie",689.706683741648,"BE1-Cowrie",7.685,6,9
"BE1.Cowrie",690.714028953229,"BE1-Cowrie",7.697,6,9
"BE1.Cowrie",691.721374164811,"BE1-Cowrie",7.70833333333333,6,9
"BE1.Cowrie",692.728719376392,"BE1-Cowrie",7.71816666666667,6,9
"BE1.Cowrie",693.736064587973,"BE1-Cowrie",7.729,6,9
"BE1.Cowrie",694.743409799555,"BE1-Cowrie",7.74,6,9
"BE1.Cowrie",695.750755011136,"BE1-Cowrie",7.75266666666667,6,9
"BE1.Cowrie",696.758100222717,"BE1-Cowrie",7.7635,6,9
"BE1.Cowrie",697.765445434298,"BE1-Cowrie",7.7745,6,9
"BE1.Cowrie",698.77279064588,"BE1-Cowrie",7.78516666666667,6,9
"BE1.Cowrie",699.780135857461,"BE1-Cowrie",7.79666666666667,6,9
"BE1.Cowrie",700.787481069042,"BE1-Cowrie",7.811,6,9
"BE1.Cowrie",701.794826280624,"BE1-Cowrie",7.8235,6,9
"BE1.Cowrie",702.802171492205,"BE1-Cowrie",7.8365,6,9
"BE1.Cowrie",703.809516703786,"BE1-Cowrie",7.84316666666667,6,9
"BE1.Cowrie",704.816861915368,"BE1-Cowrie",7.8485,6,9
"BE1.Cowrie",705.824207126949,"BE1-Cowrie",7.85366666666667,6,9
"BE1.Cowrie",706.83155233853,"BE1-Cowrie",7.85733333333333,6,9
"BE1.Cowrie",707.838897550111,"BE1-Cowrie",7.8605,6,9
"BE1.Cowrie",708.846242761693,"BE1-Cowrie",7.86283333333333,6,9
"BE1.Cowrie",709.853587973274,"BE1-Cowrie",7.86466666666667,6,9
"BE1.Cowrie",710.860933184855,"BE1-Cowrie",7.86666666666667,6,9
"BE1.Cowrie",711.868278396437,"BE1-Cowrie",7.86816666666667,6,9
"BE1.Cowrie",712.875623608018,"BE1-Cowrie",7.86933333333333,6,9
"BE1.Cowrie",713.882968819599,"BE1-Cowrie",7.87083333333333,6,9
"BE1.Cowrie",714.89031403118,"BE1-Cowrie",7.8725,6,9
"BE1.Cowrie",715.897659242762,"BE1-Cowrie",7.87383333333333,6,9
"BE1.Cowrie",716.905004454343,"BE1-Cowrie",7.876,6,9
"BE1.Cowrie",717.912349665924,"BE1-Cowrie",7.87816666666667,6,9
"BE1.Cowrie",718.919694877506,"BE1-Cowrie",7.87883333333333,6,9
"BE1.Cowrie",719.927040089087,"BE1-Cowrie",7.87966666666667,6,9
"BE1.Cowrie",720.934385300668,"BE1-Cowrie",7.88166666666667,6,9
"BE1.Cowrie",721.941730512249,"BE1-Cowrie",7.88283333333333,6,9
"BE1.Cowrie",722.949075723831,"BE1-Cowrie",7.88416666666667,6,9
"BE1.Cowrie",723.956420935412,"BE1-Cowrie",7.886,6,9
"BE1.Cowrie",724.963766146993,"BE1-Cowrie",7.88733333333333,6,9
"BE1.Cowrie",725.971111358575,"BE1-Cowrie",7.8905,6,9
"BE1.Cowrie",726.978456570156,"BE1-Cowrie",7.8955,7,9
"BE1.Cowrie",727.985801781737,"BE1-Cowrie",7.89916666666667,7,9
"BE1.Cowrie",728.993146993319,"BE1-Cowrie",7.90183333333333,7,9
"BE1.Cowrie",730.0004922049,"BE1-Cowrie",7.90433333333333,7,9
"BE1.Cowrie",731.007837416481,"BE1-Cowrie",7.908,7,9
"BE1.Cowrie",732.015182628062,"BE1-Cowrie",7.91083333333333,7,9
"BE1.Cowrie",733.022527839644,"BE1-Cowrie",7.914,7,9
"BE1.Cowrie",734.029873051225,"BE1-Cowrie",7.91616666666667,7,9
"BE1.Cowrie",735.037218262806,"BE1-Cowrie",7.91983333333333,7,9
"BE1.Cowrie",736.044563474388,"BE1-Cowrie",7.92366666666667,7,9
"BE1.Cowrie",737.051908685969,"BE1-Cowrie",7.927,7,9
"BE1.Cowrie",738.05925389755,"BE1-Cowrie",7.932,7,9
"BE1.Cowrie",739.066599109131,"BE1-Cowrie",7.93716666666667,7,9
"BE1.Cowrie",740.073944320713,"BE1-Cowrie",7.9445,7,9
"BE1.Cowrie",741.081289532294,"BE1-Cowrie",7.95366666666667,7,9
"BE1.Cowrie",742.088634743875,"BE1-Cowrie",7.96466666666667,7,9
"BE1.Cowrie",743.095979955457,"BE1-Cowrie",7.97933333333333,7,9
"BE1.Cowrie",744.103325167038,"BE1-Cowrie",7.99783333333333,7,9
"BE1.Cowrie",745.110670378619,"BE1-Cowrie",8.0185,7,9
"BE1.Cowrie",746.1180155902,"BE1-Cowrie",8.0475,7,9
"BE1.Cowrie",747.125360801782,"BE1-Cowrie",8.08366666666667,7,9
"BE1.Cowrie",748.132706013363,"BE1-Cowrie",8.11833333333333,7,9
"BE1.Cowrie",749.140051224944,"BE1-Cowrie",8.15833333333333,7,9
"BE1.Cowrie",750.147396436526,"BE1-Cowrie",8.20333333333333,7,9
"BE1.Cowrie",751.154741648107,"BE1-Cowrie",8.24516666666667,7,9
"BE1.Cowrie",752.162086859688,"BE1-Cowrie",8.288,7,9
"BE1.Cowrie",753.16943207127,"BE1-Cowrie",8.34283333333333,7,9
"BE1.Cowrie",754.176777282851,"BE1-Cowrie",8.39516666666667,7,9
"BE1.Cowrie",755.184122494432,"BE1-Cowrie",8.4525,7,9
"BE1.Cowrie",756.191467706013,"BE1-Cowrie",8.50816666666667,7,9
"BE1.Cowrie",757.198812917595,"BE1-Cowrie",8.55833333333333,7,9
"BE1.Cowrie",758.206158129176,"BE1-Cowrie",8.59983333333333,8,9
"BE1.Cowrie",759.213503340757,"BE1-Cowrie",8.64,8,9
"BE1.Cowrie",760.220848552339,"BE1-Cowrie",8.67066666666667,8,9
"BE1.Cowrie",761.22819376392,"BE1-Cowrie",8.6985,8,9
"BE1.Cowrie",762.235538975501,"BE1-Cowrie",8.72233333333333,8,9
"BE1.Cowrie",763.242884187082,"BE1-Cowrie",8.74933333333333,8,9
"BE1.Cowrie",764.250229398664,"BE1-Cowrie",8.7705,8,9
"BE1.Cowrie",765.257574610245,"BE1-Cowrie",8.79283333333333,8,9
"BE1.Cowrie",766.264919821826,"BE1-Cowrie",8.814,8,9
"BE1.Cowrie",767.272265033408,"BE1-Cowrie",8.8385,8,9
"BE1.Cowrie",768.279610244989,"BE1-Cowrie",8.86583333333333,8,9
"BE1.Cowrie",769.28695545657,"BE1-Cowrie",8.89416666666667,8,9
"BE1.Cowrie",770.294300668151,"BE1-Cowrie",8.92983333333333,8,9
"BE1.Cowrie",771.301645879733,"BE1-Cowrie",8.95666666666667,9,9
"BE1.Cowrie",772.308991091314,"BE1-Cowrie",8.97133333333333,9,9
"BE1.Cowrie",773.316336302895,"BE1-Cowrie",8.97633333333333,9,9
"BE1.Cowrie",774.323681514477,"BE1-Cowrie",8.98016666666667,9,9
"BE1.Cowrie",775.331026726058,"BE1-Cowrie",8.98266666666667,9,9
"BE1.Cowrie",776.338371937639,"BE1-Cowrie",8.98433333333333,9,9
"BE1.Cowrie",777.34571714922,"BE1-Cowrie",8.985,9,9
"BE1.Cowrie",778.353062360802,"BE1-Cowrie",8.98516666666667,9,9
"BE1.Cowrie",779.360407572383,"BE1-Cowrie",8.98533333333333,9,9
"BE1.Cowrie",780.367752783964,"BE1-Cowrie",8.98533333333333,9,9
"BE1.Cowrie",781.375097995546,"BE1-Cowrie",8.98533333333333,9,9
"BE1.Cowrie",782.382443207127,"BE1-Cowrie",8.9855,9,9
"BE1.Cowrie",783.389788418708,"BE1-Cowrie",8.9855,9,9
"BE1.Cowrie",784.39713363029,"BE1-Cowrie",8.9855,9,9
"BE1.Cowrie",785.404478841871,"BE1-Cowrie",8.9855,9,9
"BE1.Cowrie",786.411824053452,"BE1-Cowrie",8.9855,9,9
"BE1.Cowrie",787.419169265033,"BE1-Cowrie",8.9855,9,9
"BE1.Cowrie",788.426514476615,"BE1-Cowrie",8.98566666666667,9,9
"BE1.Cowrie",789.433859688196,"BE1-Cowrie",8.98566666666667,9,9
"BE1.Cowrie",790.441204899777,"BE1-Cowrie",8.986,9,9
"BE1.Cowrie",791.448550111359,"BE1-Cowrie",8.98616666666667,9,9
"BE1.Cowrie",792.45589532294,"BE1-Cowrie",8.98666666666667,9,9
"BE1.Cowrie",793.463240534521,"BE1-Cowrie",8.98683333333333,9,9
"BE1.Cowrie",794.470585746102,"BE1-Cowrie",8.98683333333333,9,9
"BE1.Cowrie",795.477930957684,"BE1-Cowrie",8.98733333333333,9,9
"BE1.Cowrie",796.485276169265,"BE1-Cowrie",8.98766666666667,9,9
"BE1.Cowrie",797.492621380846,"BE1-Cowrie",8.988,9,9
"BE1.Cowrie",798.499966592428,"BE1-Cowrie",8.98816666666667,9,9
"BE1.Cowrie",799.507311804009,"BE1-Cowrie",8.9885,9,9
"BE1.Cowrie",800.51465701559,"BE1-Cowrie",8.98866666666667,9,9
"BE1.Cowrie",801.522002227171,"BE1-Cowrie",8.98883333333333,9,9
"BE1.Cowrie",802.529347438753,"BE1-Cowrie",8.989,9,9
"BE1.Cowrie",803.536692650334,"BE1-Cowrie",8.989,9,9
"BE1.Cowrie",804.544037861915,"BE1-Cowrie",8.98966666666667,9,9
"BE1.Cowrie",805.551383073497,"BE1-Cowrie",8.98983333333333,9,9
"BE1.Cowrie",806.558728285078,"BE1-Cowrie",8.99,9,9
"BE1.Cowrie",807.566073496659,"BE1-Cowrie",8.99033333333333,9,9
"BE1.Cowrie",808.573418708241,"BE1-Cowrie",8.99066666666667,9,9
"BE1.Cowrie",809.580763919822,"BE1-Cowrie",8.99083333333333,9,9
"BE1.Cowrie",810.588109131403,"BE1-Cowrie",8.99133333333333,9,9
"BE1.Cowrie",811.595454342984,"BE1-Cowrie",8.99183333333333,9,9
"BE1.Cowrie",812.602799554566,"BE1-Cowrie",8.99283333333333,9,9
"BE1.Cowrie",813.610144766147,"BE1-Cowrie",8.99316666666667,9,9
"BE1.Cowrie",814.617489977728,"BE1-Cowrie",8.9935,9,9
"BE1.Cowrie",815.62483518931,"BE1-Cowrie",8.9935,9,9
"BE1.Cowrie",816.632180400891,"BE1-Cowrie",8.994,9,9
"BE1.Cowrie",817.639525612472,"BE1-Cowrie",8.99433333333333,9,9
"BE1.Cowrie",818.646870824053,"BE1-Cowrie",8.99483333333333,9,9
"BE1.Cowrie",819.654216035635,"BE1-Cowrie",8.995,9,9
"BE1.Cowrie",820.661561247216,"BE1-Cowrie",8.995,9,9
"BE1.Cowrie",821.668906458797,"BE1-Cowrie",8.9955,9,9
"BE1.Cowrie",822.676251670379,"BE1-Cowrie",8.9955,9,9
"BE1.Cowrie",823.68359688196,"BE1-Cowrie",8.9955,9,9
"BE1.Cowrie",824.690942093541,"BE1-Cowrie",8.99566666666667,9,9
"BE1.Cowrie",825.698287305122,"BE1-Cowrie",8.99583333333333,9,9
"BE1.Cowrie",826.705632516704,"BE1-Cowrie",8.99583333333333,9,9
"BE1.Cowrie",827.712977728285,"BE1-Cowrie",8.99616666666667,9,9
"BE1.Cowrie",828.720322939866,"BE1-Cowrie",8.99633333333333,9,9
"BE1.Cowrie",829.727668151448,"BE1-Cowrie",8.99633333333333,9,9
"BE1.Cowrie",830.735013363029,"BE1-Cowrie",8.9965,9,9
"BE1.Cowrie",831.74235857461,"BE1-Cowrie",8.9965,9,9
"BE1.Cowrie",832.749703786192,"BE1-Cowrie",8.99666666666667,9,9
"BE1.Cowrie",833.757048997773,"BE1-Cowrie",8.99666666666667,9,9
"BE1.Cowrie",834.764394209354,"BE1-Cowrie",8.99666666666667,9,9
"BE1.Cowrie",835.771739420935,"BE1-Cowrie",8.99666666666667,9,9
"BE1.Cowrie",836.779084632517,"BE1-Cowrie",8.99666666666667,9,9
"BE1.Cowrie",837.786429844098,"BE1-Cowrie",8.99683333333333,9,9
"BE1.Cowrie",838.793775055679,"BE1-Cowrie",8.99683333333333,9,9
"BE1.Cowrie",839.801120267261,"BE1-Cowrie",8.99683333333333,9,9
"BE1.Cowrie",840.808465478842,"BE1-Cowrie",8.997,9,9
"BE1.Cowrie",841.815810690423,"BE1-Cowrie",8.997,9,9
"BE1.Cowrie",842.823155902004,"BE1-Cowrie",8.99716666666667,9,9
"BE1.Cowrie",843.830501113586,"BE1-Cowrie",8.99716666666667,9,9
"BE1.Cowrie",844.837846325167,"BE1-Cowrie",8.99716666666667,9,9
"BE1.Cowrie",845.845191536748,"BE1-Cowrie",8.99733333333333,9,9
"BE1.Cowrie",846.85253674833,"BE1-Cowrie",8.99733333333333,9,9
"BE1.Cowrie",847.859881959911,"BE1-Cowrie",8.99733333333333,9,9
"BE1.Cowrie",848.867227171492,"BE1-Cowrie",8.9975,9,9
"BE1.Cowrie",849.874572383073,"BE1-Cowrie",8.9975,9,9
"BE1.Cowrie",850.881917594655,"BE1-Cowrie",8.99766666666667,9,9
"BE1.Cowrie",851.889262806236,"BE1-Cowrie",8.99766666666667,9,9
"BE1.Cowrie",852.896608017817,"BE1-Cowrie",8.99783333333333,9,9
"BE1.Cowrie",853.903953229399,"BE1-Cowrie",8.998,9,9
"BE1.Cowrie",854.91129844098,"BE1-Cowrie",8.998,9,9
"BE1.Cowrie",855.918643652561,"BE1-Cowrie",8.99816666666667,9,9
"BE1.Cowrie",856.925988864142,"BE1-Cowrie",8.99816666666667,9,9
"BE1.Cowrie",857.933334075724,"BE1-Cowrie",8.99816666666667,9,9
"BE1.Cowrie",858.940679287305,"BE1-Cowrie",8.99816666666667,9,9
"BE1.Cowrie",859.948024498886,"BE1-Cowrie",8.99816666666667,9,9
"BE1.Cowrie",860.955369710468,"BE1-Cowrie",8.9985,9,9
"BE1.Cowrie",861.962714922049,"BE1-Cowrie",8.9985,9,9
"BE1.Cowrie",862.97006013363,"BE1-Cowrie",8.9985,9,9
"BE1.Cowrie",863.977405345212,"BE1-Cowrie",8.99883333333333,9,9
"BE1.Cowrie",864.984750556793,"BE1-Cowrie",8.99916666666667,9,9
"BE1.Cowrie",865.992095768374,"BE1-Cowrie",8.99933333333333,9,9
"BE1.Cowrie",866.999440979955,"BE1-Cowrie",8.99933333333333,9,9
"BE1.Cowrie",868.006786191537,"BE1-Cowrie",8.9995,9,9
"BE1.Cowrie",869.014131403118,"BE1-Cowrie",8.99966666666667,9,9
"BE1.Cowrie",870.021476614699,"BE1-Cowrie",8.99966666666667,9,9
"BE1.Cowrie",871.028821826281,"BE1-Cowrie",8.99966666666667,9,9
"BE1.Cowrie",872.036167037862,"BE1-Cowrie",8.99966666666667,9,9
"BE1.Cowrie",873.043512249443,"BE1-Cowrie",8.99983333333333,9,9
"BE1.Cowrie",874.050857461025,"BE1-Cowrie",8.99983333333333,9,9
"BE1.Cowrie",875.058202672606,"BE1-Cowrie",8.99983333333333,9,9
"BE1.Cowrie",876.065547884187,"BE1-Cowrie",8.99983333333333,9,9
"BE1.Cowrie",877.072893095768,"BE1-Cowrie",8.99983333333333,9,9
"BE1.Cowrie",878.08023830735,"BE1-Cowrie",8.99983333333333,9,9
"BE1.Cowrie",879.087583518931,"BE1-Cowrie",8.99983333333333,9,9
"BE1.Cowrie",880.094928730512,"BE1-Cowrie",8.99983333333333,9,9
"BE1.Cowrie",881.102273942094,"BE1-Cowrie",8.99983333333333,9,9
"BE1.Cowrie",882.109619153675,"BE1-Cowrie",8.99983333333333,9,9
"BE1.Cowrie",883.116964365256,"BE1-Cowrie",8.99983333333333,9,9
"BE1.Cowrie",884.124309576838,"BE1-Cowrie",8.99983333333333,9,9
"BE1.Cowrie",885.131654788419,"BE1-Cowrie",8.99983333333333,9,9
"BE1.Cowrie",886.139,"BE1-Cowrie",9,9,9
"BE1.WoundSp",417.299,"BE1-WoundSp",0.000166666666666667,0,0
"BE1.WoundSp",418.021403697997,"BE1-WoundSp",0.000166666666666667,0,0
"BE1.WoundSp",418.743807395994,"BE1-WoundSp",0.000166666666666667,0,0
"BE1.WoundSp",419.466211093991,"BE1-WoundSp",0.000166666666666667,0,0
"BE1.WoundSp",420.188614791988,"BE1-WoundSp",0.000166666666666667,0,0
"BE1.WoundSp",420.911018489985,"BE1-WoundSp",0.000166666666666667,0,0
"BE1.WoundSp",421.633422187981,"BE1-WoundSp",0.000333333333333333,0,0
"BE1.WoundSp",422.355825885978,"BE1-WoundSp",0.000333333333333333,0,0
"BE1.WoundSp",423.078229583975,"BE1-WoundSp",5e-04,0,0
"BE1.WoundSp",423.800633281972,"BE1-WoundSp",5e-04,0,0
"BE1.WoundSp",424.523036979969,"BE1-WoundSp",5e-04,0,0
"BE1.WoundSp",425.245440677966,"BE1-WoundSp",5e-04,0,0
"BE1.WoundSp",425.967844375963,"BE1-WoundSp",0.000833333333333333,0,0
"BE1.WoundSp",426.69024807396,"BE1-WoundSp",0.000833333333333333,0,0
"BE1.WoundSp",427.412651771957,"BE1-WoundSp",0.000833333333333333,0,0
"BE1.WoundSp",428.135055469954,"BE1-WoundSp",0.000833333333333333,0,0
"BE1.WoundSp",428.857459167951,"BE1-WoundSp",0.000833333333333333,0,0
"BE1.WoundSp",429.579862865948,"BE1-WoundSp",0.000833333333333333,0,0
"BE1.WoundSp",430.302266563944,"BE1-WoundSp",0.000833333333333333,0,0
"BE1.WoundSp",431.024670261941,"BE1-WoundSp",0.000833333333333333,0,0
"BE1.WoundSp",431.747073959938,"BE1-WoundSp",0.000833333333333333,0,0
"BE1.WoundSp",432.469477657935,"BE1-WoundSp",0.000833333333333333,0,0
"BE1.WoundSp",433.191881355932,"BE1-WoundSp",0.001,0,0
"BE1.WoundSp",433.914285053929,"BE1-WoundSp",0.001,0,0
"BE1.WoundSp",434.636688751926,"BE1-WoundSp",0.001,0,0
"BE1.WoundSp",435.359092449923,"BE1-WoundSp",0.001,0,0
"BE1.WoundSp",436.08149614792,"BE1-WoundSp",0.001,0,0
"BE1.WoundSp",436.803899845917,"BE1-WoundSp",0.001,0,0
"BE1.WoundSp",437.526303543914,"BE1-WoundSp",0.001,0,0
"BE1.WoundSp",438.248707241911,"BE1-WoundSp",0.001,0,0
"BE1.WoundSp",438.971110939908,"BE1-WoundSp",0.001,0,0
"BE1.WoundSp",439.693514637904,"BE1-WoundSp",0.001,0,0
"BE1.WoundSp",440.415918335901,"BE1-WoundSp",0.00116666666666667,0,0
"BE1.WoundSp",441.138322033898,"BE1-WoundSp",0.00116666666666667,0,0
"BE1.WoundSp",441.860725731895,"BE1-WoundSp",0.00133333333333333,0,0
"BE1.WoundSp",442.583129429892,"BE1-WoundSp",0.0015,0,0
"BE1.WoundSp",443.305533127889,"BE1-WoundSp",0.00166666666666667,0,0
"BE1.WoundSp",444.027936825886,"BE1-WoundSp",0.00183333333333333,0,0
"BE1.WoundSp",444.750340523883,"BE1-WoundSp",0.00183333333333333,0,0
"BE1.WoundSp",445.47274422188,"BE1-WoundSp",0.00216666666666667,0,0
"BE1.WoundSp",446.195147919877,"BE1-WoundSp",0.00233333333333333,0,0
"BE1.WoundSp",446.917551617874,"BE1-WoundSp",0.0025,0,0
"BE1.WoundSp",447.639955315871,"BE1-WoundSp",0.00266666666666667,0,0
"BE1.WoundSp",448.362359013867,"BE1-WoundSp",0.003,0,0
"BE1.WoundSp",449.084762711864,"BE1-WoundSp",0.003,0,0
"BE1.WoundSp",449.807166409861,"BE1-WoundSp",0.003,0,0
"BE1.WoundSp",450.529570107858,"BE1-WoundSp",0.003,0,0
"BE1.WoundSp",451.251973805855,"BE1-WoundSp",0.003,0,0
"BE1.WoundSp",451.974377503852,"BE1-WoundSp",0.0035,0,0
"BE1.WoundSp",452.696781201849,"BE1-WoundSp",0.0035,0,0
"BE1.WoundSp",453.419184899846,"BE1-WoundSp",0.00366666666666667,0,0
"BE1.WoundSp",454.141588597843,"BE1-WoundSp",0.00366666666666667,0,0
"BE1.WoundSp",454.86399229584,"BE1-WoundSp",0.00383333333333333,0,0
"BE1.WoundSp",455.586395993837,"BE1-WoundSp",0.00383333333333333,0,0
"BE1.WoundSp",456.308799691834,"BE1-WoundSp",0.00383333333333333,0,0
"BE1.WoundSp",457.03120338983,"BE1-WoundSp",0.00383333333333333,0,0
"BE1.WoundSp",457.753607087827,"BE1-WoundSp",0.00383333333333333,0,0
"BE1.WoundSp",458.476010785824,"BE1-WoundSp",0.00383333333333333,0,0
"BE1.WoundSp",459.198414483821,"BE1-WoundSp",0.004,0,0
"BE1.WoundSp",459.920818181818,"BE1-WoundSp",0.004,0,0
"BE1.WoundSp",460.643221879815,"BE1-WoundSp",0.00433333333333333,0,0
"BE1.WoundSp",461.365625577812,"BE1-WoundSp",0.00433333333333333,0,0
"BE1.WoundSp",462.088029275809,"BE1-WoundSp",0.0045,0,0
"BE1.WoundSp",462.810432973806,"BE1-WoundSp",0.00466666666666667,0,0
"BE1.WoundSp",463.532836671803,"BE1-WoundSp",0.005,0,0
"BE1.WoundSp",464.2552403698,"BE1-WoundSp",0.005,0,0
"BE1.WoundSp",464.977644067797,"BE1-WoundSp",0.00516666666666667,0,0
"BE1.WoundSp",465.700047765793,"BE1-WoundSp",0.00516666666666667,0,0
"BE1.WoundSp",466.42245146379,"BE1-WoundSp",0.00533333333333333,0,0
"BE1.WoundSp",467.144855161787,"BE1-WoundSp",0.00533333333333333,0,0
"BE1.WoundSp",467.867258859784,"BE1-WoundSp",0.00533333333333333,0,0
"BE1.WoundSp",468.589662557781,"BE1-WoundSp",0.00533333333333333,0,0
"BE1.WoundSp",469.312066255778,"BE1-WoundSp",0.0055,0,0
"BE1.WoundSp",470.034469953775,"BE1-WoundSp",0.0055,0,0
"BE1.WoundSp",470.756873651772,"BE1-WoundSp",0.00583333333333333,0,0
"BE1.WoundSp",471.479277349769,"BE1-WoundSp",0.00583333333333333,0,0
"BE1.WoundSp",472.201681047766,"BE1-WoundSp",0.00583333333333333,0,0
"BE1.WoundSp",472.924084745763,"BE1-WoundSp",0.00583333333333333,0,0
"BE1.WoundSp",473.64648844376,"BE1-WoundSp",0.00616666666666667,0,0
"BE1.WoundSp",474.368892141757,"BE1-WoundSp",0.00616666666666667,0,0
"BE1.WoundSp",475.091295839753,"BE1-WoundSp",0.00616666666666667,0,0
"BE1.WoundSp",475.81369953775,"BE1-WoundSp",0.00633333333333333,0,0
"BE1.WoundSp",476.536103235747,"BE1-WoundSp",0.00666666666666667,0,0
"BE1.WoundSp",477.258506933744,"BE1-WoundSp",0.00666666666666667,0,0
"BE1.WoundSp",477.980910631741,"BE1-WoundSp",0.00666666666666667,0,0
"BE1.WoundSp",478.703314329738,"BE1-WoundSp",0.00666666666666667,0,0
"BE1.WoundSp",479.425718027735,"BE1-WoundSp",0.00666666666666667,0,0
"BE1.WoundSp",480.148121725732,"BE1-WoundSp",0.00666666666666667,0,0
"BE1.WoundSp",480.870525423729,"BE1-WoundSp",0.00666666666666667,0,0
"BE1.WoundSp",481.592929121726,"BE1-WoundSp",0.00716666666666667,0,0
"BE1.WoundSp",482.315332819723,"BE1-WoundSp",0.00716666666666667,0,0
"BE1.WoundSp",483.03773651772,"BE1-WoundSp",0.00716666666666667,0,0
"BE1.WoundSp",483.760140215716,"BE1-WoundSp",0.0075,0,0
"BE1.WoundSp",484.482543913713,"BE1-WoundSp",0.00766666666666667,0,0
"BE1.WoundSp",485.20494761171,"BE1-WoundSp",0.00766666666666667,0,0
"BE1.WoundSp",485.927351309707,"BE1-WoundSp",0.00783333333333333,0,0
"BE1.WoundSp",486.649755007704,"BE1-WoundSp",0.00783333333333333,0,0
"BE1.WoundSp",487.372158705701,"BE1-WoundSp",0.008,0,0
"BE1.WoundSp",488.094562403698,"BE1-WoundSp",0.00833333333333333,0,0
"BE1.WoundSp",488.816966101695,"BE1-WoundSp",0.0085,0,0
"BE1.WoundSp",489.539369799692,"BE1-WoundSp",0.0085,0,0
"BE1.WoundSp",490.261773497689,"BE1-WoundSp",0.00866666666666667,0,0
"BE1.WoundSp",490.984177195686,"BE1-WoundSp",0.00883333333333333,0,0
"BE1.WoundSp",491.706580893683,"BE1-WoundSp",0.00883333333333333,0,0
"BE1.WoundSp",492.42898459168,"BE1-WoundSp",0.00883333333333333,0,0
"BE1.WoundSp",493.151388289676,"BE1-WoundSp",0.0095,0,0
"BE1.WoundSp",493.873791987673,"BE1-WoundSp",0.0095,0,0
"BE1.WoundSp",494.59619568567,"BE1-WoundSp",0.0095,0,0
"BE1.WoundSp",495.318599383667,"BE1-WoundSp",0.00966666666666667,0,0
"BE1.WoundSp",496.041003081664,"BE1-WoundSp",0.0101666666666667,0,0
"BE1.WoundSp",496.763406779661,"BE1-WoundSp",0.0103333333333333,0,0
"BE1.WoundSp",497.485810477658,"BE1-WoundSp",0.0105,0,0
"BE1.WoundSp",498.208214175655,"BE1-WoundSp",0.0105,0,0
"BE1.WoundSp",498.930617873652,"BE1-WoundSp",0.0106666666666667,0,0
"BE1.WoundSp",499.653021571649,"BE1-WoundSp",0.0106666666666667,0,0
"BE1.WoundSp",500.375425269646,"BE1-WoundSp",0.0108333333333333,0,0
"BE1.WoundSp",501.097828967642,"BE1-WoundSp",0.0108333333333333,0,0
"BE1.WoundSp",501.820232665639,"BE1-WoundSp",0.0108333333333333,0,0
"BE1.WoundSp",502.542636363636,"BE1-WoundSp",0.0108333333333333,0,0
"BE1.WoundSp",503.265040061633,"BE1-WoundSp",0.0108333333333333,0,0
"BE1.WoundSp",503.98744375963,"BE1-WoundSp",0.0108333333333333,0,0
"BE1.WoundSp",504.709847457627,"BE1-WoundSp",0.011,0,0
"BE1.WoundSp",505.432251155624,"BE1-WoundSp",0.011,0,0
"BE1.WoundSp",506.154654853621,"BE1-WoundSp",0.011,0,0
"BE1.WoundSp",506.877058551618,"BE1-WoundSp",0.0111666666666667,0,0
"BE1.WoundSp",507.599462249615,"BE1-WoundSp",0.0111666666666667,0,0
"BE1.WoundSp",508.321865947612,"BE1-WoundSp",0.0111666666666667,0,0
"BE1.WoundSp",509.044269645609,"BE1-WoundSp",0.0111666666666667,0,0
"BE1.WoundSp",509.766673343606,"BE1-WoundSp",0.0111666666666667,0,0
"BE1.WoundSp",510.489077041602,"BE1-WoundSp",0.0113333333333333,0,0
"BE1.WoundSp",511.211480739599,"BE1-WoundSp",0.0113333333333333,0,0
"BE1.WoundSp",511.933884437596,"BE1-WoundSp",0.0113333333333333,0,0
"BE1.WoundSp",512.656288135593,"BE1-WoundSp",0.0113333333333333,0,0
"BE1.WoundSp",513.37869183359,"BE1-WoundSp",0.0113333333333333,0,0
"BE1.WoundSp",514.101095531587,"BE1-WoundSp",0.0113333333333333,0,0
"BE1.WoundSp",514.823499229584,"BE1-WoundSp",0.0113333333333333,0,0
"BE1.WoundSp",515.545902927581,"BE1-WoundSp",0.0113333333333333,0,0
"BE1.WoundSp",516.268306625578,"BE1-WoundSp",0.0113333333333333,0,0
"BE1.WoundSp",516.990710323575,"BE1-WoundSp",0.0113333333333333,0,0
"BE1.WoundSp",517.713114021572,"BE1-WoundSp",0.0113333333333333,0,0
"BE1.WoundSp",518.435517719569,"BE1-WoundSp",0.0113333333333333,0,0
"BE1.WoundSp",519.157921417565,"BE1-WoundSp",0.0113333333333333,0,0
"BE1.WoundSp",519.880325115562,"BE1-WoundSp",0.0113333333333333,0,0
"BE1.WoundSp",520.602728813559,"BE1-WoundSp",0.0113333333333333,0,0
"BE1.WoundSp",521.325132511556,"BE1-WoundSp",0.0113333333333333,0,0
"BE1.WoundSp",522.047536209553,"BE1-WoundSp",0.0113333333333333,0,0
"BE1.WoundSp",522.76993990755,"BE1-WoundSp",0.0113333333333333,0,0
"BE1.WoundSp",523.492343605547,"BE1-WoundSp",0.0115,0,0
"BE1.WoundSp",524.214747303544,"BE1-WoundSp",0.0115,0,0
"BE1.WoundSp",524.937151001541,"BE1-WoundSp",0.0115,0,0
"BE1.WoundSp",525.659554699538,"BE1-WoundSp",0.0115,0,0
"BE1.WoundSp",526.381958397535,"BE1-WoundSp",0.0115,0,0
"BE1.WoundSp",527.104362095532,"BE1-WoundSp",0.0115,0,0
"BE1.WoundSp",527.826765793528,"BE1-WoundSp",0.0115,0,0
"BE1.WoundSp",528.549169491525,"BE1-WoundSp",0.0115,0,0
"BE1.WoundSp",529.271573189522,"BE1-WoundSp",0.0115,0,0
"BE1.WoundSp",529.993976887519,"BE1-WoundSp",0.0118333333333333,0,0
"BE1.WoundSp",530.716380585516,"BE1-WoundSp",0.0118333333333333,0,0
"BE1.WoundSp",531.438784283513,"BE1-WoundSp",0.0121666666666667,0,0
"BE1.WoundSp",532.16118798151,"BE1-WoundSp",0.0121666666666667,0,0
"BE1.WoundSp",532.883591679507,"BE1-WoundSp",0.0121666666666667,0,0
"BE1.WoundSp",533.605995377504,"BE1-WoundSp",0.0121666666666667,0,0
"BE1.WoundSp",534.328399075501,"BE1-WoundSp",0.0123333333333333,0,0
"BE1.WoundSp",535.050802773498,"BE1-WoundSp",0.0125,0,0
"BE1.WoundSp",535.773206471495,"BE1-WoundSp",0.0125,0,0
"BE1.WoundSp",536.495610169492,"BE1-WoundSp",0.0126666666666667,0,0
"BE1.WoundSp",537.218013867488,"BE1-WoundSp",0.0126666666666667,0,0
"BE1.WoundSp",537.940417565485,"BE1-WoundSp",0.0126666666666667,0,0
"BE1.WoundSp",538.662821263482,"BE1-WoundSp",0.0126666666666667,0,0
"BE1.WoundSp",539.385224961479,"BE1-WoundSp",0.0126666666666667,0,0
"BE1.WoundSp",540.107628659476,"BE1-WoundSp",0.013,0,0
"BE1.WoundSp",540.830032357473,"BE1-WoundSp",0.0135,0,0
"BE1.WoundSp",541.55243605547,"BE1-WoundSp",0.0135,0,0
"BE1.WoundSp",542.274839753467,"BE1-WoundSp",0.0138333333333333,0,0
"BE1.WoundSp",542.997243451464,"BE1-WoundSp",0.0138333333333333,0,0
"BE1.WoundSp",543.719647149461,"BE1-WoundSp",0.0146666666666667,0,0
"BE1.WoundSp",544.442050847458,"BE1-WoundSp",0.0148333333333333,0,0
"BE1.WoundSp",545.164454545455,"BE1-WoundSp",0.0156666666666667,0,0
"BE1.WoundSp",545.886858243451,"BE1-WoundSp",0.0165,0,0
"BE1.WoundSp",546.609261941448,"BE1-WoundSp",0.0171666666666667,0,0
"BE1.WoundSp",547.331665639445,"BE1-WoundSp",0.0175,0,0
"BE1.WoundSp",548.054069337442,"BE1-WoundSp",0.018,0,0
"BE1.WoundSp",548.776473035439,"BE1-WoundSp",0.019,0,0
"BE1.WoundSp",549.498876733436,"BE1-WoundSp",0.02,0,0
"BE1.WoundSp",550.221280431433,"BE1-WoundSp",0.0213333333333333,0,0
"BE1.WoundSp",550.94368412943,"BE1-WoundSp",0.0223333333333333,0,0
"BE1.WoundSp",551.666087827427,"BE1-WoundSp",0.0231666666666667,0,0
"BE1.WoundSp",552.388491525424,"BE1-WoundSp",0.0255,0,0
"BE1.WoundSp",553.110895223421,"BE1-WoundSp",0.0268333333333333,0,0
"BE1.WoundSp",553.833298921418,"BE1-WoundSp",0.0285,0,0
"BE1.WoundSp",554.555702619414,"BE1-WoundSp",0.0305,0,0
"BE1.WoundSp",555.278106317411,"BE1-WoundSp",0.0333333333333333,0,0
"BE1.WoundSp",556.000510015408,"BE1-WoundSp",0.0361666666666667,0,0
"BE1.WoundSp",556.722913713405,"BE1-WoundSp",0.039,0,0
"BE1.WoundSp",557.445317411402,"BE1-WoundSp",0.0425,0,0
"BE1.WoundSp",558.167721109399,"BE1-WoundSp",0.0461666666666667,0,0
"BE1.WoundSp",558.890124807396,"BE1-WoundSp",0.0493333333333333,0,0
"BE1.WoundSp",559.612528505393,"BE1-WoundSp",0.0518333333333333,0,1
"BE1.WoundSp",560.33493220339,"BE1-WoundSp",0.0541666666666667,0,1
"BE1.WoundSp",561.057335901387,"BE1-WoundSp",0.0576666666666667,0,1
"BE1.WoundSp",561.779739599384,"BE1-WoundSp",0.0613333333333333,0,1
"BE1.WoundSp",562.502143297381,"BE1-WoundSp",0.0626666666666667,0,1
"BE1.WoundSp",563.224546995378,"BE1-WoundSp",0.0648333333333333,0,1
"BE1.WoundSp",563.946950693374,"BE1-WoundSp",0.0676666666666667,0,1
"BE1.WoundSp",564.669354391371,"BE1-WoundSp",0.0728333333333333,0,1
"BE1.WoundSp",565.391758089368,"BE1-WoundSp",0.0775,0,1
"BE1.WoundSp",566.114161787365,"BE1-WoundSp",0.0813333333333333,0,1
"BE1.WoundSp",566.836565485362,"BE1-WoundSp",0.0858333333333333,0,1
"BE1.WoundSp",567.558969183359,"BE1-WoundSp",0.0896666666666667,0,1
"BE1.WoundSp",568.281372881356,"BE1-WoundSp",0.0945,0,1
"BE1.WoundSp",569.003776579353,"BE1-WoundSp",0.101333333333333,0,1
"BE1.WoundSp",569.72618027735,"BE1-WoundSp",0.1095,0,1
"BE1.WoundSp",570.448583975347,"BE1-WoundSp",0.115666666666667,0,1
"BE1.WoundSp",571.170987673344,"BE1-WoundSp",0.121666666666667,0,1
"BE1.WoundSp",571.89339137134,"BE1-WoundSp",0.128833333333333,0,1
"BE1.WoundSp",572.615795069337,"BE1-WoundSp",0.135833333333333,0,1
"BE1.WoundSp",573.338198767334,"BE1-WoundSp",0.146333333333333,0,1
"BE1.WoundSp",574.060602465331,"BE1-WoundSp",0.153166666666667,0,1
"BE1.WoundSp",574.783006163328,"BE1-WoundSp",0.163,0,1
"BE1.WoundSp",575.505409861325,"BE1-WoundSp",0.1735,0,1
"BE1.WoundSp",576.227813559322,"BE1-WoundSp",0.181166666666667,0,1
"BE1.WoundSp",576.950217257319,"BE1-WoundSp",0.19,0,1
"BE1.WoundSp",577.672620955316,"BE1-WoundSp",0.200833333333333,0,1
"BE1.WoundSp",578.395024653313,"BE1-WoundSp",0.209666666666667,0,1
"BE1.WoundSp",579.11742835131,"BE1-WoundSp",0.220666666666667,0,1
"BE1.WoundSp",579.839832049307,"BE1-WoundSp",0.230833333333333,0,1
"BE1.WoundSp",580.562235747303,"BE1-WoundSp",0.241,0,1
"BE1.WoundSp",581.2846394453,"BE1-WoundSp",0.252,0,1
"BE1.WoundSp",582.007043143297,"BE1-WoundSp",0.262666666666667,0,1
"BE1.WoundSp",582.729446841294,"BE1-WoundSp",0.2725,0,1
"BE1.WoundSp",583.451850539291,"BE1-WoundSp",0.282166666666667,0,1
"BE1.WoundSp",584.174254237288,"BE1-WoundSp",0.294833333333333,0,1
"BE1.WoundSp",584.896657935285,"BE1-WoundSp",0.305,0,1
"BE1.WoundSp",585.619061633282,"BE1-WoundSp",0.318333333333333,0,1
"BE1.WoundSp",586.341465331279,"BE1-WoundSp",0.328833333333333,0,1
"BE1.WoundSp",587.063869029276,"BE1-WoundSp",0.341166666666667,0,1
"BE1.WoundSp",587.786272727273,"BE1-WoundSp",0.3545,0,1
"BE1.WoundSp",588.50867642527,"BE1-WoundSp",0.367333333333333,0,1
"BE1.WoundSp",589.231080123267,"BE1-WoundSp",0.380833333333333,0,1
"BE1.WoundSp",589.953483821263,"BE1-WoundSp",0.391833333333333,0,1
"BE1.WoundSp",590.67588751926,"BE1-WoundSp",0.406333333333333,0,1
"BE1.WoundSp",591.398291217257,"BE1-WoundSp",0.418333333333333,0,1
"BE1.WoundSp",592.120694915254,"BE1-WoundSp",0.432833333333333,0,1
"BE1.WoundSp",592.843098613251,"BE1-WoundSp",0.444,0,1
"BE1.WoundSp",593.565502311248,"BE1-WoundSp",0.456333333333333,0,1
"BE1.WoundSp",594.287906009245,"BE1-WoundSp",0.471666666666667,0,1
"BE1.WoundSp",595.010309707242,"BE1-WoundSp",0.4855,0,1
"BE1.WoundSp",595.732713405239,"BE1-WoundSp",0.498,0,1
"BE1.WoundSp",596.455117103236,"BE1-WoundSp",0.515,0,1
"BE1.WoundSp",597.177520801233,"BE1-WoundSp",0.531833333333333,0,1
"BE1.WoundSp",597.89992449923,"BE1-WoundSp",0.545666666666667,0,1
"BE1.WoundSp",598.622328197226,"BE1-WoundSp",0.5645,0,1
"BE1.WoundSp",599.344731895223,"BE1-WoundSp",0.58,0,1
"BE1.WoundSp",600.06713559322,"BE1-WoundSp",0.595,0,1
"BE1.WoundSp",600.789539291217,"BE1-WoundSp",0.609,0,1
"BE1.WoundSp",601.511942989214,"BE1-WoundSp",0.628166666666667,0,1
"BE1.WoundSp",602.234346687211,"BE1-WoundSp",0.644166666666667,0,1
"BE1.WoundSp",602.956750385208,"BE1-WoundSp",0.662166666666667,0,1
"BE1.WoundSp",603.679154083205,"BE1-WoundSp",0.676666666666667,0,1
"BE1.WoundSp",604.401557781202,"BE1-WoundSp",0.693666666666667,0,1
"BE1.WoundSp",605.123961479199,"BE1-WoundSp",0.712833333333333,0,1
"BE1.WoundSp",605.846365177196,"BE1-WoundSp",0.731333333333333,0,1
"BE1.WoundSp",606.568768875193,"BE1-WoundSp",0.747666666666667,0,2
"BE1.WoundSp",607.29117257319,"BE1-WoundSp",0.7695,0,2
"BE1.WoundSp",608.013576271186,"BE1-WoundSp",0.787666666666667,0,2
"BE1.WoundSp",608.735979969183,"BE1-WoundSp",0.807833333333333,0,2
"BE1.WoundSp",609.45838366718,"BE1-WoundSp",0.826666666666667,0,2
"BE1.WoundSp",610.180787365177,"BE1-WoundSp",0.849,0,2
"BE1.WoundSp",610.903191063174,"BE1-WoundSp",0.876333333333333,0,2
"BE1.WoundSp",611.625594761171,"BE1-WoundSp",0.904666666666667,0,2
"BE1.WoundSp",612.347998459168,"BE1-WoundSp",0.9335,0,2
"BE1.WoundSp",613.070402157165,"BE1-WoundSp",0.958833333333333,0,2
"BE1.WoundSp",613.792805855162,"BE1-WoundSp",0.984833333333333,0,2
"BE1.WoundSp",614.515209553159,"BE1-WoundSp",1.0105,0,2
"BE1.WoundSp",615.237613251156,"BE1-WoundSp",1.04,0,2
"BE1.WoundSp",615.960016949153,"BE1-WoundSp",1.07,0,2
"BE1.WoundSp",616.682420647149,"BE1-WoundSp",1.09666666666667,0,2
"BE1.WoundSp",617.404824345146,"BE1-WoundSp",1.12216666666667,0,2
"BE1.WoundSp",618.127228043143,"BE1-WoundSp",1.15066666666667,0,2
"BE1.WoundSp",618.84963174114,"BE1-WoundSp",1.179,0,2
"BE1.WoundSp",619.572035439137,"BE1-WoundSp",1.20316666666667,0,2
"BE1.WoundSp",620.294439137134,"BE1-WoundSp",1.22683333333333,0,2
"BE1.WoundSp",621.016842835131,"BE1-WoundSp",1.25583333333333,0,2
"BE1.WoundSp",621.739246533128,"BE1-WoundSp",1.27616666666667,0,3
"BE1.WoundSp",622.461650231125,"BE1-WoundSp",1.29566666666667,0,3
"BE1.WoundSp",623.184053929122,"BE1-WoundSp",1.31666666666667,0,3
"BE1.WoundSp",623.906457627119,"BE1-WoundSp",1.33716666666667,0,3
"BE1.WoundSp",624.628861325116,"BE1-WoundSp",1.35816666666667,0,3
"BE1.WoundSp",625.351265023113,"BE1-WoundSp",1.377,0,3
"BE1.WoundSp",626.073668721109,"BE1-WoundSp",1.39366666666667,0,3
"BE1.WoundSp",626.796072419106,"BE1-WoundSp",1.4095,0,3
"BE1.WoundSp",627.518476117103,"BE1-WoundSp",1.42683333333333,0,3
"BE1.WoundSp",628.2408798151,"BE1-WoundSp",1.44466666666667,0,3
"BE1.WoundSp",628.963283513097,"BE1-WoundSp",1.464,0,3
"BE1.WoundSp",629.685687211094,"BE1-WoundSp",1.49083333333333,0,3
"BE1.WoundSp",630.408090909091,"BE1-WoundSp",1.52283333333333,0,3
"BE1.WoundSp",631.130494607088,"BE1-WoundSp",1.55333333333333,0,3
"BE1.WoundSp",631.852898305085,"BE1-WoundSp",1.58,0,3
"BE1.WoundSp",632.575302003082,"BE1-WoundSp",1.60833333333333,0,3
"BE1.WoundSp",633.297705701079,"BE1-WoundSp",1.6395,0,3
"BE1.WoundSp",634.020109399076,"BE1-WoundSp",1.67066666666667,0,3
"BE1.WoundSp",634.742513097072,"BE1-WoundSp",1.70133333333333,1,3
"BE1.WoundSp",635.464916795069,"BE1-WoundSp",1.73533333333333,1,3
"BE1.WoundSp",636.187320493066,"BE1-WoundSp",1.76683333333333,1,3
"BE1.WoundSp",636.909724191063,"BE1-WoundSp",1.803,1,3
"BE1.WoundSp",637.63212788906,"BE1-WoundSp",1.844,1,3
"BE1.WoundSp",638.354531587057,"BE1-WoundSp",1.88416666666667,1,3
"BE1.WoundSp",639.076935285054,"BE1-WoundSp",1.93316666666667,1,3
"BE1.WoundSp",639.799338983051,"BE1-WoundSp",1.98783333333333,1,3
"BE1.WoundSp",640.521742681048,"BE1-WoundSp",2.04166666666667,0,3
"BE1.WoundSp",641.244146379045,"BE1-WoundSp",2.103,1,4
"BE1.WoundSp",641.966550077042,"BE1-WoundSp",2.169,1,4
"BE1.WoundSp",642.688953775038,"BE1-WoundSp",2.24583333333333,1,4
"BE1.WoundSp",643.411357473035,"BE1-WoundSp",2.33183333333333,1,4
"BE1.WoundSp",644.133761171032,"BE1-WoundSp",2.4235,1,4
"BE1.WoundSp",644.856164869029,"BE1-WoundSp",2.52133333333333,1,4
"BE1.WoundSp",645.578568567026,"BE1-WoundSp",2.63366666666667,1,4
"BE1.WoundSp",646.300972265023,"BE1-WoundSp",2.74566666666667,1,4
"BE1.WoundSp",647.02337596302,"BE1-WoundSp",2.866,1,4
"BE1.WoundSp",647.745779661017,"BE1-WoundSp",2.98733333333333,1,4
"BE1.WoundSp",648.468183359014,"BE1-WoundSp",3.1115,1,4
"BE1.WoundSp",649.190587057011,"BE1-WoundSp",3.2475,2,5
"BE1.WoundSp",649.912990755008,"BE1-WoundSp",3.382,2,5
"BE1.WoundSp",650.635394453005,"BE1-WoundSp",3.516,2,5
"BE1.WoundSp",651.357798151002,"BE1-WoundSp",3.65883333333333,2,5
"BE1.WoundSp",652.080201848999,"BE1-WoundSp",3.81633333333333,2,5
"BE1.WoundSp",652.802605546995,"BE1-WoundSp",3.977,2,5
"BE1.WoundSp",653.525009244992,"BE1-WoundSp",4.14016666666667,3,6
"BE1.WoundSp",654.247412942989,"BE1-WoundSp",4.307,3,6
"BE1.WoundSp",654.969816640986,"BE1-WoundSp",4.47033333333333,3,6
"BE1.WoundSp",655.692220338983,"BE1-WoundSp",4.64316666666667,3,6
"BE1.WoundSp",656.41462403698,"BE1-WoundSp",4.827,3,6
"BE1.WoundSp",657.137027734977,"BE1-WoundSp",5.004,3,7
"BE1.WoundSp",657.859431432974,"BE1-WoundSp",5.1855,4,7
"BE1.WoundSp",658.581835130971,"BE1-WoundSp",5.37466666666667,4,7
"BE1.WoundSp",659.304238828968,"BE1-WoundSp",5.57416666666667,4,7
"BE1.WoundSp",660.026642526965,"BE1-WoundSp",5.77033333333333,3,7
"BE1.WoundSp",660.749046224961,"BE1-WoundSp",5.96416666666667,4,8
"BE1.WoundSp",661.471449922958,"BE1-WoundSp",6.153,4,8
"BE1.WoundSp",662.193853620955,"BE1-WoundSp",6.352,4,8
"BE1.WoundSp",662.916257318952,"BE1-WoundSp",6.543,4,8
"BE1.WoundSp",663.638661016949,"BE1-WoundSp",6.7425,5,9
"BE1.WoundSp",664.361064714946,"BE1-WoundSp",6.92966666666667,5,9
"BE1.WoundSp",665.083468412943,"BE1-WoundSp",7.10583333333333,5,9
"BE1.WoundSp",665.80587211094,"BE1-WoundSp",7.27433333333333,5,9
"BE1.WoundSp",666.528275808937,"BE1-WoundSp",7.434,5,9
"BE1.WoundSp",667.250679506934,"BE1-WoundSp",7.59616666666667,6,10
"BE1.WoundSp",667.973083204931,"BE1-WoundSp",7.75066666666667,6,10
"BE1.WoundSp",668.695486902928,"BE1-WoundSp",7.91333333333333,6,10
"BE1.WoundSp",669.417890600924,"BE1-WoundSp",8.055,6,10
"BE1.WoundSp",670.140294298921,"BE1-WoundSp",8.2005,6,10
"BE1.WoundSp",670.862697996918,"BE1-WoundSp",8.343,6,10
"BE1.WoundSp",671.585101694915,"BE1-WoundSp",8.46833333333333,6,11
"BE1.WoundSp",672.307505392912,"BE1-WoundSp",8.6015,6,11
"BE1.WoundSp",673.029909090909,"BE1-WoundSp",8.7145,7,11
"BE1.WoundSp",673.752312788906,"BE1-WoundSp",8.8335,7,11
"BE1.WoundSp",674.474716486903,"BE1-WoundSp",8.93866666666667,7,11
"BE1.WoundSp",675.1971201849,"BE1-WoundSp",9.038,7,11
"BE1.WoundSp",675.919523882897,"BE1-WoundSp",9.12866666666667,7,11
"BE1.WoundSp",676.641927580894,"BE1-WoundSp",9.22283333333333,7,11
"BE1.WoundSp",677.364331278891,"BE1-WoundSp",9.3075,7,11
"BE1.WoundSp",678.086734976888,"BE1-WoundSp",9.3815,6,11
"BE1.WoundSp",678.809138674884,"BE1-WoundSp",9.45483333333333,7,12
"BE1.WoundSp",679.531542372881,"BE1-WoundSp",9.52566666666667,7,12
"BE1.WoundSp",680.253946070878,"BE1-WoundSp",9.5855,7,12
"BE1.WoundSp",680.976349768875,"BE1-WoundSp",9.6395,7,12
"BE1.WoundSp",681.698753466872,"BE1-WoundSp",9.69116666666667,7,12
"BE1.WoundSp",682.421157164869,"BE1-WoundSp",9.73816666666667,7,12
"BE1.WoundSp",683.143560862866,"BE1-WoundSp",9.784,8,12
"BE1.WoundSp",683.865964560863,"BE1-WoundSp",9.825,8,12
"BE1.WoundSp",684.58836825886,"BE1-WoundSp",9.86466666666667,8,12
"BE1.WoundSp",685.310771956857,"BE1-WoundSp",9.89966666666667,8,12
"BE1.WoundSp",686.033175654854,"BE1-WoundSp",9.928,8,12
"BE1.WoundSp",686.755579352851,"BE1-WoundSp",9.96066666666667,8,12
"BE1.WoundSp",687.477983050847,"BE1-WoundSp",9.9835,8,12
"BE1.WoundSp",688.200386748844,"BE1-WoundSp",10.0066666666667,8,12
"BE1.WoundSp",688.922790446841,"BE1-WoundSp",10.0303333333333,8,12
"BE1.WoundSp",689.645194144838,"BE1-WoundSp",10.0556666666667,8,12
"BE1.WoundSp",690.367597842835,"BE1-WoundSp",10.0761666666667,8,12
"BE1.WoundSp",691.090001540832,"BE1-WoundSp",10.0948333333333,8,12
"BE1.WoundSp",691.812405238829,"BE1-WoundSp",10.1116666666667,8,12
"BE1.WoundSp",692.534808936826,"BE1-WoundSp",10.1278333333333,8,12
"BE1.WoundSp",693.257212634823,"BE1-WoundSp",10.1448333333333,8,12
"BE1.WoundSp",693.97961633282,"BE1-WoundSp",10.1606666666667,8,12
"BE1.WoundSp",694.702020030817,"BE1-WoundSp",10.1756666666667,8,12
"BE1.WoundSp",695.424423728814,"BE1-WoundSp",10.1938333333333,8,12
"BE1.WoundSp",696.14682742681,"BE1-WoundSp",10.211,8,12
"BE1.WoundSp",696.869231124807,"BE1-WoundSp",10.2295,8,12
"BE1.WoundSp",697.591634822804,"BE1-WoundSp",10.247,8,12
"BE1.WoundSp",698.314038520801,"BE1-WoundSp",10.2675,8,12
"BE1.WoundSp",699.036442218798,"BE1-WoundSp",10.2873333333333,8,12
"BE1.WoundSp",699.758845916795,"BE1-WoundSp",10.3073333333333,8,12
"BE1.WoundSp",700.481249614792,"BE1-WoundSp",10.3295,8,12
"BE1.WoundSp",701.203653312789,"BE1-WoundSp",10.353,8,12
"BE1.WoundSp",701.926057010786,"BE1-WoundSp",10.3701666666667,7,12
"BE1.WoundSp",702.648460708783,"BE1-WoundSp",10.3885,7,12
"BE1.WoundSp",703.37086440678,"BE1-WoundSp",10.4055,7,12
"BE1.WoundSp",704.093268104777,"BE1-WoundSp",10.4171666666667,7,12
"BE1.WoundSp",704.815671802774,"BE1-WoundSp",10.4261666666667,7,12
"BE1.WoundSp",705.53807550077,"BE1-WoundSp",10.435,7,12
"BE1.WoundSp",706.260479198767,"BE1-WoundSp",10.4415,7,12
"BE1.WoundSp",706.982882896764,"BE1-WoundSp",10.448,7,12
"BE1.WoundSp",707.705286594761,"BE1-WoundSp",10.4521666666667,7,12
"BE1.WoundSp",708.427690292758,"BE1-WoundSp",10.4555,7,12
"BE1.WoundSp",709.150093990755,"BE1-WoundSp",10.4596666666667,7,12
"BE1.WoundSp",709.872497688752,"BE1-WoundSp",10.4631666666667,7,12
"BE1.WoundSp",710.594901386749,"BE1-WoundSp",10.4655,7,12
"BE1.WoundSp",711.317305084746,"BE1-WoundSp",10.4673333333333,7,12
"BE1.WoundSp",712.039708782743,"BE1-WoundSp",10.4706666666667,7,12
"BE1.WoundSp",712.76211248074,"BE1-WoundSp",10.4735,7,12
"BE1.WoundSp",713.484516178736,"BE1-WoundSp",10.4755,7,12
"BE1.WoundSp",714.206919876733,"BE1-WoundSp",10.4783333333333,7,12
"BE1.WoundSp",714.92932357473,"BE1-WoundSp",10.4811666666667,7,12
"BE1.WoundSp",715.651727272727,"BE1-WoundSp",10.4848333333333,7,12
"BE1.WoundSp",716.374130970724,"BE1-WoundSp",10.4878333333333,7,12
"BE1.WoundSp",717.096534668721,"BE1-WoundSp",10.4911666666667,7,12
"BE1.WoundSp",717.818938366718,"BE1-WoundSp",10.4936666666667,7,12
"BE1.WoundSp",718.541342064715,"BE1-WoundSp",10.4956666666667,7,12
"BE1.WoundSp",719.263745762712,"BE1-WoundSp",10.4981666666667,7,12
"BE1.WoundSp",719.986149460709,"BE1-WoundSp",10.5003333333333,7,12
"BE1.WoundSp",720.708553158706,"BE1-WoundSp",10.503,7,12
"BE1.WoundSp",721.430956856703,"BE1-WoundSp",10.505,7,12
"BE1.WoundSp",722.153360554699,"BE1-WoundSp",10.507,7,12
"BE1.WoundSp",722.875764252696,"BE1-WoundSp",10.5093333333333,7,12
"BE1.WoundSp",723.598167950693,"BE1-WoundSp",10.5118333333333,7,12
"BE1.WoundSp",724.32057164869,"BE1-WoundSp",10.515,7,12
"BE1.WoundSp",725.042975346687,"BE1-WoundSp",10.5188333333333,7,12
"BE1.WoundSp",725.765379044684,"BE1-WoundSp",10.5235,7,12
"BE1.WoundSp",726.487782742681,"BE1-WoundSp",10.5288333333333,7,12
"BE1.WoundSp",727.210186440678,"BE1-WoundSp",10.5355,7,12
"BE1.WoundSp",727.932590138675,"BE1-WoundSp",10.5411666666667,7,12
"BE1.WoundSp",728.654993836672,"BE1-WoundSp",10.5455,7,12
"BE1.WoundSp",729.377397534669,"BE1-WoundSp",10.5501666666667,7,12
"BE1.WoundSp",730.099801232666,"BE1-WoundSp",10.5551666666667,7,12
"BE1.WoundSp",730.822204930663,"BE1-WoundSp",10.5611666666667,8,13
"BE1.WoundSp",731.544608628659,"BE1-WoundSp",10.5665,8,13
"BE1.WoundSp",732.267012326656,"BE1-WoundSp",10.5716666666667,8,13
"BE1.WoundSp",732.989416024653,"BE1-WoundSp",10.5766666666667,8,13
"BE1.WoundSp",733.71181972265,"BE1-WoundSp",10.5825,8,13
"BE1.WoundSp",734.434223420647,"BE1-WoundSp",10.5871666666667,8,13
"BE1.WoundSp",735.156627118644,"BE1-WoundSp",10.5928333333333,8,13
"BE1.WoundSp",735.879030816641,"BE1-WoundSp",10.5986666666667,8,13
"BE1.WoundSp",736.601434514638,"BE1-WoundSp",10.604,8,13
"BE1.WoundSp",737.323838212635,"BE1-WoundSp",10.6108333333333,8,13
"BE1.WoundSp",738.046241910632,"BE1-WoundSp",10.6196666666667,8,13
"BE1.WoundSp",738.768645608629,"BE1-WoundSp",10.6281666666667,8,13
"BE1.WoundSp",739.491049306626,"BE1-WoundSp",10.6388333333333,9,13
"BE1.WoundSp",740.213453004623,"BE1-WoundSp",10.6501666666667,9,13
"BE1.WoundSp",740.935856702619,"BE1-WoundSp",10.665,9,13
"BE1.WoundSp",741.658260400616,"BE1-WoundSp",10.6793333333333,9,13
"BE1.WoundSp",742.380664098613,"BE1-WoundSp",10.6985,9,13
"BE1.WoundSp",743.10306779661,"BE1-WoundSp",10.7228333333333,9,13
"BE1.WoundSp",743.825471494607,"BE1-WoundSp",10.751,9,13
"BE1.WoundSp",744.547875192604,"BE1-WoundSp",10.785,9,13
"BE1.WoundSp",745.270278890601,"BE1-WoundSp",10.8208333333333,9,13
"BE1.WoundSp",745.992682588598,"BE1-WoundSp",10.8713333333333,9,13
"BE1.WoundSp",746.715086286595,"BE1-WoundSp",10.927,9,13
"BE1.WoundSp",747.437489984592,"BE1-WoundSp",10.9813333333333,9,13
"BE1.WoundSp",748.159893682589,"BE1-WoundSp",11.0395,9,13
"BE1.WoundSp",748.882297380585,"BE1-WoundSp",11.1026666666667,9,13
"BE1.WoundSp",749.604701078582,"BE1-WoundSp",11.173,9,13
"BE1.WoundSp",750.327104776579,"BE1-WoundSp",11.2388333333333,9,13
"BE1.WoundSp",751.049508474576,"BE1-WoundSp",11.3096666666667,9,13
"BE1.WoundSp",751.771912172573,"BE1-WoundSp",11.3866666666667,9,13
"BE1.WoundSp",752.49431587057,"BE1-WoundSp",11.4586666666667,10,13
"BE1.WoundSp",753.216719568567,"BE1-WoundSp",11.5438333333333,10,13
"BE1.WoundSp",753.939123266564,"BE1-WoundSp",11.6336666666667,10,13
"BE1.WoundSp",754.661526964561,"BE1-WoundSp",11.7286666666667,10,13
"BE1.WoundSp",755.383930662558,"BE1-WoundSp",11.822,10,13
"BE1.WoundSp",756.106334360555,"BE1-WoundSp",11.9155,10,13
"BE1.WoundSp",756.828738058552,"BE1-WoundSp",12.0018333333333,10,13
"BE1.WoundSp",757.551141756549,"BE1-WoundSp",12.0768333333333,10,13
"BE1.WoundSp",758.273545454545,"BE1-WoundSp",12.1383333333333,11,13
"BE1.WoundSp",758.995949152542,"BE1-WoundSp",12.2003333333333,11,13
"BE1.WoundSp",759.718352850539,"BE1-WoundSp",12.2543333333333,11,13
"BE1.WoundSp",760.440756548536,"BE1-WoundSp",12.2976666666667,11,13
"BE1.WoundSp",761.163160246533,"BE1-WoundSp",12.3376666666667,11,13
"BE1.WoundSp",761.88556394453,"BE1-WoundSp",12.3771666666667,11,13
"BE1.WoundSp",762.607967642527,"BE1-WoundSp",12.4168333333333,11,13
"BE1.WoundSp",763.330371340524,"BE1-WoundSp",12.4555,11,13
"BE1.WoundSp",764.052775038521,"BE1-WoundSp",12.49,11,13
"BE1.WoundSp",764.775178736518,"BE1-WoundSp",12.5221666666667,11,13
"BE1.WoundSp",765.497582434515,"BE1-WoundSp",12.5581666666667,11,13
"BE1.WoundSp",766.219986132512,"BE1-WoundSp",12.5933333333333,11,13
"BE1.WoundSp",766.942389830509,"BE1-WoundSp",12.6303333333333,12,13
"BE1.WoundSp",767.664793528505,"BE1-WoundSp",12.6721666666667,12,13
"BE1.WoundSp",768.387197226502,"BE1-WoundSp",12.7143333333333,12,13
"BE1.WoundSp",769.109600924499,"BE1-WoundSp",12.759,12,13
"BE1.WoundSp",769.832004622496,"BE1-WoundSp",12.8146666666667,12,13
"BE1.WoundSp",770.554408320493,"BE1-WoundSp",12.8678333333333,12,13
"BE1.WoundSp",771.27681201849,"BE1-WoundSp",12.9083333333333,12,13
"BE1.WoundSp",771.999215716487,"BE1-WoundSp",12.9323333333333,12,13
"BE1.WoundSp",772.721619414484,"BE1-WoundSp",12.944,12,13
"BE1.WoundSp",773.444023112481,"BE1-WoundSp",12.9521666666667,13,13
"BE1.WoundSp",774.166426810478,"BE1-WoundSp",12.959,13,13
"BE1.WoundSp",774.888830508475,"BE1-WoundSp",12.9633333333333,13,13
"BE1.WoundSp",775.611234206472,"BE1-WoundSp",12.9686666666667,13,13
"BE1.WoundSp",776.333637904468,"BE1-WoundSp",12.9705,13,13
"BE1.WoundSp",777.056041602465,"BE1-WoundSp",12.971,13,13
"BE1.WoundSp",777.778445300462,"BE1-WoundSp",12.9718333333333,13,13
"BE1.WoundSp",778.500848998459,"BE1-WoundSp",12.9718333333333,13,13
"BE1.WoundSp",779.223252696456,"BE1-WoundSp",12.972,13,13
"BE1.WoundSp",779.945656394453,"BE1-WoundSp",12.972,13,13
"BE1.WoundSp",780.66806009245,"BE1-WoundSp",12.972,13,13
"BE1.WoundSp",781.390463790447,"BE1-WoundSp",12.972,13,13
"BE1.WoundSp",782.112867488444,"BE1-WoundSp",12.9721666666667,13,13
"BE1.WoundSp",782.835271186441,"BE1-WoundSp",12.9721666666667,13,13
"BE1.WoundSp",783.557674884438,"BE1-WoundSp",12.9721666666667,13,13
"BE1.WoundSp",784.280078582434,"BE1-WoundSp",12.9721666666667,13,13
"BE1.WoundSp",785.002482280431,"BE1-WoundSp",12.9721666666667,13,13
"BE1.WoundSp",785.724885978428,"BE1-WoundSp",12.9721666666667,13,13
"BE1.WoundSp",786.447289676425,"BE1-WoundSp",12.9723333333333,13,13
"BE1.WoundSp",787.169693374422,"BE1-WoundSp",12.9723333333333,13,13
"BE1.WoundSp",787.892097072419,"BE1-WoundSp",12.9723333333333,13,13
"BE1.WoundSp",788.614500770416,"BE1-WoundSp",12.973,13,13
"BE1.WoundSp",789.336904468413,"BE1-WoundSp",12.973,13,13
"BE1.WoundSp",790.05930816641,"BE1-WoundSp",12.9735,13,13
"BE1.WoundSp",790.781711864407,"BE1-WoundSp",12.9736666666667,13,13
"BE1.WoundSp",791.504115562404,"BE1-WoundSp",12.9736666666667,13,13
"BE1.WoundSp",792.226519260401,"BE1-WoundSp",12.974,13,13
"BE1.WoundSp",792.948922958398,"BE1-WoundSp",12.9746666666667,13,13
"BE1.WoundSp",793.671326656395,"BE1-WoundSp",12.9746666666667,13,13
"BE1.WoundSp",794.393730354391,"BE1-WoundSp",12.9748333333333,13,13
"BE1.WoundSp",795.116134052388,"BE1-WoundSp",12.9753333333333,13,13
"BE1.WoundSp",795.838537750385,"BE1-WoundSp",12.9758333333333,13,13
"BE1.WoundSp",796.560941448382,"BE1-WoundSp",12.9765,13,13
"BE1.WoundSp",797.283345146379,"BE1-WoundSp",12.977,13,13
"BE1.WoundSp",798.005748844376,"BE1-WoundSp",12.9773333333333,13,13
"BE1.WoundSp",798.728152542373,"BE1-WoundSp",12.9776666666667,13,13
"BE1.WoundSp",799.45055624037,"BE1-WoundSp",12.978,13,13
"BE1.WoundSp",800.172959938367,"BE1-WoundSp",12.9781666666667,13,13
"BE1.WoundSp",800.895363636364,"BE1-WoundSp",12.9783333333333,13,13
"BE1.WoundSp",801.617767334361,"BE1-WoundSp",12.9788333333333,13,13
"BE1.WoundSp",802.340171032357,"BE1-WoundSp",12.9791666666667,13,13
"BE1.WoundSp",803.062574730354,"BE1-WoundSp",12.9793333333333,13,13
"BE1.WoundSp",803.784978428351,"BE1-WoundSp",12.9796666666667,13,13
"BE1.WoundSp",804.507382126348,"BE1-WoundSp",12.9803333333333,13,13
"BE1.WoundSp",805.229785824345,"BE1-WoundSp",12.9805,13,13
"BE1.WoundSp",805.952189522342,"BE1-WoundSp",12.9805,13,13
"BE1.WoundSp",806.674593220339,"BE1-WoundSp",12.9808333333333,13,13
"BE1.WoundSp",807.396996918336,"BE1-WoundSp",12.9815,13,13
"BE1.WoundSp",808.119400616333,"BE1-WoundSp",12.9816666666667,13,13
"BE1.WoundSp",808.84180431433,"BE1-WoundSp",12.982,13,13
"BE1.WoundSp",809.564208012327,"BE1-WoundSp",12.9823333333333,13,13
"BE1.WoundSp",810.286611710324,"BE1-WoundSp",12.9828333333333,13,13
"BE1.WoundSp",811.00901540832,"BE1-WoundSp",12.9833333333333,13,13
"BE1.WoundSp",811.731419106317,"BE1-WoundSp",12.9836666666667,13,13
"BE1.WoundSp",812.453822804314,"BE1-WoundSp",12.9848333333333,13,13
"BE1.WoundSp",813.176226502311,"BE1-WoundSp",12.9855,13,13
"BE1.WoundSp",813.898630200308,"BE1-WoundSp",12.9858333333333,13,13
"BE1.WoundSp",814.621033898305,"BE1-WoundSp",12.9861666666667,13,13
"BE1.WoundSp",815.343437596302,"BE1-WoundSp",12.9865,13,13
"BE1.WoundSp",816.065841294299,"BE1-WoundSp",12.9868333333333,13,13
"BE1.WoundSp",816.788244992296,"BE1-WoundSp",12.9873333333333,13,13
"BE1.WoundSp",817.510648690293,"BE1-WoundSp",12.9878333333333,13,13
"BE1.WoundSp",818.23305238829,"BE1-WoundSp",12.9883333333333,13,13
"BE1.WoundSp",818.955456086287,"BE1-WoundSp",12.9886666666667,13,13
"BE1.WoundSp",819.677859784284,"BE1-WoundSp",12.9891666666667,13,13
"BE1.WoundSp",820.40026348228,"BE1-WoundSp",12.9895,13,13
"BE1.WoundSp",821.122667180277,"BE1-WoundSp",12.9901666666667,13,13
"BE1.WoundSp",821.845070878274,"BE1-WoundSp",12.9906666666667,13,13
"BE1.WoundSp",822.567474576271,"BE1-WoundSp",12.9906666666667,13,13
"BE1.WoundSp",823.289878274268,"BE1-WoundSp",12.9906666666667,13,13
"BE1.WoundSp",824.012281972265,"BE1-WoundSp",12.9908333333333,13,13
"BE1.WoundSp",824.734685670262,"BE1-WoundSp",12.991,13,13
"BE1.WoundSp",825.457089368259,"BE1-WoundSp",12.9913333333333,13,13
"BE1.WoundSp",826.179493066256,"BE1-WoundSp",12.9915,13,13
"BE1.WoundSp",826.901896764253,"BE1-WoundSp",12.9918333333333,13,13
"BE1.WoundSp",827.62430046225,"BE1-WoundSp",12.9921666666667,13,13
"BE1.WoundSp",828.346704160247,"BE1-WoundSp",12.9923333333333,13,13
"BE1.WoundSp",829.069107858243,"BE1-WoundSp",12.9923333333333,13,13
"BE1.WoundSp",829.79151155624,"BE1-WoundSp",12.9923333333333,13,13
"BE1.WoundSp",830.513915254237,"BE1-WoundSp",12.9926666666667,13,13
"BE1.WoundSp",831.236318952234,"BE1-WoundSp",12.9926666666667,13,13
"BE1.WoundSp",831.958722650231,"BE1-WoundSp",12.9928333333333,13,13
"BE1.WoundSp",832.681126348228,"BE1-WoundSp",12.9928333333333,13,13
"BE1.WoundSp",833.403530046225,"BE1-WoundSp",12.9928333333333,13,13
"BE1.WoundSp",834.125933744222,"BE1-WoundSp",12.9928333333333,13,13
"BE1.WoundSp",834.848337442219,"BE1-WoundSp",12.9928333333333,13,13
"BE1.WoundSp",835.570741140216,"BE1-WoundSp",12.9928333333333,13,13
"BE1.WoundSp",836.293144838213,"BE1-WoundSp",12.9928333333333,13,13
"BE1.WoundSp",837.01554853621,"BE1-WoundSp",12.9928333333333,13,13
"BE1.WoundSp",837.737952234206,"BE1-WoundSp",12.993,13,13
"BE1.WoundSp",838.460355932203,"BE1-WoundSp",12.993,13,13
"BE1.WoundSp",839.1827596302,"BE1-WoundSp",12.993,13,13
"BE1.WoundSp",839.905163328197,"BE1-WoundSp",12.993,13,13
"BE1.WoundSp",840.627567026194,"BE1-WoundSp",12.9931666666667,13,13
"BE1.WoundSp",841.349970724191,"BE1-WoundSp",12.9933333333333,13,13
"BE1.WoundSp",842.072374422188,"BE1-WoundSp",12.9933333333333,13,13
"BE1.WoundSp",842.794778120185,"BE1-WoundSp",12.9935,13,13
"BE1.WoundSp",843.517181818182,"BE1-WoundSp",12.9935,13,13
"BE1.WoundSp",844.239585516179,"BE1-WoundSp",12.9935,13,13
"BE1.WoundSp",844.961989214176,"BE1-WoundSp",12.9935,13,13
"BE1.WoundSp",845.684392912173,"BE1-WoundSp",12.9936666666667,13,13
"BE1.WoundSp",846.40679661017,"BE1-WoundSp",12.9936666666667,13,13
"BE1.WoundSp",847.129200308166,"BE1-WoundSp",12.9936666666667,13,13
"BE1.WoundSp",847.851604006163,"BE1-WoundSp",12.9938333333333,13,13
"BE1.WoundSp",848.57400770416,"BE1-WoundSp",12.9941666666667,13,13
"BE1.WoundSp",849.296411402157,"BE1-WoundSp",12.9941666666667,13,13
"BE1.WoundSp",850.018815100154,"BE1-WoundSp",12.9941666666667,13,13
"BE1.WoundSp",850.741218798151,"BE1-WoundSp",12.9945,13,13
"BE1.WoundSp",851.463622496148,"BE1-WoundSp",12.9945,13,13
"BE1.WoundSp",852.186026194145,"BE1-WoundSp",12.9948333333333,13,13
"BE1.WoundSp",852.908429892142,"BE1-WoundSp",12.9955,13,13
"BE1.WoundSp",853.630833590139,"BE1-WoundSp",12.9956666666667,13,13
"BE1.WoundSp",854.353237288136,"BE1-WoundSp",12.9958333333333,13,13
"BE1.WoundSp",855.075640986132,"BE1-WoundSp",12.996,13,13
"BE1.WoundSp",855.798044684129,"BE1-WoundSp",12.9961666666667,13,13
"BE1.WoundSp",856.520448382126,"BE1-WoundSp",12.9961666666667,13,13
"BE1.WoundSp",857.242852080123,"BE1-WoundSp",12.9961666666667,13,13
"BE1.WoundSp",857.96525577812,"BE1-WoundSp",12.9961666666667,13,13
"BE1.WoundSp",858.687659476117,"BE1-WoundSp",12.9965,13,13
"BE1.WoundSp",859.410063174114,"BE1-WoundSp",12.9965,13,13
"BE1.WoundSp",860.132466872111,"BE1-WoundSp",12.9966666666667,13,13
"BE1.WoundSp",860.854870570108,"BE1-WoundSp",12.997,13,13
"BE1.WoundSp",861.577274268105,"BE1-WoundSp",12.9973333333333,13,13
"BE1.WoundSp",862.299677966102,"BE1-WoundSp",12.9973333333333,13,13
"BE1.WoundSp",863.022081664099,"BE1-WoundSp",12.9976666666667,13,13
"BE1.WoundSp",863.744485362095,"BE1-WoundSp",12.998,13,13
"BE1.WoundSp",864.466889060092,"BE1-WoundSp",12.9983333333333,13,13
"BE1.WoundSp",865.189292758089,"BE1-WoundSp",12.9983333333333,13,13
"BE1.WoundSp",865.911696456086,"BE1-WoundSp",12.9986666666667,13,13
"BE1.WoundSp",866.634100154083,"BE1-WoundSp",12.9986666666667,13,13
"BE1.WoundSp",867.35650385208,"BE1-WoundSp",12.9986666666667,13,13
"BE1.WoundSp",868.078907550077,"BE1-WoundSp",12.999,13,13
"BE1.WoundSp",868.801311248074,"BE1-WoundSp",12.999,13,13
"BE1.WoundSp",869.523714946071,"BE1-WoundSp",12.9991666666667,13,13
"BE1.WoundSp",870.246118644068,"BE1-WoundSp",12.9991666666667,13,13
"BE1.WoundSp",870.968522342065,"BE1-WoundSp",12.9991666666667,13,13
"BE1.WoundSp",871.690926040062,"BE1-WoundSp",12.9991666666667,13,13
"BE1.WoundSp",872.413329738059,"BE1-WoundSp",12.9991666666667,13,13
"BE1.WoundSp",873.135733436055,"BE1-WoundSp",12.9993333333333,13,13
"BE1.WoundSp",873.858137134052,"BE1-WoundSp",12.9993333333333,13,13
"BE1.WoundSp",874.580540832049,"BE1-WoundSp",12.9998333333333,13,13
"BE1.WoundSp",875.302944530046,"BE1-WoundSp",12.9998333333333,13,13
"BE1.WoundSp",876.025348228043,"BE1-WoundSp",12.9998333333333,13,13
"BE1.WoundSp",876.74775192604,"BE1-WoundSp",12.9998333333333,13,13
"BE1.WoundSp",877.470155624037,"BE1-WoundSp",12.9998333333333,13,13
"BE1.WoundSp",878.192559322034,"BE1-WoundSp",12.9998333333333,13,13
"BE1.WoundSp",878.914963020031,"BE1-WoundSp",12.9998333333333,13,13
"BE1.WoundSp",879.637366718028,"BE1-WoundSp",12.9998333333333,13,13
"BE1.WoundSp",880.359770416025,"BE1-WoundSp",12.9998333333333,13,13
"BE1.WoundSp",881.082174114022,"BE1-WoundSp",12.9998333333333,13,13
"BE1.WoundSp",881.804577812019,"BE1-WoundSp",12.9998333333333,13,13
"BE1.WoundSp",882.526981510016,"BE1-WoundSp",12.9998333333333,13,13
"BE1.WoundSp",883.249385208012,"BE1-WoundSp",12.9998333333333,13,13
"BE1.WoundSp",883.971788906009,"BE1-WoundSp",12.9998333333333,13,13
"BE1.WoundSp",884.694192604006,"BE1-WoundSp",12.9998333333333,13,13
"BE1.WoundSp",885.416596302003,"BE1-WoundSp",12.9998333333333,13,13
"BE1.WoundSp",886.139,"BE1-WoundSp",13,13,13
"BE1.Dghnt",433.841,"BE1-Dghnt",0.000166666666666667,0,0
"BE1.Dghnt",434.821690423163,"BE1-Dghnt",0.000166666666666667,0,0
"BE1.Dghnt",435.802380846325,"BE1-Dghnt",0.000166666666666667,0,0
"BE1.Dghnt",436.783071269488,"BE1-Dghnt",0.000166666666666667,0,0
"BE1.Dghnt",437.76376169265,"BE1-Dghnt",0.000166666666666667,0,0
"BE1.Dghnt",438.744452115813,"BE1-Dghnt",0.000166666666666667,0,0
"BE1.Dghnt",439.725142538975,"BE1-Dghnt",0.000166666666666667,0,0
"BE1.Dghnt",440.705832962138,"BE1-Dghnt",0.000166666666666667,0,0
"BE1.Dghnt",441.686523385301,"BE1-Dghnt",0.000166666666666667,0,0
"BE1.Dghnt",442.667213808463,"BE1-Dghnt",0.000333333333333333,0,0
"BE1.Dghnt",443.647904231626,"BE1-Dghnt",0.000333333333333333,0,0
"BE1.Dghnt",444.628594654788,"BE1-Dghnt",0.000333333333333333,0,0
"BE1.Dghnt",445.609285077951,"BE1-Dghnt",0.000333333333333333,0,0
"BE1.Dghnt",446.589975501114,"BE1-Dghnt",0.000333333333333333,0,0
"BE1.Dghnt",447.570665924276,"BE1-Dghnt",0.000333333333333333,0,0
"BE1.Dghnt",448.551356347439,"BE1-Dghnt",0.000333333333333333,0,0
"BE1.Dghnt",449.532046770601,"BE1-Dghnt",0.000333333333333333,0,0
"BE1.Dghnt",450.512737193764,"BE1-Dghnt",0.000333333333333333,0,0
"BE1.Dghnt",451.493427616927,"BE1-Dghnt",0.000333333333333333,0,0
"BE1.Dghnt",452.474118040089,"BE1-Dghnt",5e-04,0,0
"BE1.Dghnt",453.454808463252,"BE1-Dghnt",5e-04,0,0
"BE1.Dghnt",454.435498886414,"BE1-Dghnt",5e-04,0,0
"BE1.Dghnt",455.416189309577,"BE1-Dghnt",5e-04,0,0
"BE1.Dghnt",456.396879732739,"BE1-Dghnt",5e-04,0,0
"BE1.Dghnt",457.377570155902,"BE1-Dghnt",5e-04,0,0
"BE1.Dghnt",458.358260579065,"BE1-Dghnt",5e-04,0,0
"BE1.Dghnt",459.338951002227,"BE1-Dghnt",5e-04,0,0
"BE1.Dghnt",460.31964142539,"BE1-Dghnt",5e-04,0,0
"BE1.Dghnt",461.300331848552,"BE1-Dghnt",5e-04,0,0
"BE1.Dghnt",462.281022271715,"BE1-Dghnt",5e-04,0,0
"BE1.Dghnt",463.261712694878,"BE1-Dghnt",5e-04,0,0
"BE1.Dghnt",464.24240311804,"BE1-Dghnt",5e-04,0,0
"BE1.Dghnt",465.223093541203,"BE1-Dghnt",5e-04,0,0
"BE1.Dghnt",466.203783964365,"BE1-Dghnt",5e-04,0,0
"BE1.Dghnt",467.184474387528,"BE1-Dghnt",5e-04,0,0
"BE1.Dghnt",468.16516481069,"BE1-Dghnt",5e-04,0,0
"BE1.Dghnt",469.145855233853,"BE1-Dghnt",5e-04,0,0
"BE1.Dghnt",470.126545657016,"BE1-Dghnt",0.000666666666666667,0,0
"BE1.Dghnt",471.107236080178,"BE1-Dghnt",0.000666666666666667,0,0
"BE1.Dghnt",472.087926503341,"BE1-Dghnt",0.000666666666666667,0,0
"BE1.Dghnt",473.068616926503,"BE1-Dghnt",0.000666666666666667,0,0
"BE1.Dghnt",474.049307349666,"BE1-Dghnt",0.000666666666666667,0,0
"BE1.Dghnt",475.029997772828,"BE1-Dghnt",0.000666666666666667,0,0
"BE1.Dghnt",476.010688195991,"BE1-Dghnt",0.000666666666666667,0,0
"BE1.Dghnt",476.991378619154,"BE1-Dghnt",0.000833333333333333,0,0
"BE1.Dghnt",477.972069042316,"BE1-Dghnt",0.000833333333333333,0,0
"BE1.Dghnt",478.952759465479,"BE1-Dghnt",0.000833333333333333,0,0
"BE1.Dghnt",479.933449888641,"BE1-Dghnt",0.000833333333333333,0,0
"BE1.Dghnt",480.914140311804,"BE1-Dghnt",0.001,0,0
"BE1.Dghnt",481.894830734967,"BE1-Dghnt",0.001,0,0
"BE1.Dghnt",482.875521158129,"BE1-Dghnt",0.001,0,0
"BE1.Dghnt",483.856211581292,"BE1-Dghnt",0.001,0,0
"BE1.Dghnt",484.836902004454,"BE1-Dghnt",0.001,0,0
"BE1.Dghnt",485.817592427617,"BE1-Dghnt",0.001,0,0
"BE1.Dghnt",486.79828285078,"BE1-Dghnt",0.00116666666666667,0,0
"BE1.Dghnt",487.778973273942,"BE1-Dghnt",0.00116666666666667,0,0
"BE1.Dghnt",488.759663697105,"BE1-Dghnt",0.00116666666666667,0,0
"BE1.Dghnt",489.740354120267,"BE1-Dghnt",0.00133333333333333,0,0
"BE1.Dghnt",490.72104454343,"BE1-Dghnt",0.00133333333333333,0,0
"BE1.Dghnt",491.701734966592,"BE1-Dghnt",0.00133333333333333,0,0
"BE1.Dghnt",492.682425389755,"BE1-Dghnt",0.0015,0,0
"BE1.Dghnt",493.663115812918,"BE1-Dghnt",0.0015,0,0
"BE1.Dghnt",494.64380623608,"BE1-Dghnt",0.0015,0,0
"BE1.Dghnt",495.624496659243,"BE1-Dghnt",0.0015,0,0
"BE1.Dghnt",496.605187082405,"BE1-Dghnt",0.0015,0,0
"BE1.Dghnt",497.585877505568,"BE1-Dghnt",0.00166666666666667,0,0
"BE1.Dghnt",498.566567928731,"BE1-Dghnt",0.00166666666666667,0,0
"BE1.Dghnt",499.547258351893,"BE1-Dghnt",0.00166666666666667,0,0
"BE1.Dghnt",500.527948775056,"BE1-Dghnt",0.00166666666666667,0,0
"BE1.Dghnt",501.508639198218,"BE1-Dghnt",0.00166666666666667,0,0
"BE1.Dghnt",502.489329621381,"BE1-Dghnt",0.00166666666666667,0,0
"BE1.Dghnt",503.470020044543,"BE1-Dghnt",0.00166666666666667,0,0
"BE1.Dghnt",504.450710467706,"BE1-Dghnt",0.00166666666666667,0,0
"BE1.Dghnt",505.431400890869,"BE1-Dghnt",0.00166666666666667,0,0
"BE1.Dghnt",506.412091314031,"BE1-Dghnt",0.00166666666666667,0,0
"BE1.Dghnt",507.392781737194,"BE1-Dghnt",0.00166666666666667,0,0
"BE1.Dghnt",508.373472160356,"BE1-Dghnt",0.00166666666666667,0,0
"BE1.Dghnt",509.354162583519,"BE1-Dghnt",0.00166666666666667,0,0
"BE1.Dghnt",510.334853006682,"BE1-Dghnt",0.00166666666666667,0,0
"BE1.Dghnt",511.315543429844,"BE1-Dghnt",0.00166666666666667,0,0
"BE1.Dghnt",512.296233853007,"BE1-Dghnt",0.00166666666666667,0,0
"BE1.Dghnt",513.276924276169,"BE1-Dghnt",0.00166666666666667,0,0
"BE1.Dghnt",514.257614699332,"BE1-Dghnt",0.00166666666666667,0,0
"BE1.Dghnt",515.238305122494,"BE1-Dghnt",0.00166666666666667,0,0
"BE1.Dghnt",516.218995545657,"BE1-Dghnt",0.00166666666666667,0,0
"BE1.Dghnt",517.19968596882,"BE1-Dghnt",0.00166666666666667,0,0
"BE1.Dghnt",518.180376391982,"BE1-Dghnt",0.00166666666666667,0,0
"BE1.Dghnt",519.161066815145,"BE1-Dghnt",0.00166666666666667,0,0
"BE1.Dghnt",520.141757238307,"BE1-Dghnt",0.00166666666666667,0,0
"BE1.Dghnt",521.12244766147,"BE1-Dghnt",0.00166666666666667,0,0
"BE1.Dghnt",522.103138084633,"BE1-Dghnt",0.00166666666666667,0,0
"BE1.Dghnt",523.083828507795,"BE1-Dghnt",0.00166666666666667,0,0
"BE1.Dghnt",524.064518930958,"BE1-Dghnt",0.00166666666666667,0,0
"BE1.Dghnt",525.04520935412,"BE1-Dghnt",0.00166666666666667,0,0
"BE1.Dghnt",526.025899777283,"BE1-Dghnt",0.00166666666666667,0,0
"BE1.Dghnt",527.006590200445,"BE1-Dghnt",0.00166666666666667,0,0
"BE1.Dghnt",527.987280623608,"BE1-Dghnt",0.00166666666666667,0,0
"BE1.Dghnt",528.967971046771,"BE1-Dghnt",0.00166666666666667,0,0
"BE1.Dghnt",529.948661469933,"BE1-Dghnt",0.00166666666666667,0,0
"BE1.Dghnt",530.929351893096,"BE1-Dghnt",0.00166666666666667,0,0
"BE1.Dghnt",531.910042316258,"BE1-Dghnt",0.00166666666666667,0,0
"BE1.Dghnt",532.890732739421,"BE1-Dghnt",0.00166666666666667,0,0
"BE1.Dghnt",533.871423162584,"BE1-Dghnt",0.00166666666666667,0,0
"BE1.Dghnt",534.852113585746,"BE1-Dghnt",0.00166666666666667,0,0
"BE1.Dghnt",535.832804008909,"BE1-Dghnt",0.00166666666666667,0,0
"BE1.Dghnt",536.813494432071,"BE1-Dghnt",0.00166666666666667,0,0
"BE1.Dghnt",537.794184855234,"BE1-Dghnt",0.00166666666666667,0,0
"BE1.Dghnt",538.774875278396,"BE1-Dghnt",0.00166666666666667,0,0
"BE1.Dghnt",539.755565701559,"BE1-Dghnt",0.00166666666666667,0,0
"BE1.Dghnt",540.736256124722,"BE1-Dghnt",0.00166666666666667,0,0
"BE1.Dghnt",541.716946547884,"BE1-Dghnt",0.00183333333333333,0,0
"BE1.Dghnt",542.697636971047,"BE1-Dghnt",0.002,0,0
"BE1.Dghnt",543.678327394209,"BE1-Dghnt",0.00233333333333333,0,0
"BE1.Dghnt",544.659017817372,"BE1-Dghnt",0.00266666666666667,0,0
"BE1.Dghnt",545.639708240535,"BE1-Dghnt",0.00283333333333333,0,0
"BE1.Dghnt",546.620398663697,"BE1-Dghnt",0.003,0,0
"BE1.Dghnt",547.60108908686,"BE1-Dghnt",0.00383333333333333,0,0
"BE1.Dghnt",548.581779510022,"BE1-Dghnt",0.00466666666666667,0,0
"BE1.Dghnt",549.562469933185,"BE1-Dghnt",0.006,0,0
"BE1.Dghnt",550.543160356347,"BE1-Dghnt",0.00733333333333333,0,0
"BE1.Dghnt",551.52385077951,"BE1-Dghnt",0.00816666666666667,0,0
"BE1.Dghnt",552.504541202673,"BE1-Dghnt",0.00983333333333333,0,0
"BE1.Dghnt",553.485231625835,"BE1-Dghnt",0.012,0,0
"BE1.Dghnt",554.465922048998,"BE1-Dghnt",0.0138333333333333,0,0
"BE1.Dghnt",555.44661247216,"BE1-Dghnt",0.0161666666666667,0,0
"BE1.Dghnt",556.427302895323,"BE1-Dghnt",0.0198333333333333,0,0
"BE1.Dghnt",557.407993318486,"BE1-Dghnt",0.023,0,0
"BE1.Dghnt",558.388683741648,"BE1-Dghnt",0.0268333333333333,0,0
"BE1.Dghnt",559.369374164811,"BE1-Dghnt",0.0305,0,0
"BE1.Dghnt",560.350064587973,"BE1-Dghnt",0.033,0,0
"BE1.Dghnt",561.330755011136,"BE1-Dghnt",0.0371666666666667,0,0
"BE1.Dghnt",562.311445434298,"BE1-Dghnt",0.0405,0,0
"BE1.Dghnt",563.292135857461,"BE1-Dghnt",0.0466666666666667,0,0
"BE1.Dghnt",564.272826280624,"BE1-Dghnt",0.051,0,1
"BE1.Dghnt",565.253516703786,"BE1-Dghnt",0.057,0,1
"BE1.Dghnt",566.234207126949,"BE1-Dghnt",0.0641666666666667,0,1
"BE1.Dghnt",567.214897550111,"BE1-Dghnt",0.071,0,1
"BE1.Dghnt",568.195587973274,"BE1-Dghnt",0.0806666666666667,0,1
"BE1.Dghnt",569.176278396437,"BE1-Dghnt",0.0918333333333333,0,1
"BE1.Dghnt",570.156968819599,"BE1-Dghnt",0.103166666666667,0,1
"BE1.Dghnt",571.137659242762,"BE1-Dghnt",0.115166666666667,0,1
"BE1.Dghnt",572.118349665924,"BE1-Dghnt",0.131,0,1
"BE1.Dghnt",573.099040089087,"BE1-Dghnt",0.1455,0,1
"BE1.Dghnt",574.079730512249,"BE1-Dghnt",0.163666666666667,0,1
"BE1.Dghnt",575.060420935412,"BE1-Dghnt",0.181666666666667,0,1
"BE1.Dghnt",576.041111358575,"BE1-Dghnt",0.201333333333333,0,1
"BE1.Dghnt",577.021801781737,"BE1-Dghnt",0.219166666666667,0,1
"BE1.Dghnt",578.0024922049,"BE1-Dghnt",0.237333333333333,0,1
"BE1.Dghnt",578.983182628062,"BE1-Dghnt",0.253666666666667,0,1
"BE1.Dghnt",579.963873051225,"BE1-Dghnt",0.274833333333333,0,1
"BE1.Dghnt",580.944563474388,"BE1-Dghnt",0.296166666666667,0,1
"BE1.Dghnt",581.92525389755,"BE1-Dghnt",0.318666666666667,0,1
"BE1.Dghnt",582.905944320713,"BE1-Dghnt",0.342,0,1
"BE1.Dghnt",583.886634743875,"BE1-Dghnt",0.3695,0,1
"BE1.Dghnt",584.867325167038,"BE1-Dghnt",0.396166666666667,0,1
"BE1.Dghnt",585.8480155902,"BE1-Dghnt",0.418833333333333,0,1
"BE1.Dghnt",586.828706013363,"BE1-Dghnt",0.445,0,1
"BE1.Dghnt",587.809396436526,"BE1-Dghnt",0.466,0,1
"BE1.Dghnt",588.790086859688,"BE1-Dghnt",0.491833333333333,0,1
"BE1.Dghnt",589.770777282851,"BE1-Dghnt",0.519,0,1
"BE1.Dghnt",590.751467706013,"BE1-Dghnt",0.549333333333333,0,1
"BE1.Dghnt",591.732158129176,"BE1-Dghnt",0.578,0,1
"BE1.Dghnt",592.712848552339,"BE1-Dghnt",0.605833333333333,0,1
"BE1.Dghnt",593.693538975501,"BE1-Dghnt",0.635833333333333,0,1
"BE1.Dghnt",594.674229398664,"BE1-Dghnt",0.6675,0,1
"BE1.Dghnt",595.654919821826,"BE1-Dghnt",0.6945,0,1
"BE1.Dghnt",596.635610244989,"BE1-Dghnt",0.727,0,2
"BE1.Dghnt",597.616300668151,"BE1-Dghnt",0.760333333333333,0,2
"BE1.Dghnt",598.596991091314,"BE1-Dghnt",0.795,0,2
"BE1.Dghnt",599.577681514477,"BE1-Dghnt",0.828333333333333,0,2
"BE1.Dghnt",600.558371937639,"BE1-Dghnt",0.865,0,2
"BE1.Dghnt",601.539062360802,"BE1-Dghnt",0.903833333333333,0,2
"BE1.Dghnt",602.519752783964,"BE1-Dghnt",0.944166666666667,0,2
"BE1.Dghnt",603.500443207127,"BE1-Dghnt",0.982,0,2
"BE1.Dghnt",604.48113363029,"BE1-Dghnt",1.02583333333333,0,2
"BE1.Dghnt",605.461824053452,"BE1-Dghnt",1.071,0,2
"BE1.Dghnt",606.442514476615,"BE1-Dghnt",1.11733333333333,0,2
"BE1.Dghnt",607.423204899777,"BE1-Dghnt",1.16716666666667,0,2
"BE1.Dghnt",608.40389532294,"BE1-Dghnt",1.2165,0,2
"BE1.Dghnt",609.384585746102,"BE1-Dghnt",1.26433333333333,0,2
"BE1.Dghnt",610.365276169265,"BE1-Dghnt",1.3225,0,3
"BE1.Dghnt",611.345966592428,"BE1-Dghnt",1.38583333333333,0,3
"BE1.Dghnt",612.32665701559,"BE1-Dghnt",1.445,0,3
"BE1.Dghnt",613.307347438753,"BE1-Dghnt",1.50416666666667,0,3
"BE1.Dghnt",614.288037861915,"BE1-Dghnt",1.567,0,3
"BE1.Dghnt",615.268728285078,"BE1-Dghnt",1.635,0,3
"BE1.Dghnt",616.249418708241,"BE1-Dghnt",1.69933333333333,0,3
"BE1.Dghnt",617.230109131403,"BE1-Dghnt",1.7665,0,3
"BE1.Dghnt",618.210799554566,"BE1-Dghnt",1.828,0,3
"BE1.Dghnt",619.191489977728,"BE1-Dghnt",1.8845,0,3
"BE1.Dghnt",620.172180400891,"BE1-Dghnt",1.94016666666667,0,3
"BE1.Dghnt",621.152870824053,"BE1-Dghnt",2.0015,1,4
"BE1.Dghnt",622.133561247216,"BE1-Dghnt",2.05433333333333,1,4
"BE1.Dghnt",623.114251670379,"BE1-Dghnt",2.10483333333333,1,4
"BE1.Dghnt",624.094942093541,"BE1-Dghnt",2.15483333333333,1,4
"BE1.Dghnt",625.075632516704,"BE1-Dghnt",2.202,1,4
"BE1.Dghnt",626.056322939866,"BE1-Dghnt",2.24683333333333,1,4
"BE1.Dghnt",627.037013363029,"BE1-Dghnt",2.29433333333333,1,4
"BE1.Dghnt",628.017703786192,"BE1-Dghnt",2.34233333333333,1,4
"BE1.Dghnt",628.998394209354,"BE1-Dghnt",2.38616666666667,1,4
"BE1.Dghnt",629.979084632517,"BE1-Dghnt",2.42883333333333,1,4
"BE1.Dghnt",630.959775055679,"BE1-Dghnt",2.47416666666667,1,4
"BE1.Dghnt",631.940465478842,"BE1-Dghnt",2.52016666666667,1,4
"BE1.Dghnt",632.921155902004,"BE1-Dghnt",2.56816666666667,1,4
"BE1.Dghnt",633.901846325167,"BE1-Dghnt",2.617,1,4
"BE1.Dghnt",634.88253674833,"BE1-Dghnt",2.66383333333333,1,4
"BE1.Dghnt",635.863227171492,"BE1-Dghnt",2.71,1,4
"BE1.Dghnt",636.843917594655,"BE1-Dghnt",2.75633333333333,1,4
"BE1.Dghnt",637.824608017817,"BE1-Dghnt",2.806,1,4
"BE1.Dghnt",638.80529844098,"BE1-Dghnt",2.85533333333333,1,4
"BE1.Dghnt",639.785988864143,"BE1-Dghnt",2.91433333333333,1,4
"BE1.Dghnt",640.766679287305,"BE1-Dghnt",2.97416666666667,1,4
"BE1.Dghnt",641.747369710468,"BE1-Dghnt",3.04233333333333,1,4
"BE1.Dghnt",642.72806013363,"BE1-Dghnt",3.11433333333333,2,5
"BE1.Dghnt",643.708750556793,"BE1-Dghnt",3.1975,2,5
"BE1.Dghnt",644.689440979956,"BE1-Dghnt",3.2935,2,5
"BE1.Dghnt",645.670131403118,"BE1-Dghnt",3.3955,2,5
"BE1.Dghnt",646.650821826281,"BE1-Dghnt",3.514,2,5
"BE1.Dghnt",647.631512249443,"BE1-Dghnt",3.63866666666667,2,5
"BE1.Dghnt",648.612202672606,"BE1-Dghnt",3.76766666666667,2,5
"BE1.Dghnt",649.592893095768,"BE1-Dghnt",3.921,2,5
"BE1.Dghnt",650.573583518931,"BE1-Dghnt",4.07266666666667,3,5
"BE1.Dghnt",651.554273942094,"BE1-Dghnt",4.22733333333333,3,5
"BE1.Dghnt",652.534964365256,"BE1-Dghnt",4.39333333333333,2,5
"BE1.Dghnt",653.515654788419,"BE1-Dghnt",4.54283333333333,3,6
"BE1.Dghnt",654.496345211581,"BE1-Dghnt",4.69716666666667,3,6
"BE1.Dghnt",655.477035634744,"BE1-Dghnt",4.83433333333333,4,6
"BE1.Dghnt",656.457726057906,"BE1-Dghnt",4.9835,4,6
"BE1.Dghnt",657.438416481069,"BE1-Dghnt",5.12333333333333,4,6
"BE1.Dghnt",658.419106904232,"BE1-Dghnt",5.26483333333333,4,7
"BE1.Dghnt",659.399797327394,"BE1-Dghnt",5.40716666666667,4,7
"BE1.Dghnt",660.380487750557,"BE1-Dghnt",5.558,4,7
"BE1.Dghnt",661.361178173719,"BE1-Dghnt",5.6985,4,7
"BE1.Dghnt",662.341868596882,"BE1-Dghnt",5.84333333333333,5,7
"BE1.Dghnt",663.322559020045,"BE1-Dghnt",5.98766666666667,5,7
"BE1.Dghnt",664.303249443207,"BE1-Dghnt",6.12533333333333,4,7
"BE1.Dghnt",665.28393986637,"BE1-Dghnt",6.24666666666667,5,8
"BE1.Dghnt",666.264630289532,"BE1-Dghnt",6.3605,5,8
"BE1.Dghnt",667.245320712695,"BE1-Dghnt",6.47116666666667,5,8
"BE1.Dghnt",668.226011135857,"BE1-Dghnt",6.58183333333333,5,8
"BE1.Dghnt",669.20670155902,"BE1-Dghnt",6.68233333333333,5,8
"BE1.Dghnt",670.187391982183,"BE1-Dghnt",6.77933333333333,5,8
"BE1.Dghnt",671.168082405345,"BE1-Dghnt",6.87183333333333,5,8
"BE1.Dghnt",672.148772828508,"BE1-Dghnt",6.94833333333333,5,8
"BE1.Dghnt",673.12946325167,"BE1-Dghnt",7.0265,5,8
"BE1.Dghnt",674.110153674833,"BE1-Dghnt",7.09666666666667,6,9
"BE1.Dghnt",675.090844097996,"BE1-Dghnt",7.1575,6,9
"BE1.Dghnt",676.071534521158,"BE1-Dghnt",7.2135,6,9
"BE1.Dghnt",677.052224944321,"BE1-Dghnt",7.2725,6,9
"BE1.Dghnt",678.032915367483,"BE1-Dghnt",7.322,6,9
"BE1.Dghnt",679.013605790646,"BE1-Dghnt",7.36866666666667,6,9
"BE1.Dghnt",679.994296213809,"BE1-Dghnt",7.415,6,9
"BE1.Dghnt",680.974986636971,"BE1-Dghnt",7.447,6,9
"BE1.Dghnt",681.955677060134,"BE1-Dghnt",7.48083333333333,6,9
"BE1.Dghnt",682.936367483296,"BE1-Dghnt",7.50833333333333,6,9
"BE1.Dghnt",683.917057906459,"BE1-Dghnt",7.53433333333333,6,9
"BE1.Dghnt",684.897748329621,"BE1-Dghnt",7.55883333333333,6,9
"BE1.Dghnt",685.878438752784,"BE1-Dghnt",7.5785,6,9
"BE1.Dghnt",686.859129175947,"BE1-Dghnt",7.5965,6,9
"BE1.Dghnt",687.839819599109,"BE1-Dghnt",7.612,6,9
"BE1.Dghnt",688.820510022272,"BE1-Dghnt",7.6265,6,9
"BE1.Dghnt",689.801200445434,"BE1-Dghnt",7.64133333333333,6,9
"BE1.Dghnt",690.781890868597,"BE1-Dghnt",7.65466666666667,6,9
"BE1.Dghnt",691.762581291759,"BE1-Dghnt",7.6665,6,9
"BE1.Dghnt",692.743271714922,"BE1-Dghnt",7.67566666666667,6,9
"BE1.Dghnt",693.723962138085,"BE1-Dghnt",7.687,6,9
"BE1.Dghnt",694.704652561247,"BE1-Dghnt",7.69683333333333,6,9
"BE1.Dghnt",695.68534298441,"BE1-Dghnt",7.70933333333333,6,9
"BE1.Dghnt",696.666033407572,"BE1-Dghnt",7.71883333333333,6,9
"BE1.Dghnt",697.646723830735,"BE1-Dghnt",7.73083333333333,6,9
"BE1.Dghnt",698.627414253898,"BE1-Dghnt",7.74216666666667,6,9
"BE1.Dghnt",699.60810467706,"BE1-Dghnt",7.7565,6,9
"BE1.Dghnt",700.588795100223,"BE1-Dghnt",7.76883333333333,6,9
"BE1.Dghnt",701.569485523385,"BE1-Dghnt",7.78233333333333,6,9
"BE1.Dghnt",702.550175946548,"BE1-Dghnt",7.794,6,9
"BE1.Dghnt",703.530866369711,"BE1-Dghnt",7.80583333333333,6,9
"BE1.Dghnt",704.511556792873,"BE1-Dghnt",7.81266666666667,6,9
"BE1.Dghnt",705.492247216036,"BE1-Dghnt",7.81933333333333,6,9
"BE1.Dghnt",706.472937639198,"BE1-Dghnt",7.82366666666667,6,9
"BE1.Dghnt",707.453628062361,"BE1-Dghnt",7.8275,6,9
"BE1.Dghnt",708.434318485523,"BE1-Dghnt",7.829,6,9
"BE1.Dghnt",709.415008908686,"BE1-Dghnt",7.831,6,9
"BE1.Dghnt",710.395699331849,"BE1-Dghnt",7.8335,6,9
"BE1.Dghnt",711.376389755011,"BE1-Dghnt",7.83466666666667,6,9
"BE1.Dghnt",712.357080178174,"BE1-Dghnt",7.83766666666667,6,9
"BE1.Dghnt",713.337770601336,"BE1-Dghnt",7.83883333333333,6,9
"BE1.Dghnt",714.318461024499,"BE1-Dghnt",7.84033333333333,6,9
"BE1.Dghnt",715.299151447661,"BE1-Dghnt",7.843,6,9
"BE1.Dghnt",716.279841870824,"BE1-Dghnt",7.8455,6,9
"BE1.Dghnt",717.260532293987,"BE1-Dghnt",7.847,6,9
"BE1.Dghnt",718.241222717149,"BE1-Dghnt",7.84766666666667,6,9
"BE1.Dghnt",719.221913140312,"BE1-Dghnt",7.84933333333333,6,9
"BE1.Dghnt",720.202603563474,"BE1-Dghnt",7.8505,6,9
"BE1.Dghnt",721.183293986637,"BE1-Dghnt",7.8525,6,9
"BE1.Dghnt",722.1639844098,"BE1-Dghnt",7.85366666666667,6,9
"BE1.Dghnt",723.144674832962,"BE1-Dghnt",7.8555,6,9
"BE1.Dghnt",724.125365256125,"BE1-Dghnt",7.8585,6,9
"BE1.Dghnt",725.106055679287,"BE1-Dghnt",7.85983333333333,6,9
"BE1.Dghnt",726.08674610245,"BE1-Dghnt",7.86333333333333,6,9
"BE1.Dghnt",727.067436525612,"BE1-Dghnt",7.86833333333333,6,9
"BE1.Dghnt",728.048126948775,"BE1-Dghnt",7.87316666666667,6,9
"BE1.Dghnt",729.028817371938,"BE1-Dghnt",7.87583333333333,6,9
"BE1.Dghnt",730.0095077951,"BE1-Dghnt",7.87916666666667,6,9
"BE1.Dghnt",730.990198218263,"BE1-Dghnt",7.8825,6,9
"BE1.Dghnt",731.970888641425,"BE1-Dghnt",7.88566666666667,6,9
"BE1.Dghnt",732.951579064588,"BE1-Dghnt",7.88916666666667,6,9
"BE1.Dghnt",733.932269487751,"BE1-Dghnt",7.89316666666667,6,9
"BE1.Dghnt",734.912959910913,"BE1-Dghnt",7.89666666666667,6,9
"BE1.Dghnt",735.893650334076,"BE1-Dghnt",7.9005,6,9
"BE1.Dghnt",736.874340757238,"BE1-Dghnt",7.904,6,9
"BE1.Dghnt",737.855031180401,"BE1-Dghnt",7.90966666666667,7,9
"BE1.Dghnt",738.835721603564,"BE1-Dghnt",7.916,7,9
"BE1.Dghnt",739.816412026726,"BE1-Dghnt",7.9235,7,9
"BE1.Dghnt",740.797102449889,"BE1-Dghnt",7.93116666666667,7,9
"BE1.Dghnt",741.777792873051,"BE1-Dghnt",7.94066666666667,7,9
"BE1.Dghnt",742.758483296214,"BE1-Dghnt",7.95383333333333,7,9
"BE1.Dghnt",743.739173719376,"BE1-Dghnt",7.974,7,9
"BE1.Dghnt",744.719864142539,"BE1-Dghnt",7.9965,7,9
"BE1.Dghnt",745.700554565702,"BE1-Dghnt",8.0235,7,9
"BE1.Dghnt",746.681244988864,"BE1-Dghnt",8.0595,7,9
"BE1.Dghnt",747.661935412027,"BE1-Dghnt",8.09316666666667,7,9
"BE1.Dghnt",748.642625835189,"BE1-Dghnt",8.1295,7,9
"BE1.Dghnt",749.623316258352,"BE1-Dghnt",8.17133333333333,7,9
"BE1.Dghnt",750.604006681515,"BE1-Dghnt",8.21066666666667,7,9
"BE1.Dghnt",751.584697104677,"BE1-Dghnt",8.25533333333333,7,9
"BE1.Dghnt",752.56538752784,"BE1-Dghnt",8.30016666666667,7,9
"BE1.Dghnt",753.546077951002,"BE1-Dghnt",8.35966666666667,7,9
"BE1.Dghnt",754.526768374165,"BE1-Dghnt",8.4175,7,9
"BE1.Dghnt",755.507458797327,"BE1-Dghnt",8.47466666666667,7,9
"BE1.Dghnt",756.48814922049,"BE1-Dghnt",8.53016666666667,7,9
"BE1.Dghnt",757.468839643653,"BE1-Dghnt",8.582,7,9
"BE1.Dghnt",758.449530066815,"BE1-Dghnt",8.621,8,9
"BE1.Dghnt",759.430220489978,"BE1-Dghnt",8.6535,8,9
"BE1.Dghnt",760.41091091314,"BE1-Dghnt",8.68516666666667,8,9
"BE1.Dghnt",761.391601336303,"BE1-Dghnt",8.7075,8,9
"BE1.Dghnt",762.372291759465,"BE1-Dghnt",8.7315,8,9
"BE1.Dghnt",763.352982182628,"BE1-Dghnt",8.75483333333333,8,9
"BE1.Dghnt",764.333672605791,"BE1-Dghnt",8.77533333333333,8,9
"BE1.Dghnt",765.314363028953,"BE1-Dghnt",8.79516666666667,8,9
"BE1.Dghnt",766.295053452116,"BE1-Dghnt",8.81583333333333,8,9
"BE1.Dghnt",767.275743875278,"BE1-Dghnt",8.838,8,9
"BE1.Dghnt",768.256434298441,"BE1-Dghnt",8.86716666666667,8,9
"BE1.Dghnt",769.237124721604,"BE1-Dghnt",8.8975,8,9
"BE1.Dghnt",770.217815144766,"BE1-Dghnt",8.9305,8,9
"BE1.Dghnt",771.198505567929,"BE1-Dghnt",8.95716666666667,9,9
"BE1.Dghnt",772.179195991091,"BE1-Dghnt",8.96966666666667,9,9
"BE1.Dghnt",773.159886414254,"BE1-Dghnt",8.97666666666667,9,9
"BE1.Dghnt",774.140576837417,"BE1-Dghnt",8.9825,9,9
"BE1.Dghnt",775.121267260579,"BE1-Dghnt",8.986,9,9
"BE1.Dghnt",776.101957683742,"BE1-Dghnt",8.98866666666667,9,9
"BE1.Dghnt",777.082648106904,"BE1-Dghnt",8.989,9,9
"BE1.Dghnt",778.063338530067,"BE1-Dghnt",8.98933333333333,9,9
"BE1.Dghnt",779.044028953229,"BE1-Dghnt",8.98933333333333,9,9
"BE1.Dghnt",780.024719376392,"BE1-Dghnt",8.98933333333333,9,9
"BE1.Dghnt",781.005409799555,"BE1-Dghnt",8.98933333333333,9,9
"BE1.Dghnt",781.986100222717,"BE1-Dghnt",8.98933333333333,9,9
"BE1.Dghnt",782.96679064588,"BE1-Dghnt",8.98933333333333,9,9
"BE1.Dghnt",783.947481069042,"BE1-Dghnt",8.98933333333333,9,9
"BE1.Dghnt",784.928171492205,"BE1-Dghnt",8.98933333333333,9,9
"BE1.Dghnt",785.908861915368,"BE1-Dghnt",8.98933333333333,9,9
"BE1.Dghnt",786.88955233853,"BE1-Dghnt",8.98933333333333,9,9
"BE1.Dghnt",787.870242761693,"BE1-Dghnt",8.98933333333333,9,9
"BE1.Dghnt",788.850933184855,"BE1-Dghnt",8.9895,9,9
"BE1.Dghnt",789.831623608018,"BE1-Dghnt",8.9895,9,9
"BE1.Dghnt",790.81231403118,"BE1-Dghnt",8.98966666666667,9,9
"BE1.Dghnt",791.793004454343,"BE1-Dghnt",8.98983333333333,9,9
"BE1.Dghnt",792.773694877506,"BE1-Dghnt",8.98983333333333,9,9
"BE1.Dghnt",793.754385300668,"BE1-Dghnt",8.99,9,9
"BE1.Dghnt",794.735075723831,"BE1-Dghnt",8.99016666666667,9,9
"BE1.Dghnt",795.715766146993,"BE1-Dghnt",8.99033333333333,9,9
"BE1.Dghnt",796.696456570156,"BE1-Dghnt",8.991,9,9
"BE1.Dghnt",797.677146993319,"BE1-Dghnt",8.99116666666667,9,9
"BE1.Dghnt",798.657837416481,"BE1-Dghnt",8.9915,9,9
"BE1.Dghnt",799.638527839644,"BE1-Dghnt",8.9915,9,9
"BE1.Dghnt",800.619218262806,"BE1-Dghnt",8.9915,9,9
"BE1.Dghnt",801.599908685969,"BE1-Dghnt",8.99166666666667,9,9
"BE1.Dghnt",802.580599109131,"BE1-Dghnt",8.99216666666667,9,9
"BE1.Dghnt",803.561289532294,"BE1-Dghnt",8.99216666666667,9,9
"BE1.Dghnt",804.541979955457,"BE1-Dghnt",8.99233333333333,9,9
"BE1.Dghnt",805.522670378619,"BE1-Dghnt",8.99233333333333,9,9
"BE1.Dghnt",806.503360801782,"BE1-Dghnt",8.99266666666667,9,9
"BE1.Dghnt",807.484051224944,"BE1-Dghnt",8.99283333333333,9,9
"BE1.Dghnt",808.464741648107,"BE1-Dghnt",8.99283333333333,9,9
"BE1.Dghnt",809.44543207127,"BE1-Dghnt",8.99283333333333,9,9
"BE1.Dghnt",810.426122494432,"BE1-Dghnt",8.99333333333333,9,9
"BE1.Dghnt",811.406812917595,"BE1-Dghnt",8.9935,9,9
"BE1.Dghnt",812.387503340757,"BE1-Dghnt",8.99383333333333,9,9
"BE1.Dghnt",813.36819376392,"BE1-Dghnt",8.9945,9,9
"BE1.Dghnt",814.348884187082,"BE1-Dghnt",8.99466666666667,9,9
"BE1.Dghnt",815.329574610245,"BE1-Dghnt",8.99466666666667,9,9
"BE1.Dghnt",816.310265033408,"BE1-Dghnt",8.99516666666667,9,9
"BE1.Dghnt",817.29095545657,"BE1-Dghnt",8.9955,9,9
"BE1.Dghnt",818.271645879733,"BE1-Dghnt",8.9955,9,9
"BE1.Dghnt",819.252336302895,"BE1-Dghnt",8.9955,9,9
"BE1.Dghnt",820.233026726058,"BE1-Dghnt",8.99583333333333,9,9
"BE1.Dghnt",821.213717149221,"BE1-Dghnt",8.99616666666667,9,9
"BE1.Dghnt",822.194407572383,"BE1-Dghnt",8.99633333333333,9,9
"BE1.Dghnt",823.175097995546,"BE1-Dghnt",8.99633333333333,9,9
"BE1.Dghnt",824.155788418708,"BE1-Dghnt",8.9965,9,9
"BE1.Dghnt",825.136478841871,"BE1-Dghnt",8.9965,9,9
"BE1.Dghnt",826.117169265033,"BE1-Dghnt",8.9965,9,9
"BE1.Dghnt",827.097859688196,"BE1-Dghnt",8.99666666666667,9,9
"BE1.Dghnt",828.078550111359,"BE1-Dghnt",8.99683333333333,9,9
"BE1.Dghnt",829.059240534521,"BE1-Dghnt",8.99683333333333,9,9
"BE1.Dghnt",830.039930957684,"BE1-Dghnt",8.99683333333333,9,9
"BE1.Dghnt",831.020621380846,"BE1-Dghnt",8.99683333333333,9,9
"BE1.Dghnt",832.001311804009,"BE1-Dghnt",8.997,9,9
"BE1.Dghnt",832.982002227172,"BE1-Dghnt",8.997,9,9
"BE1.Dghnt",833.962692650334,"BE1-Dghnt",8.997,9,9
"BE1.Dghnt",834.943383073497,"BE1-Dghnt",8.997,9,9
"BE1.Dghnt",835.924073496659,"BE1-Dghnt",8.997,9,9
"BE1.Dghnt",836.904763919822,"BE1-Dghnt",8.997,9,9
"BE1.Dghnt",837.885454342985,"BE1-Dghnt",8.997,9,9
"BE1.Dghnt",838.866144766147,"BE1-Dghnt",8.997,9,9
"BE1.Dghnt",839.84683518931,"BE1-Dghnt",8.997,9,9
"BE1.Dghnt",840.827525612472,"BE1-Dghnt",8.997,9,9
"BE1.Dghnt",841.808216035635,"BE1-Dghnt",8.997,9,9
"BE1.Dghnt",842.788906458797,"BE1-Dghnt",8.99716666666667,9,9
"BE1.Dghnt",843.76959688196,"BE1-Dghnt",8.99716666666667,9,9
"BE1.Dghnt",844.750287305123,"BE1-Dghnt",8.99716666666667,9,9
"BE1.Dghnt",845.730977728285,"BE1-Dghnt",8.99716666666667,9,9
"BE1.Dghnt",846.711668151448,"BE1-Dghnt",8.99716666666667,9,9
"BE1.Dghnt",847.69235857461,"BE1-Dghnt",8.99733333333333,9,9
"BE1.Dghnt",848.673048997773,"BE1-Dghnt",8.99766666666667,9,9
"BE1.Dghnt",849.653739420935,"BE1-Dghnt",8.99766666666667,9,9
"BE1.Dghnt",850.634429844098,"BE1-Dghnt",8.99783333333333,9,9
"BE1.Dghnt",851.615120267261,"BE1-Dghnt",8.998,9,9
"BE1.Dghnt",852.595810690423,"BE1-Dghnt",8.99833333333333,9,9
"BE1.Dghnt",853.576501113586,"BE1-Dghnt",8.9985,9,9
"BE1.Dghnt",854.557191536748,"BE1-Dghnt",8.9985,9,9
"BE1.Dghnt",855.537881959911,"BE1-Dghnt",8.9985,9,9
"BE1.Dghnt",856.518572383074,"BE1-Dghnt",8.9985,9,9
"BE1.Dghnt",857.499262806236,"BE1-Dghnt",8.9985,9,9
"BE1.Dghnt",858.479953229399,"BE1-Dghnt",8.99866666666667,9,9
"BE1.Dghnt",859.460643652561,"BE1-Dghnt",8.99866666666667,9,9
"BE1.Dghnt",860.441334075724,"BE1-Dghnt",8.99866666666667,9,9
"BE1.Dghnt",861.422024498886,"BE1-Dghnt",8.99883333333333,9,9
"BE1.Dghnt",862.402714922049,"BE1-Dghnt",8.99883333333333,9,9
"BE1.Dghnt",863.383405345212,"BE1-Dghnt",8.999,9,9
"BE1.Dghnt",864.364095768374,"BE1-Dghnt",8.999,9,9
"BE1.Dghnt",865.344786191537,"BE1-Dghnt",8.99916666666667,9,9
"BE1.Dghnt",866.325476614699,"BE1-Dghnt",8.99933333333333,9,9
"BE1.Dghnt",867.306167037862,"BE1-Dghnt",8.99933333333333,9,9
"BE1.Dghnt",868.286857461025,"BE1-Dghnt",8.99966666666667,9,9
"BE1.Dghnt",869.267547884187,"BE1-Dghnt",8.99966666666667,9,9
"BE1.Dghnt",870.24823830735,"BE1-Dghnt",8.99966666666667,9,9
"BE1.Dghnt",871.228928730512,"BE1-Dghnt",8.99966666666667,9,9
"BE1.Dghnt",872.209619153675,"BE1-Dghnt",8.99966666666667,9,9
"BE1.Dghnt",873.190309576838,"BE1-Dghnt",8.99983333333333,9,9
"BE1.Dghnt",874.171,"BE1-Dghnt",9,9,9
"BE1.Amethyst",433.841,"BE1-Amethyst",0.000166666666666667,0,0
"BE1.Amethyst",435.103661891117,"BE1-Amethyst",0.000166666666666667,0,0
"BE1.Amethyst",436.366323782235,"BE1-Amethyst",0.000166666666666667,0,0
"BE1.Amethyst",437.628985673352,"BE1-Amethyst",0.000166666666666667,0,0
"BE1.Amethyst",438.89164756447,"BE1-Amethyst",0.000166666666666667,0,0
"BE1.Amethyst",440.154309455587,"BE1-Amethyst",0.000166666666666667,0,0
"BE1.Amethyst",441.416971346705,"BE1-Amethyst",0.000166666666666667,0,0
"BE1.Amethyst",442.679633237822,"BE1-Amethyst",0.000333333333333333,0,0
"BE1.Amethyst",443.94229512894,"BE1-Amethyst",0.000333333333333333,0,0
"BE1.Amethyst",445.204957020057,"BE1-Amethyst",0.000333333333333333,0,0
"BE1.Amethyst",446.467618911175,"BE1-Amethyst",0.000333333333333333,0,0
"BE1.Amethyst",447.730280802292,"BE1-Amethyst",0.000333333333333333,0,0
"BE1.Amethyst",448.99294269341,"BE1-Amethyst",0.000333333333333333,0,0
"BE1.Amethyst",450.255604584527,"BE1-Amethyst",0.000333333333333333,0,0
"BE1.Amethyst",451.518266475645,"BE1-Amethyst",0.000333333333333333,0,0
"BE1.Amethyst",452.780928366762,"BE1-Amethyst",5e-04,0,0
"BE1.Amethyst",454.04359025788,"BE1-Amethyst",5e-04,0,0
"BE1.Amethyst",455.306252148997,"BE1-Amethyst",5e-04,0,0
"BE1.Amethyst",456.568914040115,"BE1-Amethyst",5e-04,0,0
"BE1.Amethyst",457.831575931232,"BE1-Amethyst",5e-04,0,0
"BE1.Amethyst",459.09423782235,"BE1-Amethyst",5e-04,0,0
"BE1.Amethyst",460.356899713467,"BE1-Amethyst",5e-04,0,0
"BE1.Amethyst",461.619561604585,"BE1-Amethyst",5e-04,0,0
"BE1.Amethyst",462.882223495702,"BE1-Amethyst",5e-04,0,0
"BE1.Amethyst",464.14488538682,"BE1-Amethyst",5e-04,0,0
"BE1.Amethyst",465.407547277937,"BE1-Amethyst",5e-04,0,0
"BE1.Amethyst",466.670209169054,"BE1-Amethyst",5e-04,0,0
"BE1.Amethyst",467.932871060172,"BE1-Amethyst",5e-04,0,0
"BE1.Amethyst",469.195532951289,"BE1-Amethyst",5e-04,0,0
"BE1.Amethyst",470.458194842407,"BE1-Amethyst",0.000666666666666667,0,0
"BE1.Amethyst",471.720856733524,"BE1-Amethyst",0.000666666666666667,0,0
"BE1.Amethyst",472.983518624642,"BE1-Amethyst",0.000666666666666667,0,0
"BE1.Amethyst",474.246180515759,"BE1-Amethyst",0.000666666666666667,0,0
"BE1.Amethyst",475.508842406877,"BE1-Amethyst",0.000666666666666667,0,0
"BE1.Amethyst",476.771504297994,"BE1-Amethyst",0.000833333333333333,0,0
"BE1.Amethyst",478.034166189112,"BE1-Amethyst",0.000833333333333333,0,0
"BE1.Amethyst",479.296828080229,"BE1-Amethyst",0.000833333333333333,0,0
"BE1.Amethyst",480.559489971347,"BE1-Amethyst",0.001,0,0
"BE1.Amethyst",481.822151862464,"BE1-Amethyst",0.001,0,0
"BE1.Amethyst",483.084813753582,"BE1-Amethyst",0.001,0,0
"BE1.Amethyst",484.347475644699,"BE1-Amethyst",0.001,0,0
"BE1.Amethyst",485.610137535817,"BE1-Amethyst",0.001,0,0
"BE1.Amethyst",486.872799426934,"BE1-Amethyst",0.00116666666666667,0,0
"BE1.Amethyst",488.135461318052,"BE1-Amethyst",0.00116666666666667,0,0
"BE1.Amethyst",489.398123209169,"BE1-Amethyst",0.00133333333333333,0,0
"BE1.Amethyst",490.660785100287,"BE1-Amethyst",0.00133333333333333,0,0
"BE1.Amethyst",491.923446991404,"BE1-Amethyst",0.00133333333333333,0,0
"BE1.Amethyst",493.186108882521,"BE1-Amethyst",0.0015,0,0
"BE1.Amethyst",494.448770773639,"BE1-Amethyst",0.0015,0,0
"BE1.Amethyst",495.711432664756,"BE1-Amethyst",0.0015,0,0
"BE1.Amethyst",496.974094555874,"BE1-Amethyst",0.0015,0,0
"BE1.Amethyst",498.236756446991,"BE1-Amethyst",0.00166666666666667,0,0
"BE1.Amethyst",499.499418338109,"BE1-Amethyst",0.00166666666666667,0,0
"BE1.Amethyst",500.762080229226,"BE1-Amethyst",0.00166666666666667,0,0
"BE1.Amethyst",502.024742120344,"BE1-Amethyst",0.00166666666666667,0,0
"BE1.Amethyst",503.287404011461,"BE1-Amethyst",0.00166666666666667,0,0
"BE1.Amethyst",504.550065902579,"BE1-Amethyst",0.00166666666666667,0,0
"BE1.Amethyst",505.812727793696,"BE1-Amethyst",0.00166666666666667,0,0
"BE1.Amethyst",507.075389684814,"BE1-Amethyst",0.00166666666666667,0,0
"BE1.Amethyst",508.338051575931,"BE1-Amethyst",0.00166666666666667,0,0
"BE1.Amethyst",509.600713467049,"BE1-Amethyst",0.00166666666666667,0,0
"BE1.Amethyst",510.863375358166,"BE1-Amethyst",0.00166666666666667,0,0
"BE1.Amethyst",512.126037249284,"BE1-Amethyst",0.00166666666666667,0,0
"BE1.Amethyst",513.388699140401,"BE1-Amethyst",0.00166666666666667,0,0
"BE1.Amethyst",514.651361031519,"BE1-Amethyst",0.00166666666666667,0,0
"BE1.Amethyst",515.914022922636,"BE1-Amethyst",0.00166666666666667,0,0
"BE1.Amethyst",517.176684813754,"BE1-Amethyst",0.00166666666666667,0,0
"BE1.Amethyst",518.439346704871,"BE1-Amethyst",0.00166666666666667,0,0
"BE1.Amethyst",519.702008595989,"BE1-Amethyst",0.00166666666666667,0,0
"BE1.Amethyst",520.964670487106,"BE1-Amethyst",0.00166666666666667,0,0
"BE1.Amethyst",522.227332378224,"BE1-Amethyst",0.00166666666666667,0,0
"BE1.Amethyst",523.489994269341,"BE1-Amethyst",0.00166666666666667,0,0
"BE1.Amethyst",524.752656160458,"BE1-Amethyst",0.00166666666666667,0,0
"BE1.Amethyst",526.015318051576,"BE1-Amethyst",0.00166666666666667,0,0
"BE1.Amethyst",527.277979942693,"BE1-Amethyst",0.00166666666666667,0,0
"BE1.Amethyst",528.540641833811,"BE1-Amethyst",0.00166666666666667,0,0
"BE1.Amethyst",529.803303724928,"BE1-Amethyst",0.00166666666666667,0,0
"BE1.Amethyst",531.065965616046,"BE1-Amethyst",0.00166666666666667,0,0
"BE1.Amethyst",532.328627507163,"BE1-Amethyst",0.00166666666666667,0,0
"BE1.Amethyst",533.591289398281,"BE1-Amethyst",0.00166666666666667,0,0
"BE1.Amethyst",534.853951289398,"BE1-Amethyst",0.00166666666666667,0,0
"BE1.Amethyst",536.116613180516,"BE1-Amethyst",0.00166666666666667,0,0
"BE1.Amethyst",537.379275071633,"BE1-Amethyst",0.00166666666666667,0,0
"BE1.Amethyst",538.641936962751,"BE1-Amethyst",0.00166666666666667,0,0
"BE1.Amethyst",539.904598853868,"BE1-Amethyst",0.00166666666666667,0,0
"BE1.Amethyst",541.167260744986,"BE1-Amethyst",0.00166666666666667,0,0
"BE1.Amethyst",542.429922636103,"BE1-Amethyst",0.00183333333333333,0,0
"BE1.Amethyst",543.692584527221,"BE1-Amethyst",0.00233333333333333,0,0
"BE1.Amethyst",544.955246418338,"BE1-Amethyst",0.00266666666666667,0,0
"BE1.Amethyst",546.217908309456,"BE1-Amethyst",0.00316666666666667,0,0
"BE1.Amethyst",547.480570200573,"BE1-Amethyst",0.004,0,0
"BE1.Amethyst",548.743232091691,"BE1-Amethyst",0.00533333333333333,0,0
"BE1.Amethyst",550.005893982808,"BE1-Amethyst",0.00733333333333333,0,0
"BE1.Amethyst",551.268555873925,"BE1-Amethyst",0.00866666666666667,0,0
"BE1.Amethyst",552.531217765043,"BE1-Amethyst",0.0103333333333333,0,0
"BE1.Amethyst",553.79387965616,"BE1-Amethyst",0.0136666666666667,0,0
"BE1.Amethyst",555.056541547278,"BE1-Amethyst",0.0165,0,0
"BE1.Amethyst",556.319203438395,"BE1-Amethyst",0.0206666666666667,0,0
"BE1.Amethyst",557.581865329513,"BE1-Amethyst",0.0245,0,0
"BE1.Amethyst",558.84452722063,"BE1-Amethyst",0.0295,0,0
"BE1.Amethyst",560.107189111748,"BE1-Amethyst",0.034,0,0
"BE1.Amethyst",561.369851002865,"BE1-Amethyst",0.0383333333333333,0,0
"BE1.Amethyst",562.632512893983,"BE1-Amethyst",0.043,0,0
"BE1.Amethyst",563.8951747851,"BE1-Amethyst",0.0503333333333333,0,1
"BE1.Amethyst",565.157836676218,"BE1-Amethyst",0.0581666666666667,0,1
"BE1.Amethyst",566.420498567335,"BE1-Amethyst",0.0676666666666667,0,1
"BE1.Amethyst",567.683160458453,"BE1-Amethyst",0.077,0,1
"BE1.Amethyst",568.94582234957,"BE1-Amethyst",0.0905,0,1
"BE1.Amethyst",570.208484240688,"BE1-Amethyst",0.105333333333333,0,1
"BE1.Amethyst",571.471146131805,"BE1-Amethyst",0.124,0,1
"BE1.Amethyst",572.733808022923,"BE1-Amethyst",0.1425,0,1
"BE1.Amethyst",573.99646991404,"BE1-Amethyst",0.165,0,1
"BE1.Amethyst",575.259131805158,"BE1-Amethyst",0.1885,0,1
"BE1.Amethyst",576.521793696275,"BE1-Amethyst",0.212666666666667,0,1
"BE1.Amethyst",577.784455587393,"BE1-Amethyst",0.239,0,1
"BE1.Amethyst",579.04711747851,"BE1-Amethyst",0.261833333333333,0,1
"BE1.Amethyst",580.309779369627,"BE1-Amethyst",0.290333333333333,0,1
"BE1.Amethyst",581.572441260745,"BE1-Amethyst",0.317333333333333,0,1
"BE1.Amethyst",582.835103151863,"BE1-Amethyst",0.349166666666667,0,1
"BE1.Amethyst",584.09776504298,"BE1-Amethyst",0.385333333333333,0,1
"BE1.Amethyst",585.360426934097,"BE1-Amethyst",0.419,0,1
"BE1.Amethyst",586.623088825215,"BE1-Amethyst",0.449,0,1
"BE1.Amethyst",587.885750716332,"BE1-Amethyst",0.479,0,1
"BE1.Amethyst",589.14841260745,"BE1-Amethyst",0.513666666666667,0,1
"BE1.Amethyst",590.411074498567,"BE1-Amethyst",0.5455,0,1
"BE1.Amethyst",591.673736389685,"BE1-Amethyst",0.588166666666667,0,1
"BE1.Amethyst",592.936398280802,"BE1-Amethyst",0.6265,0,1
"BE1.Amethyst",594.19906017192,"BE1-Amethyst",0.670666666666667,0,1
"BE1.Amethyst",595.461722063037,"BE1-Amethyst",0.7075,0,2
"BE1.Amethyst",596.724383954155,"BE1-Amethyst",0.747166666666667,0,2
"BE1.Amethyst",597.987045845272,"BE1-Amethyst",0.791333333333333,0,2
"BE1.Amethyst",599.24970773639,"BE1-Amethyst",0.836333333333333,0,2
"BE1.Amethyst",600.512369627507,"BE1-Amethyst",0.8895,0,2
"BE1.Amethyst",601.775031518625,"BE1-Amethyst",0.939,0,2
"BE1.Amethyst",603.037693409742,"BE1-Amethyst",0.993166666666667,0,2
"BE1.Amethyst",604.30035530086,"BE1-Amethyst",1.04683333333333,0,2
"BE1.Amethyst",605.563017191977,"BE1-Amethyst",1.10083333333333,0,2
"BE1.Amethyst",606.825679083095,"BE1-Amethyst",1.15966666666667,0,2
"BE1.Amethyst",608.088340974212,"BE1-Amethyst",1.21766666666667,0,2
"BE1.Amethyst",609.35100286533,"BE1-Amethyst",1.275,0,2
"BE1.Amethyst",610.613664756447,"BE1-Amethyst",1.33066666666667,0,2
"BE1.Amethyst",611.876326647564,"BE1-Amethyst",1.38466666666667,0,3
"BE1.Amethyst",613.138988538682,"BE1-Amethyst",1.43966666666667,0,3
"BE1.Amethyst",614.401650429799,"BE1-Amethyst",1.49733333333333,0,3
"BE1.Amethyst",615.664312320917,"BE1-Amethyst",1.54733333333333,0,3
"BE1.Amethyst",616.926974212034,"BE1-Amethyst",1.60833333333333,0,3
"BE1.Amethyst",618.189636103152,"BE1-Amethyst",1.66916666666667,0,3
"BE1.Amethyst",619.452297994269,"BE1-Amethyst",1.7195,0,3
"BE1.Amethyst",620.714959885387,"BE1-Amethyst",1.77533333333333,1,3
"BE1.Amethyst",621.977621776504,"BE1-Amethyst",1.8375,1,3
"BE1.Amethyst",623.240283667622,"BE1-Amethyst",1.8945,1,3
"BE1.Amethyst",624.502945558739,"BE1-Amethyst",1.952,1,3
"BE1.Amethyst",625.765607449857,"BE1-Amethyst",2.007,1,3
"BE1.Amethyst",627.028269340974,"BE1-Amethyst",2.0635,1,3
"BE1.Amethyst",628.290931232092,"BE1-Amethyst",2.11733333333333,1,3
"BE1.Amethyst",629.553593123209,"BE1-Amethyst",2.17716666666667,1,3
"BE1.Amethyst",630.816255014327,"BE1-Amethyst",2.257,1,3
"BE1.Amethyst",632.078916905444,"BE1-Amethyst",2.33233333333333,1,3
"BE1.Amethyst",633.341578796562,"BE1-Amethyst",2.41083333333333,1,4
"BE1.Amethyst",634.604240687679,"BE1-Amethyst",2.49116666666667,1,4
"BE1.Amethyst",635.866902578796,"BE1-Amethyst",2.576,1,4
"BE1.Amethyst",637.129564469914,"BE1-Amethyst",2.663,1,4
"BE1.Amethyst",638.392226361032,"BE1-Amethyst",2.76583333333333,2,4
"BE1.Amethyst",639.654888252149,"BE1-Amethyst",2.86283333333333,2,4
"BE1.Amethyst",640.917550143266,"BE1-Amethyst",2.97466666666667,2,4
"BE1.Amethyst",642.180212034384,"BE1-Amethyst",3.1005,2,4
"BE1.Amethyst",643.442873925501,"BE1-Amethyst",3.23816666666667,2,4
"BE1.Amethyst",644.705535816619,"BE1-Amethyst",3.37416666666667,2,4
"BE1.Amethyst",645.968197707736,"BE1-Amethyst",3.53016666666667,2,4
"BE1.Amethyst",647.230859598854,"BE1-Amethyst",3.67266666666667,3,5
"BE1.Amethyst",648.493521489971,"BE1-Amethyst",3.8125,3,5
"BE1.Amethyst",649.756183381089,"BE1-Amethyst",3.93633333333333,3,5
"BE1.Amethyst",651.018845272206,"BE1-Amethyst",4.05883333333333,3,5
"BE1.Amethyst",652.281507163324,"BE1-Amethyst",4.18566666666667,3,5
"BE1.Amethyst",653.544169054441,"BE1-Amethyst",4.3105,3,5
"BE1.Amethyst",654.806830945559,"BE1-Amethyst",4.44316666666667,3,5
"BE1.Amethyst",656.069492836676,"BE1-Amethyst",4.58283333333333,4,6
"BE1.Amethyst",657.332154727794,"BE1-Amethyst",4.73916666666667,4,6
"BE1.Amethyst",658.594816618911,"BE1-Amethyst",4.88183333333333,4,6
"BE1.Amethyst",659.857478510029,"BE1-Amethyst",5.03183333333333,4,6
"BE1.Amethyst",661.120140401146,"BE1-Amethyst",5.17516666666667,4,6
"BE1.Amethyst",662.382802292264,"BE1-Amethyst",5.314,4,6
"BE1.Amethyst",663.645464183381,"BE1-Amethyst",5.44633333333333,4,6
"BE1.Amethyst",664.908126074499,"BE1-Amethyst",5.5625,4,7
"BE1.Amethyst",666.170787965616,"BE1-Amethyst",5.6665,5,7
"BE1.Amethyst",667.433449856734,"BE1-Amethyst",5.76233333333333,5,7
"BE1.Amethyst",668.696111747851,"BE1-Amethyst",5.853,5,7
"BE1.Amethyst",669.958773638969,"BE1-Amethyst",5.92916666666667,5,7
"BE1.Amethyst",671.221435530086,"BE1-Amethyst",5.9975,5,7
"BE1.Amethyst",672.484097421203,"BE1-Amethyst",6.051,5,7
"BE1.Amethyst",673.746759312321,"BE1-Amethyst",6.09833333333333,5,7
"BE1.Amethyst",675.009421203438,"BE1-Amethyst",6.14183333333333,5,7
"BE1.Amethyst",676.272083094556,"BE1-Amethyst",6.18,5,7
"BE1.Amethyst",677.534744985673,"BE1-Amethyst",6.21483333333333,5,7
"BE1.Amethyst",678.797406876791,"BE1-Amethyst",6.242,5,7
"BE1.Amethyst",680.060068767908,"BE1-Amethyst",6.2665,5,7
"BE1.Amethyst",681.322730659026,"BE1-Amethyst",6.291,5,7
"BE1.Amethyst",682.585392550143,"BE1-Amethyst",6.3085,5,7
"BE1.Amethyst",683.848054441261,"BE1-Amethyst",6.32683333333333,5,7
"BE1.Amethyst",685.110716332378,"BE1-Amethyst",6.3385,5,7
"BE1.Amethyst",686.373378223496,"BE1-Amethyst",6.349,5,7
"BE1.Amethyst",687.636040114613,"BE1-Amethyst",6.35716666666667,5,7
"BE1.Amethyst",688.898702005731,"BE1-Amethyst",6.36783333333333,5,7
"BE1.Amethyst",690.161363896848,"BE1-Amethyst",6.37716666666667,5,7
"BE1.Amethyst",691.424025787966,"BE1-Amethyst",6.38366666666667,5,7
"BE1.Amethyst",692.686687679083,"BE1-Amethyst",6.3885,5,7
"BE1.Amethyst",693.949349570201,"BE1-Amethyst",6.39366666666667,5,7
"BE1.Amethyst",695.212011461318,"BE1-Amethyst",6.399,5,7
"BE1.Amethyst",696.474673352436,"BE1-Amethyst",6.40583333333333,5,7
"BE1.Amethyst",697.737335243553,"BE1-Amethyst",6.41116666666667,5,7
"BE1.Amethyst",698.99999713467,"BE1-Amethyst",6.41916666666667,5,7
"BE1.Amethyst",700.262659025788,"BE1-Amethyst",6.42633333333333,5,7
"BE1.Amethyst",701.525320916905,"BE1-Amethyst",6.43416666666667,5,7
"BE1.Amethyst",702.787982808023,"BE1-Amethyst",6.44,5,7
"BE1.Amethyst",704.05064469914,"BE1-Amethyst",6.44566666666667,5,7
"BE1.Amethyst",705.313306590258,"BE1-Amethyst",6.4495,5,7
"BE1.Amethyst",706.575968481375,"BE1-Amethyst",6.45216666666667,5,7
"BE1.Amethyst",707.838630372493,"BE1-Amethyst",6.45416666666667,5,7
"BE1.Amethyst",709.10129226361,"BE1-Amethyst",6.455,5,7
"BE1.Amethyst",710.363954154728,"BE1-Amethyst",6.45566666666667,5,7
"BE1.Amethyst",711.626616045845,"BE1-Amethyst",6.45683333333333,5,7
"BE1.Amethyst",712.889277936963,"BE1-Amethyst",6.45766666666667,5,7
"BE1.Amethyst",714.15193982808,"BE1-Amethyst",6.4585,5,7
"BE1.Amethyst",715.414601719198,"BE1-Amethyst",6.4595,5,7
"BE1.Amethyst",716.677263610315,"BE1-Amethyst",6.461,5,7
"BE1.Amethyst",717.939925501433,"BE1-Amethyst",6.46216666666667,5,7
"BE1.Amethyst",719.20258739255,"BE1-Amethyst",6.46316666666667,5,7
"BE1.Amethyst",720.465249283668,"BE1-Amethyst",6.464,5,7
"BE1.Amethyst",721.727911174785,"BE1-Amethyst",6.46416666666667,5,7
"BE1.Amethyst",722.990573065903,"BE1-Amethyst",6.46466666666667,5,7
"BE1.Amethyst",724.25323495702,"BE1-Amethyst",6.466,5,7
"BE1.Amethyst",725.515896848138,"BE1-Amethyst",6.467,5,7
"BE1.Amethyst",726.778558739255,"BE1-Amethyst",6.46866666666667,5,7
"BE1.Amethyst",728.041220630372,"BE1-Amethyst",6.47033333333333,5,7
"BE1.Amethyst",729.30388252149,"BE1-Amethyst",6.47216666666667,5,7
"BE1.Amethyst",730.566544412608,"BE1-Amethyst",6.47416666666667,5,7
"BE1.Amethyst",731.829206303725,"BE1-Amethyst",6.47666666666667,5,7
"BE1.Amethyst",733.091868194842,"BE1-Amethyst",6.479,5,7
"BE1.Amethyst",734.35453008596,"BE1-Amethyst",6.48033333333333,5,7
"BE1.Amethyst",735.617191977077,"BE1-Amethyst",6.48183333333333,5,7
"BE1.Amethyst",736.879853868195,"BE1-Amethyst",6.48383333333333,5,7
"BE1.Amethyst",738.142515759312,"BE1-Amethyst",6.48766666666667,5,7
"BE1.Amethyst",739.40517765043,"BE1-Amethyst",6.49083333333333,5,7
"BE1.Amethyst",740.667839541547,"BE1-Amethyst",6.49483333333333,5,7
"BE1.Amethyst",741.930501432665,"BE1-Amethyst",6.49966666666667,5,7
"BE1.Amethyst",743.193163323782,"BE1-Amethyst",6.5065,5,7
"BE1.Amethyst",744.4558252149,"BE1-Amethyst",6.51733333333333,6,7
"BE1.Amethyst",745.718487106017,"BE1-Amethyst",6.53066666666667,6,7
"BE1.Amethyst",746.981148997135,"BE1-Amethyst",6.55166666666667,6,7
"BE1.Amethyst",748.243810888252,"BE1-Amethyst",6.57166666666667,6,7
"BE1.Amethyst",749.50647277937,"BE1-Amethyst",6.595,6,7
"BE1.Amethyst",750.769134670487,"BE1-Amethyst",6.62116666666667,6,7
"BE1.Amethyst",752.031796561605,"BE1-Amethyst",6.652,6,7
"BE1.Amethyst",753.294458452722,"BE1-Amethyst",6.68433333333333,6,7
"BE1.Amethyst",754.55712034384,"BE1-Amethyst",6.72716666666667,6,7
"BE1.Amethyst",755.819782234957,"BE1-Amethyst",6.76316666666667,6,7
"BE1.Amethyst",757.082444126075,"BE1-Amethyst",6.79933333333333,6,7
"BE1.Amethyst",758.345106017192,"BE1-Amethyst",6.82283333333333,6,7
"BE1.Amethyst",759.607767908309,"BE1-Amethyst",6.8445,6,7
"BE1.Amethyst",760.870429799427,"BE1-Amethyst",6.85933333333333,6,7
"BE1.Amethyst",762.133091690544,"BE1-Amethyst",6.87366666666667,6,7
"BE1.Amethyst",763.395753581662,"BE1-Amethyst",6.88916666666667,6,7
"BE1.Amethyst",764.658415472779,"BE1-Amethyst",6.9015,6,7
"BE1.Amethyst",765.921077363897,"BE1-Amethyst",6.91416666666667,6,7
"BE1.Amethyst",767.183739255014,"BE1-Amethyst",6.9285,6,7
"BE1.Amethyst",768.446401146132,"BE1-Amethyst",6.94183333333333,6,7
"BE1.Amethyst",769.709063037249,"BE1-Amethyst",6.96033333333333,7,7
"BE1.Amethyst",770.971724928367,"BE1-Amethyst",6.978,7,7
"BE1.Amethyst",772.234386819484,"BE1-Amethyst",6.98633333333333,7,7
"BE1.Amethyst",773.497048710602,"BE1-Amethyst",6.9905,7,7
"BE1.Amethyst",774.759710601719,"BE1-Amethyst",6.993,7,7
"BE1.Amethyst",776.022372492837,"BE1-Amethyst",6.995,7,7
"BE1.Amethyst",777.285034383954,"BE1-Amethyst",6.99516666666667,7,7
"BE1.Amethyst",778.547696275072,"BE1-Amethyst",6.99516666666667,7,7
"BE1.Amethyst",779.810358166189,"BE1-Amethyst",6.99516666666667,7,7
"BE1.Amethyst",781.073020057307,"BE1-Amethyst",6.99516666666667,7,7
"BE1.Amethyst",782.335681948424,"BE1-Amethyst",6.99516666666667,7,7
"BE1.Amethyst",783.598343839541,"BE1-Amethyst",6.99516666666667,7,7
"BE1.Amethyst",784.861005730659,"BE1-Amethyst",6.99516666666667,7,7
"BE1.Amethyst",786.123667621777,"BE1-Amethyst",6.99516666666667,7,7
"BE1.Amethyst",787.386329512894,"BE1-Amethyst",6.99533333333333,7,7
"BE1.Amethyst",788.648991404011,"BE1-Amethyst",6.99533333333333,7,7
"BE1.Amethyst",789.911653295129,"BE1-Amethyst",6.99533333333333,7,7
"BE1.Amethyst",791.174315186246,"BE1-Amethyst",6.9955,7,7
"BE1.Amethyst",792.436977077364,"BE1-Amethyst",6.9955,7,7
"BE1.Amethyst",793.699638968481,"BE1-Amethyst",6.9955,7,7
"BE1.Amethyst",794.962300859599,"BE1-Amethyst",6.99566666666667,7,7
"BE1.Amethyst",796.224962750716,"BE1-Amethyst",6.996,7,7
"BE1.Amethyst",797.487624641834,"BE1-Amethyst",6.996,7,7
"BE1.Amethyst",798.750286532951,"BE1-Amethyst",6.996,7,7
"BE1.Amethyst",800.012948424069,"BE1-Amethyst",6.996,7,7
"BE1.Amethyst",801.275610315186,"BE1-Amethyst",6.99633333333333,7,7
"BE1.Amethyst",802.538272206304,"BE1-Amethyst",6.99633333333333,7,7
"BE1.Amethyst",803.800934097421,"BE1-Amethyst",6.9965,7,7
"BE1.Amethyst",805.063595988539,"BE1-Amethyst",6.9965,7,7
"BE1.Amethyst",806.326257879656,"BE1-Amethyst",6.9965,7,7
"BE1.Amethyst",807.588919770774,"BE1-Amethyst",6.997,7,7
"BE1.Amethyst",808.851581661891,"BE1-Amethyst",6.997,7,7
"BE1.Amethyst",810.114243553009,"BE1-Amethyst",6.997,7,7
"BE1.Amethyst",811.376905444126,"BE1-Amethyst",6.99716666666667,7,7
"BE1.Amethyst",812.639567335244,"BE1-Amethyst",6.99716666666667,7,7
"BE1.Amethyst",813.902229226361,"BE1-Amethyst",6.99716666666667,7,7
"BE1.Amethyst",815.164891117479,"BE1-Amethyst",6.9975,7,7
"BE1.Amethyst",816.427553008596,"BE1-Amethyst",6.9975,7,7
"BE1.Amethyst",817.690214899714,"BE1-Amethyst",6.99766666666667,7,7
"BE1.Amethyst",818.952876790831,"BE1-Amethyst",6.99766666666667,7,7
"BE1.Amethyst",820.215538681948,"BE1-Amethyst",6.99783333333333,7,7
"BE1.Amethyst",821.478200573066,"BE1-Amethyst",6.998,7,7
"BE1.Amethyst",822.740862464183,"BE1-Amethyst",6.998,7,7
"BE1.Amethyst",824.003524355301,"BE1-Amethyst",6.998,7,7
"BE1.Amethyst",825.266186246418,"BE1-Amethyst",6.998,7,7
"BE1.Amethyst",826.528848137536,"BE1-Amethyst",6.99833333333333,7,7
"BE1.Amethyst",827.791510028653,"BE1-Amethyst",6.99833333333333,7,7
"BE1.Amethyst",829.054171919771,"BE1-Amethyst",6.99833333333333,7,7
"BE1.Amethyst",830.316833810888,"BE1-Amethyst",6.99833333333333,7,7
"BE1.Amethyst",831.579495702006,"BE1-Amethyst",6.99833333333333,7,7
"BE1.Amethyst",832.842157593123,"BE1-Amethyst",6.99833333333333,7,7
"BE1.Amethyst",834.104819484241,"BE1-Amethyst",6.99833333333333,7,7
"BE1.Amethyst",835.367481375358,"BE1-Amethyst",6.99833333333333,7,7
"BE1.Amethyst",836.630143266476,"BE1-Amethyst",6.99833333333333,7,7
"BE1.Amethyst",837.892805157593,"BE1-Amethyst",6.99833333333333,7,7
"BE1.Amethyst",839.155467048711,"BE1-Amethyst",6.99833333333333,7,7
"BE1.Amethyst",840.418128939828,"BE1-Amethyst",6.99833333333333,7,7
"BE1.Amethyst",841.680790830946,"BE1-Amethyst",6.9985,7,7
"BE1.Amethyst",842.943452722063,"BE1-Amethyst",6.9985,7,7
"BE1.Amethyst",844.20611461318,"BE1-Amethyst",6.9985,7,7
"BE1.Amethyst",845.468776504298,"BE1-Amethyst",6.9985,7,7
"BE1.Amethyst",846.731438395415,"BE1-Amethyst",6.9985,7,7
"BE1.Amethyst",847.994100286533,"BE1-Amethyst",6.9985,7,7
"BE1.Amethyst",849.25676217765,"BE1-Amethyst",6.9985,7,7
"BE1.Amethyst",850.519424068768,"BE1-Amethyst",6.9985,7,7
"BE1.Amethyst",851.782085959885,"BE1-Amethyst",6.9985,7,7
"BE1.Amethyst",853.044747851003,"BE1-Amethyst",6.99866666666667,7,7
"BE1.Amethyst",854.30740974212,"BE1-Amethyst",6.99883333333333,7,7
"BE1.Amethyst",855.570071633238,"BE1-Amethyst",6.999,7,7
"BE1.Amethyst",856.832733524355,"BE1-Amethyst",6.999,7,7
"BE1.Amethyst",858.095395415473,"BE1-Amethyst",6.999,7,7
"BE1.Amethyst",859.35805730659,"BE1-Amethyst",6.99916666666667,7,7
"BE1.Amethyst",860.620719197708,"BE1-Amethyst",6.99933333333333,7,7
"BE1.Amethyst",861.883381088825,"BE1-Amethyst",6.9995,7,7
"BE1.Amethyst",863.146042979943,"BE1-Amethyst",6.99966666666667,7,7
"BE1.Amethyst",864.40870487106,"BE1-Amethyst",6.99966666666667,7,7
"BE1.Amethyst",865.671366762178,"BE1-Amethyst",6.99966666666667,7,7
"BE1.Amethyst",866.934028653295,"BE1-Amethyst",6.99966666666667,7,7
"BE1.Amethyst",868.196690544413,"BE1-Amethyst",6.99966666666667,7,7
"BE1.Amethyst",869.45935243553,"BE1-Amethyst",6.99966666666667,7,7
"BE1.Amethyst",870.722014326648,"BE1-Amethyst",6.99966666666667,7,7
"BE1.Amethyst",871.984676217765,"BE1-Amethyst",6.99966666666667,7,7
"BE1.Amethyst",873.247338108883,"BE1-Amethyst",6.99966666666667,7,7
"BE1.Amethyst",874.51,"BE1-Amethyst",7,7,7
"BE1.Disc",601.647,"BE1-Disc",0.000166666666666667,0,0
"BE1.Disc",603.556342281879,"BE1-Disc",0.000333333333333333,0,0
"BE1.Disc",605.465684563758,"BE1-Disc",0.000666666666666667,0,0
"BE1.Disc",607.375026845638,"BE1-Disc",0.000833333333333333,0,0
"BE1.Disc",609.284369127517,"BE1-Disc",0.00116666666666667,0,0
"BE1.Disc",611.193711409396,"BE1-Disc",0.00183333333333333,0,0
"BE1.Disc",613.103053691275,"BE1-Disc",0.00216666666666667,0,0
"BE1.Disc",615.012395973154,"BE1-Disc",0.00283333333333333,0,0
"BE1.Disc",616.921738255034,"BE1-Disc",0.0035,0,0
"BE1.Disc",618.831080536913,"BE1-Disc",0.00383333333333333,0,0
"BE1.Disc",620.740422818792,"BE1-Disc",0.00466666666666667,0,0
"BE1.Disc",622.649765100671,"BE1-Disc",0.00516666666666667,0,0
"BE1.Disc",624.55910738255,"BE1-Disc",0.00566666666666667,0,0
"BE1.Disc",626.46844966443,"BE1-Disc",0.006,0,0
"BE1.Disc",628.377791946309,"BE1-Disc",0.006,0,0
"BE1.Disc",630.287134228188,"BE1-Disc",0.00666666666666667,0,0
"BE1.Disc",632.196476510067,"BE1-Disc",0.00666666666666667,0,0
"BE1.Disc",634.105818791946,"BE1-Disc",0.007,0,0
"BE1.Disc",636.015161073826,"BE1-Disc",0.00733333333333333,0,0
"BE1.Disc",637.924503355705,"BE1-Disc",0.00766666666666667,0,0
"BE1.Disc",639.833845637584,"BE1-Disc",0.00783333333333333,0,0
"BE1.Disc",641.743187919463,"BE1-Disc",0.00783333333333333,0,0
"BE1.Disc",643.652530201342,"BE1-Disc",0.00883333333333333,0,0
"BE1.Disc",645.561872483222,"BE1-Disc",0.00983333333333333,0,0
"BE1.Disc",647.471214765101,"BE1-Disc",0.0108333333333333,0,0
"BE1.Disc",649.38055704698,"BE1-Disc",0.0135,0,0
"BE1.Disc",651.289899328859,"BE1-Disc",0.0216666666666667,0,0
"BE1.Disc",653.199241610738,"BE1-Disc",0.0376666666666667,0,0
"BE1.Disc",655.108583892618,"BE1-Disc",0.0645,0,1
"BE1.Disc",657.017926174497,"BE1-Disc",0.102666666666667,0,1
"BE1.Disc",658.927268456376,"BE1-Disc",0.171833333333333,0,1
"BE1.Disc",660.836610738255,"BE1-Disc",0.2735,0,1
"BE1.Disc",662.745953020134,"BE1-Disc",0.408,0,1
"BE1.Disc",664.655295302013,"BE1-Disc",0.571333333333333,0,2
"BE1.Disc",666.564637583893,"BE1-Disc",0.737833333333333,0,2
"BE1.Disc",668.473979865772,"BE1-Disc",0.905833333333333,0,2
"BE1.Disc",670.383322147651,"BE1-Disc",1.064,0,2
"BE1.Disc",672.29266442953,"BE1-Disc",1.21533333333333,0,3
"BE1.Disc",674.202006711409,"BE1-Disc",1.347,0,3
"BE1.Disc",676.111348993289,"BE1-Disc",1.45233333333333,0,3
"BE1.Disc",678.020691275168,"BE1-Disc",1.544,0,3
"BE1.Disc",679.930033557047,"BE1-Disc",1.61783333333333,0,3
"BE1.Disc",681.839375838926,"BE1-Disc",1.67566666666667,0,3
"BE1.Disc",683.748718120805,"BE1-Disc",1.72516666666667,0,3
"BE1.Disc",685.658060402685,"BE1-Disc",1.76183333333333,0,3
"BE1.Disc",687.567402684564,"BE1-Disc",1.7905,0,3
"BE1.Disc",689.476744966443,"BE1-Disc",1.81416666666667,0,3
"BE1.Disc",691.386087248322,"BE1-Disc",1.83283333333333,0,3
"BE1.Disc",693.295429530201,"BE1-Disc",1.85116666666667,0,3
"BE1.Disc",695.204771812081,"BE1-Disc",1.8685,1,3
"BE1.Disc",697.11411409396,"BE1-Disc",1.88816666666667,1,3
"BE1.Disc",699.023456375839,"BE1-Disc",1.907,1,3
"BE1.Disc",700.932798657718,"BE1-Disc",1.92883333333333,1,3
"BE1.Disc",702.842140939597,"BE1-Disc",1.949,1,3
"BE1.Disc",704.751483221477,"BE1-Disc",1.961,1,3
"BE1.Disc",706.660825503356,"BE1-Disc",1.96833333333333,1,3
"BE1.Disc",708.570167785235,"BE1-Disc",1.97316666666667,1,3
"BE1.Disc",710.479510067114,"BE1-Disc",1.97683333333333,1,3
"BE1.Disc",712.388852348993,"BE1-Disc",1.97966666666667,1,3
"BE1.Disc",714.298194630873,"BE1-Disc",1.98233333333333,1,3
"BE1.Disc",716.207536912752,"BE1-Disc",1.98466666666667,1,3
"BE1.Disc",718.116879194631,"BE1-Disc",1.9885,1,3
"BE1.Disc",720.02622147651,"BE1-Disc",1.99166666666667,1,3
"BE1.Disc",721.935563758389,"BE1-Disc",1.99483333333333,1,3
"BE1.Disc",723.844906040268,"BE1-Disc",1.997,1,3
"BE1.Disc",725.754248322148,"BE1-Disc",2.00166666666667,1,3
"BE1.Disc",727.663590604027,"BE1-Disc",2.00716666666667,1,3
"BE1.Disc",729.572932885906,"BE1-Disc",2.0115,1,3
"BE1.Disc",731.482275167785,"BE1-Disc",2.0175,1,3
"BE1.Disc",733.391617449664,"BE1-Disc",2.0225,1,3
"BE1.Disc",735.300959731544,"BE1-Disc",2.02783333333333,1,3
"BE1.Disc",737.210302013423,"BE1-Disc",2.03283333333333,1,3
"BE1.Disc",739.119644295302,"BE1-Disc",2.04,1,3
"BE1.Disc",741.028986577181,"BE1-Disc",2.05316666666667,1,3
"BE1.Disc",742.93832885906,"BE1-Disc",2.0735,1,3
"BE1.Disc",744.84767114094,"BE1-Disc",2.10366666666667,1,3
"BE1.Disc",746.757013422819,"BE1-Disc",2.1545,1,3
"BE1.Disc",748.666355704698,"BE1-Disc",2.2175,1,3
"BE1.Disc",750.575697986577,"BE1-Disc",2.29216666666667,1,3
"BE1.Disc",752.485040268456,"BE1-Disc",2.37333333333333,1,3
"BE1.Disc",754.394382550336,"BE1-Disc",2.46766666666667,1,3
"BE1.Disc",756.303724832215,"BE1-Disc",2.57,1,3
"BE1.Disc",758.213067114094,"BE1-Disc",2.6495,2,3
"BE1.Disc",760.122409395973,"BE1-Disc",2.70583333333333,2,3
"BE1.Disc",762.031751677852,"BE1-Disc",2.75033333333333,2,3
"BE1.Disc",763.941093959732,"BE1-Disc",2.79066666666667,2,3
"BE1.Disc",765.850436241611,"BE1-Disc",2.82933333333333,2,3
"BE1.Disc",767.75977852349,"BE1-Disc",2.86916666666667,2,3
"BE1.Disc",769.669120805369,"BE1-Disc",2.919,2,3
"BE1.Disc",771.578463087248,"BE1-Disc",2.9665,3,3
"BE1.Disc",773.487805369127,"BE1-Disc",2.98016666666667,3,3
"BE1.Disc",775.397147651007,"BE1-Disc",2.98533333333333,3,3
"BE1.Disc",777.306489932886,"BE1-Disc",2.987,3,3
"BE1.Disc",779.215832214765,"BE1-Disc",2.9875,3,3
"BE1.Disc",781.125174496644,"BE1-Disc",2.9875,3,3
"BE1.Disc",783.034516778524,"BE1-Disc",2.98766666666667,3,3
"BE1.Disc",784.943859060403,"BE1-Disc",2.98766666666667,3,3
"BE1.Disc",786.853201342282,"BE1-Disc",2.98766666666667,3,3
"BE1.Disc",788.762543624161,"BE1-Disc",2.98816666666667,3,3
"BE1.Disc",790.67188590604,"BE1-Disc",2.9885,3,3
"BE1.Disc",792.581228187919,"BE1-Disc",2.98883333333333,3,3
"BE1.Disc",794.490570469799,"BE1-Disc",2.98916666666667,3,3
"BE1.Disc",796.399912751678,"BE1-Disc",2.98966666666667,3,3
"BE1.Disc",798.309255033557,"BE1-Disc",2.99,3,3
"BE1.Disc",800.218597315436,"BE1-Disc",2.99066666666667,3,3
"BE1.Disc",802.127939597315,"BE1-Disc",2.99083333333333,3,3
"BE1.Disc",804.037281879195,"BE1-Disc",2.991,3,3
"BE1.Disc",805.946624161074,"BE1-Disc",2.99166666666667,3,3
"BE1.Disc",807.855966442953,"BE1-Disc",2.99183333333333,3,3
"BE1.Disc",809.765308724832,"BE1-Disc",2.99233333333333,3,3
"BE1.Disc",811.674651006711,"BE1-Disc",2.99283333333333,3,3
"BE1.Disc",813.583993288591,"BE1-Disc",2.99383333333333,3,3
"BE1.Disc",815.49333557047,"BE1-Disc",2.99433333333333,3,3
"BE1.Disc",817.402677852349,"BE1-Disc",2.99466666666667,3,3
"BE1.Disc",819.312020134228,"BE1-Disc",2.9955,3,3
"BE1.Disc",821.221362416107,"BE1-Disc",2.99616666666667,3,3
"BE1.Disc",823.130704697987,"BE1-Disc",2.99633333333333,3,3
"BE1.Disc",825.040046979866,"BE1-Disc",2.99666666666667,3,3
"BE1.Disc",826.949389261745,"BE1-Disc",2.997,3,3
"BE1.Disc",828.858731543624,"BE1-Disc",2.99716666666667,3,3
"BE1.Disc",830.768073825503,"BE1-Disc",2.9975,3,3
"BE1.Disc",832.677416107383,"BE1-Disc",2.9975,3,3
"BE1.Disc",834.586758389262,"BE1-Disc",2.9975,3,3
"BE1.Disc",836.496100671141,"BE1-Disc",2.9975,3,3
"BE1.Disc",838.40544295302,"BE1-Disc",2.99766666666667,3,3
"BE1.Disc",840.314785234899,"BE1-Disc",2.99766666666667,3,3
"BE1.Disc",842.224127516778,"BE1-Disc",2.99783333333333,3,3
"BE1.Disc",844.133469798658,"BE1-Disc",2.99783333333333,3,3
"BE1.Disc",846.042812080537,"BE1-Disc",2.998,3,3
"BE1.Disc",847.952154362416,"BE1-Disc",2.998,3,3
"BE1.Disc",849.861496644295,"BE1-Disc",2.998,3,3
"BE1.Disc",851.770838926175,"BE1-Disc",2.99816666666667,3,3
"BE1.Disc",853.680181208054,"BE1-Disc",2.9985,3,3
"BE1.Disc",855.589523489933,"BE1-Disc",2.99866666666667,3,3
"BE1.Disc",857.498865771812,"BE1-Disc",2.99866666666667,3,3
"BE1.Disc",859.408208053691,"BE1-Disc",2.99866666666667,3,3
"BE1.Disc",861.31755033557,"BE1-Disc",2.999,3,3
"BE1.Disc",863.22689261745,"BE1-Disc",2.99916666666667,3,3
"BE1.Disc",865.136234899329,"BE1-Disc",2.9995,3,3
"BE1.Disc",867.045577181208,"BE1-Disc",2.99966666666667,3,3
"BE1.Disc",868.954919463087,"BE1-Disc",2.99983333333333,3,3
"BE1.Disc",870.864261744966,"BE1-Disc",2.99983333333333,3,3
"BE1.Disc",872.773604026846,"BE1-Disc",2.99983333333333,3,3
"BE1.Disc",874.682946308725,"BE1-Disc",2.99983333333333,3,3
"BE1.Disc",876.592288590604,"BE1-Disc",2.99983333333333,3,3
"BE1.Disc",878.501630872483,"BE1-Disc",2.99983333333333,3,3
"BE1.Disc",880.410973154362,"BE1-Disc",2.99983333333333,3,3
"BE1.Disc",882.320315436242,"BE1-Disc",2.99983333333333,3,3
"BE1.Disc",884.229657718121,"BE1-Disc",2.99983333333333,3,3
"BE1.Disc",886.139,"BE1-Disc",3,3,3
"BE1.Melon",260.21,"BE1-Melon",0.000333333333333333,0,0
"BE1.Melon",261.10229844098,"BE1-Melon",0.000333333333333333,0,0
"BE1.Melon",261.99459688196,"BE1-Melon",0.000333333333333333,0,0
"BE1.Melon",262.88689532294,"BE1-Melon",0.000333333333333333,0,0
"BE1.Melon",263.77919376392,"BE1-Melon",0.000333333333333333,0,0
"BE1.Melon",264.6714922049,"BE1-Melon",0.000333333333333333,0,0
"BE1.Melon",265.56379064588,"BE1-Melon",0.000333333333333333,0,0
"BE1.Melon",266.45608908686,"BE1-Melon",0.000333333333333333,0,0
"BE1.Melon",267.34838752784,"BE1-Melon",0.000333333333333333,0,0
"BE1.Melon",268.24068596882,"BE1-Melon",0.000333333333333333,0,0
"BE1.Melon",269.1329844098,"BE1-Melon",0.000666666666666667,0,0
"BE1.Melon",270.025282850779,"BE1-Melon",0.001,0,0
"BE1.Melon",270.917581291759,"BE1-Melon",0.001,0,0
"BE1.Melon",271.809879732739,"BE1-Melon",0.001,0,0
"BE1.Melon",272.702178173719,"BE1-Melon",0.001,0,0
"BE1.Melon",273.594476614699,"BE1-Melon",0.001,0,0
"BE1.Melon",274.486775055679,"BE1-Melon",0.001,0,0
"BE1.Melon",275.379073496659,"BE1-Melon",0.001,0,0
"BE1.Melon",276.271371937639,"BE1-Melon",0.001,0,0
"BE1.Melon",277.163670378619,"BE1-Melon",0.001,0,0
"BE1.Melon",278.055968819599,"BE1-Melon",0.001,0,0
"BE1.Melon",278.948267260579,"BE1-Melon",0.001,0,0
"BE1.Melon",279.840565701559,"BE1-Melon",0.001,0,0
"BE1.Melon",280.732864142539,"BE1-Melon",0.001,0,0
"BE1.Melon",281.625162583519,"BE1-Melon",0.001,0,0
"BE1.Melon",282.517461024499,"BE1-Melon",0.001,0,0
"BE1.Melon",283.409759465479,"BE1-Melon",0.001,0,0
"BE1.Melon",284.302057906459,"BE1-Melon",0.001,0,0
"BE1.Melon",285.194356347439,"BE1-Melon",0.001,0,0
"BE1.Melon",286.086654788419,"BE1-Melon",0.001,0,0
"BE1.Melon",286.978953229399,"BE1-Melon",0.001,0,0
"BE1.Melon",287.871251670379,"BE1-Melon",0.001,0,0
"BE1.Melon",288.763550111359,"BE1-Melon",0.001,0,0
"BE1.Melon",289.655848552339,"BE1-Melon",0.001,0,0
"BE1.Melon",290.548146993318,"BE1-Melon",0.001,0,0
"BE1.Melon",291.440445434298,"BE1-Melon",0.001,0,0
"BE1.Melon",292.332743875278,"BE1-Melon",0.001,0,0
"BE1.Melon",293.225042316258,"BE1-Melon",0.001,0,0
"BE1.Melon",294.117340757238,"BE1-Melon",0.001,0,0
"BE1.Melon",295.009639198218,"BE1-Melon",0.001,0,0
"BE1.Melon",295.901937639198,"BE1-Melon",0.001,0,0
"BE1.Melon",296.794236080178,"BE1-Melon",0.001,0,0
"BE1.Melon",297.686534521158,"BE1-Melon",0.001,0,0
"BE1.Melon",298.578832962138,"BE1-Melon",0.001,0,0
"BE1.Melon",299.471131403118,"BE1-Melon",0.001,0,0
"BE1.Melon",300.363429844098,"BE1-Melon",0.001,0,0
"BE1.Melon",301.255728285078,"BE1-Melon",0.001,0,0
"BE1.Melon",302.148026726058,"BE1-Melon",0.001,0,0
"BE1.Melon",303.040325167038,"BE1-Melon",0.001,0,0
"BE1.Melon",303.932623608018,"BE1-Melon",0.001,0,0
"BE1.Melon",304.824922048998,"BE1-Melon",0.001,0,0
"BE1.Melon",305.717220489978,"BE1-Melon",0.001,0,0
"BE1.Melon",306.609518930958,"BE1-Melon",0.001,0,0
"BE1.Melon",307.501817371938,"BE1-Melon",0.001,0,0
"BE1.Melon",308.394115812918,"BE1-Melon",0.001,0,0
"BE1.Melon",309.286414253898,"BE1-Melon",0.001,0,0
"BE1.Melon",310.178712694878,"BE1-Melon",0.001,0,0
"BE1.Melon",311.071011135857,"BE1-Melon",0.001,0,0
"BE1.Melon",311.963309576837,"BE1-Melon",0.001,0,0
"BE1.Melon",312.855608017817,"BE1-Melon",0.001,0,0
"BE1.Melon",313.747906458797,"BE1-Melon",0.001,0,0
"BE1.Melon",314.640204899777,"BE1-Melon",0.001,0,0
"BE1.Melon",315.532503340757,"BE1-Melon",0.001,0,0
"BE1.Melon",316.424801781737,"BE1-Melon",0.001,0,0
"BE1.Melon",317.317100222717,"BE1-Melon",0.001,0,0
"BE1.Melon",318.209398663697,"BE1-Melon",0.001,0,0
"BE1.Melon",319.101697104677,"BE1-Melon",0.001,0,0
"BE1.Melon",319.993995545657,"BE1-Melon",0.001,0,0
"BE1.Melon",320.886293986637,"BE1-Melon",0.001,0,0
"BE1.Melon",321.778592427617,"BE1-Melon",0.001,0,0
"BE1.Melon",322.670890868597,"BE1-Melon",0.001,0,0
"BE1.Melon",323.563189309577,"BE1-Melon",0.001,0,0
"BE1.Melon",324.455487750557,"BE1-Melon",0.001,0,0
"BE1.Melon",325.347786191537,"BE1-Melon",0.001,0,0
"BE1.Melon",326.240084632517,"BE1-Melon",0.001,0,0
"BE1.Melon",327.132383073497,"BE1-Melon",0.001,0,0
"BE1.Melon",328.024681514477,"BE1-Melon",0.001,0,0
"BE1.Melon",328.916979955457,"BE1-Melon",0.001,0,0
"BE1.Melon",329.809278396437,"BE1-Melon",0.001,0,0
"BE1.Melon",330.701576837416,"BE1-Melon",0.001,0,0
"BE1.Melon",331.593875278396,"BE1-Melon",0.001,0,0
"BE1.Melon",332.486173719376,"BE1-Melon",0.001,0,0
"BE1.Melon",333.378472160356,"BE1-Melon",0.001,0,0
"BE1.Melon",334.270770601336,"BE1-Melon",0.001,0,0
"BE1.Melon",335.163069042316,"BE1-Melon",0.001,0,0
"BE1.Melon",336.055367483296,"BE1-Melon",0.001,0,0
"BE1.Melon",336.947665924276,"BE1-Melon",0.001,0,0
"BE1.Melon",337.839964365256,"BE1-Melon",0.001,0,0
"BE1.Melon",338.732262806236,"BE1-Melon",0.001,0,0
"BE1.Melon",339.624561247216,"BE1-Melon",0.001,0,0
"BE1.Melon",340.516859688196,"BE1-Melon",0.001,0,0
"BE1.Melon",341.409158129176,"BE1-Melon",0.001,0,0
"BE1.Melon",342.301456570156,"BE1-Melon",0.001,0,0
"BE1.Melon",343.193755011136,"BE1-Melon",0.001,0,0
"BE1.Melon",344.086053452116,"BE1-Melon",0.001,0,0
"BE1.Melon",344.978351893096,"BE1-Melon",0.001,0,0
"BE1.Melon",345.870650334076,"BE1-Melon",0.001,0,0
"BE1.Melon",346.762948775056,"BE1-Melon",0.001,0,0
"BE1.Melon",347.655247216036,"BE1-Melon",0.001,0,0
"BE1.Melon",348.547545657016,"BE1-Melon",0.001,0,0
"BE1.Melon",349.439844097996,"BE1-Melon",0.001,0,0
"BE1.Melon",350.332142538976,"BE1-Melon",0.001,0,0
"BE1.Melon",351.224440979955,"BE1-Melon",0.00133333333333333,0,0
"BE1.Melon",352.116739420935,"BE1-Melon",0.00133333333333333,0,0
"BE1.Melon",353.009037861915,"BE1-Melon",0.00166666666666667,0,0
"BE1.Melon",353.901336302895,"BE1-Melon",0.00166666666666667,0,0
"BE1.Melon",354.793634743875,"BE1-Melon",0.00166666666666667,0,0
"BE1.Melon",355.685933184855,"BE1-Melon",0.00166666666666667,0,0
"BE1.Melon",356.578231625835,"BE1-Melon",0.00166666666666667,0,0
"BE1.Melon",357.470530066815,"BE1-Melon",0.00166666666666667,0,0
"BE1.Melon",358.362828507795,"BE1-Melon",0.00166666666666667,0,0
"BE1.Melon",359.255126948775,"BE1-Melon",0.00166666666666667,0,0
"BE1.Melon",360.147425389755,"BE1-Melon",0.00166666666666667,0,0
"BE1.Melon",361.039723830735,"BE1-Melon",0.00166666666666667,0,0
"BE1.Melon",361.932022271715,"BE1-Melon",0.00166666666666667,0,0
"BE1.Melon",362.824320712695,"BE1-Melon",0.00166666666666667,0,0
"BE1.Melon",363.716619153675,"BE1-Melon",0.00166666666666667,0,0
"BE1.Melon",364.608917594655,"BE1-Melon",0.00166666666666667,0,0
"BE1.Melon",365.501216035635,"BE1-Melon",0.00166666666666667,0,0
"BE1.Melon",366.393514476615,"BE1-Melon",0.00166666666666667,0,0
"BE1.Melon",367.285812917595,"BE1-Melon",0.00166666666666667,0,0
"BE1.Melon",368.178111358575,"BE1-Melon",0.00166666666666667,0,0
"BE1.Melon",369.070409799555,"BE1-Melon",0.00166666666666667,0,0
"BE1.Melon",369.962708240534,"BE1-Melon",0.00166666666666667,0,0
"BE1.Melon",370.855006681514,"BE1-Melon",0.002,0,0
"BE1.Melon",371.747305122494,"BE1-Melon",0.002,0,0
"BE1.Melon",372.639603563474,"BE1-Melon",0.002,0,0
"BE1.Melon",373.531902004454,"BE1-Melon",0.002,0,0
"BE1.Melon",374.424200445434,"BE1-Melon",0.002,0,0
"BE1.Melon",375.316498886414,"BE1-Melon",0.002,0,0
"BE1.Melon",376.208797327394,"BE1-Melon",0.002,0,0
"BE1.Melon",377.101095768374,"BE1-Melon",0.002,0,0
"BE1.Melon",377.993394209354,"BE1-Melon",0.002,0,0
"BE1.Melon",378.885692650334,"BE1-Melon",0.002,0,0
"BE1.Melon",379.777991091314,"BE1-Melon",0.002,0,0
"BE1.Melon",380.670289532294,"BE1-Melon",0.002,0,0
"BE1.Melon",381.562587973274,"BE1-Melon",0.002,0,0
"BE1.Melon",382.454886414254,"BE1-Melon",0.002,0,0
"BE1.Melon",383.347184855234,"BE1-Melon",0.002,0,0
"BE1.Melon",384.239483296214,"BE1-Melon",0.002,0,0
"BE1.Melon",385.131781737194,"BE1-Melon",0.002,0,0
"BE1.Melon",386.024080178174,"BE1-Melon",0.002,0,0
"BE1.Melon",386.916378619154,"BE1-Melon",0.00233333333333333,0,0
"BE1.Melon",387.808677060134,"BE1-Melon",0.00233333333333333,0,0
"BE1.Melon",388.700975501114,"BE1-Melon",0.00233333333333333,0,0
"BE1.Melon",389.593273942094,"BE1-Melon",0.00233333333333333,0,0
"BE1.Melon",390.485572383073,"BE1-Melon",0.00233333333333333,0,0
"BE1.Melon",391.377870824053,"BE1-Melon",0.00233333333333333,0,0
"BE1.Melon",392.270169265033,"BE1-Melon",0.00233333333333333,0,0
"BE1.Melon",393.162467706013,"BE1-Melon",0.00233333333333333,0,0
"BE1.Melon",394.054766146993,"BE1-Melon",0.00233333333333333,0,0
"BE1.Melon",394.947064587973,"BE1-Melon",0.00233333333333333,0,0
"BE1.Melon",395.839363028953,"BE1-Melon",0.00233333333333333,0,0
"BE1.Melon",396.731661469933,"BE1-Melon",0.00233333333333333,0,0
"BE1.Melon",397.623959910913,"BE1-Melon",0.00233333333333333,0,0
"BE1.Melon",398.516258351893,"BE1-Melon",0.00233333333333333,0,0
"BE1.Melon",399.408556792873,"BE1-Melon",0.00233333333333333,0,0
"BE1.Melon",400.300855233853,"BE1-Melon",0.00233333333333333,0,0
"BE1.Melon",401.193153674833,"BE1-Melon",0.00233333333333333,0,0
"BE1.Melon",402.085452115813,"BE1-Melon",0.00233333333333333,0,0
"BE1.Melon",402.977750556793,"BE1-Melon",0.00266666666666667,0,0
"BE1.Melon",403.870048997773,"BE1-Melon",0.0035,0,0
"BE1.Melon",404.762347438753,"BE1-Melon",0.00383333333333333,0,0
"BE1.Melon",405.654645879733,"BE1-Melon",0.0045,0,0
"BE1.Melon",406.546944320713,"BE1-Melon",0.00483333333333333,0,0
"BE1.Melon",407.439242761693,"BE1-Melon",0.00516666666666667,0,0
"BE1.Melon",408.331541202673,"BE1-Melon",0.0055,0,0
"BE1.Melon",409.223839643653,"BE1-Melon",0.0055,0,0
"BE1.Melon",410.116138084632,"BE1-Melon",0.0065,0,0
"BE1.Melon",411.008436525612,"BE1-Melon",0.00716666666666667,0,0
"BE1.Melon",411.900734966592,"BE1-Melon",0.00816666666666667,0,0
"BE1.Melon",412.793033407572,"BE1-Melon",0.0095,0,0
"BE1.Melon",413.685331848552,"BE1-Melon",0.00983333333333333,0,0
"BE1.Melon",414.577630289532,"BE1-Melon",0.0131666666666667,0,0
"BE1.Melon",415.469928730512,"BE1-Melon",0.0155,0,0
"BE1.Melon",416.362227171492,"BE1-Melon",0.0216666666666667,0,0
"BE1.Melon",417.254525612472,"BE1-Melon",0.0286666666666667,0,0
"BE1.Melon",418.146824053452,"BE1-Melon",0.0345,0,0
"BE1.Melon",419.039122494432,"BE1-Melon",0.0418333333333333,0,0
"BE1.Melon",419.931420935412,"BE1-Melon",0.0518333333333333,0,0
"BE1.Melon",420.823719376392,"BE1-Melon",0.0621666666666667,0,0
"BE1.Melon",421.716017817372,"BE1-Melon",0.0766666666666667,0,0
"BE1.Melon",422.608316258352,"BE1-Melon",0.0908333333333333,0,0
"BE1.Melon",423.500614699332,"BE1-Melon",0.1095,0,2
"BE1.Melon",424.392913140312,"BE1-Melon",0.128,0,2
"BE1.Melon",425.285211581292,"BE1-Melon",0.1445,0,2
"BE1.Melon",426.177510022272,"BE1-Melon",0.168166666666667,0,2
"BE1.Melon",427.069808463252,"BE1-Melon",0.180833333333333,0,2
"BE1.Melon",427.962106904232,"BE1-Melon",0.201,0,2
"BE1.Melon",428.854405345212,"BE1-Melon",0.221,0,2
"BE1.Melon",429.746703786192,"BE1-Melon",0.241833333333333,0,2
"BE1.Melon",430.639002227171,"BE1-Melon",0.256833333333333,0,2
"BE1.Melon",431.531300668151,"BE1-Melon",0.280333333333333,0,2
"BE1.Melon",432.423599109131,"BE1-Melon",0.300666666666667,0,2
"BE1.Melon",433.315897550111,"BE1-Melon",0.320833333333333,0,2
"BE1.Melon",434.208195991091,"BE1-Melon",0.345333333333333,0,2
"BE1.Melon",435.100494432071,"BE1-Melon",0.362166666666667,0,2
"BE1.Melon",435.992792873051,"BE1-Melon",0.380666666666667,0,2
"BE1.Melon",436.885091314031,"BE1-Melon",0.399333333333333,0,2
"BE1.Melon",437.777389755011,"BE1-Melon",0.414666666666667,0,2
"BE1.Melon",438.669688195991,"BE1-Melon",0.435333333333333,0,2
"BE1.Melon",439.561986636971,"BE1-Melon",0.452666666666667,0,2
"BE1.Melon",440.454285077951,"BE1-Melon",0.470833333333333,0,2
"BE1.Melon",441.346583518931,"BE1-Melon",0.487833333333333,0,2
"BE1.Melon",442.238881959911,"BE1-Melon",0.506166666666667,0,2
"BE1.Melon",443.131180400891,"BE1-Melon",0.524666666666667,0,2
"BE1.Melon",444.023478841871,"BE1-Melon",0.545333333333333,0,2
"BE1.Melon",444.915777282851,"BE1-Melon",0.565,0,2
"BE1.Melon",445.808075723831,"BE1-Melon",0.5815,0,2
"BE1.Melon",446.700374164811,"BE1-Melon",0.5985,0,2
"BE1.Melon",447.592672605791,"BE1-Melon",0.615166666666667,0,2
"BE1.Melon",448.484971046771,"BE1-Melon",0.634333333333333,0,2
"BE1.Melon",449.377269487751,"BE1-Melon",0.651333333333333,0,2
"BE1.Melon",450.269567928731,"BE1-Melon",0.668666666666667,0,2
"BE1.Melon",451.16186636971,"BE1-Melon",0.691333333333333,0,2
"BE1.Melon",452.05416481069,"BE1-Melon",0.712166666666667,0,2
"BE1.Melon",452.94646325167,"BE1-Melon",0.733166666666667,0,2
"BE1.Melon",453.83876169265,"BE1-Melon",0.749666666666667,0,2
"BE1.Melon",454.73106013363,"BE1-Melon",0.770166666666667,0,2
"BE1.Melon",455.62335857461,"BE1-Melon",0.793166666666667,0,2
"BE1.Melon",456.51565701559,"BE1-Melon",0.813833333333333,0,3
"BE1.Melon",457.40795545657,"BE1-Melon",0.8325,0,3
"BE1.Melon",458.30025389755,"BE1-Melon",0.852166666666667,0,3
"BE1.Melon",459.19255233853,"BE1-Melon",0.870833333333333,0,3
"BE1.Melon",460.08485077951,"BE1-Melon",0.8925,0,3
"BE1.Melon",460.97714922049,"BE1-Melon",0.914666666666667,0,3
"BE1.Melon",461.86944766147,"BE1-Melon",0.932,0,3
"BE1.Melon",462.76174610245,"BE1-Melon",0.950166666666667,0,3
"BE1.Melon",463.65404454343,"BE1-Melon",0.965833333333333,0,3
"BE1.Melon",464.54634298441,"BE1-Melon",0.985333333333333,0,3
"BE1.Melon",465.43864142539,"BE1-Melon",1.00783333333333,0,3
"BE1.Melon",466.33093986637,"BE1-Melon",1.02783333333333,0,3
"BE1.Melon",467.22323830735,"BE1-Melon",1.04616666666667,0,3
"BE1.Melon",468.11553674833,"BE1-Melon",1.0675,0,3
"BE1.Melon",469.00783518931,"BE1-Melon",1.08733333333333,0,3
"BE1.Melon",469.900133630289,"BE1-Melon",1.10616666666667,0,3
"BE1.Melon",470.792432071269,"BE1-Melon",1.125,0,3
"BE1.Melon",471.684730512249,"BE1-Melon",1.14616666666667,0,3
"BE1.Melon",472.577028953229,"BE1-Melon",1.16983333333333,0,3
"BE1.Melon",473.469327394209,"BE1-Melon",1.1895,0,3
"BE1.Melon",474.361625835189,"BE1-Melon",1.21116666666667,0,3
"BE1.Melon",475.253924276169,"BE1-Melon",1.22633333333333,0,3
"BE1.Melon",476.146222717149,"BE1-Melon",1.24783333333333,0,3
"BE1.Melon",477.038521158129,"BE1-Melon",1.26783333333333,0,3
"BE1.Melon",477.930819599109,"BE1-Melon",1.28533333333333,0,3
"BE1.Melon",478.823118040089,"BE1-Melon",1.30583333333333,0,3
"BE1.Melon",479.715416481069,"BE1-Melon",1.32283333333333,0,3
"BE1.Melon",480.607714922049,"BE1-Melon",1.34033333333333,0,3
"BE1.Melon",481.500013363029,"BE1-Melon",1.36083333333333,0,3
"BE1.Melon",482.392311804009,"BE1-Melon",1.3805,0,3
"BE1.Melon",483.284610244989,"BE1-Melon",1.398,0,3
"BE1.Melon",484.176908685969,"BE1-Melon",1.41466666666667,0,3
"BE1.Melon",485.069207126949,"BE1-Melon",1.43233333333333,0,3
"BE1.Melon",485.961505567929,"BE1-Melon",1.45233333333333,0,3
"BE1.Melon",486.853804008909,"BE1-Melon",1.4685,0,3
"BE1.Melon",487.746102449889,"BE1-Melon",1.49083333333333,0,3
"BE1.Melon",488.638400890869,"BE1-Melon",1.5075,0,3
"BE1.Melon",489.530699331848,"BE1-Melon",1.52716666666667,0,3
"BE1.Melon",490.422997772828,"BE1-Melon",1.54933333333333,0,3
"BE1.Melon",491.315296213808,"BE1-Melon",1.56933333333333,0,3
"BE1.Melon",492.207594654788,"BE1-Melon",1.58766666666667,0,3
"BE1.Melon",493.099893095768,"BE1-Melon",1.60633333333333,0,3
"BE1.Melon",493.992191536748,"BE1-Melon",1.62566666666667,0,3
"BE1.Melon",494.884489977728,"BE1-Melon",1.64416666666667,0,3
"BE1.Melon",495.776788418708,"BE1-Melon",1.66033333333333,0,3
"BE1.Melon",496.669086859688,"BE1-Melon",1.682,0,3
"BE1.Melon",497.561385300668,"BE1-Melon",1.699,0,3
"BE1.Melon",498.453683741648,"BE1-Melon",1.72016666666667,0,3
"BE1.Melon",499.345982182628,"BE1-Melon",1.73733333333333,0,3
"BE1.Melon",500.238280623608,"BE1-Melon",1.759,0,3
"BE1.Melon",501.130579064588,"BE1-Melon",1.779,0,3
"BE1.Melon",502.022877505568,"BE1-Melon",1.79883333333333,0,3
"BE1.Melon",502.915175946548,"BE1-Melon",1.82016666666667,0,3
"BE1.Melon",503.807474387528,"BE1-Melon",1.84266666666667,0,3
"BE1.Melon",504.699772828508,"BE1-Melon",1.85716666666667,0,3
"BE1.Melon",505.592071269488,"BE1-Melon",1.8765,0,3
"BE1.Melon",506.484369710468,"BE1-Melon",1.89533333333333,0,3
"BE1.Melon",507.376668151448,"BE1-Melon",1.91316666666667,0,3
"BE1.Melon",508.268966592428,"BE1-Melon",1.93533333333333,0,3
"BE1.Melon",509.161265033408,"BE1-Melon",1.9515,0,3
"BE1.Melon",510.053563474387,"BE1-Melon",1.98716666666667,0,3
"BE1.Melon",510.945861915367,"BE1-Melon",2.07766666666667,0,4
"BE1.Melon",511.838160356347,"BE1-Melon",2.17833333333333,0,4
"BE1.Melon",512.730458797327,"BE1-Melon",2.2695,0,4
"BE1.Melon",513.622757238307,"BE1-Melon",2.36283333333333,0,5
"BE1.Melon",514.515055679287,"BE1-Melon",2.46383333333333,0,5
"BE1.Melon",515.407354120267,"BE1-Melon",2.55866666666667,0,5
"BE1.Melon",516.299652561247,"BE1-Melon",2.65583333333333,0,5
"BE1.Melon",517.191951002227,"BE1-Melon",2.74866666666667,0,5
"BE1.Melon",518.084249443207,"BE1-Melon",2.83716666666667,0,5
"BE1.Melon",518.976547884187,"BE1-Melon",2.92483333333333,0,5
"BE1.Melon",519.868846325167,"BE1-Melon",3.00833333333333,0,5
"BE1.Melon",520.761144766147,"BE1-Melon",3.09566666666667,0,5
"BE1.Melon",521.653443207127,"BE1-Melon",3.17183333333333,0,5
"BE1.Melon",522.545741648107,"BE1-Melon",3.25483333333333,0,5
"BE1.Melon",523.438040089087,"BE1-Melon",3.33183333333333,1,6
"BE1.Melon",524.330338530067,"BE1-Melon",3.40783333333333,1,6
"BE1.Melon",525.222636971047,"BE1-Melon",3.48433333333333,1,6
"BE1.Melon",526.114935412027,"BE1-Melon",3.56566666666667,1,6
"BE1.Melon",527.007233853007,"BE1-Melon",3.66166666666667,2,6
"BE1.Melon",527.899532293987,"BE1-Melon",3.74483333333333,2,6
"BE1.Melon",528.791830734967,"BE1-Melon",3.82816666666667,2,6
"BE1.Melon",529.684129175947,"BE1-Melon",3.93,2,6
"BE1.Melon",530.576427616926,"BE1-Melon",4.02716666666667,2,6
"BE1.Melon",531.468726057906,"BE1-Melon",4.1135,2,6
"BE1.Melon",532.361024498886,"BE1-Melon",4.21033333333333,2,6
"BE1.Melon",533.253322939866,"BE1-Melon",4.3125,2,6
"BE1.Melon",534.145621380846,"BE1-Melon",4.41466666666667,2,6
"BE1.Melon",535.037919821826,"BE1-Melon",4.52116666666667,2,6
"BE1.Melon",535.930218262806,"BE1-Melon",4.62266666666667,2,6
"BE1.Melon",536.822516703786,"BE1-Melon",4.72433333333333,2,6
"BE1.Melon",537.714815144766,"BE1-Melon",4.822,2,6
"BE1.Melon",538.607113585746,"BE1-Melon",4.933,3,7
"BE1.Melon",539.499412026726,"BE1-Melon",5.04216666666667,3,7
"BE1.Melon",540.391710467706,"BE1-Melon",5.14733333333333,3,7
"BE1.Melon",541.284008908686,"BE1-Melon",5.24516666666667,3,7
"BE1.Melon",542.176307349666,"BE1-Melon",5.34616666666667,4,7
"BE1.Melon",543.068605790646,"BE1-Melon",5.446,4,7
"BE1.Melon",543.960904231626,"BE1-Melon",5.5415,4,7
"BE1.Melon",544.853202672606,"BE1-Melon",5.63816666666667,4,7
"BE1.Melon",545.745501113586,"BE1-Melon",5.72833333333333,4,7
"BE1.Melon",546.637799554566,"BE1-Melon",5.8275,4,7
"BE1.Melon",547.530097995546,"BE1-Melon",5.924,3,7
"BE1.Melon",548.422396436526,"BE1-Melon",6.01533333333333,4,8
"BE1.Melon",549.314694877506,"BE1-Melon",6.093,4,8
"BE1.Melon",550.206993318486,"BE1-Melon",6.177,5,8
"BE1.Melon",551.099291759465,"BE1-Melon",6.26883333333333,5,8
"BE1.Melon",551.991590200445,"BE1-Melon",6.35083333333333,5,8
"BE1.Melon",552.883888641425,"BE1-Melon",6.4345,5,8
"BE1.Melon",553.776187082405,"BE1-Melon",6.5185,5,8
"BE1.Melon",554.668485523385,"BE1-Melon",6.59466666666667,5,8
"BE1.Melon",555.560783964365,"BE1-Melon",6.6765,5,8
"BE1.Melon",556.453082405345,"BE1-Melon",6.75683333333333,5,8
"BE1.Melon",557.345380846325,"BE1-Melon",6.82716666666667,5,8
"BE1.Melon",558.237679287305,"BE1-Melon",6.9055,5,8
"BE1.Melon",559.129977728285,"BE1-Melon",6.98116666666667,5,8
"BE1.Melon",560.022276169265,"BE1-Melon",7.05883333333333,5,8
"BE1.Melon",560.914574610245,"BE1-Melon",7.1265,5,8
"BE1.Melon",561.806873051225,"BE1-Melon",7.202,6,9
"BE1.Melon",562.699171492205,"BE1-Melon",7.27633333333333,6,9
"BE1.Melon",563.591469933185,"BE1-Melon",7.33816666666667,6,9
"BE1.Melon",564.483768374165,"BE1-Melon",7.40783333333333,6,9
"BE1.Melon",565.376066815145,"BE1-Melon",7.47216666666667,6,9
"BE1.Melon",566.268365256125,"BE1-Melon",7.53266666666667,6,9
"BE1.Melon",567.160663697105,"BE1-Melon",7.593,6,9
"BE1.Melon",568.052962138085,"BE1-Melon",7.649,6,9
"BE1.Melon",568.945260579065,"BE1-Melon",7.70533333333333,6,9
"BE1.Melon",569.837559020045,"BE1-Melon",7.74966666666667,6,9
"BE1.Melon",570.729857461024,"BE1-Melon",7.79716666666667,7,9
"BE1.Melon",571.622155902004,"BE1-Melon",7.84366666666667,7,9
"BE1.Melon",572.514454342984,"BE1-Melon",7.89,7,9
"BE1.Melon",573.406752783964,"BE1-Melon",7.93333333333333,7,9
"BE1.Melon",574.299051224944,"BE1-Melon",7.9765,7,9
"BE1.Melon",575.191349665924,"BE1-Melon",8.021,7,9
"BE1.Melon",576.083648106904,"BE1-Melon",8.05916666666667,7,9
"BE1.Melon",576.975946547884,"BE1-Melon",8.10066666666667,7,9
"BE1.Melon",577.868244988864,"BE1-Melon",8.13633333333333,7,9
"BE1.Melon",578.760543429844,"BE1-Melon",8.176,7,9
"BE1.Melon",579.652841870824,"BE1-Melon",8.21283333333333,7,9
"BE1.Melon",580.545140311804,"BE1-Melon",8.249,7,9
"BE1.Melon",581.437438752784,"BE1-Melon",8.2825,7,9
"BE1.Melon",582.329737193764,"BE1-Melon",8.31,7,9
"BE1.Melon",583.222035634744,"BE1-Melon",8.3415,7,9
"BE1.Melon",584.114334075724,"BE1-Melon",8.37183333333333,7,9
"BE1.Melon",585.006632516704,"BE1-Melon",8.40683333333333,7,9
"BE1.Melon",585.898930957684,"BE1-Melon",8.437,7,9
"BE1.Melon",586.791229398664,"BE1-Melon",8.46933333333333,7,9
"BE1.Melon",587.683527839644,"BE1-Melon",8.49816666666667,8,9
"BE1.Melon",588.575826280624,"BE1-Melon",8.52883333333333,8,9
"BE1.Melon",589.468124721604,"BE1-Melon",8.55683333333333,8,9
"BE1.Melon",590.360423162584,"BE1-Melon",8.58166666666667,8,9
"BE1.Melon",591.252721603563,"BE1-Melon",8.609,8,9
"BE1.Melon",592.145020044543,"BE1-Melon",8.63483333333333,8,9
"BE1.Melon",593.037318485523,"BE1-Melon",8.65766666666667,8,9
"BE1.Melon",593.929616926503,"BE1-Melon",8.6795,8,9
"BE1.Melon",594.821915367483,"BE1-Melon",8.705,8,9
"BE1.Melon",595.714213808463,"BE1-Melon",8.72633333333333,8,9
"BE1.Melon",596.606512249443,"BE1-Melon",8.7465,8,9
"BE1.Melon",597.498810690423,"BE1-Melon",8.768,8,9
"BE1.Melon",598.391109131403,"BE1-Melon",8.78416666666667,8,9
"BE1.Melon",599.283407572383,"BE1-Melon",8.7995,8,9
"BE1.Melon",600.175706013363,"BE1-Melon",8.81433333333333,8,9
"BE1.Melon",601.068004454343,"BE1-Melon",8.83066666666667,8,9
"BE1.Melon",601.960302895323,"BE1-Melon",8.843,8,9
"BE1.Melon",602.852601336303,"BE1-Melon",8.85316666666667,8,9
"BE1.Melon",603.744899777283,"BE1-Melon",8.86033333333333,8,9
"BE1.Melon",604.637198218263,"BE1-Melon",8.865,8,9
"BE1.Melon",605.529496659243,"BE1-Melon",8.87066666666667,8,9
"BE1.Melon",606.421795100223,"BE1-Melon",8.87466666666667,8,9
"BE1.Melon",607.314093541203,"BE1-Melon",8.87816666666667,8,9
"BE1.Melon",608.206391982183,"BE1-Melon",8.88133333333333,8,9
"BE1.Melon",609.098690423163,"BE1-Melon",8.88316666666667,8,9
"BE1.Melon",609.990988864143,"BE1-Melon",8.88516666666667,8,9
"BE1.Melon",610.883287305123,"BE1-Melon",8.8875,8,9
"BE1.Melon",611.775585746102,"BE1-Melon",8.889,8,9
"BE1.Melon",612.667884187082,"BE1-Melon",8.89,8,9
"BE1.Melon",613.560182628062,"BE1-Melon",8.89166666666667,8,9
"BE1.Melon",614.452481069042,"BE1-Melon",8.89383333333333,8,9
"BE1.Melon",615.344779510022,"BE1-Melon",8.89666666666667,8,9
"BE1.Melon",616.237077951002,"BE1-Melon",8.89866666666667,8,9
"BE1.Melon",617.129376391982,"BE1-Melon",8.89966666666667,8,9
"BE1.Melon",618.021674832962,"BE1-Melon",8.90133333333333,8,9
"BE1.Melon",618.913973273942,"BE1-Melon",8.90466666666667,8,9
"BE1.Melon",619.806271714922,"BE1-Melon",8.9055,8,9
"BE1.Melon",620.698570155902,"BE1-Melon",8.90766666666667,8,9
"BE1.Melon",621.590868596882,"BE1-Melon",8.90983333333333,8,9
"BE1.Melon",622.483167037862,"BE1-Melon",8.91166666666667,8,9
"BE1.Melon",623.375465478842,"BE1-Melon",8.9155,8,9
"BE1.Melon",624.267763919822,"BE1-Melon",8.91983333333333,8,9
"BE1.Melon",625.160062360802,"BE1-Melon",8.9235,8,9
"BE1.Melon",626.052360801782,"BE1-Melon",8.92683333333333,8,9
"BE1.Melon",626.944659242762,"BE1-Melon",8.93066666666667,8,9
"BE1.Melon",627.836957683742,"BE1-Melon",8.93683333333333,8,9
"BE1.Melon",628.729256124722,"BE1-Melon",8.94116666666667,8,9
"BE1.Melon",629.621554565702,"BE1-Melon",8.9465,8,9
"BE1.Melon",630.513853006682,"BE1-Melon",8.9515,9,9
"BE1.Melon",631.406151447661,"BE1-Melon",8.95633333333333,9,9
"BE1.Melon",632.298449888641,"BE1-Melon",8.9595,9,9
"BE1.Melon",633.190748329621,"BE1-Melon",8.965,9,9
"BE1.Melon",634.083046770601,"BE1-Melon",8.96883333333333,9,9
"BE1.Melon",634.975345211581,"BE1-Melon",8.97283333333333,9,9
"BE1.Melon",635.867643652561,"BE1-Melon",8.97583333333333,9,9
"BE1.Melon",636.759942093541,"BE1-Melon",8.97983333333333,9,9
"BE1.Melon",637.652240534521,"BE1-Melon",8.9825,9,9
"BE1.Melon",638.544538975501,"BE1-Melon",8.98566666666667,9,9
"BE1.Melon",639.436837416481,"BE1-Melon",8.98816666666667,9,9
"BE1.Melon",640.329135857461,"BE1-Melon",8.9905,9,9
"BE1.Melon",641.221434298441,"BE1-Melon",8.99166666666667,9,9
"BE1.Melon",642.113732739421,"BE1-Melon",8.99333333333333,9,9
"BE1.Melon",643.006031180401,"BE1-Melon",8.99466666666667,9,9
"BE1.Melon",643.898329621381,"BE1-Melon",8.99583333333333,9,9
"BE1.Melon",644.790628062361,"BE1-Melon",8.99733333333333,9,9
"BE1.Melon",645.682926503341,"BE1-Melon",8.998,9,9
"BE1.Melon",646.575224944321,"BE1-Melon",8.99883333333333,9,9
"BE1.Melon",647.467523385301,"BE1-Melon",8.999,9,9
"BE1.Melon",648.359821826281,"BE1-Melon",8.999,9,9
"BE1.Melon",649.252120267261,"BE1-Melon",8.999,9,9
"BE1.Melon",650.144418708241,"BE1-Melon",8.99916666666667,9,9
"BE1.Melon",651.036717149221,"BE1-Melon",8.99916666666667,9,9
"BE1.Melon",651.9290155902,"BE1-Melon",8.99916666666667,9,9
"BE1.Melon",652.82131403118,"BE1-Melon",8.99933333333333,9,9
"BE1.Melon",653.71361247216,"BE1-Melon",8.9995,9,9
"BE1.Melon",654.60591091314,"BE1-Melon",8.9995,9,9
"BE1.Melon",655.49820935412,"BE1-Melon",8.99966666666667,9,9
"BE1.Melon",656.3905077951,"BE1-Melon",8.99966666666667,9,9
"BE1.Melon",657.28280623608,"BE1-Melon",8.99983333333333,9,9
"BE1.Melon",658.17510467706,"BE1-Melon",8.99983333333333,9,9
"BE1.Melon",659.06740311804,"BE1-Melon",8.99983333333333,9,9
"BE1.Melon",659.95970155902,"BE1-Melon",8.99983333333333,9,9
"BE1.Melon",660.852,"BE1-Melon",9,9,9
"BE1.WhSpiral",476.583,"BE1-WhSpiral",0.000166666666666667,0,0
"BE1.WhSpiral",479.601181818182,"BE1-WhSpiral",0.000333333333333333,0,0
"BE1.WhSpiral",482.619363636364,"BE1-WhSpiral",0.000333333333333333,0,0
"BE1.WhSpiral",485.637545454545,"BE1-WhSpiral",5e-04,0,0
"BE1.WhSpiral",488.655727272727,"BE1-WhSpiral",5e-04,0,0
"BE1.WhSpiral",491.673909090909,"BE1-WhSpiral",0.000833333333333333,0,0
"BE1.WhSpiral",494.692090909091,"BE1-WhSpiral",0.000833333333333333,0,0
"BE1.WhSpiral",497.710272727273,"BE1-WhSpiral",0.000833333333333333,0,0
"BE1.WhSpiral",500.728454545455,"BE1-WhSpiral",0.001,0,0
"BE1.WhSpiral",503.746636363636,"BE1-WhSpiral",0.00116666666666667,0,0
"BE1.WhSpiral",506.764818181818,"BE1-WhSpiral",0.00116666666666667,0,0
"BE1.WhSpiral",509.783,"BE1-WhSpiral",0.00116666666666667,0,0
"BE1.WhSpiral",512.801181818182,"BE1-WhSpiral",0.00116666666666667,0,0
"BE1.WhSpiral",515.819363636364,"BE1-WhSpiral",0.00116666666666667,0,0
"BE1.WhSpiral",518.837545454546,"BE1-WhSpiral",0.00116666666666667,0,0
"BE1.WhSpiral",521.855727272727,"BE1-WhSpiral",0.00116666666666667,0,0
"BE1.WhSpiral",524.873909090909,"BE1-WhSpiral",0.00116666666666667,0,0
"BE1.WhSpiral",527.892090909091,"BE1-WhSpiral",0.00116666666666667,0,0
"BE1.WhSpiral",530.910272727273,"BE1-WhSpiral",0.00116666666666667,0,0
"BE1.WhSpiral",533.928454545455,"BE1-WhSpiral",0.00116666666666667,0,0
"BE1.WhSpiral",536.946636363636,"BE1-WhSpiral",0.00116666666666667,0,0
"BE1.WhSpiral",539.964818181818,"BE1-WhSpiral",0.00133333333333333,0,0
"BE1.WhSpiral",542.983,"BE1-WhSpiral",0.0015,0,0
"BE1.WhSpiral",546.001181818182,"BE1-WhSpiral",0.0015,0,0
"BE1.WhSpiral",549.019363636364,"BE1-WhSpiral",0.00183333333333333,0,0
"BE1.WhSpiral",552.037545454545,"BE1-WhSpiral",0.00266666666666667,0,0
"BE1.WhSpiral",555.055727272727,"BE1-WhSpiral",0.00383333333333333,0,0
"BE1.WhSpiral",558.073909090909,"BE1-WhSpiral",0.00416666666666667,0,0
"BE1.WhSpiral",561.092090909091,"BE1-WhSpiral",0.0065,0,0
"BE1.WhSpiral",564.110272727273,"BE1-WhSpiral",0.00866666666666667,0,0
"BE1.WhSpiral",567.128454545455,"BE1-WhSpiral",0.014,0,0
"BE1.WhSpiral",570.146636363636,"BE1-WhSpiral",0.0195,0,0
"BE1.WhSpiral",573.164818181818,"BE1-WhSpiral",0.029,0,0
"BE1.WhSpiral",576.183,"BE1-WhSpiral",0.0405,0,0
"BE1.WhSpiral",579.201181818182,"BE1-WhSpiral",0.055,0,1
"BE1.WhSpiral",582.219363636364,"BE1-WhSpiral",0.0726666666666667,0,1
"BE1.WhSpiral",585.237545454546,"BE1-WhSpiral",0.0925,0,1
"BE1.WhSpiral",588.255727272727,"BE1-WhSpiral",0.115166666666667,0,1
"BE1.WhSpiral",591.273909090909,"BE1-WhSpiral",0.142833333333333,0,1
"BE1.WhSpiral",594.292090909091,"BE1-WhSpiral",0.1765,0,1
"BE1.WhSpiral",597.310272727273,"BE1-WhSpiral",0.211333333333333,0,1
"BE1.WhSpiral",600.328454545455,"BE1-WhSpiral",0.260166666666667,0,1
"BE1.WhSpiral",603.346636363636,"BE1-WhSpiral",0.317166666666667,0,1
"BE1.WhSpiral",606.364818181818,"BE1-WhSpiral",0.378666666666667,0,1
"BE1.WhSpiral",609.383,"BE1-WhSpiral",0.428166666666667,0,1
"BE1.WhSpiral",612.401181818182,"BE1-WhSpiral",0.469833333333333,0,1
"BE1.WhSpiral",615.419363636364,"BE1-WhSpiral",0.506,0,1
"BE1.WhSpiral",618.437545454545,"BE1-WhSpiral",0.546666666666667,0,1
"BE1.WhSpiral",621.455727272727,"BE1-WhSpiral",0.589333333333333,0,1
"BE1.WhSpiral",624.473909090909,"BE1-WhSpiral",0.6435,0,1
"BE1.WhSpiral",627.492090909091,"BE1-WhSpiral",0.699166666666667,0,1
"BE1.WhSpiral",630.510272727273,"BE1-WhSpiral",0.759666666666667,0,1
"BE1.WhSpiral",633.528454545455,"BE1-WhSpiral",0.818333333333333,0,1
"BE1.WhSpiral",636.546636363636,"BE1-WhSpiral",0.879333333333333,0,1
"BE1.WhSpiral",639.564818181818,"BE1-WhSpiral",0.934,0,1
"BE1.WhSpiral",642.583,"BE1-WhSpiral",0.968666666666667,1,1
"BE1.WhSpiral",645.601181818182,"BE1-WhSpiral",0.986166666666667,1,1
"BE1.WhSpiral",648.619363636364,"BE1-WhSpiral",0.997166666666667,1,1
"BE1.WhSpiral",651.637545454545,"BE1-WhSpiral",1.0075,1,1
"BE1.WhSpiral",654.655727272727,"BE1-WhSpiral",1.02716666666667,1,1
"BE1.WhSpiral",657.673909090909,"BE1-WhSpiral",1.07566666666667,1,2
"BE1.WhSpiral",660.692090909091,"BE1-WhSpiral",1.17316666666667,1,2
"BE1.WhSpiral",663.710272727273,"BE1-WhSpiral",1.30083333333333,1,2
"BE1.WhSpiral",666.728454545454,"BE1-WhSpiral",1.43083333333333,1,2
"BE1.WhSpiral",669.746636363636,"BE1-WhSpiral",1.53816666666667,1,2
"BE1.WhSpiral",672.764818181818,"BE1-WhSpiral",1.6255,1,2
"BE1.WhSpiral",675.783,"BE1-WhSpiral",1.6865,1,2
"BE1.WhSpiral",678.801181818182,"BE1-WhSpiral",1.72583333333333,1,2
"BE1.WhSpiral",681.819363636364,"BE1-WhSpiral",1.75266666666667,1,2
"BE1.WhSpiral",684.837545454546,"BE1-WhSpiral",1.7635,1,2
"BE1.WhSpiral",687.855727272727,"BE1-WhSpiral",1.77316666666667,1,2
"BE1.WhSpiral",690.873909090909,"BE1-WhSpiral",1.77833333333333,1,2
"BE1.WhSpiral",693.892090909091,"BE1-WhSpiral",1.78316666666667,1,2
"BE1.WhSpiral",696.910272727273,"BE1-WhSpiral",1.78733333333333,1,2
"BE1.WhSpiral",699.928454545455,"BE1-WhSpiral",1.79016666666667,1,2
"BE1.WhSpiral",702.946636363636,"BE1-WhSpiral",1.79383333333333,1,2
"BE1.WhSpiral",705.964818181818,"BE1-WhSpiral",1.79666666666667,1,2
"BE1.WhSpiral",708.983,"BE1-WhSpiral",1.79833333333333,1,2
"BE1.WhSpiral",712.001181818182,"BE1-WhSpiral",1.79883333333333,1,2
"BE1.WhSpiral",715.019363636364,"BE1-WhSpiral",1.8,1,2
"BE1.WhSpiral",718.037545454545,"BE1-WhSpiral",1.801,1,2
"BE1.WhSpiral",721.055727272727,"BE1-WhSpiral",1.802,1,2
"BE1.WhSpiral",724.073909090909,"BE1-WhSpiral",1.803,1,2
"BE1.WhSpiral",727.092090909091,"BE1-WhSpiral",1.80483333333333,1,2
"BE1.WhSpiral",730.110272727273,"BE1-WhSpiral",1.80633333333333,1,2
"BE1.WhSpiral",733.128454545455,"BE1-WhSpiral",1.80833333333333,1,2
"BE1.WhSpiral",736.146636363636,"BE1-WhSpiral",1.80866666666667,1,2
"BE1.WhSpiral",739.164818181818,"BE1-WhSpiral",1.8105,1,2
"BE1.WhSpiral",742.183,"BE1-WhSpiral",1.81433333333333,1,2
"BE1.WhSpiral",745.201181818182,"BE1-WhSpiral",1.82283333333333,1,2
"BE1.WhSpiral",748.219363636364,"BE1-WhSpiral",1.84016666666667,1,2
"BE1.WhSpiral",751.237545454545,"BE1-WhSpiral",1.86466666666667,1,2
"BE1.WhSpiral",754.255727272727,"BE1-WhSpiral",1.89733333333333,1,2
"BE1.WhSpiral",757.273909090909,"BE1-WhSpiral",1.93616666666667,1,2
"BE1.WhSpiral",760.292090909091,"BE1-WhSpiral",1.9555,2,2
"BE1.WhSpiral",763.310272727273,"BE1-WhSpiral",1.96633333333333,2,2
"BE1.WhSpiral",766.328454545455,"BE1-WhSpiral",1.975,2,2
"BE1.WhSpiral",769.346636363636,"BE1-WhSpiral",1.98683333333333,2,2
"BE1.WhSpiral",772.364818181818,"BE1-WhSpiral",1.99716666666667,2,2
"BE1.WhSpiral",775.383,"BE1-WhSpiral",2,2,2
